Timestamp,VIN,Speed,FuelLevel,Location,EngineTemp
2024-01-01 00:03:00,VIN-A0001,76.7,7.4,"12.2388,109.1967",79.8
2024-01-01 00:06:00,VIN-A0002,16.7,14.7,"21.0285,105.8542",93.6
2024-01-01 00:09:00,VIN-A0003,3.8,13.9,"10.0452,105.7469",90.2
2024-01-01 00:12:00,VIN-A0004,3.2,23.9,"20.8449,106.6881",78.8
2024-01-01 00:15:00,VIN-A0005,70.7,81.9,"10.8231,106.6297",100.4
2024-01-01 00:18:00,VIN-A0006,19.2,45.1,"12.2388,109.1967",76.2
2024-01-01 00:21:00,VIN-A0007,114.9,37.0,"21.0285,105.8542",85.2
2024-01-01 00:24:00,VIN-A0008,43.1,37.7,"12.2388,109.1967",102.3
2024-01-01 00:27:00,VIN-A0009,87.6,55.9,"20.8449,106.6881",73.2
2024-01-01 00:30:00,VIN-A0010,35.2,64.7,"11.9404,108.4583",93.1
2024-01-01 00:33:00,VIN-A0011,84.5,9.4,"10.0452,105.7469",100.9
2024-01-01 00:36:00,VIN-A0012,118.2,86.3,"21.0285,105.8542",85.2
2024-01-01 00:39:00,VIN-A0013,54.4,84.2,"16.0544,108.2022",84.8
2024-01-01 00:42:00,VIN-A0014,25.1,30.4,"21.0285,105.8542",94.4
2024-01-01 00:45:00,VIN-A0015,20.5,74.3,"16.0544,108.2022",88.5
2024-01-01 00:48:00,VIN-A0016,32.4,92.9,"10.0452,105.7469",97.4
2024-01-01 00:51:00,VIN-A0017,101.1,78.7,"10.0452,105.7469",102.9
2024-01-01 00:54:00,VIN-A0018,96.6,43.1,"21.0285,105.8542",78.4
2024-01-01 00:57:00,VIN-A0019,113.1,88.3,"11.9404,108.4583",78.5
2024-01-01 01:00:00,VIN-A0020,59.9,89.0,"10.9460,108.4419",75.7
2024-01-01 01:03:00,VIN-A0021,16.8,75.8,"12.2388,109.1967",99.9
2024-01-01 01:06:00,VIN-A0022,51.4,60.4,"11.9404,108.4583",78.8
2024-01-01 01:09:00,VIN-A0023,119.7,53.4,"21.0285,105.8542",100.2
2024-01-01 01:12:00,VIN-A0024,103.3,19.5,"16.0544,108.2022",101.7
2024-01-01 01:15:00,VIN-A0025,50.7,11.0,"20.8449,106.6881",93.8
2024-01-01 01:18:00,VIN-A0026,56.2,28.9,"10.8231,106.6297",97.2
2024-01-01 01:21:00,VIN-A0027,13.7,89.1,"12.2388,109.1967",100.7
2024-01-01 01:24:00,VIN-A0028,40.8,32.9,"16.0544,108.2022",88.1
2024-01-01 01:27:00,VIN-A0029,114.5,88.2,"12.2388,109.1967",108.9
2024-01-01 01:30:00,VIN-A0030,91.4,53.2,"21.0285,105.8542",104.8
2024-01-01 01:33:00,VIN-A0031,35.8,65.7,"10.0452,105.7469",76.1
2024-01-01 01:36:00,VIN-A0032,91.5,56.2,"10.8231,106.6297",94.0
2024-01-01 01:39:00,VIN-A0033,58.6,15.6,"11.9404,108.4583",105.1
2024-01-01 01:42:00,VIN-A0034,99.8,34.2,"10.8231,106.6297",79.6
2024-01-01 01:45:00,VIN-A0035,68.1,12.5,"10.9460,108.4419",102.6
2024-01-01 01:48:00,VIN-A0036,117.4,55.6,"16.0544,108.2022",75.1
2024-01-01 01:51:00,VIN-A0037,57.0,57.2,"12.2388,109.1967",91.1
2024-01-01 01:54:00,VIN-A0038,72.8,96.6,"10.0452,105.7469",98.5
2024-01-01 01:57:00,VIN-A0039,47.9,68.8,"11.9404,108.4583",87.5
2024-01-01 02:00:00,VIN-A0040,62.1,16.5,"10.0452,105.7469",72.6
2024-01-01 02:03:00,VIN-A0041,2.5,57.6,"10.0452,105.7469",70.3
2024-01-01 02:06:00,VIN-A0042,84.9,10.6,"21.0285,105.8542",106.2
2024-01-01 02:09:00,VIN-A0043,103.2,11.7,"10.0452,105.7469",81.1
2024-01-01 02:12:00,VIN-A0044,58.2,56.2,"10.9460,108.4419",79.7
2024-01-01 02:15:00,VIN-A0045,56.8,43.7,"21.0285,105.8542",73.9
2024-01-01 02:18:00,VIN-A0046,51.7,45.2,"10.9460,108.4419",104.6
2024-01-01 02:21:00,VIN-A0047,6.5,67.1,"21.0285,105.8542",72.4
2024-01-01 02:24:00,VIN-A0048,87.4,81.1,"21.0285,105.8542",79.9
2024-01-01 02:27:00,VIN-A0049,22.8,47.6,"20.8449,106.6881",77.3
2024-01-01 02:30:00,VIN-A0050,55.5,88.1,"21.0285,105.8542",87.7
2024-01-01 02:33:00,VIN-A0051,103.4,57.3,"10.8231,106.6297",96.1
2024-01-01 02:36:00,VIN-A0052,64.9,6.4,"21.0285,105.8542",107.1
2024-01-01 02:39:00,VIN-A0053,101.8,20.8,"10.9460,108.4419",89.3
2024-01-01 02:42:00,VIN-A0054,103.8,90.7,"16.0544,108.2022",85.2
2024-01-01 02:45:00,VIN-A0055,118.2,30.2,"10.9460,108.4419",81.4
2024-01-01 02:48:00,VIN-A0056,83.6,74.4,"10.9460,108.4419",76.2
2024-01-01 02:51:00,VIN-A0057,35.6,97.0,"10.8231,106.6297",99.9
2024-01-01 02:54:00,VIN-A0058,6.9,60.5,"16.0544,108.2022",72.3
2024-01-01 02:57:00,VIN-A0059,60.9,85.9,"21.0285,105.8542",93.8
2024-01-01 03:00:00,VIN-A0060,81.0,27.3,"21.0285,105.8542",107.7
2024-01-01 03:03:00,VIN-A0061,68.4,60.0,"10.8231,106.6297",94.8
2024-01-01 03:06:00,VIN-A0062,50.3,60.4,"11.9404,108.4583",107.4
2024-01-01 03:09:00,VIN-A0063,24.5,73.0,"10.0452,105.7469",80.6
2024-01-01 03:12:00,VIN-A0064,15.7,66.3,"10.9460,108.4419",82.6
2024-01-01 03:15:00,VIN-A0065,90.2,11.9,"10.9460,108.4419",94.8
2024-01-01 03:18:00,VIN-A0066,67.6,14.5,"10.0452,105.7469",90.2
2024-01-01 03:21:00,VIN-A0067,15.9,38.2,"21.0285,105.8542",105.2
2024-01-01 03:24:00,VIN-A0068,44.3,20.0,"12.2388,109.1967",94.5
2024-01-01 03:27:00,VIN-A0069,118.5,67.1,"10.8231,106.6297",96.7
2024-01-01 03:30:00,VIN-A0070,66.6,93.5,"21.0285,105.8542",107.6
2024-01-01 03:33:00,VIN-A0071,16.1,16.0,"21.0285,105.8542",99.7
2024-01-01 03:36:00,VIN-A0072,18.7,31.8,"10.0452,105.7469",98.7
2024-01-01 03:39:00,VIN-A0073,24.4,65.3,"12.2388,109.1967",90.2
2024-01-01 03:42:00,VIN-A0074,30.1,91.3,"10.8231,106.6297",73.7
2024-01-01 03:45:00,VIN-A0075,50.8,31.3,"10.8231,106.6297",83.3
2024-01-01 03:48:00,VIN-A0076,15.7,98.1,"16.0544,108.2022",99.6
2024-01-01 03:51:00,VIN-A0077,66.2,45.6,"10.8231,106.6297",74.5
2024-01-01 03:54:00,VIN-A0078,113.4,70.6,"16.0544,108.2022",91.8
2024-01-01 03:57:00,VIN-A0079,100.2,60.3,"16.0544,108.2022",87.2
2024-01-01 04:00:00,VIN-A0080,5.0,39.6,"10.8231,106.6297",106.0
2024-01-01 04:03:00,VIN-A0081,25.2,28.7,"21.0285,105.8542",84.1
2024-01-01 04:06:00,VIN-A0082,67.2,88.1,"16.0544,108.2022",107.0
2024-01-01 04:09:00,VIN-A0083,28.4,20.4,"16.0544,108.2022",105.3
2024-01-01 04:12:00,VIN-A0084,3.0,75.0,"11.9404,108.4583",101.3
2024-01-01 04:15:00,VIN-A0085,49.4,68.6,"10.0452,105.7469",80.7
2024-01-01 04:18:00,VIN-A0086,94.5,15.3,"10.8231,106.6297",104.3
2024-01-01 04:21:00,VIN-A0087,26.7,82.6,"10.9460,108.4419",84.0
2024-01-01 04:24:00,VIN-A0088,98.5,87.8,"10.0452,105.7469",70.9
2024-01-01 04:27:00,VIN-A0089,23.2,36.2,"21.0285,105.8542",108.7
2024-01-01 04:30:00,VIN-A0090,33.5,65.9,"20.8449,106.6881",97.2
2024-01-01 04:33:00,VIN-A0091,101.2,36.5,"10.8231,106.6297",74.6
2024-01-01 04:36:00,VIN-A0092,116.4,22.0,"12.2388,109.1967",71.5
2024-01-01 04:39:00,VIN-A0093,71.6,37.8,"11.9404,108.4583",87.5
2024-01-01 04:42:00,VIN-A0094,118.1,16.0,"10.0452,105.7469",80.2
2024-01-01 04:45:00,VIN-A0095,85.1,5.2,"10.0452,105.7469",84.6
2024-01-01 04:48:00,VIN-A0096,8.4,68.1,"11.9404,108.4583",94.9
2024-01-01 04:51:00,VIN-A0097,79.6,16.8,"12.2388,109.1967",90.3
2024-01-01 04:54:00,VIN-A0098,80.0,36.0,"12.2388,109.1967",92.2
2024-01-01 04:57:00,VIN-A0099,23.0,68.2,"20.8449,106.6881",97.1
2024-01-01 05:00:00,VIN-A0100,108.3,63.5,"12.2388,109.1967",86.2
2024-01-01 05:03:00,VIN-A0101,100.0,33.9,"10.0452,105.7469",87.2
2024-01-01 05:06:00,VIN-A0102,69.6,67.2,"10.9460,108.4419",87.7
2024-01-01 05:09:00,VIN-A0103,81.1,53.6,"16.0544,108.2022",96.4
2024-01-01 05:12:00,VIN-A0104,34.1,68.1,"11.9404,108.4583",73.7
2024-01-01 05:15:00,VIN-A0105,114.2,27.3,"12.2388,109.1967",79.0
2024-01-01 05:18:00,VIN-A0106,23.9,7.3,"10.0452,105.7469",109.4
2024-01-01 05:21:00,VIN-A0107,73.4,78.0,"10.9460,108.4419",86.6
2024-01-01 05:24:00,VIN-A0108,75.6,23.5,"20.8449,106.6881",89.8
2024-01-01 05:27:00,VIN-A0109,29.3,67.3,"10.8231,106.6297",105.7
2024-01-01 05:30:00,VIN-A0110,103.3,89.1,"20.8449,106.6881",78.8
2024-01-01 05:33:00,VIN-A0111,96.5,71.1,"10.9460,108.4419",72.0
2024-01-01 05:36:00,VIN-A0112,29.9,85.6,"10.9460,108.4419",75.3
2024-01-01 05:39:00,VIN-A0113,55.8,55.5,"11.9404,108.4583",108.0
2024-01-01 05:42:00,VIN-A0114,107.0,63.2,"20.8449,106.6881",103.2
2024-01-01 05:45:00,VIN-A0115,65.7,90.2,"10.9460,108.4419",88.0
2024-01-01 05:48:00,VIN-A0116,90.2,84.8,"12.2388,109.1967",100.6
2024-01-01 05:51:00,VIN-A0117,62.6,64.5,"12.2388,109.1967",87.6
2024-01-01 05:54:00,VIN-A0118,85.6,27.3,"11.9404,108.4583",82.8
2024-01-01 05:57:00,VIN-A0119,64.8,18.1,"10.0452,105.7469",85.3
2024-01-01 06:00:00,VIN-A0120,18.3,25.3,"20.8449,106.6881",86.3
2024-01-01 06:03:00,VIN-A0121,65.1,44.5,"10.0452,105.7469",103.3
2024-01-01 06:06:00,VIN-A0122,46.7,78.1,"10.8231,106.6297",104.3
2024-01-01 06:09:00,VIN-A0123,91.9,41.1,"10.8231,106.6297",107.7
2024-01-01 06:12:00,VIN-A0124,35.8,42.0,"20.8449,106.6881",91.5
2024-01-01 06:15:00,VIN-A0125,88.2,81.0,"10.0452,105.7469",89.5
2024-01-01 06:18:00,VIN-A0126,32.8,51.1,"20.8449,106.6881",83.4
2024-01-01 06:21:00,VIN-A0127,81.5,43.4,"16.0544,108.2022",103.6
2024-01-01 06:24:00,VIN-A0128,110.3,98.2,"10.8231,106.6297",106.3
2024-01-01 06:27:00,VIN-A0129,71.0,68.0,"21.0285,105.8542",95.7
2024-01-01 06:30:00,VIN-A0130,16.3,48.9,"10.8231,106.6297",80.4
2024-01-01 06:33:00,VIN-A0131,39.3,48.2,"11.9404,108.4583",100.4
2024-01-01 06:36:00,VIN-A0132,45.5,76.4,"20.8449,106.6881",80.1
2024-01-01 06:39:00,VIN-A0133,9.8,6.8,"10.8231,106.6297",110.0
2024-01-01 06:42:00,VIN-A0134,42.0,66.8,"10.8231,106.6297",100.2
2024-01-01 06:45:00,VIN-A0135,114.0,23.9,"10.8231,106.6297",94.9
2024-01-01 06:48:00,VIN-A0136,28.6,50.0,"21.0285,105.8542",92.6
2024-01-01 06:51:00,VIN-A0137,26.2,71.4,"11.9404,108.4583",76.7
2024-01-01 06:54:00,VIN-A0138,72.9,76.1,"21.0285,105.8542",101.1
2024-01-01 06:57:00,VIN-A0139,19.7,34.5,"10.8231,106.6297",107.2
2024-01-01 07:00:00,VIN-A0140,69.1,91.3,"20.8449,106.6881",85.9
2024-01-01 07:03:00,VIN-A0141,85.8,12.2,"10.0452,105.7469",74.1
2024-01-01 07:06:00,VIN-A0142,92.7,85.8,"21.0285,105.8542",101.8
2024-01-01 07:09:00,VIN-A0143,67.9,8.9,"20.8449,106.6881",96.5
2024-01-01 07:12:00,VIN-A0144,8.3,66.5,"10.8231,106.6297",104.0
2024-01-01 07:15:00,VIN-A0145,98.7,15.0,"11.9404,108.4583",95.4
2024-01-01 07:18:00,VIN-A0146,99.4,72.2,"20.8449,106.6881",77.0
2024-01-01 07:21:00,VIN-A0147,62.6,66.8,"10.9460,108.4419",88.6
2024-01-01 07:24:00,VIN-A0148,99.1,61.3,"11.9404,108.4583",104.1
2024-01-01 07:27:00,VIN-A0149,99.7,13.2,"10.9460,108.4419",79.8
2024-01-01 07:30:00,VIN-A0150,55.8,63.0,"20.8449,106.6881",83.5
2024-01-01 07:33:00,VIN-A0151,59.3,35.9,"10.9460,108.4419",78.5
2024-01-01 07:36:00,VIN-A0152,95.7,37.3,"12.2388,109.1967",92.2
2024-01-01 07:39:00,VIN-A0153,62.0,23.2,"10.0452,105.7469",98.8
2024-01-01 07:42:00,VIN-A0154,58.6,77.0,"10.9460,108.4419",95.8
2024-01-01 07:45:00,VIN-A0155,58.9,80.3,"21.0285,105.8542",81.8
2024-01-01 07:48:00,VIN-A0156,48.5,28.1,"11.9404,108.4583",88.9
2024-01-01 07:51:00,VIN-A0157,63.7,45.4,"11.9404,108.4583",84.1
2024-01-01 07:54:00,VIN-A0158,54.4,34.1,"10.0452,105.7469",74.8
2024-01-01 07:57:00,VIN-A0159,23.1,16.4,"16.0544,108.2022",77.7
2024-01-01 08:00:00,VIN-A0160,88.6,31.3,"12.2388,109.1967",109.2
2024-01-01 08:03:00,VIN-A0161,99.9,33.1,"11.9404,108.4583",77.2
2024-01-01 08:06:00,VIN-A0162,1.7,55.7,"12.2388,109.1967",71.8
2024-01-01 08:09:00,VIN-A0163,6.5,32.8,"16.0544,108.2022",95.5
2024-01-01 08:12:00,VIN-A0164,90.3,14.7,"10.8231,106.6297",93.0
2024-01-01 08:15:00,VIN-A0165,56.3,46.8,"16.0544,108.2022",108.6
2024-01-01 08:18:00,VIN-A0166,30.3,86.9,"21.0285,105.8542",102.9
2024-01-01 08:21:00,VIN-A0167,48.1,12.0,"10.8231,106.6297",76.1
2024-01-01 08:24:00,VIN-A0168,97.3,95.2,"21.0285,105.8542",109.8
2024-01-01 08:27:00,VIN-A0169,14.2,77.6,"10.0452,105.7469",101.0
2024-01-01 08:30:00,VIN-A0170,45.6,91.3,"12.2388,109.1967",104.4
2024-01-01 08:33:00,VIN-A0171,118.8,34.0,"10.8231,106.6297",94.4
2024-01-01 08:36:00,VIN-A0172,88.8,95.0,"10.0452,105.7469",95.0
2024-01-01 08:39:00,VIN-A0173,31.8,12.7,"10.0452,105.7469",77.0
2024-01-01 08:42:00,VIN-A0174,9.0,5.3,"10.9460,108.4419",97.6
2024-01-01 08:45:00,VIN-A0175,56.4,8.1,"12.2388,109.1967",98.3
2024-01-01 08:48:00,VIN-A0176,84.4,48.1,"10.0452,105.7469",107.0
2024-01-01 08:51:00,VIN-A0177,94.5,64.4,"10.0452,105.7469",87.0
2024-01-01 08:54:00,VIN-A0178,65.3,66.5,"12.2388,109.1967",103.1
2024-01-01 08:57:00,VIN-A0179,8.6,20.8,"12.2388,109.1967",93.8
2024-01-01 09:00:00,VIN-A0180,98.9,92.5,"10.9460,108.4419",75.0
2024-01-01 09:03:00,VIN-A0181,82.6,71.5,"12.2388,109.1967",90.0
2024-01-01 09:06:00,VIN-A0182,59.3,12.6,"10.8231,106.6297",105.6
2024-01-01 09:09:00,VIN-A0183,88.1,62.4,"10.8231,106.6297",73.7
2024-01-01 09:12:00,VIN-A0184,115.4,84.4,"10.8231,106.6297",110.0
2024-01-01 09:15:00,VIN-A0185,80.7,30.6,"10.8231,106.6297",100.5
2024-01-01 09:18:00,VIN-A0186,21.0,54.3,"10.9460,108.4419",106.6
2024-01-01 09:21:00,VIN-A0187,21.8,60.6,"10.9460,108.4419",108.8
2024-01-01 09:24:00,VIN-A0188,56.4,43.8,"11.9404,108.4583",96.8
2024-01-01 09:27:00,VIN-A0189,102.9,36.3,"10.9460,108.4419",81.5
2024-01-01 09:30:00,VIN-A0190,113.4,82.3,"10.8231,106.6297",88.2
2024-01-01 09:33:00,VIN-A0191,37.7,35.7,"20.8449,106.6881",104.6
2024-01-01 09:36:00,VIN-A0192,99.0,5.1,"10.9460,108.4419",86.5
2024-01-01 09:39:00,VIN-A0193,22.5,39.4,"10.9460,108.4419",95.0
2024-01-01 09:42:00,VIN-A0194,91.2,24.3,"16.0544,108.2022",107.1
2024-01-01 09:45:00,VIN-A0195,52.6,71.3,"21.0285,105.8542",71.2
2024-01-01 09:48:00,VIN-A0196,75.6,80.9,"16.0544,108.2022",82.4
2024-01-01 09:51:00,VIN-A0197,1.6,43.8,"10.0452,105.7469",109.7
2024-01-01 09:54:00,VIN-A0198,109.6,48.8,"21.0285,105.8542",95.9
2024-01-01 09:57:00,VIN-A0199,18.5,93.6,"12.2388,109.1967",90.4
2024-01-01 10:00:00,VIN-A0200,32.8,84.3,"10.9460,108.4419",79.7
2024-01-01 10:03:00,VIN-A0201,66.2,41.4,"16.0544,108.2022",104.6
2024-01-01 10:06:00,VIN-A0202,33.1,80.1,"20.8449,106.6881",83.6
2024-01-01 10:09:00,VIN-A0203,94.5,30.4,"10.8231,106.6297",81.3
2024-01-01 10:12:00,VIN-A0204,35.8,60.8,"10.9460,108.4419",104.6
2024-01-01 10:15:00,VIN-A0205,53.6,51.0,"11.9404,108.4583",92.1
2024-01-01 10:18:00,VIN-A0206,65.2,48.3,"11.9404,108.4583",104.8
2024-01-01 10:21:00,VIN-A0207,117.7,27.7,"20.8449,106.6881",79.3
2024-01-01 10:24:00,VIN-A0208,93.1,9.1,"10.9460,108.4419",98.2
2024-01-01 10:27:00,VIN-A0209,97.4,41.7,"16.0544,108.2022",89.8
2024-01-01 10:30:00,VIN-A0210,4.4,52.7,"11.9404,108.4583",104.8
2024-01-01 10:33:00,VIN-A0211,104.9,46.8,"10.9460,108.4419",70.6
2024-01-01 10:36:00,VIN-A0212,17.3,87.7,"16.0544,108.2022",73.0
2024-01-01 10:39:00,VIN-A0213,93.8,30.2,"20.8449,106.6881",96.0
2024-01-01 10:42:00,VIN-A0214,102.2,86.0,"20.8449,106.6881",108.2
2024-01-01 10:45:00,VIN-A0215,75.2,89.3,"10.9460,108.4419",104.9
2024-01-01 10:48:00,VIN-A0216,4.3,11.5,"12.2388,109.1967",109.9
2024-01-01 10:51:00,VIN-A0217,89.6,46.2,"21.0285,105.8542",100.4
2024-01-01 10:54:00,VIN-A0218,84.5,14.5,"16.0544,108.2022",97.8
2024-01-01 10:57:00,VIN-A0219,108.4,9.4,"10.8231,106.6297",81.7
2024-01-01 11:00:00,VIN-A0220,45.0,18.8,"20.8449,106.6881",92.6
2024-01-01 11:03:00,VIN-A0221,95.1,21.1,"21.0285,105.8542",94.4
2024-01-01 11:06:00,VIN-A0222,45.9,69.9,"10.9460,108.4419",106.5
2024-01-01 11:09:00,VIN-A0223,17.2,48.8,"12.2388,109.1967",88.4
2024-01-01 11:12:00,VIN-A0224,80.0,90.4,"10.9460,108.4419",106.0
2024-01-01 11:15:00,VIN-A0225,81.3,20.0,"10.9460,108.4419",107.8
2024-01-01 11:18:00,VIN-A0226,118.5,33.4,"20.8449,106.6881",97.6
2024-01-01 11:21:00,VIN-A0227,54.8,33.7,"20.8449,106.6881",104.1
2024-01-01 11:24:00,VIN-A0228,12.8,41.2,"11.9404,108.4583",93.0
2024-01-01 11:27:00,VIN-A0229,119.1,33.0,"20.8449,106.6881",81.0
2024-01-01 11:30:00,VIN-A0230,67.9,70.2,"10.8231,106.6297",106.4
2024-01-01 11:33:00,VIN-A0231,89.4,84.1,"12.2388,109.1967",101.0
2024-01-01 11:36:00,VIN-A0232,27.6,81.2,"10.0452,105.7469",95.5
2024-01-01 11:39:00,VIN-A0233,74.5,69.4,"16.0544,108.2022",95.1
2024-01-01 11:42:00,VIN-A0234,108.4,66.4,"12.2388,109.1967",101.5
2024-01-01 11:45:00,VIN-A0235,4.0,39.7,"16.0544,108.2022",73.6
2024-01-01 11:48:00,VIN-A0236,35.4,76.0,"16.0544,108.2022",78.0
2024-01-01 11:51:00,VIN-A0237,94.4,88.3,"11.9404,108.4583",91.2
2024-01-01 11:54:00,VIN-A0238,109.6,83.9,"12.2388,109.1967",106.6
2024-01-01 11:57:00,VIN-A0239,113.3,96.9,"12.2388,109.1967",99.9
2024-01-01 12:00:00,VIN-A0240,40.6,15.9,"21.0285,105.8542",75.6
2024-01-01 12:03:00,VIN-A0241,116.0,86.7,"20.8449,106.6881",108.7
2024-01-01 12:06:00,VIN-A0242,96.6,39.7,"20.8449,106.6881",70.6
2024-01-01 12:09:00,VIN-A0243,64.4,48.2,"12.2388,109.1967",93.4
2024-01-01 12:12:00,VIN-A0244,98.7,94.3,"21.0285,105.8542",97.0
2024-01-01 12:15:00,VIN-A0245,56.6,63.9,"11.9404,108.4583",106.6
2024-01-01 12:18:00,VIN-A0246,26.6,11.0,"10.9460,108.4419",106.4
2024-01-01 12:21:00,VIN-A0247,36.3,43.8,"16.0544,108.2022",71.8
2024-01-01 12:24:00,VIN-A0248,4.5,99.6,"21.0285,105.8542",73.9
2024-01-01 12:27:00,VIN-A0249,106.5,17.9,"10.9460,108.4419",84.8
2024-01-01 12:30:00,VIN-A0250,113.9,71.2,"20.8449,106.6881",93.5
2024-01-01 12:33:00,VIN-A0251,87.2,89.1,"21.0285,105.8542",103.3
2024-01-01 12:36:00,VIN-A0252,73.9,94.2,"12.2388,109.1967",71.3
2024-01-01 12:39:00,VIN-A0253,44.5,47.1,"10.0452,105.7469",104.2
2024-01-01 12:42:00,VIN-A0254,11.9,70.1,"11.9404,108.4583",72.4
2024-01-01 12:45:00,VIN-A0255,33.1,97.0,"10.9460,108.4419",73.7
2024-01-01 12:48:00,VIN-A0256,25.5,65.8,"10.8231,106.6297",72.0
2024-01-01 12:51:00,VIN-A0257,40.0,98.9,"10.0452,105.7469",72.7
2024-01-01 12:54:00,VIN-A0258,91.8,24.7,"10.0452,105.7469",102.5
2024-01-01 12:57:00,VIN-A0259,28.0,78.6,"10.8231,106.6297",81.1
2024-01-01 13:00:00,VIN-A0260,118.1,98.8,"12.2388,109.1967",101.9
2024-01-01 13:03:00,VIN-A0261,13.2,87.3,"16.0544,108.2022",70.6
2024-01-01 13:06:00,VIN-A0262,94.8,27.6,"11.9404,108.4583",70.6
2024-01-01 13:09:00,VIN-A0263,31.8,17.0,"20.8449,106.6881",91.0
2024-01-01 13:12:00,VIN-A0264,89.5,50.2,"11.9404,108.4583",90.5
2024-01-01 13:15:00,VIN-A0265,13.1,52.9,"10.8231,106.6297",99.1
2024-01-01 13:18:00,VIN-A0266,109.1,67.6,"12.2388,109.1967",88.3
2024-01-01 13:21:00,VIN-A0267,115.7,10.8,"10.9460,108.4419",103.9
2024-01-01 13:24:00,VIN-A0268,51.2,15.3,"10.9460,108.4419",72.9
2024-01-01 13:27:00,VIN-A0269,9.7,62.8,"21.0285,105.8542",75.0
2024-01-01 13:30:00,VIN-A0270,74.9,60.6,"11.9404,108.4583",85.2
2024-01-01 13:33:00,VIN-A0271,71.7,33.0,"20.8449,106.6881",74.0
2024-01-01 13:36:00,VIN-A0272,84.2,86.0,"10.0452,105.7469",87.2
2024-01-01 13:39:00,VIN-A0273,106.6,44.3,"10.9460,108.4419",85.9
2024-01-01 13:42:00,VIN-A0274,87.6,34.7,"11.9404,108.4583",96.6
2024-01-01 13:45:00,VIN-A0275,44.9,19.5,"10.9460,108.4419",72.7
2024-01-01 13:48:00,VIN-A0276,99.8,13.9,"21.0285,105.8542",99.8
2024-01-01 13:51:00,VIN-A0277,44.7,17.4,"10.8231,106.6297",93.5
2024-01-01 13:54:00,VIN-A0278,67.4,36.3,"21.0285,105.8542",86.4
2024-01-01 13:57:00,VIN-A0279,104.8,94.4,"20.8449,106.6881",104.7
2024-01-01 14:00:00,VIN-A0280,86.5,97.0,"12.2388,109.1967",84.1
2024-01-01 14:03:00,VIN-A0281,69.4,25.2,"10.9460,108.4419",79.0
2024-01-01 14:06:00,VIN-A0282,13.0,85.3,"11.9404,108.4583",74.6
2024-01-01 14:09:00,VIN-A0283,33.4,26.5,"20.8449,106.6881",103.8
2024-01-01 14:12:00,VIN-A0284,116.9,82.8,"10.8231,106.6297",94.4
2024-01-01 14:15:00,VIN-A0285,78.9,70.9,"10.8231,106.6297",77.2
2024-01-01 14:18:00,VIN-A0286,84.3,34.4,"11.9404,108.4583",84.0
2024-01-01 14:21:00,VIN-A0287,21.8,18.6,"20.8449,106.6881",72.8
2024-01-01 14:24:00,VIN-A0288,88.9,97.3,"21.0285,105.8542",99.8
2024-01-01 14:27:00,VIN-A0289,25.8,44.9,"11.9404,108.4583",76.3
2024-01-01 14:30:00,VIN-A0290,37.4,35.8,"21.0285,105.8542",105.3
2024-01-01 14:33:00,VIN-A0291,18.7,76.7,"10.8231,106.6297",97.0
2024-01-01 14:36:00,VIN-A0292,32.7,67.9,"10.9460,108.4419",94.3
2024-01-01 14:39:00,VIN-A0293,49.7,25.5,"21.0285,105.8542",83.8
2024-01-01 14:42:00,VIN-A0294,13.3,69.4,"10.9460,108.4419",91.1
2024-01-01 14:45:00,VIN-A0295,37.0,25.9,"10.8231,106.6297",70.3
2024-01-01 14:48:00,VIN-A0296,36.2,25.1,"16.0544,108.2022",100.6
2024-01-01 14:51:00,VIN-A0297,34.7,16.4,"10.9460,108.4419",99.9
2024-01-01 14:54:00,VIN-A0298,21.1,41.1,"10.0452,105.7469",90.0
2024-01-01 14:57:00,VIN-A0299,100.0,81.6,"21.0285,105.8542",85.9
2024-01-01 15:00:00,VIN-A0300,89.0,46.4,"10.9460,108.4419",106.8
2024-01-01 15:03:00,VIN-A0301,103.5,59.7,"20.8449,106.6881",98.4
2024-01-01 15:06:00,VIN-A0302,50.1,15.9,"10.8231,106.6297",108.6
2024-01-01 15:09:00,VIN-A0303,20.6,95.0,"10.9460,108.4419",103.3
2024-01-01 15:12:00,VIN-A0304,110.4,13.4,"21.0285,105.8542",79.7
2024-01-01 15:15:00,VIN-A0305,70.7,54.8,"20.8449,106.6881",104.8
2024-01-01 15:18:00,VIN-A0306,89.5,26.0,"16.0544,108.2022",73.1
2024-01-01 15:21:00,VIN-A0307,76.0,55.4,"10.0452,105.7469",106.2
2024-01-01 15:24:00,VIN-A0308,41.9,74.1,"16.0544,108.2022",79.5
2024-01-01 15:27:00,VIN-A0309,17.6,23.7,"16.0544,108.2022",100.4
2024-01-01 15:30:00,VIN-A0310,78.7,21.8,"10.9460,108.4419",88.6
2024-01-01 15:33:00,VIN-A0311,67.6,60.0,"11.9404,108.4583",104.6
2024-01-01 15:36:00,VIN-A0312,75.3,19.3,"21.0285,105.8542",88.8
2024-01-01 15:39:00,VIN-A0313,75.8,80.7,"10.8231,106.6297",84.1
2024-01-01 15:42:00,VIN-A0314,8.9,48.9,"10.8231,106.6297",72.3
2024-01-01 15:45:00,VIN-A0315,99.8,12.3,"21.0285,105.8542",94.6
2024-01-01 15:48:00,VIN-A0316,60.8,49.0,"10.8231,106.6297",88.0
2024-01-01 15:51:00,VIN-A0317,97.2,66.9,"11.9404,108.4583",94.2
2024-01-01 15:54:00,VIN-A0318,60.2,96.0,"10.9460,108.4419",74.1
2024-01-01 15:57:00,VIN-A0319,107.9,37.6,"21.0285,105.8542",90.2
2024-01-01 16:00:00,VIN-A0320,20.7,28.5,"10.9460,108.4419",109.6
2024-01-01 16:03:00,VIN-A0321,62.9,62.9,"11.9404,108.4583",84.9
2024-01-01 16:06:00,VIN-A0322,33.9,43.8,"11.9404,108.4583",97.2
2024-01-01 16:09:00,VIN-A0323,6.3,64.9,"11.9404,108.4583",72.6
2024-01-01 16:12:00,VIN-A0324,11.3,69.4,"12.2388,109.1967",80.1
2024-01-01 16:15:00,VIN-A0325,102.2,96.6,"16.0544,108.2022",83.3
2024-01-01 16:18:00,VIN-A0326,69.9,18.4,"11.9404,108.4583",82.4
2024-01-01 16:21:00,VIN-A0327,78.7,67.9,"16.0544,108.2022",93.8
2024-01-01 16:24:00,VIN-A0328,112.6,34.4,"20.8449,106.6881",95.7
2024-01-01 16:27:00,VIN-A0329,39.4,17.1,"21.0285,105.8542",95.8
2024-01-01 16:30:00,VIN-A0330,50.8,39.4,"11.9404,108.4583",82.4
2024-01-01 16:33:00,VIN-A0331,114.1,37.5,"10.9460,108.4419",77.7
2024-01-01 16:36:00,VIN-A0332,120.0,19.7,"12.2388,109.1967",103.8
2024-01-01 16:39:00,VIN-A0333,12.1,78.2,"10.8231,106.6297",96.5
2024-01-01 16:42:00,VIN-A0334,105.2,63.7,"20.8449,106.6881",76.2
2024-01-01 16:45:00,VIN-A0335,21.7,70.8,"16.0544,108.2022",98.8
2024-01-01 16:48:00,VIN-A0336,5.2,39.6,"10.0452,105.7469",108.8
2024-01-01 16:51:00,VIN-A0337,73.3,76.5,"10.9460,108.4419",79.4
2024-01-01 16:54:00,VIN-A0338,28.7,96.7,"10.9460,108.4419",106.2
2024-01-01 16:57:00,VIN-A0339,23.3,69.4,"10.9460,108.4419",88.5
2024-01-01 17:00:00,VIN-A0340,33.8,41.3,"20.8449,106.6881",108.7
2024-01-01 17:03:00,VIN-A0341,98.0,81.1,"16.0544,108.2022",104.9
2024-01-01 17:06:00,VIN-A0342,6.3,50.7,"11.9404,108.4583",92.2
2024-01-01 17:09:00,VIN-A0343,12.3,85.4,"21.0285,105.8542",81.4
2024-01-01 17:12:00,VIN-A0344,91.6,30.9,"16.0544,108.2022",103.2
2024-01-01 17:15:00,VIN-A0345,11.0,91.5,"10.9460,108.4419",105.4
2024-01-01 17:18:00,VIN-A0346,111.7,44.4,"20.8449,106.6881",90.1
2024-01-01 17:21:00,VIN-A0347,28.3,99.5,"11.9404,108.4583",79.0
2024-01-01 17:24:00,VIN-A0348,38.2,14.4,"11.9404,108.4583",101.7
2024-01-01 17:27:00,VIN-A0349,16.5,32.3,"10.9460,108.4419",97.8
2024-01-01 17:30:00,VIN-A0350,16.7,72.0,"10.9460,108.4419",94.6
2024-01-01 17:33:00,VIN-A0351,108.7,6.8,"10.0452,105.7469",103.4
2024-01-01 17:36:00,VIN-A0352,65.9,74.1,"20.8449,106.6881",74.4
2024-01-01 17:39:00,VIN-A0353,34.6,33.6,"10.8231,106.6297",79.5
2024-01-01 17:42:00,VIN-A0354,76.7,64.2,"21.0285,105.8542",74.4
2024-01-01 17:45:00,VIN-A0355,108.6,61.7,"10.8231,106.6297",95.3
2024-01-01 17:48:00,VIN-A0356,69.0,73.3,"12.2388,109.1967",87.2
2024-01-01 17:51:00,VIN-A0357,73.8,27.9,"20.8449,106.6881",77.5
2024-01-01 17:54:00,VIN-A0358,80.2,54.7,"11.9404,108.4583",72.7
2024-01-01 17:57:00,VIN-A0359,63.1,53.2,"10.8231,106.6297",85.6
2024-01-01 18:00:00,VIN-A0360,56.4,65.4,"11.9404,108.4583",80.1
2024-01-01 18:03:00,VIN-A0361,1.9,79.9,"11.9404,108.4583",79.6
2024-01-01 18:06:00,VIN-A0362,78.9,14.8,"11.9404,108.4583",75.3
2024-01-01 18:09:00,VIN-A0363,42.3,37.2,"16.0544,108.2022",103.2
2024-01-01 18:12:00,VIN-A0364,82.2,98.2,"10.9460,108.4419",95.3
2024-01-01 18:15:00,VIN-A0365,97.4,11.0,"10.9460,108.4419",71.5
2024-01-01 18:18:00,VIN-A0366,24.2,80.2,"10.8231,106.6297",82.6
2024-01-01 18:21:00,VIN-A0367,37.2,42.8,"10.9460,108.4419",80.1
2024-01-01 18:24:00,VIN-A0368,90.4,23.2,"11.9404,108.4583",104.5
2024-01-01 18:27:00,VIN-A0369,5.7,67.3,"12.2388,109.1967",75.0
2024-01-01 18:30:00,VIN-A0370,44.2,89.5,"10.9460,108.4419",105.8
2024-01-01 18:33:00,VIN-A0371,46.4,97.5,"10.9460,108.4419",97.7
2024-01-01 18:36:00,VIN-A0372,44.1,80.7,"12.2388,109.1967",102.0
2024-01-01 18:39:00,VIN-A0373,87.2,12.5,"16.0544,108.2022",91.8
2024-01-01 18:42:00,VIN-A0374,38.5,12.6,"12.2388,109.1967",82.3
2024-01-01 18:45:00,VIN-A0375,72.3,45.5,"10.9460,108.4419",84.1
2024-01-01 18:48:00,VIN-A0376,5.1,87.7,"11.9404,108.4583",94.6
2024-01-01 18:51:00,VIN-A0377,52.2,65.7,"10.8231,106.6297",73.0
2024-01-01 18:54:00,VIN-A0378,76.5,39.5,"16.0544,108.2022",108.1
2024-01-01 18:57:00,VIN-A0379,17.1,62.7,"10.9460,108.4419",71.4
2024-01-01 19:00:00,VIN-A0380,8.1,79.0,"11.9404,108.4583",84.5
2024-01-01 19:03:00,VIN-A0381,113.9,8.1,"16.0544,108.2022",97.2
2024-01-01 19:06:00,VIN-A0382,113.9,40.3,"21.0285,105.8542",93.0
2024-01-01 19:09:00,VIN-A0383,63.5,42.8,"12.2388,109.1967",80.0
2024-01-01 19:12:00,VIN-A0384,13.6,74.9,"10.9460,108.4419",90.7
2024-01-01 19:15:00,VIN-A0385,109.6,16.2,"12.2388,109.1967",98.2
2024-01-01 19:18:00,VIN-A0386,25.7,63.1,"10.9460,108.4419",78.0
2024-01-01 19:21:00,VIN-A0387,16.3,12.0,"16.0544,108.2022",105.9
2024-01-01 19:24:00,VIN-A0388,53.4,13.3,"11.9404,108.4583",96.7
2024-01-01 19:27:00,VIN-A0389,85.1,57.2,"12.2388,109.1967",105.7
2024-01-01 19:30:00,VIN-A0390,102.2,72.6,"16.0544,108.2022",101.7
2024-01-01 19:33:00,VIN-A0391,61.1,16.5,"10.0452,105.7469",101.7
2024-01-01 19:36:00,VIN-A0392,28.4,51.9,"11.9404,108.4583",92.2
2024-01-01 19:39:00,VIN-A0393,44.3,81.3,"16.0544,108.2022",94.5
2024-01-01 19:42:00,VIN-A0394,10.3,34.4,"10.9460,108.4419",91.0
2024-01-01 19:45:00,VIN-A0395,92.3,83.2,"21.0285,105.8542",75.0
2024-01-01 19:48:00,VIN-A0396,38.0,12.0,"10.9460,108.4419",97.2
2024-01-01 19:51:00,VIN-A0397,41.3,88.4,"16.0544,108.2022",100.7
2024-01-01 19:54:00,VIN-A0398,15.5,52.8,"10.8231,106.6297",103.3
2024-01-01 19:57:00,VIN-A0399,62.2,33.9,"16.0544,108.2022",82.9
2024-01-01 20:00:00,VIN-A0400,85.1,37.9,"12.2388,109.1967",103.8
2024-01-01 20:03:00,VIN-A0401,30.1,65.3,"12.2388,109.1967",75.0
2024-01-01 20:06:00,VIN-A0402,36.3,55.7,"16.0544,108.2022",93.7
2024-01-01 20:09:00,VIN-A0403,69.7,21.3,"11.9404,108.4583",103.7
2024-01-01 20:12:00,VIN-A0404,67.6,83.4,"10.8231,106.6297",73.2
2024-01-01 20:15:00,VIN-A0405,113.8,78.2,"12.2388,109.1967",96.0
2024-01-01 20:18:00,VIN-A0406,92.0,44.6,"10.8231,106.6297",89.9
2024-01-01 20:21:00,VIN-A0407,75.3,32.5,"12.2388,109.1967",89.3
2024-01-01 20:24:00,VIN-A0408,96.6,70.1,"12.2388,109.1967",88.1
2024-01-01 20:27:00,VIN-A0409,82.6,20.0,"20.8449,106.6881",89.4
2024-01-01 20:30:00,VIN-A0410,24.5,62.6,"11.9404,108.4583",104.5
2024-01-01 20:33:00,VIN-A0411,38.3,98.9,"11.9404,108.4583",109.0
2024-01-01 20:36:00,VIN-A0412,15.7,40.2,"21.0285,105.8542",82.8
2024-01-01 20:39:00,VIN-A0413,56.0,30.4,"10.0452,105.7469",75.6
2024-01-01 20:42:00,VIN-A0414,6.1,94.8,"20.8449,106.6881",79.9
2024-01-01 20:45:00,VIN-A0415,103.8,20.2,"11.9404,108.4583",107.4
2024-01-01 20:48:00,VIN-A0416,86.5,23.0,"16.0544,108.2022",89.9
2024-01-01 20:51:00,VIN-A0417,61.8,52.4,"12.2388,109.1967",89.9
2024-01-01 20:54:00,VIN-A0418,10.8,42.4,"10.9460,108.4419",108.7
2024-01-01 20:57:00,VIN-A0419,25.8,38.5,"10.8231,106.6297",81.3
2024-01-01 21:00:00,VIN-A0420,71.7,85.1,"10.9460,108.4419",81.4
2024-01-01 21:03:00,VIN-A0421,1.0,15.2,"16.0544,108.2022",105.3
2024-01-01 21:06:00,VIN-A0422,87.3,77.6,"11.9404,108.4583",71.8
2024-01-01 21:09:00,VIN-A0423,6.1,58.4,"11.9404,108.4583",92.1
2024-01-01 21:12:00,VIN-A0424,8.8,52.9,"12.2388,109.1967",103.0
2024-01-01 21:15:00,VIN-A0425,74.8,63.0,"16.0544,108.2022",109.0
2024-01-01 21:18:00,VIN-A0426,47.3,80.5,"11.9404,108.4583",92.3
2024-01-01 21:21:00,VIN-A0427,43.9,18.7,"20.8449,106.6881",90.0
2024-01-01 21:24:00,VIN-A0428,5.4,18.0,"11.9404,108.4583",102.2
2024-01-01 21:27:00,VIN-A0429,62.3,19.1,"16.0544,108.2022",83.1
2024-01-01 21:30:00,VIN-A0430,73.6,20.4,"12.2388,109.1967",93.7
2024-01-01 21:33:00,VIN-A0431,60.9,53.4,"10.9460,108.4419",98.3
2024-01-01 21:36:00,VIN-A0432,36.0,82.5,"11.9404,108.4583",83.2
2024-01-01 21:39:00,VIN-A0433,13.2,44.6,"12.2388,109.1967",101.9
2024-01-01 21:42:00,VIN-A0434,87.0,70.4,"10.8231,106.6297",93.9
2024-01-01 21:45:00,VIN-A0435,31.9,67.3,"10.0452,105.7469",98.9
2024-01-01 21:48:00,VIN-A0436,70.0,21.2,"20.8449,106.6881",75.9
2024-01-01 21:51:00,VIN-A0437,81.7,8.0,"21.0285,105.8542",77.6
2024-01-01 21:54:00,VIN-A0438,52.9,44.8,"20.8449,106.6881",97.6
2024-01-01 21:57:00,VIN-A0439,49.2,78.6,"10.9460,108.4419",104.9
2024-01-01 22:00:00,VIN-A0440,88.3,10.9,"16.0544,108.2022",90.7
2024-01-01 22:03:00,VIN-A0441,67.3,99.8,"10.9460,108.4419",91.0
2024-01-01 22:06:00,VIN-A0442,37.7,21.5,"11.9404,108.4583",91.9
2024-01-01 22:09:00,VIN-A0443,81.1,87.4,"12.2388,109.1967",94.4
2024-01-01 22:12:00,VIN-A0444,23.1,28.4,"12.2388,109.1967",79.0
2024-01-01 22:15:00,VIN-A0445,116.7,33.3,"12.2388,109.1967",98.2
2024-01-01 22:18:00,VIN-A0446,82.8,51.5,"10.9460,108.4419",84.0
2024-01-01 22:21:00,VIN-A0447,112.0,80.6,"12.2388,109.1967",81.5
2024-01-01 22:24:00,VIN-A0448,68.8,56.6,"20.8449,106.6881",102.7
2024-01-01 22:27:00,VIN-A0449,114.6,81.4,"12.2388,109.1967",71.7
2024-01-01 22:30:00,VIN-A0450,114.6,12.5,"10.9460,108.4419",96.2
2024-01-01 22:33:00,VIN-A0451,89.7,25.3,"12.2388,109.1967",107.3
2024-01-01 22:36:00,VIN-A0452,83.5,18.0,"10.0452,105.7469",79.7
2024-01-01 22:39:00,VIN-A0453,80.4,55.4,"10.0452,105.7469",72.1
2024-01-01 22:42:00,VIN-A0454,49.6,73.1,"21.0285,105.8542",97.2
2024-01-01 22:45:00,VIN-A0455,16.5,96.6,"16.0544,108.2022",86.3
2024-01-01 22:48:00,VIN-A0456,112.2,88.4,"10.9460,108.4419",96.0
2024-01-01 22:51:00,VIN-A0457,90.7,32.3,"12.2388,109.1967",95.8
2024-01-01 22:54:00,VIN-A0458,109.0,13.5,"10.0452,105.7469",91.4
2024-01-01 22:57:00,VIN-A0459,86.8,94.0,"16.0544,108.2022",86.7
2024-01-01 23:00:00,VIN-A0460,100.5,93.7,"10.8231,106.6297",109.9
2024-01-01 23:03:00,VIN-A0461,47.6,52.1,"12.2388,109.1967",105.1
2024-01-01 23:06:00,VIN-A0462,1.1,59.0,"21.0285,105.8542",107.1
2024-01-01 23:09:00,VIN-A0463,40.2,48.2,"10.9460,108.4419",105.6
2024-01-01 23:12:00,VIN-A0464,16.1,52.9,"12.2388,109.1967",77.7
2024-01-01 23:15:00,VIN-A0465,13.5,20.4,"10.9460,108.4419",95.9
2024-01-01 23:18:00,VIN-A0466,86.2,6.3,"11.9404,108.4583",101.6
2024-01-01 23:21:00,VIN-A0467,68.1,76.9,"16.0544,108.2022",94.4
2024-01-01 23:24:00,VIN-A0468,76.6,43.5,"20.8449,106.6881",90.6
2024-01-01 23:27:00,VIN-A0469,10.4,68.6,"16.0544,108.2022",109.3
2024-01-01 23:30:00,VIN-A0470,57.3,93.9,"10.8231,106.6297",80.4
2024-01-01 23:33:00,VIN-A0471,28.3,76.6,"11.9404,108.4583",82.1
2024-01-01 23:36:00,VIN-A0472,86.7,6.1,"11.9404,108.4583",97.7
2024-01-01 23:39:00,VIN-A0473,7.5,16.2,"12.2388,109.1967",76.4
2024-01-01 23:42:00,VIN-A0474,82.3,92.7,"12.2388,109.1967",97.6
2024-01-01 23:45:00,VIN-A0475,76.6,94.4,"11.9404,108.4583",94.6
2024-01-01 23:48:00,VIN-A0476,26.3,17.7,"16.0544,108.2022",88.2
2024-01-01 23:51:00,VIN-A0477,118.7,40.5,"10.9460,108.4419",100.3
2024-01-01 23:54:00,VIN-A0478,96.2,83.4,"10.0452,105.7469",97.2
2024-01-01 23:57:00,VIN-A0479,71.5,79.8,"10.9460,108.4419",91.1
2024-01-02 00:00:00,VIN-A0480,43.4,92.1,"21.0285,105.8542",72.5
2024-01-02 00:03:00,VIN-A0481,65.7,53.0,"16.0544,108.2022",76.6
2024-01-02 00:06:00,VIN-A0482,102.5,47.0,"10.0452,105.7469",98.7
2024-01-02 00:09:00,VIN-A0483,58.7,90.4,"10.9460,108.4419",102.3
2024-01-02 00:12:00,VIN-A0484,54.4,53.8,"10.9460,108.4419",92.6
2024-01-02 00:15:00,VIN-A0485,67.1,68.9,"12.2388,109.1967",98.9
2024-01-02 00:18:00,VIN-A0486,47.5,82.6,"10.0452,105.7469",93.1
2024-01-02 00:21:00,VIN-A0487,5.4,37.7,"21.0285,105.8542",91.6
2024-01-02 00:24:00,VIN-A0488,7.2,90.0,"10.9460,108.4419",71.3
2024-01-02 00:27:00,VIN-A0489,49.1,78.1,"20.8449,106.6881",85.0
2024-01-02 00:30:00,VIN-A0490,107.0,47.6,"20.8449,106.6881",85.0
2024-01-02 00:33:00,VIN-A0491,81.9,67.9,"16.0544,108.2022",96.1
2024-01-02 00:36:00,VIN-A0492,41.7,22.0,"20.8449,106.6881",91.2
2024-01-02 00:39:00,VIN-A0493,87.3,26.2,"10.8231,106.6297",100.2
2024-01-02 00:42:00,VIN-A0494,117.4,49.0,"20.8449,106.6881",91.3
2024-01-02 00:45:00,VIN-A0495,98.8,28.5,"11.9404,108.4583",76.2
2024-01-02 00:48:00,VIN-A0496,22.6,88.1,"21.0285,105.8542",71.3
2024-01-02 00:51:00,VIN-A0497,79.2,63.4,"10.8231,106.6297",79.6
2024-01-02 00:54:00,VIN-A0498,8.1,61.4,"10.9460,108.4419",93.9
2024-01-02 00:57:00,VIN-A0499,84.4,9.6,"10.8231,106.6297",86.1
2024-01-02 01:00:00,VIN-A0500,28.1,25.6,"10.8231,106.6297",75.6
2024-01-02 01:03:00,VIN-A0501,119.2,27.2,"11.9404,108.4583",93.1
2024-01-02 01:06:00,VIN-A0502,92.7,82.7,"10.0452,105.7469",82.1
2024-01-02 01:09:00,VIN-A0503,17.2,67.7,"10.0452,105.7469",86.5
2024-01-02 01:12:00,VIN-A0504,33.0,57.9,"16.0544,108.2022",95.0
2024-01-02 01:15:00,VIN-A0505,51.3,52.1,"11.9404,108.4583",107.7
2024-01-02 01:18:00,VIN-A0506,80.6,79.7,"11.9404,108.4583",97.9
2024-01-02 01:21:00,VIN-A0507,49.0,33.5,"16.0544,108.2022",100.2
2024-01-02 01:24:00,VIN-A0508,56.8,85.7,"12.2388,109.1967",104.3
2024-01-02 01:27:00,VIN-A0509,17.3,49.0,"10.8231,106.6297",92.5
2024-01-02 01:30:00,VIN-A0510,116.1,57.9,"16.0544,108.2022",85.5
2024-01-02 01:33:00,VIN-A0511,30.6,36.4,"21.0285,105.8542",106.9
2024-01-02 01:36:00,VIN-A0512,101.7,13.8,"10.0452,105.7469",72.1
2024-01-02 01:39:00,VIN-A0513,45.3,62.5,"10.8231,106.6297",104.9
2024-01-02 01:42:00,VIN-A0514,22.6,77.4,"10.0452,105.7469",89.2
2024-01-02 01:45:00,VIN-A0515,104.3,36.6,"10.8231,106.6297",78.5
2024-01-02 01:48:00,VIN-A0516,22.8,75.4,"10.9460,108.4419",106.6
2024-01-02 01:51:00,VIN-A0517,83.5,71.9,"20.8449,106.6881",106.6
2024-01-02 01:54:00,VIN-A0518,66.2,78.7,"20.8449,106.6881",88.7
2024-01-02 01:57:00,VIN-A0519,77.8,34.3,"11.9404,108.4583",90.5
2024-01-02 02:00:00,VIN-A0520,59.7,14.4,"10.9460,108.4419",100.5
2024-01-02 02:03:00,VIN-A0521,38.4,24.3,"11.9404,108.4583",86.6
2024-01-02 02:06:00,VIN-A0522,67.5,26.0,"16.0544,108.2022",70.6
2024-01-02 02:09:00,VIN-A0523,66.4,60.5,"20.8449,106.6881",81.8
2024-01-02 02:12:00,VIN-A0524,23.5,26.9,"10.0452,105.7469",90.0
2024-01-02 02:15:00,VIN-A0525,78.6,70.1,"12.2388,109.1967",100.5
2024-01-02 02:18:00,VIN-A0526,58.6,73.7,"10.9460,108.4419",88.4
2024-01-02 02:21:00,VIN-A0527,87.9,38.5,"16.0544,108.2022",98.8
2024-01-02 02:24:00,VIN-A0528,58.6,92.1,"10.8231,106.6297",91.0
2024-01-02 02:27:00,VIN-A0529,100.7,12.1,"10.8231,106.6297",100.6
2024-01-02 02:30:00,VIN-A0530,49.5,85.0,"10.0452,105.7469",72.7
2024-01-02 02:33:00,VIN-A0531,18.1,25.8,"10.9460,108.4419",84.9
2024-01-02 02:36:00,VIN-A0532,74.1,68.3,"10.9460,108.4419",96.4
2024-01-02 02:39:00,VIN-A0533,1.9,55.6,"20.8449,106.6881",70.5
2024-01-02 02:42:00,VIN-A0534,63.5,31.1,"12.2388,109.1967",70.7
2024-01-02 02:45:00,VIN-A0535,97.6,69.0,"16.0544,108.2022",74.3
2024-01-02 02:48:00,VIN-A0536,11.6,19.1,"10.0452,105.7469",94.8
2024-01-02 02:51:00,VIN-A0537,30.3,38.7,"20.8449,106.6881",73.2
2024-01-02 02:54:00,VIN-A0538,115.1,48.6,"10.0452,105.7469",109.6
2024-01-02 02:57:00,VIN-A0539,27.1,70.0,"21.0285,105.8542",96.1
2024-01-02 03:00:00,VIN-A0540,103.0,77.2,"21.0285,105.8542",86.2
2024-01-02 03:03:00,VIN-A0541,45.3,50.2,"10.8231,106.6297",98.1
2024-01-02 03:06:00,VIN-A0542,9.9,85.3,"11.9404,108.4583",92.6
2024-01-02 03:09:00,VIN-A0543,103.0,14.1,"10.8231,106.6297",79.2
2024-01-02 03:12:00,VIN-A0544,108.2,70.8,"10.9460,108.4419",80.8
2024-01-02 03:15:00,VIN-A0545,110.9,70.0,"12.2388,109.1967",106.0
2024-01-02 03:18:00,VIN-A0546,67.6,8.1,"11.9404,108.4583",70.6
2024-01-02 03:21:00,VIN-A0547,24.9,18.7,"20.8449,106.6881",107.2
2024-01-02 03:24:00,VIN-A0548,35.9,58.6,"20.8449,106.6881",97.1
2024-01-02 03:27:00,VIN-A0549,64.9,41.5,"16.0544,108.2022",101.6
2024-01-02 03:30:00,VIN-A0550,82.7,12.5,"11.9404,108.4583",72.1
2024-01-02 03:33:00,VIN-A0551,52.5,84.7,"11.9404,108.4583",94.2
2024-01-02 03:36:00,VIN-A0552,73.7,61.6,"11.9404,108.4583",71.2
2024-01-02 03:39:00,VIN-A0553,32.8,99.3,"10.9460,108.4419",79.1
2024-01-02 03:42:00,VIN-A0554,66.4,40.7,"16.0544,108.2022",97.2
2024-01-02 03:45:00,VIN-A0555,79.3,13.1,"12.2388,109.1967",101.9
2024-01-02 03:48:00,VIN-A0556,85.6,12.8,"16.0544,108.2022",85.2
2024-01-02 03:51:00,VIN-A0557,94.1,19.7,"20.8449,106.6881",82.7
2024-01-02 03:54:00,VIN-A0558,12.8,5.5,"12.2388,109.1967",87.8
2024-01-02 03:57:00,VIN-A0559,91.4,14.7,"21.0285,105.8542",77.5
2024-01-02 04:00:00,VIN-A0560,53.9,57.7,"20.8449,106.6881",74.1
2024-01-02 04:03:00,VIN-A0561,10.8,57.7,"11.9404,108.4583",104.5
2024-01-02 04:06:00,VIN-A0562,1.5,44.3,"21.0285,105.8542",99.0
2024-01-02 04:09:00,VIN-A0563,67.1,99.3,"10.0452,105.7469",92.9
2024-01-02 04:12:00,VIN-A0564,20.3,41.2,"16.0544,108.2022",80.8
2024-01-02 04:15:00,VIN-A0565,32.2,18.9,"16.0544,108.2022",87.4
2024-01-02 04:18:00,VIN-A0566,50.5,51.0,"21.0285,105.8542",84.4
2024-01-02 04:21:00,VIN-A0567,113.3,73.5,"10.9460,108.4419",93.8
2024-01-02 04:24:00,VIN-A0568,23.5,15.2,"12.2388,109.1967",70.3
2024-01-02 04:27:00,VIN-A0569,47.5,85.0,"20.8449,106.6881",102.2
2024-01-02 04:30:00,VIN-A0570,39.5,36.8,"16.0544,108.2022",82.0
2024-01-02 04:33:00,VIN-A0571,72.4,71.1,"10.9460,108.4419",82.6
2024-01-02 04:36:00,VIN-A0572,115.7,97.0,"12.2388,109.1967",99.4
2024-01-02 04:39:00,VIN-A0573,75.9,96.9,"10.0452,105.7469",83.0
2024-01-02 04:42:00,VIN-A0574,33.6,79.7,"11.9404,108.4583",74.6
2024-01-02 04:45:00,VIN-A0575,67.7,61.3,"16.0544,108.2022",97.3
2024-01-02 04:48:00,VIN-A0576,66.0,95.5,"10.9460,108.4419",107.7
2024-01-02 04:51:00,VIN-A0577,25.2,80.8,"21.0285,105.8542",102.8
2024-01-02 04:54:00,VIN-A0578,95.5,43.9,"10.9460,108.4419",75.6
2024-01-02 04:57:00,VIN-A0579,36.3,29.0,"16.0544,108.2022",98.6
2024-01-02 05:00:00,VIN-A0580,94.7,12.0,"10.9460,108.4419",93.3
2024-01-02 05:03:00,VIN-A0581,64.1,92.7,"20.8449,106.6881",91.7
2024-01-02 05:06:00,VIN-A0582,94.9,39.2,"21.0285,105.8542",74.4
2024-01-02 05:09:00,VIN-A0583,29.8,68.1,"16.0544,108.2022",95.9
2024-01-02 05:12:00,VIN-A0584,5.3,98.4,"20.8449,106.6881",108.7
2024-01-02 05:15:00,VIN-A0585,39.8,80.6,"21.0285,105.8542",70.4
2024-01-02 05:18:00,VIN-A0586,31.0,53.5,"10.0452,105.7469",87.8
2024-01-02 05:21:00,VIN-A0587,46.9,78.4,"16.0544,108.2022",83.8
2024-01-02 05:24:00,VIN-A0588,2.9,14.9,"20.8449,106.6881",106.8
2024-01-02 05:27:00,VIN-A0589,10.3,84.0,"16.0544,108.2022",83.9
2024-01-02 05:30:00,VIN-A0590,41.2,79.5,"10.9460,108.4419",83.9
2024-01-02 05:33:00,VIN-A0591,11.7,73.6,"10.9460,108.4419",82.8
2024-01-02 05:36:00,VIN-A0592,36.0,82.0,"21.0285,105.8542",70.9
2024-01-02 05:39:00,VIN-A0593,41.2,15.4,"16.0544,108.2022",107.2
2024-01-02 05:42:00,VIN-A0594,88.9,54.0,"16.0544,108.2022",83.2
2024-01-02 05:45:00,VIN-A0595,51.2,48.9,"20.8449,106.6881",95.2
2024-01-02 05:48:00,VIN-A0596,22.4,67.4,"20.8449,106.6881",71.2
2024-01-02 05:51:00,VIN-A0597,73.7,23.7,"20.8449,106.6881",85.6
2024-01-02 05:54:00,VIN-A0598,84.6,24.5,"21.0285,105.8542",93.1
2024-01-02 05:57:00,VIN-A0599,95.9,56.0,"11.9404,108.4583",83.0
2024-01-02 06:00:00,VIN-A0600,54.9,29.9,"10.9460,108.4419",91.1
2024-01-02 06:03:00,VIN-A0601,76.7,61.7,"20.8449,106.6881",93.5
2024-01-02 06:06:00,VIN-A0602,41.8,85.3,"16.0544,108.2022",102.5
2024-01-02 06:09:00,VIN-A0603,84.7,33.3,"21.0285,105.8542",96.9
2024-01-02 06:12:00,VIN-A0604,37.6,27.7,"21.0285,105.8542",77.3
2024-01-02 06:15:00,VIN-A0605,83.2,53.5,"20.8449,106.6881",93.9
2024-01-02 06:18:00,VIN-A0606,69.0,45.2,"10.9460,108.4419",95.4
2024-01-02 06:21:00,VIN-A0607,83.2,66.3,"16.0544,108.2022",92.2
2024-01-02 06:24:00,VIN-A0608,58.8,18.3,"11.9404,108.4583",103.7
2024-01-02 06:27:00,VIN-A0609,74.3,87.2,"10.8231,106.6297",89.4
2024-01-02 06:30:00,VIN-A0610,23.4,41.5,"10.9460,108.4419",86.4
2024-01-02 06:33:00,VIN-A0611,59.0,72.5,"10.9460,108.4419",89.5
2024-01-02 06:36:00,VIN-A0612,9.9,7.9,"10.0452,105.7469",81.7
2024-01-02 06:39:00,VIN-A0613,33.0,56.1,"16.0544,108.2022",101.2
2024-01-02 06:42:00,VIN-A0614,67.9,78.4,"10.9460,108.4419",92.0
2024-01-02 06:45:00,VIN-A0615,13.6,15.8,"11.9404,108.4583",91.7
2024-01-02 06:48:00,VIN-A0616,90.8,77.2,"10.9460,108.4419",91.9
2024-01-02 06:51:00,VIN-A0617,118.8,14.7,"10.0452,105.7469",81.9
2024-01-02 06:54:00,VIN-A0618,119.9,47.7,"11.9404,108.4583",104.5
2024-01-02 06:57:00,VIN-A0619,10.4,87.2,"21.0285,105.8542",101.0
2024-01-02 07:00:00,VIN-A0620,28.4,82.0,"11.9404,108.4583",104.4
2024-01-02 07:03:00,VIN-A0621,73.2,45.7,"16.0544,108.2022",101.4
2024-01-02 07:06:00,VIN-A0622,97.6,81.5,"11.9404,108.4583",91.3
2024-01-02 07:09:00,VIN-A0623,71.6,21.0,"12.2388,109.1967",81.6
2024-01-02 07:12:00,VIN-A0624,32.1,86.5,"21.0285,105.8542",75.4
2024-01-02 07:15:00,VIN-A0625,90.0,44.1,"10.8231,106.6297",109.7
2024-01-02 07:18:00,VIN-A0626,104.0,17.1,"16.0544,108.2022",80.0
2024-01-02 07:21:00,VIN-A0627,85.4,83.7,"20.8449,106.6881",89.6
2024-01-02 07:24:00,VIN-A0628,69.3,30.5,"20.8449,106.6881",85.0
2024-01-02 07:27:00,VIN-A0629,9.1,80.5,"21.0285,105.8542",86.1
2024-01-02 07:30:00,VIN-A0630,90.0,71.0,"11.9404,108.4583",88.2
2024-01-02 07:33:00,VIN-A0631,58.6,60.3,"21.0285,105.8542",99.2
2024-01-02 07:36:00,VIN-A0632,55.0,68.1,"11.9404,108.4583",104.0
2024-01-02 07:39:00,VIN-A0633,95.5,42.8,"20.8449,106.6881",103.0
2024-01-02 07:42:00,VIN-A0634,59.4,35.7,"12.2388,109.1967",83.5
2024-01-02 07:45:00,VIN-A0635,69.4,58.8,"10.9460,108.4419",101.5
2024-01-02 07:48:00,VIN-A0636,107.3,77.4,"10.8231,106.6297",74.0
2024-01-02 07:51:00,VIN-A0637,94.1,48.7,"21.0285,105.8542",107.2
2024-01-02 07:54:00,VIN-A0638,19.0,48.4,"20.8449,106.6881",78.1
2024-01-02 07:57:00,VIN-A0639,82.6,17.5,"12.2388,109.1967",76.4
2024-01-02 08:00:00,VIN-A0640,111.9,31.0,"11.9404,108.4583",80.0
2024-01-02 08:03:00,VIN-A0641,44.6,90.9,"16.0544,108.2022",72.1
2024-01-02 08:06:00,VIN-A0642,75.1,74.0,"10.0452,105.7469",87.2
2024-01-02 08:09:00,VIN-A0643,10.9,14.0,"10.0452,105.7469",89.1
2024-01-02 08:12:00,VIN-A0644,15.9,26.5,"10.9460,108.4419",70.4
2024-01-02 08:15:00,VIN-A0645,83.5,82.6,"20.8449,106.6881",97.8
2024-01-02 08:18:00,VIN-A0646,57.3,26.7,"21.0285,105.8542",99.2
2024-01-02 08:21:00,VIN-A0647,12.3,34.8,"12.2388,109.1967",75.5
2024-01-02 08:24:00,VIN-A0648,92.8,76.5,"16.0544,108.2022",95.7
2024-01-02 08:27:00,VIN-A0649,81.3,11.5,"10.8231,106.6297",94.4
2024-01-02 08:30:00,VIN-A0650,19.7,38.4,"10.0452,105.7469",95.1
2024-01-02 08:33:00,VIN-A0651,18.2,44.1,"10.9460,108.4419",104.4
2024-01-02 08:36:00,VIN-A0652,10.4,14.5,"21.0285,105.8542",93.6
2024-01-02 08:39:00,VIN-A0653,46.1,96.5,"11.9404,108.4583",101.6
2024-01-02 08:42:00,VIN-A0654,29.7,66.2,"10.0452,105.7469",92.1
2024-01-02 08:45:00,VIN-A0655,72.0,62.7,"10.8231,106.6297",103.9
2024-01-02 08:48:00,VIN-A0656,79.0,33.7,"10.0452,105.7469",99.9
2024-01-02 08:51:00,VIN-A0657,35.5,10.2,"10.0452,105.7469",89.8
2024-01-02 08:54:00,VIN-A0658,13.5,52.5,"21.0285,105.8542",91.1
2024-01-02 08:57:00,VIN-A0659,117.3,98.8,"11.9404,108.4583",75.3
2024-01-02 09:00:00,VIN-A0660,103.3,59.0,"11.9404,108.4583",91.9
2024-01-02 09:03:00,VIN-A0661,20.7,49.7,"21.0285,105.8542",70.7
2024-01-02 09:06:00,VIN-A0662,8.1,29.9,"10.8231,106.6297",106.9
2024-01-02 09:09:00,VIN-A0663,113.8,42.8,"12.2388,109.1967",95.1
2024-01-02 09:12:00,VIN-A0664,60.1,44.5,"20.8449,106.6881",73.3
2024-01-02 09:15:00,VIN-A0665,64.4,63.5,"12.2388,109.1967",73.3
2024-01-02 09:18:00,VIN-A0666,9.5,92.5,"16.0544,108.2022",91.5
2024-01-02 09:21:00,VIN-A0667,46.9,65.3,"21.0285,105.8542",82.4
2024-01-02 09:24:00,VIN-A0668,52.5,95.6,"10.0452,105.7469",72.3
2024-01-02 09:27:00,VIN-A0669,10.3,46.3,"10.9460,108.4419",94.5
2024-01-02 09:30:00,VIN-A0670,6.6,68.3,"16.0544,108.2022",74.8
2024-01-02 09:33:00,VIN-A0671,84.9,71.6,"16.0544,108.2022",89.9
2024-01-02 09:36:00,VIN-A0672,41.6,54.1,"12.2388,109.1967",76.7
2024-01-02 09:39:00,VIN-A0673,15.2,79.2,"12.2388,109.1967",99.3
2024-01-02 09:42:00,VIN-A0674,14.2,90.5,"11.9404,108.4583",102.3
2024-01-02 09:45:00,VIN-A0675,32.6,11.1,"21.0285,105.8542",89.8
2024-01-02 09:48:00,VIN-A0676,61.3,10.3,"16.0544,108.2022",84.7
2024-01-02 09:51:00,VIN-A0677,30.6,14.8,"21.0285,105.8542",79.1
2024-01-02 09:54:00,VIN-A0678,61.1,9.2,"10.8231,106.6297",79.8
2024-01-02 09:57:00,VIN-A0679,56.6,41.4,"16.0544,108.2022",77.2
2024-01-02 10:00:00,VIN-A0680,115.2,8.4,"20.8449,106.6881",79.0
2024-01-02 10:03:00,VIN-A0681,29.8,92.0,"11.9404,108.4583",80.9
2024-01-02 10:06:00,VIN-A0682,9.3,40.4,"10.8231,106.6297",77.2
2024-01-02 10:09:00,VIN-A0683,96.5,98.2,"20.8449,106.6881",72.8
2024-01-02 10:12:00,VIN-A0684,55.8,31.8,"12.2388,109.1967",83.1
2024-01-02 10:15:00,VIN-A0685,66.4,5.8,"10.0452,105.7469",81.7
2024-01-02 10:18:00,VIN-A0686,94.1,75.3,"10.0452,105.7469",88.6
2024-01-02 10:21:00,VIN-A0687,71.0,51.9,"10.0452,105.7469",99.3
2024-01-02 10:24:00,VIN-A0688,65.6,80.6,"16.0544,108.2022",70.3
2024-01-02 10:27:00,VIN-A0689,49.2,27.1,"11.9404,108.4583",95.4
2024-01-02 10:30:00,VIN-A0690,83.2,5.9,"11.9404,108.4583",70.1
2024-01-02 10:33:00,VIN-A0691,78.9,85.7,"12.2388,109.1967",74.2
2024-01-02 10:36:00,VIN-A0692,63.6,27.6,"10.9460,108.4419",108.4
2024-01-02 10:39:00,VIN-A0693,116.7,18.5,"12.2388,109.1967",73.7
2024-01-02 10:42:00,VIN-A0694,110.6,90.2,"20.8449,106.6881",98.0
2024-01-02 10:45:00,VIN-A0695,44.7,97.6,"21.0285,105.8542",93.2
2024-01-02 10:48:00,VIN-A0696,60.7,65.5,"20.8449,106.6881",73.0
2024-01-02 10:51:00,VIN-A0697,68.1,46.3,"16.0544,108.2022",79.5
2024-01-02 10:54:00,VIN-A0698,31.3,34.9,"20.8449,106.6881",98.0
2024-01-02 10:57:00,VIN-A0699,88.2,35.2,"12.2388,109.1967",79.3
2024-01-02 11:00:00,VIN-A0700,113.2,17.9,"21.0285,105.8542",76.2
2024-01-02 11:03:00,VIN-A0701,19.7,49.3,"20.8449,106.6881",74.8
2024-01-02 11:06:00,VIN-A0702,43.0,78.2,"10.9460,108.4419",82.3
2024-01-02 11:09:00,VIN-A0703,31.8,16.4,"16.0544,108.2022",102.3
2024-01-02 11:12:00,VIN-A0704,36.5,71.9,"10.8231,106.6297",78.6
2024-01-02 11:15:00,VIN-A0705,102.8,19.1,"10.0452,105.7469",108.7
2024-01-02 11:18:00,VIN-A0706,47.5,9.7,"12.2388,109.1967",80.4
2024-01-02 11:21:00,VIN-A0707,118.9,8.0,"20.8449,106.6881",104.2
2024-01-02 11:24:00,VIN-A0708,66.7,57.3,"21.0285,105.8542",88.5
2024-01-02 11:27:00,VIN-A0709,96.5,18.3,"10.8231,106.6297",72.5
2024-01-02 11:30:00,VIN-A0710,93.7,26.1,"10.0452,105.7469",102.9
2024-01-02 11:33:00,VIN-A0711,44.7,64.9,"21.0285,105.8542",93.3
2024-01-02 11:36:00,VIN-A0712,31.1,82.2,"10.8231,106.6297",109.9
2024-01-02 11:39:00,VIN-A0713,23.7,66.4,"16.0544,108.2022",73.7
2024-01-02 11:42:00,VIN-A0714,101.7,81.8,"21.0285,105.8542",71.7
2024-01-02 11:45:00,VIN-A0715,55.3,21.0,"20.8449,106.6881",102.9
2024-01-02 11:48:00,VIN-A0716,47.4,7.8,"20.8449,106.6881",76.9
2024-01-02 11:51:00,VIN-A0717,25.8,22.8,"12.2388,109.1967",87.8
2024-01-02 11:54:00,VIN-A0718,17.8,63.3,"10.0452,105.7469",95.9
2024-01-02 11:57:00,VIN-A0719,59.9,88.9,"10.9460,108.4419",72.4
2024-01-02 12:00:00,VIN-A0720,33.6,18.0,"10.0452,105.7469",95.7
2024-01-02 12:03:00,VIN-A0721,95.7,28.7,"10.8231,106.6297",109.6
2024-01-02 12:06:00,VIN-A0722,93.8,39.1,"10.9460,108.4419",83.8
2024-01-02 12:09:00,VIN-A0723,67.9,35.6,"12.2388,109.1967",77.2
2024-01-02 12:12:00,VIN-A0724,38.3,25.8,"12.2388,109.1967",72.3
2024-01-02 12:15:00,VIN-A0725,119.0,55.3,"10.0452,105.7469",109.0
2024-01-02 12:18:00,VIN-A0726,12.0,67.4,"12.2388,109.1967",91.3
2024-01-02 12:21:00,VIN-A0727,94.9,75.0,"10.0452,105.7469",93.0
2024-01-02 12:24:00,VIN-A0728,117.9,41.9,"16.0544,108.2022",77.0
2024-01-02 12:27:00,VIN-A0729,71.1,81.6,"11.9404,108.4583",106.6
2024-01-02 12:30:00,VIN-A0730,3.4,71.6,"16.0544,108.2022",92.5
2024-01-02 12:33:00,VIN-A0731,22.6,98.9,"10.9460,108.4419",91.7
2024-01-02 12:36:00,VIN-A0732,21.1,8.6,"10.8231,106.6297",79.3
2024-01-02 12:39:00,VIN-A0733,26.3,55.0,"10.8231,106.6297",83.3
2024-01-02 12:42:00,VIN-A0734,73.7,81.6,"11.9404,108.4583",98.7
2024-01-02 12:45:00,VIN-A0735,110.3,85.2,"11.9404,108.4583",72.4
2024-01-02 12:48:00,VIN-A0736,17.7,71.9,"16.0544,108.2022",101.0
2024-01-02 12:51:00,VIN-A0737,101.6,86.8,"21.0285,105.8542",84.9
2024-01-02 12:54:00,VIN-A0738,113.0,42.6,"21.0285,105.8542",83.5
2024-01-02 12:57:00,VIN-A0739,38.7,97.7,"20.8449,106.6881",101.7
2024-01-02 13:00:00,VIN-A0740,115.3,66.7,"16.0544,108.2022",98.3
2024-01-02 13:03:00,VIN-A0741,67.4,89.5,"11.9404,108.4583",78.9
2024-01-02 13:06:00,VIN-A0742,70.7,21.7,"12.2388,109.1967",99.4
2024-01-02 13:09:00,VIN-A0743,35.3,21.9,"10.8231,106.6297",108.0
2024-01-02 13:12:00,VIN-A0744,113.8,42.2,"10.8231,106.6297",77.3
2024-01-02 13:15:00,VIN-A0745,38.2,81.8,"10.0452,105.7469",95.6
2024-01-02 13:18:00,VIN-A0746,12.5,52.1,"11.9404,108.4583",99.8
2024-01-02 13:21:00,VIN-A0747,28.6,98.3,"16.0544,108.2022",95.4
2024-01-02 13:24:00,VIN-A0748,115.6,83.1,"11.9404,108.4583",87.9
2024-01-02 13:27:00,VIN-A0749,31.8,28.7,"21.0285,105.8542",84.0
2024-01-02 13:30:00,VIN-A0750,94.4,73.4,"10.8231,106.6297",85.4
2024-01-02 13:33:00,VIN-A0751,87.9,97.1,"20.8449,106.6881",89.7
2024-01-02 13:36:00,VIN-A0752,45.4,56.9,"21.0285,105.8542",103.2
2024-01-02 13:39:00,VIN-A0753,94.6,59.9,"10.0452,105.7469",76.5
2024-01-02 13:42:00,VIN-A0754,8.8,85.3,"12.2388,109.1967",70.8
2024-01-02 13:45:00,VIN-A0755,31.3,14.9,"11.9404,108.4583",76.8
2024-01-02 13:48:00,VIN-A0756,45.1,74.5,"21.0285,105.8542",83.5
2024-01-02 13:51:00,VIN-A0757,118.2,89.9,"10.8231,106.6297",87.3
2024-01-02 13:54:00,VIN-A0758,78.4,62.7,"20.8449,106.6881",76.3
2024-01-02 13:57:00,VIN-A0759,12.2,24.5,"10.0452,105.7469",86.4
2024-01-02 14:00:00,VIN-A0760,66.5,92.9,"12.2388,109.1967",96.4
2024-01-02 14:03:00,VIN-A0761,35.7,14.1,"20.8449,106.6881",92.9
2024-01-02 14:06:00,VIN-A0762,100.8,19.6,"11.9404,108.4583",70.2
2024-01-02 14:09:00,VIN-A0763,10.5,83.3,"10.9460,108.4419",78.0
2024-01-02 14:12:00,VIN-A0764,3.1,21.2,"12.2388,109.1967",109.1
2024-01-02 14:15:00,VIN-A0765,56.8,16.0,"20.8449,106.6881",88.8
2024-01-02 14:18:00,VIN-A0766,107.4,30.2,"20.8449,106.6881",77.4
2024-01-02 14:21:00,VIN-A0767,106.3,40.1,"10.9460,108.4419",71.8
2024-01-02 14:24:00,VIN-A0768,52.8,30.0,"12.2388,109.1967",92.6
2024-01-02 14:27:00,VIN-A0769,18.1,71.2,"21.0285,105.8542",73.4
2024-01-02 14:30:00,VIN-A0770,41.3,56.4,"10.0452,105.7469",92.1
2024-01-02 14:33:00,VIN-A0771,100.9,82.7,"20.8449,106.6881",108.6
2024-01-02 14:36:00,VIN-A0772,82.4,94.0,"10.0452,105.7469",89.1
2024-01-02 14:39:00,VIN-A0773,9.5,90.8,"10.8231,106.6297",90.1
2024-01-02 14:42:00,VIN-A0774,108.1,81.0,"16.0544,108.2022",74.8
2024-01-02 14:45:00,VIN-A0775,90.9,21.4,"16.0544,108.2022",108.9
2024-01-02 14:48:00,VIN-A0776,97.0,17.0,"20.8449,106.6881",73.1
2024-01-02 14:51:00,VIN-A0777,82.0,24.2,"16.0544,108.2022",103.4
2024-01-02 14:54:00,VIN-A0778,30.9,91.5,"21.0285,105.8542",73.5
2024-01-02 14:57:00,VIN-A0779,66.8,57.4,"12.2388,109.1967",90.8
2024-01-02 15:00:00,VIN-A0780,110.1,6.2,"20.8449,106.6881",74.5
2024-01-02 15:03:00,VIN-A0781,18.0,58.8,"21.0285,105.8542",107.0
2024-01-02 15:06:00,VIN-A0782,67.5,14.6,"12.2388,109.1967",104.7
2024-01-02 15:09:00,VIN-A0783,105.6,88.4,"12.2388,109.1967",85.3
2024-01-02 15:12:00,VIN-A0784,58.3,62.9,"10.8231,106.6297",76.9
2024-01-02 15:15:00,VIN-A0785,48.4,63.7,"20.8449,106.6881",71.6
2024-01-02 15:18:00,VIN-A0786,106.7,36.5,"10.0452,105.7469",72.0
2024-01-02 15:21:00,VIN-A0787,57.0,30.5,"11.9404,108.4583",70.8
2024-01-02 15:24:00,VIN-A0788,98.1,33.8,"12.2388,109.1967",103.7
2024-01-02 15:27:00,VIN-A0789,103.0,70.1,"10.0452,105.7469",75.4
2024-01-02 15:30:00,VIN-A0790,116.9,47.1,"11.9404,108.4583",80.8
2024-01-02 15:33:00,VIN-A0791,50.0,66.3,"10.0452,105.7469",87.7
2024-01-02 15:36:00,VIN-A0792,109.6,43.7,"10.9460,108.4419",100.4
2024-01-02 15:39:00,VIN-A0793,104.1,83.0,"16.0544,108.2022",72.6
2024-01-02 15:42:00,VIN-A0794,85.1,43.3,"10.8231,106.6297",76.9
2024-01-02 15:45:00,VIN-A0795,105.0,24.1,"10.8231,106.6297",80.0
2024-01-02 15:48:00,VIN-A0796,54.8,92.2,"10.0452,105.7469",81.0
2024-01-02 15:51:00,VIN-A0797,98.8,53.0,"21.0285,105.8542",97.2
2024-01-02 15:54:00,VIN-A0798,29.0,51.4,"10.9460,108.4419",77.1
2024-01-02 15:57:00,VIN-A0799,104.5,60.8,"11.9404,108.4583",83.8
2024-01-02 16:00:00,VIN-A0800,100.5,29.6,"21.0285,105.8542",81.4
2024-01-02 16:03:00,VIN-A0801,46.4,20.5,"10.0452,105.7469",104.3
2024-01-02 16:06:00,VIN-A0802,77.7,69.4,"12.2388,109.1967",96.1
2024-01-02 16:09:00,VIN-A0803,61.6,87.1,"10.8231,106.6297",89.0
2024-01-02 16:12:00,VIN-A0804,15.9,21.5,"10.8231,106.6297",79.0
2024-01-02 16:15:00,VIN-A0805,73.0,94.6,"12.2388,109.1967",87.0
2024-01-02 16:18:00,VIN-A0806,45.2,38.1,"12.2388,109.1967",78.7
2024-01-02 16:21:00,VIN-A0807,36.3,54.5,"20.8449,106.6881",93.4
2024-01-02 16:24:00,VIN-A0808,0.9,99.9,"11.9404,108.4583",92.5
2024-01-02 16:27:00,VIN-A0809,71.3,31.9,"21.0285,105.8542",89.3
2024-01-02 16:30:00,VIN-A0810,40.4,31.3,"11.9404,108.4583",104.5
2024-01-02 16:33:00,VIN-A0811,31.3,72.6,"12.2388,109.1967",77.5
2024-01-02 16:36:00,VIN-A0812,62.1,27.8,"10.8231,106.6297",102.2
2024-01-02 16:39:00,VIN-A0813,96.3,62.0,"11.9404,108.4583",97.2
2024-01-02 16:42:00,VIN-A0814,86.6,67.3,"12.2388,109.1967",80.4
2024-01-02 16:45:00,VIN-A0815,50.2,41.9,"10.8231,106.6297",93.3
2024-01-02 16:48:00,VIN-A0816,119.4,82.5,"11.9404,108.4583",99.1
2024-01-02 16:51:00,VIN-A0817,26.7,55.8,"10.9460,108.4419",106.3
2024-01-02 16:54:00,VIN-A0818,80.6,53.2,"16.0544,108.2022",103.6
2024-01-02 16:57:00,VIN-A0819,105.2,22.2,"21.0285,105.8542",88.8
2024-01-02 17:00:00,VIN-A0820,88.9,73.9,"16.0544,108.2022",107.9
2024-01-02 17:03:00,VIN-A0821,108.0,67.2,"10.0452,105.7469",84.2
2024-01-02 17:06:00,VIN-A0822,89.3,34.2,"11.9404,108.4583",84.9
2024-01-02 17:09:00,VIN-A0823,70.3,49.1,"21.0285,105.8542",88.8
2024-01-02 17:12:00,VIN-A0824,104.0,60.4,"21.0285,105.8542",88.9
2024-01-02 17:15:00,VIN-A0825,23.3,16.4,"20.8449,106.6881",91.2
2024-01-02 17:18:00,VIN-A0826,49.6,87.7,"16.0544,108.2022",75.5
2024-01-02 17:21:00,VIN-A0827,24.0,43.9,"10.9460,108.4419",75.7
2024-01-02 17:24:00,VIN-A0828,103.5,22.1,"21.0285,105.8542",89.5
2024-01-02 17:27:00,VIN-A0829,75.7,21.8,"10.8231,106.6297",70.2
2024-01-02 17:30:00,VIN-A0830,32.8,77.3,"16.0544,108.2022",93.1
2024-01-02 17:33:00,VIN-A0831,19.0,79.6,"21.0285,105.8542",75.2
2024-01-02 17:36:00,VIN-A0832,52.0,45.8,"20.8449,106.6881",108.6
2024-01-02 17:39:00,VIN-A0833,46.0,8.6,"10.0452,105.7469",99.2
2024-01-02 17:42:00,VIN-A0834,114.0,89.7,"10.0452,105.7469",70.7
2024-01-02 17:45:00,VIN-A0835,0.5,74.7,"10.0452,105.7469",97.7
2024-01-02 17:48:00,VIN-A0836,41.3,17.2,"20.8449,106.6881",90.1
2024-01-02 17:51:00,VIN-A0837,36.7,11.2,"10.8231,106.6297",81.9
2024-01-02 17:54:00,VIN-A0838,34.9,74.1,"11.9404,108.4583",87.3
2024-01-02 17:57:00,VIN-A0839,82.4,17.7,"10.9460,108.4419",84.4
2024-01-02 18:00:00,VIN-A0840,22.6,95.1,"20.8449,106.6881",70.8
2024-01-02 18:03:00,VIN-A0841,26.9,98.6,"10.0452,105.7469",99.4
2024-01-02 18:06:00,VIN-A0842,70.8,21.1,"11.9404,108.4583",98.4
2024-01-02 18:09:00,VIN-A0843,95.1,40.6,"12.2388,109.1967",100.8
2024-01-02 18:12:00,VIN-A0844,74.8,61.4,"10.8231,106.6297",96.5
2024-01-02 18:15:00,VIN-A0845,78.4,6.9,"21.0285,105.8542",86.7
2024-01-02 18:18:00,VIN-A0846,45.6,57.0,"10.9460,108.4419",98.1
2024-01-02 18:21:00,VIN-A0847,24.7,70.1,"10.8231,106.6297",82.0
2024-01-02 18:24:00,VIN-A0848,79.4,67.9,"12.2388,109.1967",94.9
2024-01-02 18:27:00,VIN-A0849,84.1,44.8,"21.0285,105.8542",90.5
2024-01-02 18:30:00,VIN-A0850,74.1,31.9,"21.0285,105.8542",89.9
2024-01-02 18:33:00,VIN-A0851,73.1,78.9,"10.0452,105.7469",84.3
2024-01-02 18:36:00,VIN-A0852,49.2,20.2,"10.9460,108.4419",106.4
2024-01-02 18:39:00,VIN-A0853,82.6,50.7,"10.0452,105.7469",70.1
2024-01-02 18:42:00,VIN-A0854,80.6,91.2,"10.9460,108.4419",76.0
2024-01-02 18:45:00,VIN-A0855,10.8,53.6,"21.0285,105.8542",106.2
2024-01-02 18:48:00,VIN-A0856,77.3,48.4,"12.2388,109.1967",80.6
2024-01-02 18:51:00,VIN-A0857,6.0,82.3,"10.8231,106.6297",104.1
2024-01-02 18:54:00,VIN-A0858,43.2,69.3,"20.8449,106.6881",99.5
2024-01-02 18:57:00,VIN-A0859,11.4,77.0,"10.8231,106.6297",70.4
2024-01-02 19:00:00,VIN-A0860,16.6,66.5,"11.9404,108.4583",84.3
2024-01-02 19:03:00,VIN-A0861,52.5,64.1,"21.0285,105.8542",84.9
2024-01-02 19:06:00,VIN-A0862,41.1,15.8,"20.8449,106.6881",108.5
2024-01-02 19:09:00,VIN-A0863,32.6,41.6,"10.9460,108.4419",102.0
2024-01-02 19:12:00,VIN-A0864,77.9,80.7,"21.0285,105.8542",75.3
2024-01-02 19:15:00,VIN-A0865,87.2,98.2,"16.0544,108.2022",74.1
2024-01-02 19:18:00,VIN-A0866,109.3,50.9,"10.9460,108.4419",77.3
2024-01-02 19:21:00,VIN-A0867,45.6,39.1,"10.8231,106.6297",104.5
2024-01-02 19:24:00,VIN-A0868,105.6,74.1,"16.0544,108.2022",89.3
2024-01-02 19:27:00,VIN-A0869,58.6,89.3,"10.9460,108.4419",71.8
2024-01-02 19:30:00,VIN-A0870,31.4,34.9,"10.0452,105.7469",109.1
2024-01-02 19:33:00,VIN-A0871,80.4,37.1,"21.0285,105.8542",87.3
2024-01-02 19:36:00,VIN-A0872,87.2,50.8,"20.8449,106.6881",75.9
2024-01-02 19:39:00,VIN-A0873,99.2,89.7,"10.8231,106.6297",70.5
2024-01-02 19:42:00,VIN-A0874,112.1,53.0,"10.9460,108.4419",104.1
2024-01-02 19:45:00,VIN-A0875,104.3,12.1,"10.9460,108.4419",82.8
2024-01-02 19:48:00,VIN-A0876,39.7,31.4,"10.0452,105.7469",92.0
2024-01-02 19:51:00,VIN-A0877,45.4,82.6,"21.0285,105.8542",88.4
2024-01-02 19:54:00,VIN-A0878,96.2,47.6,"10.9460,108.4419",87.9
2024-01-02 19:57:00,VIN-A0879,14.2,52.3,"10.8231,106.6297",74.1
2024-01-02 20:00:00,VIN-A0880,49.5,57.9,"10.8231,106.6297",103.0
2024-01-02 20:03:00,VIN-A0881,95.0,96.5,"12.2388,109.1967",105.6
2024-01-02 20:06:00,VIN-A0882,67.5,67.2,"10.9460,108.4419",108.0
2024-01-02 20:09:00,VIN-A0883,43.6,10.2,"10.0452,105.7469",103.8
2024-01-02 20:12:00,VIN-A0884,39.8,77.9,"10.9460,108.4419",98.7
2024-01-02 20:15:00,VIN-A0885,43.6,48.0,"21.0285,105.8542",100.4
2024-01-02 20:18:00,VIN-A0886,26.6,37.4,"12.2388,109.1967",91.9
2024-01-02 20:21:00,VIN-A0887,44.9,15.1,"16.0544,108.2022",89.7
2024-01-02 20:24:00,VIN-A0888,98.6,75.5,"20.8449,106.6881",74.3
2024-01-02 20:27:00,VIN-A0889,73.3,22.8,"20.8449,106.6881",78.6
2024-01-02 20:30:00,VIN-A0890,98.9,23.1,"11.9404,108.4583",74.3
2024-01-02 20:33:00,VIN-A0891,49.7,93.0,"21.0285,105.8542",100.9
2024-01-02 20:36:00,VIN-A0892,54.1,67.6,"16.0544,108.2022",108.6
2024-01-02 20:39:00,VIN-A0893,0.5,74.9,"20.8449,106.6881",103.6
2024-01-02 20:42:00,VIN-A0894,58.0,53.3,"16.0544,108.2022",97.7
2024-01-02 20:45:00,VIN-A0895,20.8,82.4,"21.0285,105.8542",85.5
2024-01-02 20:48:00,VIN-A0896,72.1,88.9,"20.8449,106.6881",86.7
2024-01-02 20:51:00,VIN-A0897,73.1,70.8,"10.0452,105.7469",80.9
2024-01-02 20:54:00,VIN-A0898,115.6,97.2,"10.9460,108.4419",102.2
2024-01-02 20:57:00,VIN-A0899,16.6,62.2,"12.2388,109.1967",103.7
2024-01-02 21:00:00,VIN-A0900,65.7,34.8,"10.0452,105.7469",78.0
2024-01-02 21:03:00,VIN-A0901,74.9,32.6,"11.9404,108.4583",106.8
2024-01-02 21:06:00,VIN-A0902,15.9,72.5,"16.0544,108.2022",90.2
2024-01-02 21:09:00,VIN-A0903,83.3,35.6,"21.0285,105.8542",100.4
2024-01-02 21:12:00,VIN-A0904,67.5,60.4,"20.8449,106.6881",97.0
2024-01-02 21:15:00,VIN-A0905,107.3,55.7,"20.8449,106.6881",102.3
2024-01-02 21:18:00,VIN-A0906,62.7,7.4,"16.0544,108.2022",72.1
2024-01-02 21:21:00,VIN-A0907,6.8,30.4,"16.0544,108.2022",109.3
2024-01-02 21:24:00,VIN-A0908,82.0,18.9,"10.8231,106.6297",97.6
2024-01-02 21:27:00,VIN-A0909,35.4,76.6,"10.8231,106.6297",84.3
2024-01-02 21:30:00,VIN-A0910,54.3,63.5,"10.0452,105.7469",99.7
2024-01-02 21:33:00,VIN-A0911,67.4,27.6,"12.2388,109.1967",97.7
2024-01-02 21:36:00,VIN-A0912,5.6,41.3,"20.8449,106.6881",108.3
2024-01-02 21:39:00,VIN-A0913,117.1,34.7,"10.8231,106.6297",70.5
2024-01-02 21:42:00,VIN-A0914,30.2,64.0,"10.9460,108.4419",103.2
2024-01-02 21:45:00,VIN-A0915,109.4,71.9,"11.9404,108.4583",100.2
2024-01-02 21:48:00,VIN-A0916,65.6,62.3,"10.0452,105.7469",81.8
2024-01-02 21:51:00,VIN-A0917,21.3,69.9,"16.0544,108.2022",108.5
2024-01-02 21:54:00,VIN-A0918,88.2,16.3,"10.8231,106.6297",87.1
2024-01-02 21:57:00,VIN-A0919,66.8,17.4,"12.2388,109.1967",70.2
2024-01-02 22:00:00,VIN-A0920,56.0,94.1,"10.8231,106.6297",76.1
2024-01-02 22:03:00,VIN-A0921,38.7,9.8,"12.2388,109.1967",89.6
2024-01-02 22:06:00,VIN-A0922,68.7,39.0,"11.9404,108.4583",91.0
2024-01-02 22:09:00,VIN-A0923,114.8,54.5,"16.0544,108.2022",86.6
2024-01-02 22:12:00,VIN-A0924,64.4,13.7,"10.0452,105.7469",105.3
2024-01-02 22:15:00,VIN-A0925,79.6,36.5,"12.2388,109.1967",78.7
2024-01-02 22:18:00,VIN-A0926,90.3,55.4,"10.8231,106.6297",74.6
2024-01-02 22:21:00,VIN-A0927,41.5,27.8,"10.0452,105.7469",108.4
2024-01-02 22:24:00,VIN-A0928,81.9,35.5,"21.0285,105.8542",85.4
2024-01-02 22:27:00,VIN-A0929,64.8,31.9,"11.9404,108.4583",90.6
2024-01-02 22:30:00,VIN-A0930,61.0,51.2,"12.2388,109.1967",105.9
2024-01-02 22:33:00,VIN-A0931,23.1,53.8,"21.0285,105.8542",76.7
2024-01-02 22:36:00,VIN-A0932,114.8,56.1,"10.8231,106.6297",95.1
2024-01-02 22:39:00,VIN-A0933,25.3,64.8,"10.0452,105.7469",104.6
2024-01-02 22:42:00,VIN-A0934,50.9,14.9,"20.8449,106.6881",95.9
2024-01-02 22:45:00,VIN-A0935,112.8,76.0,"16.0544,108.2022",71.0
2024-01-02 22:48:00,VIN-A0936,86.0,8.6,"21.0285,105.8542",72.2
2024-01-02 22:51:00,VIN-A0937,95.3,58.0,"10.0452,105.7469",106.4
2024-01-02 22:54:00,VIN-A0938,48.9,47.9,"20.8449,106.6881",87.3
2024-01-02 22:57:00,VIN-A0939,2.0,69.0,"10.8231,106.6297",95.7
2024-01-02 23:00:00,VIN-A0940,74.2,76.8,"10.8231,106.6297",98.0
2024-01-02 23:03:00,VIN-A0941,8.7,93.2,"21.0285,105.8542",81.6
2024-01-02 23:06:00,VIN-A0942,82.3,62.6,"12.2388,109.1967",100.6
2024-01-02 23:09:00,VIN-A0943,52.5,42.5,"10.8231,106.6297",89.0
2024-01-02 23:12:00,VIN-A0944,64.0,18.0,"20.8449,106.6881",101.9
2024-01-02 23:15:00,VIN-A0945,101.9,33.0,"16.0544,108.2022",81.9
2024-01-02 23:18:00,VIN-A0946,106.4,96.7,"11.9404,108.4583",108.3
2024-01-02 23:21:00,VIN-A0947,1.3,88.1,"16.0544,108.2022",74.9
2024-01-02 23:24:00,VIN-A0948,0.6,61.7,"21.0285,105.8542",82.2
2024-01-02 23:27:00,VIN-A0949,89.8,90.8,"11.9404,108.4583",78.5
2024-01-02 23:30:00,VIN-A0950,108.7,85.9,"16.0544,108.2022",76.4
2024-01-02 23:33:00,VIN-A0951,26.5,84.3,"10.0452,105.7469",74.6
2024-01-02 23:36:00,VIN-A0952,80.5,58.9,"10.8231,106.6297",104.1
2024-01-02 23:39:00,VIN-A0953,111.9,99.5,"10.9460,108.4419",95.8
2024-01-02 23:42:00,VIN-A0954,8.8,68.8,"12.2388,109.1967",73.9
2024-01-02 23:45:00,VIN-A0955,87.1,51.3,"11.9404,108.4583",84.3
2024-01-02 23:48:00,VIN-A0956,80.6,27.3,"12.2388,109.1967",94.8
2024-01-02 23:51:00,VIN-A0957,108.0,35.2,"10.9460,108.4419",83.1
2024-01-02 23:54:00,VIN-A0958,79.1,70.9,"16.0544,108.2022",92.6
2024-01-02 23:57:00,VIN-A0959,43.7,35.1,"20.8449,106.6881",76.7
2024-01-03 00:00:00,VIN-A0960,37.6,79.6,"20.8449,106.6881",81.1
2024-01-03 00:03:00,VIN-A0961,43.1,69.6,"11.9404,108.4583",105.1
2024-01-03 00:06:00,VIN-A0962,55.5,39.1,"12.2388,109.1967",89.5
2024-01-03 00:09:00,VIN-A0963,13.1,66.3,"21.0285,105.8542",103.7
2024-01-03 00:12:00,VIN-A0964,103.0,18.3,"10.0452,105.7469",80.5
2024-01-03 00:15:00,VIN-A0965,106.4,12.3,"21.0285,105.8542",105.7
2024-01-03 00:18:00,VIN-A0966,102.0,65.0,"20.8449,106.6881",100.8
2024-01-03 00:21:00,VIN-A0967,25.5,8.5,"12.2388,109.1967",91.7
2024-01-03 00:24:00,VIN-A0968,119.8,49.8,"16.0544,108.2022",84.6
2024-01-03 00:27:00,VIN-A0969,26.8,78.4,"12.2388,109.1967",75.4
2024-01-03 00:30:00,VIN-A0970,60.1,13.6,"11.9404,108.4583",90.1
2024-01-03 00:33:00,VIN-A0971,79.5,85.6,"16.0544,108.2022",100.3
2024-01-03 00:36:00,VIN-A0972,16.8,20.1,"16.0544,108.2022",99.4
2024-01-03 00:39:00,VIN-A0973,58.0,39.1,"10.0452,105.7469",100.5
2024-01-03 00:42:00,VIN-A0974,27.8,30.1,"10.0452,105.7469",71.7
2024-01-03 00:45:00,VIN-A0975,24.8,91.2,"11.9404,108.4583",85.5
2024-01-03 00:48:00,VIN-A0976,110.1,88.7,"10.8231,106.6297",109.2
2024-01-03 00:51:00,VIN-A0977,38.9,71.9,"12.2388,109.1967",103.4
2024-01-03 00:54:00,VIN-A0978,31.6,56.7,"16.0544,108.2022",85.1
2024-01-03 00:57:00,VIN-A0979,45.4,60.8,"21.0285,105.8542",90.7
2024-01-03 01:00:00,VIN-A0980,45.2,91.2,"20.8449,106.6881",84.1
2024-01-03 01:03:00,VIN-A0981,104.1,51.3,"10.9460,108.4419",105.5
2024-01-03 01:06:00,VIN-A0982,0.8,88.8,"10.9460,108.4419",76.6
2024-01-03 01:09:00,VIN-A0983,9.3,66.1,"10.0452,105.7469",76.0
2024-01-03 01:12:00,VIN-A0984,18.9,62.2,"21.0285,105.8542",96.4
2024-01-03 01:15:00,VIN-A0985,49.8,36.4,"21.0285,105.8542",89.3
2024-01-03 01:18:00,VIN-A0986,57.5,25.0,"16.0544,108.2022",95.9
2024-01-03 01:21:00,VIN-A0987,49.3,28.1,"16.0544,108.2022",92.9
2024-01-03 01:24:00,VIN-A0988,19.3,64.8,"10.8231,106.6297",105.6
2024-01-03 01:27:00,VIN-A0989,17.6,20.8,"16.0544,108.2022",90.7
2024-01-03 01:30:00,VIN-A0990,48.7,97.1,"10.8231,106.6297",105.1
2024-01-03 01:33:00,VIN-A0991,87.4,83.0,"21.0285,105.8542",78.7
2024-01-03 01:36:00,VIN-A0992,72.8,49.8,"10.9460,108.4419",76.8
2024-01-03 01:39:00,VIN-A0993,99.6,62.1,"16.0544,108.2022",94.9
2024-01-03 01:42:00,VIN-A0994,61.3,20.9,"11.9404,108.4583",106.9
2024-01-03 01:45:00,VIN-A0995,71.6,11.5,"20.8449,106.6881",85.4
2024-01-03 01:48:00,VIN-A0996,13.0,24.2,"20.8449,106.6881",103.1
2024-01-03 01:51:00,VIN-A0997,72.7,21.9,"10.8231,106.6297",105.1
2024-01-03 01:54:00,VIN-A0998,63.8,76.5,"21.0285,105.8542",89.3
2024-01-03 01:57:00,VIN-A0999,15.6,62.3,"10.8231,106.6297",105.9
2024-01-03 02:00:00,VIN-A1000,93.0,66.7,"20.8449,106.6881",84.8
2024-01-03 02:03:00,VIN-A1001,5.2,55.3,"10.0452,105.7469",107.5
2024-01-03 02:06:00,VIN-A1002,57.9,78.0,"11.9404,108.4583",93.6
2024-01-03 02:09:00,VIN-A1003,89.0,77.3,"21.0285,105.8542",87.0
2024-01-03 02:12:00,VIN-A1004,30.5,77.8,"21.0285,105.8542",81.3
2024-01-03 02:15:00,VIN-A1005,105.2,43.8,"10.0452,105.7469",70.2
2024-01-03 02:18:00,VIN-A1006,89.2,5.7,"21.0285,105.8542",90.8
2024-01-03 02:21:00,VIN-A1007,45.0,24.5,"11.9404,108.4583",86.4
2024-01-03 02:24:00,VIN-A1008,12.8,45.5,"12.2388,109.1967",80.5
2024-01-03 02:27:00,VIN-A1009,64.3,58.6,"12.2388,109.1967",109.7
2024-01-03 02:30:00,VIN-A1010,47.7,24.4,"10.9460,108.4419",77.1
2024-01-03 02:33:00,VIN-A1011,67.1,51.0,"12.2388,109.1967",93.1
2024-01-03 02:36:00,VIN-A1012,92.9,42.8,"16.0544,108.2022",104.2
2024-01-03 02:39:00,VIN-A1013,79.1,76.0,"10.9460,108.4419",101.3
2024-01-03 02:42:00,VIN-A1014,113.9,14.5,"20.8449,106.6881",101.4
2024-01-03 02:45:00,VIN-A1015,96.1,63.3,"10.8231,106.6297",76.4
2024-01-03 02:48:00,VIN-A1016,115.7,5.5,"21.0285,105.8542",102.9
2024-01-03 02:51:00,VIN-A1017,56.6,62.0,"21.0285,105.8542",72.6
2024-01-03 02:54:00,VIN-A1018,26.6,12.6,"10.8231,106.6297",99.0
2024-01-03 02:57:00,VIN-A1019,111.7,43.1,"12.2388,109.1967",98.5
2024-01-03 03:00:00,VIN-A1020,71.7,94.8,"16.0544,108.2022",95.6
2024-01-03 03:03:00,VIN-A1021,52.7,24.2,"12.2388,109.1967",77.8
2024-01-03 03:06:00,VIN-A1022,94.1,53.5,"10.0452,105.7469",94.6
2024-01-03 03:09:00,VIN-A1023,80.9,39.2,"10.8231,106.6297",109.0
2024-01-03 03:12:00,VIN-A1024,10.4,31.2,"20.8449,106.6881",84.1
2024-01-03 03:15:00,VIN-A1025,47.4,60.7,"10.8231,106.6297",99.5
2024-01-03 03:18:00,VIN-A1026,8.2,13.6,"12.2388,109.1967",99.0
2024-01-03 03:21:00,VIN-A1027,67.1,60.4,"11.9404,108.4583",108.5
2024-01-03 03:24:00,VIN-A1028,33.2,62.6,"10.0452,105.7469",88.2
2024-01-03 03:27:00,VIN-A1029,48.5,5.4,"16.0544,108.2022",86.3
2024-01-03 03:30:00,VIN-A1030,12.8,11.9,"12.2388,109.1967",83.6
2024-01-03 03:33:00,VIN-A1031,14.0,53.8,"12.2388,109.1967",105.0
2024-01-03 03:36:00,VIN-A1032,97.6,59.6,"10.9460,108.4419",108.6
2024-01-03 03:39:00,VIN-A1033,67.6,78.1,"11.9404,108.4583",108.4
2024-01-03 03:42:00,VIN-A1034,55.1,48.8,"10.8231,106.6297",89.3
2024-01-03 03:45:00,VIN-A1035,30.9,41.4,"10.0452,105.7469",97.1
2024-01-03 03:48:00,VIN-A1036,27.6,35.0,"11.9404,108.4583",90.7
2024-01-03 03:51:00,VIN-A1037,1.2,84.1,"10.0452,105.7469",81.5
2024-01-03 03:54:00,VIN-A1038,47.9,76.1,"11.9404,108.4583",73.0
2024-01-03 03:57:00,VIN-A1039,111.8,50.3,"11.9404,108.4583",78.7
2024-01-03 04:00:00,VIN-A1040,68.8,22.4,"10.0452,105.7469",90.0
2024-01-03 04:03:00,VIN-A1041,24.0,74.9,"12.2388,109.1967",78.3
2024-01-03 04:06:00,VIN-A1042,24.3,28.7,"11.9404,108.4583",76.2
2024-01-03 04:09:00,VIN-A1043,12.8,92.4,"10.9460,108.4419",94.6
2024-01-03 04:12:00,VIN-A1044,91.7,56.4,"10.8231,106.6297",103.9
2024-01-03 04:15:00,VIN-A1045,44.5,35.0,"12.2388,109.1967",89.6
2024-01-03 04:18:00,VIN-A1046,118.1,92.0,"12.2388,109.1967",85.9
2024-01-03 04:21:00,VIN-A1047,90.0,17.2,"20.8449,106.6881",89.1
2024-01-03 04:24:00,VIN-A1048,64.9,52.7,"20.8449,106.6881",104.4
2024-01-03 04:27:00,VIN-A1049,93.1,48.4,"21.0285,105.8542",97.9
2024-01-03 04:30:00,VIN-A1050,55.2,70.5,"10.8231,106.6297",97.0
2024-01-03 04:33:00,VIN-A1051,45.5,14.6,"11.9404,108.4583",94.5
2024-01-03 04:36:00,VIN-A1052,31.2,57.1,"10.0452,105.7469",80.8
2024-01-03 04:39:00,VIN-A1053,115.0,37.6,"16.0544,108.2022",90.0
2024-01-03 04:42:00,VIN-A1054,25.3,71.6,"11.9404,108.4583",84.6
2024-01-03 04:45:00,VIN-A1055,48.1,47.8,"16.0544,108.2022",109.2
2024-01-03 04:48:00,VIN-A1056,82.3,82.3,"12.2388,109.1967",102.2
2024-01-03 04:51:00,VIN-A1057,66.6,86.3,"10.0452,105.7469",75.8
2024-01-03 04:54:00,VIN-A1058,115.1,19.2,"10.8231,106.6297",77.1
2024-01-03 04:57:00,VIN-A1059,60.0,99.6,"11.9404,108.4583",101.4
2024-01-03 05:00:00,VIN-A1060,36.0,58.4,"10.8231,106.6297",85.9
2024-01-03 05:03:00,VIN-A1061,82.9,10.7,"12.2388,109.1967",89.1
2024-01-03 05:06:00,VIN-A1062,75.6,47.7,"11.9404,108.4583",80.4
2024-01-03 05:09:00,VIN-A1063,43.2,58.0,"12.2388,109.1967",83.8
2024-01-03 05:12:00,VIN-A1064,49.4,38.4,"10.0452,105.7469",93.1
2024-01-03 05:15:00,VIN-A1065,78.0,56.2,"12.2388,109.1967",84.2
2024-01-03 05:18:00,VIN-A1066,80.8,51.3,"10.9460,108.4419",105.6
2024-01-03 05:21:00,VIN-A1067,45.7,32.2,"16.0544,108.2022",104.7
2024-01-03 05:24:00,VIN-A1068,76.9,93.2,"20.8449,106.6881",95.3
2024-01-03 05:27:00,VIN-A1069,68.6,85.6,"21.0285,105.8542",73.2
2024-01-03 05:30:00,VIN-A1070,41.2,34.8,"12.2388,109.1967",98.4
2024-01-03 05:33:00,VIN-A1071,72.6,42.6,"10.9460,108.4419",101.2
2024-01-03 05:36:00,VIN-A1072,112.7,76.1,"10.9460,108.4419",86.6
2024-01-03 05:39:00,VIN-A1073,22.1,7.2,"10.0452,105.7469",96.5
2024-01-03 05:42:00,VIN-A1074,112.9,71.6,"21.0285,105.8542",78.4
2024-01-03 05:45:00,VIN-A1075,47.6,14.1,"10.9460,108.4419",91.9
2024-01-03 05:48:00,VIN-A1076,3.2,42.7,"21.0285,105.8542",74.2
2024-01-03 05:51:00,VIN-A1077,74.2,13.0,"20.8449,106.6881",82.4
2024-01-03 05:54:00,VIN-A1078,29.7,32.0,"16.0544,108.2022",75.3
2024-01-03 05:57:00,VIN-A1079,100.6,7.7,"11.9404,108.4583",104.4
2024-01-03 06:00:00,VIN-A1080,39.0,50.2,"12.2388,109.1967",91.9
2024-01-03 06:03:00,VIN-A1081,16.2,95.1,"16.0544,108.2022",93.6
2024-01-03 06:06:00,VIN-A1082,54.8,76.1,"20.8449,106.6881",90.9
2024-01-03 06:09:00,VIN-A1083,76.7,34.4,"11.9404,108.4583",89.3
2024-01-03 06:12:00,VIN-A1084,27.3,13.5,"12.2388,109.1967",84.6
2024-01-03 06:15:00,VIN-A1085,31.2,33.8,"10.8231,106.6297",90.9
2024-01-03 06:18:00,VIN-A1086,91.0,17.9,"12.2388,109.1967",88.8
2024-01-03 06:21:00,VIN-A1087,1.0,92.6,"10.9460,108.4419",82.0
2024-01-03 06:24:00,VIN-A1088,91.9,80.8,"10.0452,105.7469",101.9
2024-01-03 06:27:00,VIN-A1089,65.8,22.9,"20.8449,106.6881",85.8
2024-01-03 06:30:00,VIN-A1090,19.6,75.0,"20.8449,106.6881",103.1
2024-01-03 06:33:00,VIN-A1091,26.5,12.5,"10.0452,105.7469",90.7
2024-01-03 06:36:00,VIN-A1092,96.0,63.3,"12.2388,109.1967",81.4
2024-01-03 06:39:00,VIN-A1093,89.2,81.8,"20.8449,106.6881",77.5
2024-01-03 06:42:00,VIN-A1094,8.2,18.0,"21.0285,105.8542",95.5
2024-01-03 06:45:00,VIN-A1095,74.1,30.9,"10.9460,108.4419",77.5
2024-01-03 06:48:00,VIN-A1096,2.3,9.7,"10.8231,106.6297",77.4
2024-01-03 06:51:00,VIN-A1097,12.3,30.6,"10.9460,108.4419",99.1
2024-01-03 06:54:00,VIN-A1098,27.9,19.3,"10.9460,108.4419",78.7
2024-01-03 06:57:00,VIN-A1099,50.4,79.6,"10.9460,108.4419",109.9
2024-01-03 07:00:00,VIN-A1100,55.6,80.2,"11.9404,108.4583",73.2
2024-01-03 07:03:00,VIN-A1101,90.1,18.9,"12.2388,109.1967",101.0
2024-01-03 07:06:00,VIN-A1102,8.6,49.7,"10.0452,105.7469",105.8
2024-01-03 07:09:00,VIN-A1103,30.0,41.2,"10.8231,106.6297",74.9
2024-01-03 07:12:00,VIN-A1104,92.2,28.7,"10.9460,108.4419",79.9
2024-01-03 07:15:00,VIN-A1105,119.3,23.9,"21.0285,105.8542",90.8
2024-01-03 07:18:00,VIN-A1106,117.9,49.9,"12.2388,109.1967",107.4
2024-01-03 07:21:00,VIN-A1107,19.0,74.2,"21.0285,105.8542",80.1
2024-01-03 07:24:00,VIN-A1108,76.6,23.9,"10.8231,106.6297",104.5
2024-01-03 07:27:00,VIN-A1109,26.1,15.7,"20.8449,106.6881",83.0
2024-01-03 07:30:00,VIN-A1110,20.1,31.2,"21.0285,105.8542",85.8
2024-01-03 07:33:00,VIN-A1111,29.2,97.0,"10.9460,108.4419",97.5
2024-01-03 07:36:00,VIN-A1112,18.6,78.2,"10.0452,105.7469",76.3
2024-01-03 07:39:00,VIN-A1113,11.0,63.8,"10.8231,106.6297",72.4
2024-01-03 07:42:00,VIN-A1114,77.3,71.6,"21.0285,105.8542",75.0
2024-01-03 07:45:00,VIN-A1115,27.9,98.3,"11.9404,108.4583",102.2
2024-01-03 07:48:00,VIN-A1116,52.6,23.3,"20.8449,106.6881",84.3
2024-01-03 07:51:00,VIN-A1117,16.2,90.4,"10.9460,108.4419",98.3
2024-01-03 07:54:00,VIN-A1118,67.1,56.6,"10.9460,108.4419",77.6
2024-01-03 07:57:00,VIN-A1119,22.4,38.0,"10.9460,108.4419",81.0
2024-01-03 08:00:00,VIN-A1120,99.8,91.9,"16.0544,108.2022",72.8
2024-01-03 08:03:00,VIN-A1121,18.6,33.1,"12.2388,109.1967",91.7
2024-01-03 08:06:00,VIN-A1122,54.5,78.7,"20.8449,106.6881",99.3
2024-01-03 08:09:00,VIN-A1123,106.0,63.9,"11.9404,108.4583",101.0
2024-01-03 08:12:00,VIN-A1124,28.7,73.5,"20.8449,106.6881",77.6
2024-01-03 08:15:00,VIN-A1125,82.0,77.7,"16.0544,108.2022",94.5
2024-01-03 08:18:00,VIN-A1126,38.7,65.9,"21.0285,105.8542",73.9
2024-01-03 08:21:00,VIN-A1127,79.1,9.2,"16.0544,108.2022",77.1
2024-01-03 08:24:00,VIN-A1128,3.8,15.2,"10.0452,105.7469",74.0
2024-01-03 08:27:00,VIN-A1129,68.5,84.4,"10.9460,108.4419",91.0
2024-01-03 08:30:00,VIN-A1130,84.2,29.3,"11.9404,108.4583",78.8
2024-01-03 08:33:00,VIN-A1131,86.1,6.2,"10.0452,105.7469",96.2
2024-01-03 08:36:00,VIN-A1132,111.4,84.0,"10.9460,108.4419",102.0
2024-01-03 08:39:00,VIN-A1133,7.3,58.0,"20.8449,106.6881",102.9
2024-01-03 08:42:00,VIN-A1134,95.3,10.5,"12.2388,109.1967",91.2
2024-01-03 08:45:00,VIN-A1135,88.1,84.3,"21.0285,105.8542",107.8
2024-01-03 08:48:00,VIN-A1136,115.3,14.2,"10.0452,105.7469",91.3
2024-01-03 08:51:00,VIN-A1137,22.7,55.0,"10.0452,105.7469",92.8
2024-01-03 08:54:00,VIN-A1138,113.7,58.1,"20.8449,106.6881",99.8
2024-01-03 08:57:00,VIN-A1139,92.0,59.8,"10.9460,108.4419",98.1
2024-01-03 09:00:00,VIN-A1140,51.2,14.9,"16.0544,108.2022",92.0
2024-01-03 09:03:00,VIN-A1141,60.6,67.5,"10.9460,108.4419",107.3
2024-01-03 09:06:00,VIN-A1142,108.3,57.3,"11.9404,108.4583",103.8
2024-01-03 09:09:00,VIN-A1143,49.5,65.2,"11.9404,108.4583",94.3
2024-01-03 09:12:00,VIN-A1144,67.6,25.3,"12.2388,109.1967",84.4
2024-01-03 09:15:00,VIN-A1145,54.3,96.2,"10.8231,106.6297",99.1
2024-01-03 09:18:00,VIN-A1146,118.0,61.6,"16.0544,108.2022",109.7
2024-01-03 09:21:00,VIN-A1147,36.2,33.5,"10.0452,105.7469",78.6
2024-01-03 09:24:00,VIN-A1148,37.8,78.3,"12.2388,109.1967",106.8
2024-01-03 09:27:00,VIN-A1149,61.4,59.2,"16.0544,108.2022",73.8
2024-01-03 09:30:00,VIN-A1150,55.2,19.8,"12.2388,109.1967",84.7
2024-01-03 09:33:00,VIN-A1151,69.9,27.1,"12.2388,109.1967",73.7
2024-01-03 09:36:00,VIN-A1152,48.0,92.2,"21.0285,105.8542",98.9
2024-01-03 09:39:00,VIN-A1153,95.1,21.4,"21.0285,105.8542",93.8
2024-01-03 09:42:00,VIN-A1154,36.0,74.4,"20.8449,106.6881",73.1
2024-01-03 09:45:00,VIN-A1155,6.7,78.2,"11.9404,108.4583",105.2
2024-01-03 09:48:00,VIN-A1156,52.1,93.4,"21.0285,105.8542",104.8
2024-01-03 09:51:00,VIN-A1157,27.2,67.0,"10.8231,106.6297",95.4
2024-01-03 09:54:00,VIN-A1158,75.9,10.1,"10.8231,106.6297",82.8
2024-01-03 09:57:00,VIN-A1159,67.8,36.0,"10.0452,105.7469",76.1
2024-01-03 10:00:00,VIN-A1160,80.8,99.7,"10.9460,108.4419",100.1
2024-01-03 10:03:00,VIN-A1161,69.0,13.6,"20.8449,106.6881",81.6
2024-01-03 10:06:00,VIN-A1162,47.3,17.6,"21.0285,105.8542",89.0
2024-01-03 10:09:00,VIN-A1163,89.4,57.1,"12.2388,109.1967",73.4
2024-01-03 10:12:00,VIN-A1164,60.2,78.5,"16.0544,108.2022",100.5
2024-01-03 10:15:00,VIN-A1165,57.7,23.8,"20.8449,106.6881",96.1
2024-01-03 10:18:00,VIN-A1166,23.5,63.5,"10.0452,105.7469",79.7
2024-01-03 10:21:00,VIN-A1167,32.0,45.9,"21.0285,105.8542",74.5
2024-01-03 10:24:00,VIN-A1168,49.6,39.7,"10.0452,105.7469",82.8
2024-01-03 10:27:00,VIN-A1169,71.3,7.3,"12.2388,109.1967",76.8
2024-01-03 10:30:00,VIN-A1170,42.0,83.1,"10.9460,108.4419",94.9
2024-01-03 10:33:00,VIN-A1171,52.9,92.8,"10.0452,105.7469",78.0
2024-01-03 10:36:00,VIN-A1172,44.9,77.0,"21.0285,105.8542",74.5
2024-01-03 10:39:00,VIN-A1173,6.5,95.1,"16.0544,108.2022",104.8
2024-01-03 10:42:00,VIN-A1174,98.4,6.3,"21.0285,105.8542",82.2
2024-01-03 10:45:00,VIN-A1175,56.5,36.5,"10.0452,105.7469",78.2
2024-01-03 10:48:00,VIN-A1176,62.8,29.6,"10.9460,108.4419",94.9
2024-01-03 10:51:00,VIN-A1177,119.1,71.0,"10.8231,106.6297",85.1
2024-01-03 10:54:00,VIN-A1178,108.7,55.0,"12.2388,109.1967",76.8
2024-01-03 10:57:00,VIN-A1179,34.1,80.0,"12.2388,109.1967",72.1
2024-01-03 11:00:00,VIN-A1180,78.6,5.8,"20.8449,106.6881",96.4
2024-01-03 11:03:00,VIN-A1181,79.6,91.7,"11.9404,108.4583",104.6
2024-01-03 11:06:00,VIN-A1182,2.3,87.4,"20.8449,106.6881",79.2
2024-01-03 11:09:00,VIN-A1183,45.7,97.8,"21.0285,105.8542",106.2
2024-01-03 11:12:00,VIN-A1184,58.2,61.7,"21.0285,105.8542",77.5
2024-01-03 11:15:00,VIN-A1185,60.1,48.5,"10.8231,106.6297",71.6
2024-01-03 11:18:00,VIN-A1186,110.7,34.0,"10.9460,108.4419",85.7
2024-01-03 11:21:00,VIN-A1187,18.8,37.9,"11.9404,108.4583",84.2
2024-01-03 11:24:00,VIN-A1188,36.3,99.6,"12.2388,109.1967",102.5
2024-01-03 11:27:00,VIN-A1189,75.1,88.5,"10.8231,106.6297",107.8
2024-01-03 11:30:00,VIN-A1190,113.9,26.4,"11.9404,108.4583",105.9
2024-01-03 11:33:00,VIN-A1191,78.8,13.3,"20.8449,106.6881",90.8
2024-01-03 11:36:00,VIN-A1192,81.4,87.9,"10.0452,105.7469",86.7
2024-01-03 11:39:00,VIN-A1193,68.7,45.5,"12.2388,109.1967",106.4
2024-01-03 11:42:00,VIN-A1194,39.5,56.5,"10.0452,105.7469",96.1
2024-01-03 11:45:00,VIN-A1195,69.7,70.0,"10.0452,105.7469",104.5
2024-01-03 11:48:00,VIN-A1196,37.1,72.0,"16.0544,108.2022",87.2
2024-01-03 11:51:00,VIN-A1197,109.1,78.2,"16.0544,108.2022",82.7
2024-01-03 11:54:00,VIN-A1198,66.9,95.1,"21.0285,105.8542",77.4
2024-01-03 11:57:00,VIN-A1199,100.7,18.8,"10.8231,106.6297",100.6
2024-01-03 12:00:00,VIN-A1200,105.6,44.3,"20.8449,106.6881",82.1
2024-01-03 12:03:00,VIN-A1201,89.5,83.1,"12.2388,109.1967",76.1
2024-01-03 12:06:00,VIN-A1202,22.6,17.5,"10.8231,106.6297",100.5
2024-01-03 12:09:00,VIN-A1203,73.4,30.4,"10.0452,105.7469",93.9
2024-01-03 12:12:00,VIN-A1204,27.7,7.5,"21.0285,105.8542",97.5
2024-01-03 12:15:00,VIN-A1205,57.2,52.7,"10.9460,108.4419",98.5
2024-01-03 12:18:00,VIN-A1206,44.9,86.0,"10.9460,108.4419",89.0
2024-01-03 12:21:00,VIN-A1207,19.7,26.5,"20.8449,106.6881",100.6
2024-01-03 12:24:00,VIN-A1208,1.8,30.6,"20.8449,106.6881",78.9
2024-01-03 12:27:00,VIN-A1209,80.6,24.3,"10.0452,105.7469",72.6
2024-01-03 12:30:00,VIN-A1210,111.3,98.6,"10.9460,108.4419",97.5
2024-01-03 12:33:00,VIN-A1211,104.0,89.3,"20.8449,106.6881",86.2
2024-01-03 12:36:00,VIN-A1212,5.0,74.9,"20.8449,106.6881",98.8
2024-01-03 12:39:00,VIN-A1213,47.3,94.2,"10.8231,106.6297",90.8
2024-01-03 12:42:00,VIN-A1214,54.2,83.6,"10.8231,106.6297",105.1
2024-01-03 12:45:00,VIN-A1215,29.5,56.1,"10.8231,106.6297",92.3
2024-01-03 12:48:00,VIN-A1216,61.9,64.9,"10.8231,106.6297",77.6
2024-01-03 12:51:00,VIN-A1217,52.7,89.0,"12.2388,109.1967",88.5
2024-01-03 12:54:00,VIN-A1218,50.7,63.2,"10.8231,106.6297",97.6
2024-01-03 12:57:00,VIN-A1219,108.4,49.0,"10.9460,108.4419",73.6
2024-01-03 13:00:00,VIN-A1220,60.1,22.1,"16.0544,108.2022",85.7
2024-01-03 13:03:00,VIN-A1221,38.8,7.4,"10.9460,108.4419",93.6
2024-01-03 13:06:00,VIN-A1222,85.5,24.2,"10.9460,108.4419",73.6
2024-01-03 13:09:00,VIN-A1223,38.9,66.6,"16.0544,108.2022",98.7
2024-01-03 13:12:00,VIN-A1224,14.8,15.8,"10.9460,108.4419",95.4
2024-01-03 13:15:00,VIN-A1225,10.2,72.2,"16.0544,108.2022",85.1
2024-01-03 13:18:00,VIN-A1226,45.7,78.0,"11.9404,108.4583",92.6
2024-01-03 13:21:00,VIN-A1227,79.1,19.3,"16.0544,108.2022",77.2
2024-01-03 13:24:00,VIN-A1228,85.4,44.9,"12.2388,109.1967",99.2
2024-01-03 13:27:00,VIN-A1229,115.3,32.4,"16.0544,108.2022",74.7
2024-01-03 13:30:00,VIN-A1230,15.8,24.3,"12.2388,109.1967",70.5
2024-01-03 13:33:00,VIN-A1231,59.7,52.4,"10.8231,106.6297",94.3
2024-01-03 13:36:00,VIN-A1232,59.2,25.6,"10.9460,108.4419",88.1
2024-01-03 13:39:00,VIN-A1233,53.0,62.1,"10.8231,106.6297",79.8
2024-01-03 13:42:00,VIN-A1234,65.7,63.9,"10.0452,105.7469",72.0
2024-01-03 13:45:00,VIN-A1235,17.8,67.1,"10.8231,106.6297",75.8
2024-01-03 13:48:00,VIN-A1236,3.9,59.9,"12.2388,109.1967",83.2
2024-01-03 13:51:00,VIN-A1237,10.5,15.3,"16.0544,108.2022",76.5
2024-01-03 13:54:00,VIN-A1238,34.1,67.8,"16.0544,108.2022",108.7
2024-01-03 13:57:00,VIN-A1239,89.9,39.2,"10.8231,106.6297",73.7
2024-01-03 14:00:00,VIN-A1240,35.9,40.0,"20.8449,106.6881",102.8
2024-01-03 14:03:00,VIN-A1241,91.0,85.1,"21.0285,105.8542",81.7
2024-01-03 14:06:00,VIN-A1242,16.1,71.0,"12.2388,109.1967",83.2
2024-01-03 14:09:00,VIN-A1243,49.7,24.9,"10.0452,105.7469",94.5
2024-01-03 14:12:00,VIN-A1244,13.1,74.3,"21.0285,105.8542",89.3
2024-01-03 14:15:00,VIN-A1245,82.6,93.7,"12.2388,109.1967",87.1
2024-01-03 14:18:00,VIN-A1246,101.7,29.7,"11.9404,108.4583",107.1
2024-01-03 14:21:00,VIN-A1247,73.7,52.2,"10.9460,108.4419",89.7
2024-01-03 14:24:00,VIN-A1248,21.6,62.9,"12.2388,109.1967",109.2
2024-01-03 14:27:00,VIN-A1249,0.2,7.3,"21.0285,105.8542",99.5
2024-01-03 14:30:00,VIN-A1250,24.9,63.5,"20.8449,106.6881",86.6
2024-01-03 14:33:00,VIN-A1251,40.1,58.2,"10.0452,105.7469",70.5
2024-01-03 14:36:00,VIN-A1252,24.1,31.8,"21.0285,105.8542",82.3
2024-01-03 14:39:00,VIN-A1253,60.8,35.8,"10.8231,106.6297",74.6
2024-01-03 14:42:00,VIN-A1254,40.0,42.6,"10.8231,106.6297",103.3
2024-01-03 14:45:00,VIN-A1255,23.3,84.2,"10.9460,108.4419",106.6
2024-01-03 14:48:00,VIN-A1256,95.7,66.3,"10.9460,108.4419",76.2
2024-01-03 14:51:00,VIN-A1257,55.3,87.2,"11.9404,108.4583",88.5
2024-01-03 14:54:00,VIN-A1258,97.7,93.1,"10.8231,106.6297",103.4
2024-01-03 14:57:00,VIN-A1259,35.9,73.9,"11.9404,108.4583",92.2
2024-01-03 15:00:00,VIN-A1260,2.2,59.9,"11.9404,108.4583",102.0
2024-01-03 15:03:00,VIN-A1261,106.6,38.6,"16.0544,108.2022",81.2
2024-01-03 15:06:00,VIN-A1262,3.7,98.4,"16.0544,108.2022",92.8
2024-01-03 15:09:00,VIN-A1263,46.7,61.5,"12.2388,109.1967",98.2
2024-01-03 15:12:00,VIN-A1264,37.7,8.0,"20.8449,106.6881",73.5
2024-01-03 15:15:00,VIN-A1265,105.2,40.3,"12.2388,109.1967",78.6
2024-01-03 15:18:00,VIN-A1266,36.3,15.7,"10.8231,106.6297",101.1
2024-01-03 15:21:00,VIN-A1267,109.6,47.2,"10.8231,106.6297",102.0
2024-01-03 15:24:00,VIN-A1268,108.6,19.6,"11.9404,108.4583",106.9
2024-01-03 15:27:00,VIN-A1269,87.9,54.7,"11.9404,108.4583",75.7
2024-01-03 15:30:00,VIN-A1270,104.6,83.1,"16.0544,108.2022",78.2
2024-01-03 15:33:00,VIN-A1271,4.4,41.8,"21.0285,105.8542",70.2
2024-01-03 15:36:00,VIN-A1272,111.9,70.3,"21.0285,105.8542",83.3
2024-01-03 15:39:00,VIN-A1273,106.7,14.8,"12.2388,109.1967",70.9
2024-01-03 15:42:00,VIN-A1274,91.0,65.7,"10.0452,105.7469",82.8
2024-01-03 15:45:00,VIN-A1275,23.1,31.3,"11.9404,108.4583",100.9
2024-01-03 15:48:00,VIN-A1276,80.5,30.9,"16.0544,108.2022",80.9
2024-01-03 15:51:00,VIN-A1277,1.8,64.2,"21.0285,105.8542",78.3
2024-01-03 15:54:00,VIN-A1278,42.0,35.3,"16.0544,108.2022",107.7
2024-01-03 15:57:00,VIN-A1279,96.5,59.5,"16.0544,108.2022",72.8
2024-01-03 16:00:00,VIN-A1280,73.6,37.2,"10.9460,108.4419",72.0
2024-01-03 16:03:00,VIN-A1281,3.5,90.8,"10.8231,106.6297",74.2
2024-01-03 16:06:00,VIN-A1282,6.5,45.5,"16.0544,108.2022",98.2
2024-01-03 16:09:00,VIN-A1283,107.0,64.8,"10.9460,108.4419",94.7
2024-01-03 16:12:00,VIN-A1284,37.5,82.7,"21.0285,105.8542",108.9
2024-01-03 16:15:00,VIN-A1285,90.7,49.2,"16.0544,108.2022",73.7
2024-01-03 16:18:00,VIN-A1286,96.3,71.4,"21.0285,105.8542",88.2
2024-01-03 16:21:00,VIN-A1287,82.1,72.5,"10.9460,108.4419",88.8
2024-01-03 16:24:00,VIN-A1288,113.7,18.7,"12.2388,109.1967",106.5
2024-01-03 16:27:00,VIN-A1289,47.0,71.5,"11.9404,108.4583",101.6
2024-01-03 16:30:00,VIN-A1290,105.9,48.1,"10.8231,106.6297",72.6
2024-01-03 16:33:00,VIN-A1291,13.5,50.5,"16.0544,108.2022",81.3
2024-01-03 16:36:00,VIN-A1292,41.8,59.6,"21.0285,105.8542",86.2
2024-01-03 16:39:00,VIN-A1293,85.7,15.2,"21.0285,105.8542",101.7
2024-01-03 16:42:00,VIN-A1294,63.9,43.1,"20.8449,106.6881",79.5
2024-01-03 16:45:00,VIN-A1295,29.2,20.1,"10.9460,108.4419",85.4
2024-01-03 16:48:00,VIN-A1296,40.9,82.3,"20.8449,106.6881",101.4
2024-01-03 16:51:00,VIN-A1297,52.2,79.8,"10.0452,105.7469",76.9
2024-01-03 16:54:00,VIN-A1298,80.4,75.2,"10.9460,108.4419",74.6
2024-01-03 16:57:00,VIN-A1299,71.5,35.9,"21.0285,105.8542",102.9
2024-01-03 17:00:00,VIN-A1300,21.1,95.8,"21.0285,105.8542",93.9
2024-01-03 17:03:00,VIN-A1301,82.3,61.7,"20.8449,106.6881",83.1
2024-01-03 17:06:00,VIN-A1302,77.4,10.8,"10.0452,105.7469",102.7
2024-01-03 17:09:00,VIN-A1303,106.5,90.8,"10.8231,106.6297",100.3
2024-01-03 17:12:00,VIN-A1304,79.3,48.0,"12.2388,109.1967",85.6
2024-01-03 17:15:00,VIN-A1305,69.4,23.6,"11.9404,108.4583",82.0
2024-01-03 17:18:00,VIN-A1306,95.3,69.6,"20.8449,106.6881",98.7
2024-01-03 17:21:00,VIN-A1307,109.8,99.1,"10.8231,106.6297",94.5
2024-01-03 17:24:00,VIN-A1308,61.3,85.5,"12.2388,109.1967",72.5
2024-01-03 17:27:00,VIN-A1309,108.1,97.0,"10.8231,106.6297",98.1
2024-01-03 17:30:00,VIN-A1310,98.5,39.1,"12.2388,109.1967",104.6
2024-01-03 17:33:00,VIN-A1311,28.2,71.7,"20.8449,106.6881",95.0
2024-01-03 17:36:00,VIN-A1312,85.4,43.6,"20.8449,106.6881",91.8
2024-01-03 17:39:00,VIN-A1313,79.5,50.1,"10.0452,105.7469",92.2
2024-01-03 17:42:00,VIN-A1314,101.2,39.2,"20.8449,106.6881",76.2
2024-01-03 17:45:00,VIN-A1315,119.7,68.7,"16.0544,108.2022",70.5
2024-01-03 17:48:00,VIN-A1316,77.8,18.7,"10.9460,108.4419",96.3
2024-01-03 17:51:00,VIN-A1317,117.0,17.9,"16.0544,108.2022",95.7
2024-01-03 17:54:00,VIN-A1318,49.9,48.3,"20.8449,106.6881",94.9
2024-01-03 17:57:00,VIN-A1319,54.5,45.3,"10.9460,108.4419",85.4
2024-01-03 18:00:00,VIN-A1320,27.1,45.4,"10.8231,106.6297",93.1
2024-01-03 18:03:00,VIN-A1321,101.6,27.5,"12.2388,109.1967",86.4
2024-01-03 18:06:00,VIN-A1322,65.5,39.9,"10.8231,106.6297",92.7
2024-01-03 18:09:00,VIN-A1323,84.6,15.8,"10.9460,108.4419",108.5
2024-01-03 18:12:00,VIN-A1324,9.6,74.4,"12.2388,109.1967",88.6
2024-01-03 18:15:00,VIN-A1325,9.4,89.5,"21.0285,105.8542",79.8
2024-01-03 18:18:00,VIN-A1326,75.7,68.1,"21.0285,105.8542",97.4
2024-01-03 18:21:00,VIN-A1327,64.7,60.1,"10.8231,106.6297",106.1
2024-01-03 18:24:00,VIN-A1328,64.2,6.0,"10.9460,108.4419",90.5
2024-01-03 18:27:00,VIN-A1329,56.3,74.7,"20.8449,106.6881",84.1
2024-01-03 18:30:00,VIN-A1330,117.3,33.0,"16.0544,108.2022",71.4
2024-01-03 18:33:00,VIN-A1331,110.7,76.2,"12.2388,109.1967",72.5
2024-01-03 18:36:00,VIN-A1332,56.8,21.1,"10.8231,106.6297",96.3
2024-01-03 18:39:00,VIN-A1333,35.0,75.1,"10.8231,106.6297",81.5
2024-01-03 18:42:00,VIN-A1334,9.9,53.0,"12.2388,109.1967",80.1
2024-01-03 18:45:00,VIN-A1335,73.9,31.1,"12.2388,109.1967",70.6
2024-01-03 18:48:00,VIN-A1336,13.4,21.6,"16.0544,108.2022",96.4
2024-01-03 18:51:00,VIN-A1337,44.4,21.7,"10.0452,105.7469",89.4
2024-01-03 18:54:00,VIN-A1338,95.9,86.9,"11.9404,108.4583",109.4
2024-01-03 18:57:00,VIN-A1339,116.1,61.6,"16.0544,108.2022",103.5
2024-01-03 19:00:00,VIN-A1340,90.3,44.2,"20.8449,106.6881",79.5
2024-01-03 19:03:00,VIN-A1341,52.8,65.6,"10.0452,105.7469",93.1
2024-01-03 19:06:00,VIN-A1342,101.0,10.2,"12.2388,109.1967",100.2
2024-01-03 19:09:00,VIN-A1343,13.9,20.9,"20.8449,106.6881",89.0
2024-01-03 19:12:00,VIN-A1344,57.2,95.1,"10.0452,105.7469",85.2
2024-01-03 19:15:00,VIN-A1345,84.7,50.1,"16.0544,108.2022",91.2
2024-01-03 19:18:00,VIN-A1346,52.2,32.4,"10.9460,108.4419",85.3
2024-01-03 19:21:00,VIN-A1347,37.9,55.4,"10.8231,106.6297",73.9
2024-01-03 19:24:00,VIN-A1348,63.8,38.6,"20.8449,106.6881",94.4
2024-01-03 19:27:00,VIN-A1349,78.2,30.9,"12.2388,109.1967",80.7
2024-01-03 19:30:00,VIN-A1350,11.8,67.2,"20.8449,106.6881",88.4
2024-01-03 19:33:00,VIN-A1351,81.0,28.0,"10.0452,105.7469",90.8
2024-01-03 19:36:00,VIN-A1352,81.3,99.4,"11.9404,108.4583",91.9
2024-01-03 19:39:00,VIN-A1353,80.7,84.0,"10.8231,106.6297",86.4
2024-01-03 19:42:00,VIN-A1354,63.0,70.1,"11.9404,108.4583",78.8
2024-01-03 19:45:00,VIN-A1355,34.0,23.3,"10.8231,106.6297",94.8
2024-01-03 19:48:00,VIN-A1356,6.8,61.4,"10.0452,105.7469",108.0
2024-01-03 19:51:00,VIN-A1357,76.6,72.3,"21.0285,105.8542",73.5
2024-01-03 19:54:00,VIN-A1358,72.6,40.7,"16.0544,108.2022",105.8
2024-01-03 19:57:00,VIN-A1359,83.5,29.1,"10.9460,108.4419",96.4
2024-01-03 20:00:00,VIN-A1360,9.1,48.1,"12.2388,109.1967",100.8
2024-01-03 20:03:00,VIN-A1361,83.1,68.4,"11.9404,108.4583",80.3
2024-01-03 20:06:00,VIN-A1362,93.7,31.3,"10.8231,106.6297",85.3
2024-01-03 20:09:00,VIN-A1363,39.9,10.7,"12.2388,109.1967",77.1
2024-01-03 20:12:00,VIN-A1364,8.3,98.0,"10.0452,105.7469",94.4
2024-01-03 20:15:00,VIN-A1365,21.4,51.7,"16.0544,108.2022",91.6
2024-01-03 20:18:00,VIN-A1366,51.8,63.3,"21.0285,105.8542",106.5
2024-01-03 20:21:00,VIN-A1367,85.8,14.8,"21.0285,105.8542",72.8
2024-01-03 20:24:00,VIN-A1368,87.3,78.8,"10.8231,106.6297",105.9
2024-01-03 20:27:00,VIN-A1369,17.9,65.8,"10.8231,106.6297",96.6
2024-01-03 20:30:00,VIN-A1370,32.0,71.5,"20.8449,106.6881",93.0
2024-01-03 20:33:00,VIN-A1371,61.8,94.3,"10.9460,108.4419",89.1
2024-01-03 20:36:00,VIN-A1372,48.5,74.1,"21.0285,105.8542",91.6
2024-01-03 20:39:00,VIN-A1373,0.4,95.6,"10.9460,108.4419",74.8
2024-01-03 20:42:00,VIN-A1374,64.2,99.2,"11.9404,108.4583",97.3
2024-01-03 20:45:00,VIN-A1375,48.1,65.1,"21.0285,105.8542",84.6
2024-01-03 20:48:00,VIN-A1376,102.4,37.3,"10.9460,108.4419",100.4
2024-01-03 20:51:00,VIN-A1377,34.8,24.3,"10.8231,106.6297",108.7
2024-01-03 20:54:00,VIN-A1378,79.3,33.4,"20.8449,106.6881",105.9
2024-01-03 20:57:00,VIN-A1379,75.7,39.1,"21.0285,105.8542",105.4
2024-01-03 21:00:00,VIN-A1380,52.6,23.0,"10.8231,106.6297",77.7
2024-01-03 21:03:00,VIN-A1381,86.4,61.3,"10.9460,108.4419",85.6
2024-01-03 21:06:00,VIN-A1382,95.1,66.1,"10.9460,108.4419",91.4
2024-01-03 21:09:00,VIN-A1383,100.1,47.7,"10.8231,106.6297",71.5
2024-01-03 21:12:00,VIN-A1384,6.7,79.8,"10.8231,106.6297",86.2
2024-01-03 21:15:00,VIN-A1385,25.4,67.1,"10.9460,108.4419",107.6
2024-01-03 21:18:00,VIN-A1386,104.4,56.0,"10.0452,105.7469",107.0
2024-01-03 21:21:00,VIN-A1387,4.4,18.5,"10.8231,106.6297",88.8
2024-01-03 21:24:00,VIN-A1388,110.2,9.4,"16.0544,108.2022",70.6
2024-01-03 21:27:00,VIN-A1389,75.9,90.9,"21.0285,105.8542",88.2
2024-01-03 21:30:00,VIN-A1390,20.5,61.1,"21.0285,105.8542",74.6
2024-01-03 21:33:00,VIN-A1391,71.4,63.5,"21.0285,105.8542",102.2
2024-01-03 21:36:00,VIN-A1392,51.1,82.1,"20.8449,106.6881",83.0
2024-01-03 21:39:00,VIN-A1393,117.1,59.7,"16.0544,108.2022",82.9
2024-01-03 21:42:00,VIN-A1394,115.8,25.3,"10.8231,106.6297",93.7
2024-01-03 21:45:00,VIN-A1395,40.3,16.5,"16.0544,108.2022",100.3
2024-01-03 21:48:00,VIN-A1396,20.2,40.1,"16.0544,108.2022",87.5
2024-01-03 21:51:00,VIN-A1397,111.1,8.9,"21.0285,105.8542",101.6
2024-01-03 21:54:00,VIN-A1398,75.9,40.7,"16.0544,108.2022",70.6
2024-01-03 21:57:00,VIN-A1399,58.4,5.6,"16.0544,108.2022",107.0
2024-01-03 22:00:00,VIN-A1400,84.8,61.4,"12.2388,109.1967",86.6
2024-01-03 22:03:00,VIN-A1401,96.9,78.4,"16.0544,108.2022",78.2
2024-01-03 22:06:00,VIN-A1402,76.8,54.7,"20.8449,106.6881",79.6
2024-01-03 22:09:00,VIN-A1403,20.9,70.7,"16.0544,108.2022",98.7
2024-01-03 22:12:00,VIN-A1404,73.4,13.4,"12.2388,109.1967",83.9
2024-01-03 22:15:00,VIN-A1405,0.5,27.4,"21.0285,105.8542",109.5
2024-01-03 22:18:00,VIN-A1406,117.2,63.8,"10.0452,105.7469",88.6
2024-01-03 22:21:00,VIN-A1407,75.2,24.8,"10.8231,106.6297",77.7
2024-01-03 22:24:00,VIN-A1408,95.6,70.1,"10.9460,108.4419",89.9
2024-01-03 22:27:00,VIN-A1409,19.2,92.7,"10.8231,106.6297",95.8
2024-01-03 22:30:00,VIN-A1410,34.2,46.3,"11.9404,108.4583",94.7
2024-01-03 22:33:00,VIN-A1411,106.8,48.0,"21.0285,105.8542",99.6
2024-01-03 22:36:00,VIN-A1412,111.0,21.7,"10.8231,106.6297",89.4
2024-01-03 22:39:00,VIN-A1413,13.9,90.0,"10.9460,108.4419",93.7
2024-01-03 22:42:00,VIN-A1414,39.1,23.9,"11.9404,108.4583",79.2
2024-01-03 22:45:00,VIN-A1415,13.2,26.6,"10.0452,105.7469",99.5
2024-01-03 22:48:00,VIN-A1416,104.4,40.7,"10.0452,105.7469",72.9
2024-01-03 22:51:00,VIN-A1417,70.2,10.2,"20.8449,106.6881",75.8
2024-01-03 22:54:00,VIN-A1418,111.3,48.2,"20.8449,106.6881",84.9
2024-01-03 22:57:00,VIN-A1419,54.9,23.4,"11.9404,108.4583",109.0
2024-01-03 23:00:00,VIN-A1420,24.3,17.1,"10.8231,106.6297",81.2
2024-01-03 23:03:00,VIN-A1421,13.3,49.2,"20.8449,106.6881",76.8
2024-01-03 23:06:00,VIN-A1422,41.2,89.2,"16.0544,108.2022",101.6
2024-01-03 23:09:00,VIN-A1423,76.6,63.1,"16.0544,108.2022",93.1
2024-01-03 23:12:00,VIN-A1424,66.3,26.8,"20.8449,106.6881",104.3
2024-01-03 23:15:00,VIN-A1425,58.7,99.6,"10.9460,108.4419",103.5
2024-01-03 23:18:00,VIN-A1426,33.5,74.4,"10.0452,105.7469",79.9
2024-01-03 23:21:00,VIN-A1427,52.1,26.1,"16.0544,108.2022",106.6
2024-01-03 23:24:00,VIN-A1428,107.8,44.7,"10.8231,106.6297",71.6
2024-01-03 23:27:00,VIN-A1429,56.5,78.0,"10.8231,106.6297",87.0
2024-01-03 23:30:00,VIN-A1430,47.3,81.9,"21.0285,105.8542",88.1
2024-01-03 23:33:00,VIN-A1431,28.9,58.1,"10.8231,106.6297",97.7
2024-01-03 23:36:00,VIN-A1432,48.8,25.7,"11.9404,108.4583",81.8
2024-01-03 23:39:00,VIN-A1433,77.7,13.6,"10.9460,108.4419",96.8
2024-01-03 23:42:00,VIN-A1434,19.4,48.6,"10.8231,106.6297",109.1
2024-01-03 23:45:00,VIN-A1435,55.7,18.2,"20.8449,106.6881",77.4
2024-01-03 23:48:00,VIN-A1436,104.6,64.5,"10.8231,106.6297",104.4
2024-01-03 23:51:00,VIN-A1437,8.5,89.9,"11.9404,108.4583",91.2
2024-01-03 23:54:00,VIN-A1438,35.6,76.5,"10.0452,105.7469",101.5
2024-01-03 23:57:00,VIN-A1439,9.7,88.7,"10.8231,106.6297",90.6
2024-01-04 00:00:00,VIN-A1440,109.2,39.6,"10.8231,106.6297",74.4
2024-01-04 00:03:00,VIN-A1441,43.9,63.8,"11.9404,108.4583",84.7
2024-01-04 00:06:00,VIN-A1442,77.8,72.0,"10.0452,105.7469",75.5
2024-01-04 00:09:00,VIN-A1443,40.2,56.3,"10.9460,108.4419",99.5
2024-01-04 00:12:00,VIN-A1444,90.3,87.8,"10.0452,105.7469",100.1
2024-01-04 00:15:00,VIN-A1445,91.3,35.4,"12.2388,109.1967",90.1
2024-01-04 00:18:00,VIN-A1446,50.8,10.2,"11.9404,108.4583",83.8
2024-01-04 00:21:00,VIN-A1447,58.3,55.0,"21.0285,105.8542",88.8
2024-01-04 00:24:00,VIN-A1448,63.8,83.4,"12.2388,109.1967",88.1
2024-01-04 00:27:00,VIN-A1449,44.2,69.0,"21.0285,105.8542",77.5
2024-01-04 00:30:00,VIN-A1450,106.1,13.3,"20.8449,106.6881",105.9
2024-01-04 00:33:00,VIN-A1451,34.6,95.9,"21.0285,105.8542",76.6
2024-01-04 00:36:00,VIN-A1452,13.4,19.1,"16.0544,108.2022",105.0
2024-01-04 00:39:00,VIN-A1453,62.5,64.6,"12.2388,109.1967",86.7
2024-01-04 00:42:00,VIN-A1454,81.9,93.5,"10.9460,108.4419",83.9
2024-01-04 00:45:00,VIN-A1455,53.3,66.2,"12.2388,109.1967",77.6
2024-01-04 00:48:00,VIN-A1456,2.6,81.2,"11.9404,108.4583",86.5
2024-01-04 00:51:00,VIN-A1457,41.1,66.4,"11.9404,108.4583",89.4
2024-01-04 00:54:00,VIN-A1458,79.9,55.4,"10.9460,108.4419",88.3
2024-01-04 00:57:00,VIN-A1459,68.1,90.3,"12.2388,109.1967",76.9
2024-01-04 01:00:00,VIN-A1460,31.2,51.0,"12.2388,109.1967",100.8
2024-01-04 01:03:00,VIN-A1461,5.7,38.5,"10.9460,108.4419",108.2
2024-01-04 01:06:00,VIN-A1462,74.2,20.3,"12.2388,109.1967",77.3
2024-01-04 01:09:00,VIN-A1463,21.0,72.3,"16.0544,108.2022",76.5
2024-01-04 01:12:00,VIN-A1464,14.0,99.4,"16.0544,108.2022",87.6
2024-01-04 01:15:00,VIN-A1465,44.4,24.5,"10.8231,106.6297",96.6
2024-01-04 01:18:00,VIN-A1466,117.4,19.1,"10.9460,108.4419",91.6
2024-01-04 01:21:00,VIN-A1467,19.5,33.6,"10.8231,106.6297",86.2
2024-01-04 01:24:00,VIN-A1468,59.9,18.8,"10.9460,108.4419",107.1
2024-01-04 01:27:00,VIN-A1469,18.7,97.2,"11.9404,108.4583",95.9
2024-01-04 01:30:00,VIN-A1470,35.5,90.1,"16.0544,108.2022",102.0
2024-01-04 01:33:00,VIN-A1471,87.4,92.6,"11.9404,108.4583",97.6
2024-01-04 01:36:00,VIN-A1472,87.8,90.5,"16.0544,108.2022",97.1
2024-01-04 01:39:00,VIN-A1473,14.0,7.4,"10.0452,105.7469",87.8
2024-01-04 01:42:00,VIN-A1474,11.1,10.2,"10.0452,105.7469",93.3
2024-01-04 01:45:00,VIN-A1475,26.7,93.9,"12.2388,109.1967",77.8
2024-01-04 01:48:00,VIN-A1476,10.0,85.7,"21.0285,105.8542",109.0
2024-01-04 01:51:00,VIN-A1477,47.3,51.6,"10.8231,106.6297",106.3
2024-01-04 01:54:00,VIN-A1478,43.3,19.1,"20.8449,106.6881",84.8
2024-01-04 01:57:00,VIN-A1479,44.7,32.0,"11.9404,108.4583",82.3
2024-01-04 02:00:00,VIN-A1480,53.5,58.3,"10.0452,105.7469",99.1
2024-01-04 02:03:00,VIN-A1481,53.3,99.3,"10.9460,108.4419",81.5
2024-01-04 02:06:00,VIN-A1482,96.7,97.2,"20.8449,106.6881",99.1
2024-01-04 02:09:00,VIN-A1483,49.7,84.4,"21.0285,105.8542",75.7
2024-01-04 02:12:00,VIN-A1484,36.4,98.9,"11.9404,108.4583",72.6
2024-01-04 02:15:00,VIN-A1485,115.2,76.8,"21.0285,105.8542",70.3
2024-01-04 02:18:00,VIN-A1486,76.7,31.0,"16.0544,108.2022",92.2
2024-01-04 02:21:00,VIN-A1487,85.2,76.7,"16.0544,108.2022",78.0
2024-01-04 02:24:00,VIN-A1488,99.9,32.5,"10.9460,108.4419",71.7
2024-01-04 02:27:00,VIN-A1489,99.1,84.3,"12.2388,109.1967",89.8
2024-01-04 02:30:00,VIN-A1490,88.8,26.3,"10.8231,106.6297",76.2
2024-01-04 02:33:00,VIN-A1491,36.0,65.9,"10.9460,108.4419",75.0
2024-01-04 02:36:00,VIN-A1492,79.9,32.3,"16.0544,108.2022",89.7
2024-01-04 02:39:00,VIN-A1493,82.5,28.3,"21.0285,105.8542",100.6
2024-01-04 02:42:00,VIN-A1494,59.2,97.2,"11.9404,108.4583",93.2
2024-01-04 02:45:00,VIN-A1495,67.9,87.5,"10.9460,108.4419",109.0
2024-01-04 02:48:00,VIN-A1496,98.2,40.5,"10.8231,106.6297",103.8
2024-01-04 02:51:00,VIN-A1497,19.5,10.6,"11.9404,108.4583",88.4
2024-01-04 02:54:00,VIN-A1498,83.2,39.0,"10.8231,106.6297",80.9
2024-01-04 02:57:00,VIN-A1499,50.3,91.6,"11.9404,108.4583",71.9
2024-01-04 03:00:00,VIN-A1500,35.0,65.7,"21.0285,105.8542",90.6
2024-01-04 03:03:00,VIN-A1501,92.0,22.4,"21.0285,105.8542",94.0
2024-01-04 03:06:00,VIN-A1502,20.1,35.6,"11.9404,108.4583",103.1
2024-01-04 03:09:00,VIN-A1503,82.2,33.6,"11.9404,108.4583",73.8
2024-01-04 03:12:00,VIN-A1504,69.6,83.2,"10.8231,106.6297",75.5
2024-01-04 03:15:00,VIN-A1505,33.8,79.0,"20.8449,106.6881",83.6
2024-01-04 03:18:00,VIN-A1506,109.3,14.7,"16.0544,108.2022",90.1
2024-01-04 03:21:00,VIN-A1507,99.8,80.5,"21.0285,105.8542",86.7
2024-01-04 03:24:00,VIN-A1508,109.9,16.1,"16.0544,108.2022",106.9
2024-01-04 03:27:00,VIN-A1509,57.5,34.6,"11.9404,108.4583",75.6
2024-01-04 03:30:00,VIN-A1510,53.0,98.8,"11.9404,108.4583",76.9
2024-01-04 03:33:00,VIN-A1511,36.6,75.7,"21.0285,105.8542",78.9
2024-01-04 03:36:00,VIN-A1512,102.8,18.5,"10.0452,105.7469",82.3
2024-01-04 03:39:00,VIN-A1513,25.2,98.2,"20.8449,106.6881",97.6
2024-01-04 03:42:00,VIN-A1514,94.1,12.4,"10.9460,108.4419",100.3
2024-01-04 03:45:00,VIN-A1515,5.1,15.2,"10.8231,106.6297",88.8
2024-01-04 03:48:00,VIN-A1516,109.0,9.1,"12.2388,109.1967",96.7
2024-01-04 03:51:00,VIN-A1517,90.5,79.3,"10.0452,105.7469",93.5
2024-01-04 03:54:00,VIN-A1518,24.0,68.7,"10.8231,106.6297",73.6
2024-01-04 03:57:00,VIN-A1519,101.5,94.5,"11.9404,108.4583",84.1
2024-01-04 04:00:00,VIN-A1520,102.6,79.2,"10.0452,105.7469",90.2
2024-01-04 04:03:00,VIN-A1521,8.2,82.9,"10.8231,106.6297",91.2
2024-01-04 04:06:00,VIN-A1522,85.9,96.6,"16.0544,108.2022",106.1
2024-01-04 04:09:00,VIN-A1523,64.5,97.5,"21.0285,105.8542",107.0
2024-01-04 04:12:00,VIN-A1524,110.5,85.9,"10.9460,108.4419",84.7
2024-01-04 04:15:00,VIN-A1525,70.7,46.8,"21.0285,105.8542",77.2
2024-01-04 04:18:00,VIN-A1526,42.6,41.1,"10.0452,105.7469",90.6
2024-01-04 04:21:00,VIN-A1527,48.9,77.3,"11.9404,108.4583",74.9
2024-01-04 04:24:00,VIN-A1528,13.2,17.9,"11.9404,108.4583",98.2
2024-01-04 04:27:00,VIN-A1529,66.9,8.9,"11.9404,108.4583",89.7
2024-01-04 04:30:00,VIN-A1530,46.2,48.4,"12.2388,109.1967",97.5
2024-01-04 04:33:00,VIN-A1531,100.9,26.5,"20.8449,106.6881",81.6
2024-01-04 04:36:00,VIN-A1532,102.6,22.9,"21.0285,105.8542",105.8
2024-01-04 04:39:00,VIN-A1533,96.3,94.2,"11.9404,108.4583",77.2
2024-01-04 04:42:00,VIN-A1534,119.8,51.7,"21.0285,105.8542",85.9
2024-01-04 04:45:00,VIN-A1535,62.7,69.3,"21.0285,105.8542",75.7
2024-01-04 04:48:00,VIN-A1536,48.1,61.1,"21.0285,105.8542",99.7
2024-01-04 04:51:00,VIN-A1537,107.1,21.0,"11.9404,108.4583",109.0
2024-01-04 04:54:00,VIN-A1538,40.6,61.5,"20.8449,106.6881",74.9
2024-01-04 04:57:00,VIN-A1539,100.6,73.9,"12.2388,109.1967",100.6
2024-01-04 05:00:00,VIN-A1540,91.9,61.4,"20.8449,106.6881",84.2
2024-01-04 05:03:00,VIN-A1541,80.0,95.3,"10.9460,108.4419",90.5
2024-01-04 05:06:00,VIN-A1542,17.7,48.2,"21.0285,105.8542",80.0
2024-01-04 05:09:00,VIN-A1543,59.7,64.7,"16.0544,108.2022",71.2
2024-01-04 05:12:00,VIN-A1544,88.5,83.9,"10.9460,108.4419",97.1
2024-01-04 05:15:00,VIN-A1545,116.6,41.4,"11.9404,108.4583",76.1
2024-01-04 05:18:00,VIN-A1546,74.6,14.2,"21.0285,105.8542",96.4
2024-01-04 05:21:00,VIN-A1547,62.4,51.8,"10.9460,108.4419",78.1
2024-01-04 05:24:00,VIN-A1548,79.5,51.6,"12.2388,109.1967",91.7
2024-01-04 05:27:00,VIN-A1549,97.1,56.4,"10.8231,106.6297",108.1
2024-01-04 05:30:00,VIN-A1550,3.8,45.9,"21.0285,105.8542",85.3
2024-01-04 05:33:00,VIN-A1551,37.7,40.8,"10.9460,108.4419",71.4
2024-01-04 05:36:00,VIN-A1552,21.2,67.6,"12.2388,109.1967",105.4
2024-01-04 05:39:00,VIN-A1553,19.7,45.9,"12.2388,109.1967",98.6
2024-01-04 05:42:00,VIN-A1554,58.5,15.4,"10.9460,108.4419",96.4
2024-01-04 05:45:00,VIN-A1555,82.2,59.4,"10.9460,108.4419",92.5
2024-01-04 05:48:00,VIN-A1556,18.8,10.3,"12.2388,109.1967",89.8
2024-01-04 05:51:00,VIN-A1557,116.5,63.6,"11.9404,108.4583",100.7
2024-01-04 05:54:00,VIN-A1558,34.1,10.8,"10.8231,106.6297",75.1
2024-01-04 05:57:00,VIN-A1559,44.0,81.9,"10.8231,106.6297",100.6
2024-01-04 06:00:00,VIN-A1560,75.0,41.2,"20.8449,106.6881",83.8
2024-01-04 06:03:00,VIN-A1561,42.9,38.4,"10.0452,105.7469",79.9
2024-01-04 06:06:00,VIN-A1562,77.8,61.3,"21.0285,105.8542",104.8
2024-01-04 06:09:00,VIN-A1563,13.7,21.1,"11.9404,108.4583",71.5
2024-01-04 06:12:00,VIN-A1564,78.9,45.1,"20.8449,106.6881",80.7
2024-01-04 06:15:00,VIN-A1565,83.5,60.9,"11.9404,108.4583",85.1
2024-01-04 06:18:00,VIN-A1566,46.8,59.4,"10.9460,108.4419",74.0
2024-01-04 06:21:00,VIN-A1567,81.0,36.9,"11.9404,108.4583",76.7
2024-01-04 06:24:00,VIN-A1568,35.9,97.1,"10.0452,105.7469",89.9
2024-01-04 06:27:00,VIN-A1569,101.7,79.8,"10.0452,105.7469",81.5
2024-01-04 06:30:00,VIN-A1570,5.7,99.6,"20.8449,106.6881",102.2
2024-01-04 06:33:00,VIN-A1571,74.9,96.0,"21.0285,105.8542",93.7
2024-01-04 06:36:00,VIN-A1572,32.8,58.8,"10.9460,108.4419",87.1
2024-01-04 06:39:00,VIN-A1573,41.7,12.3,"12.2388,109.1967",90.2
2024-01-04 06:42:00,VIN-A1574,36.0,68.0,"11.9404,108.4583",78.0
2024-01-04 06:45:00,VIN-A1575,48.3,64.4,"10.9460,108.4419",96.9
2024-01-04 06:48:00,VIN-A1576,65.7,88.7,"16.0544,108.2022",93.1
2024-01-04 06:51:00,VIN-A1577,25.6,96.4,"10.9460,108.4419",80.7
2024-01-04 06:54:00,VIN-A1578,76.6,81.8,"20.8449,106.6881",107.4
2024-01-04 06:57:00,VIN-A1579,87.2,10.7,"10.0452,105.7469",84.6
2024-01-04 07:00:00,VIN-A1580,17.7,19.3,"12.2388,109.1967",103.8
2024-01-04 07:03:00,VIN-A1581,49.2,86.7,"21.0285,105.8542",95.4
2024-01-04 07:06:00,VIN-A1582,101.5,30.4,"12.2388,109.1967",95.8
2024-01-04 07:09:00,VIN-A1583,30.8,62.1,"20.8449,106.6881",79.5
2024-01-04 07:12:00,VIN-A1584,18.0,7.6,"12.2388,109.1967",88.6
2024-01-04 07:15:00,VIN-A1585,67.2,46.4,"10.8231,106.6297",78.1
2024-01-04 07:18:00,VIN-A1586,32.7,7.8,"12.2388,109.1967",96.3
2024-01-04 07:21:00,VIN-A1587,21.1,86.0,"10.9460,108.4419",101.3
2024-01-04 07:24:00,VIN-A1588,6.6,90.2,"11.9404,108.4583",94.1
2024-01-04 07:27:00,VIN-A1589,104.1,90.6,"20.8449,106.6881",105.9
2024-01-04 07:30:00,VIN-A1590,80.6,89.1,"20.8449,106.6881",107.7
2024-01-04 07:33:00,VIN-A1591,86.9,18.4,"21.0285,105.8542",92.8
2024-01-04 07:36:00,VIN-A1592,60.0,16.5,"12.2388,109.1967",89.9
2024-01-04 07:39:00,VIN-A1593,10.8,62.0,"11.9404,108.4583",83.2
2024-01-04 07:42:00,VIN-A1594,70.1,42.0,"10.0452,105.7469",107.4
2024-01-04 07:45:00,VIN-A1595,26.2,15.1,"10.0452,105.7469",108.8
2024-01-04 07:48:00,VIN-A1596,52.7,29.2,"10.8231,106.6297",89.6
2024-01-04 07:51:00,VIN-A1597,45.0,95.1,"11.9404,108.4583",91.8
2024-01-04 07:54:00,VIN-A1598,57.0,28.4,"12.2388,109.1967",105.2
2024-01-04 07:57:00,VIN-A1599,112.4,39.5,"11.9404,108.4583",102.9
2024-01-04 08:00:00,VIN-A1600,2.5,96.8,"10.8231,106.6297",103.7
2024-01-04 08:03:00,VIN-A1601,79.5,94.4,"10.0452,105.7469",80.1
2024-01-04 08:06:00,VIN-A1602,46.2,65.7,"11.9404,108.4583",106.1
2024-01-04 08:09:00,VIN-A1603,82.2,55.8,"10.0452,105.7469",104.3
2024-01-04 08:12:00,VIN-A1604,46.6,91.4,"20.8449,106.6881",107.1
2024-01-04 08:15:00,VIN-A1605,110.2,33.6,"10.0452,105.7469",81.9
2024-01-04 08:18:00,VIN-A1606,103.1,20.2,"10.9460,108.4419",95.3
2024-01-04 08:21:00,VIN-A1607,105.5,77.8,"20.8449,106.6881",101.6
2024-01-04 08:24:00,VIN-A1608,32.9,12.6,"10.9460,108.4419",88.8
2024-01-04 08:27:00,VIN-A1609,49.6,84.9,"20.8449,106.6881",105.1
2024-01-04 08:30:00,VIN-A1610,98.4,83.3,"12.2388,109.1967",90.3
2024-01-04 08:33:00,VIN-A1611,42.2,62.2,"11.9404,108.4583",88.1
2024-01-04 08:36:00,VIN-A1612,3.3,9.9,"16.0544,108.2022",95.2
2024-01-04 08:39:00,VIN-A1613,94.9,17.9,"20.8449,106.6881",78.0
2024-01-04 08:42:00,VIN-A1614,36.7,59.7,"21.0285,105.8542",76.3
2024-01-04 08:45:00,VIN-A1615,62.0,97.1,"16.0544,108.2022",103.9
2024-01-04 08:48:00,VIN-A1616,82.3,80.3,"11.9404,108.4583",88.1
2024-01-04 08:51:00,VIN-A1617,104.8,17.7,"16.0544,108.2022",97.5
2024-01-04 08:54:00,VIN-A1618,99.2,81.0,"10.0452,105.7469",73.4
2024-01-04 08:57:00,VIN-A1619,44.1,42.4,"20.8449,106.6881",107.8
2024-01-04 09:00:00,VIN-A1620,106.1,26.3,"10.8231,106.6297",106.9
2024-01-04 09:03:00,VIN-A1621,77.7,64.5,"21.0285,105.8542",109.0
2024-01-04 09:06:00,VIN-A1622,23.8,71.6,"16.0544,108.2022",72.0
2024-01-04 09:09:00,VIN-A1623,74.2,62.0,"16.0544,108.2022",73.6
2024-01-04 09:12:00,VIN-A1624,44.2,95.0,"21.0285,105.8542",70.6
2024-01-04 09:15:00,VIN-A1625,63.1,78.5,"10.9460,108.4419",103.1
2024-01-04 09:18:00,VIN-A1626,59.3,26.3,"10.0452,105.7469",77.6
2024-01-04 09:21:00,VIN-A1627,103.4,79.3,"12.2388,109.1967",99.9
2024-01-04 09:24:00,VIN-A1628,45.8,46.0,"10.0452,105.7469",94.0
2024-01-04 09:27:00,VIN-A1629,119.4,31.9,"10.0452,105.7469",86.7
2024-01-04 09:30:00,VIN-A1630,49.0,18.9,"12.2388,109.1967",109.0
2024-01-04 09:33:00,VIN-A1631,28.3,47.8,"10.0452,105.7469",84.8
2024-01-04 09:36:00,VIN-A1632,82.1,48.5,"10.8231,106.6297",88.8
2024-01-04 09:39:00,VIN-A1633,104.6,97.6,"20.8449,106.6881",97.5
2024-01-04 09:42:00,VIN-A1634,85.6,72.3,"12.2388,109.1967",72.9
2024-01-04 09:45:00,VIN-A1635,66.8,10.0,"10.0452,105.7469",88.8
2024-01-04 09:48:00,VIN-A1636,42.5,62.6,"10.8231,106.6297",70.2
2024-01-04 09:51:00,VIN-A1637,60.5,41.2,"20.8449,106.6881",96.9
2024-01-04 09:54:00,VIN-A1638,15.9,89.8,"10.8231,106.6297",93.2
2024-01-04 09:57:00,VIN-A1639,31.2,52.9,"11.9404,108.4583",105.1
2024-01-04 10:00:00,VIN-A1640,15.8,35.1,"20.8449,106.6881",75.7
2024-01-04 10:03:00,VIN-A1641,14.0,9.2,"16.0544,108.2022",90.0
2024-01-04 10:06:00,VIN-A1642,116.8,31.7,"11.9404,108.4583",107.0
2024-01-04 10:09:00,VIN-A1643,34.0,88.3,"12.2388,109.1967",90.7
2024-01-04 10:12:00,VIN-A1644,52.3,20.7,"10.9460,108.4419",100.5
2024-01-04 10:15:00,VIN-A1645,18.2,86.0,"10.9460,108.4419",72.1
2024-01-04 10:18:00,VIN-A1646,17.8,26.8,"10.8231,106.6297",88.8
2024-01-04 10:21:00,VIN-A1647,19.6,49.4,"21.0285,105.8542",109.8
2024-01-04 10:24:00,VIN-A1648,111.3,8.9,"11.9404,108.4583",109.6
2024-01-04 10:27:00,VIN-A1649,67.3,48.5,"21.0285,105.8542",103.8
2024-01-04 10:30:00,VIN-A1650,104.0,16.7,"21.0285,105.8542",78.1
2024-01-04 10:33:00,VIN-A1651,34.1,84.3,"12.2388,109.1967",92.5
2024-01-04 10:36:00,VIN-A1652,79.6,25.2,"10.8231,106.6297",91.0
2024-01-04 10:39:00,VIN-A1653,68.5,44.6,"21.0285,105.8542",79.8
2024-01-04 10:42:00,VIN-A1654,59.8,14.0,"11.9404,108.4583",71.0
2024-01-04 10:45:00,VIN-A1655,81.8,69.7,"20.8449,106.6881",84.9
2024-01-04 10:48:00,VIN-A1656,111.5,15.1,"11.9404,108.4583",76.2
2024-01-04 10:51:00,VIN-A1657,9.7,83.9,"10.9460,108.4419",88.2
2024-01-04 10:54:00,VIN-A1658,114.6,61.4,"10.8231,106.6297",83.2
2024-01-04 10:57:00,VIN-A1659,5.3,64.1,"10.9460,108.4419",83.0
2024-01-04 11:00:00,VIN-A1660,87.8,74.8,"16.0544,108.2022",78.5
2024-01-04 11:03:00,VIN-A1661,5.8,66.1,"11.9404,108.4583",101.9
2024-01-04 11:06:00,VIN-A1662,89.3,57.0,"20.8449,106.6881",73.7
2024-01-04 11:09:00,VIN-A1663,30.6,27.8,"20.8449,106.6881",73.6
2024-01-04 11:12:00,VIN-A1664,102.3,20.5,"20.8449,106.6881",81.4
2024-01-04 11:15:00,VIN-A1665,90.3,67.1,"21.0285,105.8542",81.9
2024-01-04 11:18:00,VIN-A1666,96.1,74.9,"12.2388,109.1967",106.1
2024-01-04 11:21:00,VIN-A1667,72.4,39.1,"21.0285,105.8542",103.3
2024-01-04 11:24:00,VIN-A1668,61.5,51.5,"20.8449,106.6881",89.1
2024-01-04 11:27:00,VIN-A1669,67.6,45.2,"20.8449,106.6881",102.4
2024-01-04 11:30:00,VIN-A1670,73.7,46.2,"20.8449,106.6881",73.7
2024-01-04 11:33:00,VIN-A1671,61.6,97.5,"10.0452,105.7469",95.9
2024-01-04 11:36:00,VIN-A1672,85.6,93.4,"21.0285,105.8542",81.6
2024-01-04 11:39:00,VIN-A1673,52.5,91.2,"10.9460,108.4419",82.0
2024-01-04 11:42:00,VIN-A1674,118.1,70.0,"12.2388,109.1967",103.7
2024-01-04 11:45:00,VIN-A1675,62.8,33.1,"10.8231,106.6297",92.0
2024-01-04 11:48:00,VIN-A1676,110.1,53.8,"20.8449,106.6881",86.5
2024-01-04 11:51:00,VIN-A1677,55.8,73.4,"12.2388,109.1967",84.2
2024-01-04 11:54:00,VIN-A1678,70.3,78.0,"10.8231,106.6297",74.6
2024-01-04 11:57:00,VIN-A1679,79.4,22.1,"16.0544,108.2022",103.7
2024-01-04 12:00:00,VIN-A1680,5.4,44.5,"12.2388,109.1967",82.6
2024-01-04 12:03:00,VIN-A1681,86.9,76.9,"10.9460,108.4419",95.0
2024-01-04 12:06:00,VIN-A1682,31.8,96.8,"16.0544,108.2022",78.4
2024-01-04 12:09:00,VIN-A1683,9.4,98.3,"12.2388,109.1967",104.9
2024-01-04 12:12:00,VIN-A1684,12.8,55.8,"10.8231,106.6297",85.8
2024-01-04 12:15:00,VIN-A1685,1.6,67.3,"10.9460,108.4419",97.7
2024-01-04 12:18:00,VIN-A1686,104.3,96.8,"10.9460,108.4419",82.1
2024-01-04 12:21:00,VIN-A1687,97.6,63.6,"20.8449,106.6881",102.2
2024-01-04 12:24:00,VIN-A1688,10.5,17.8,"10.0452,105.7469",74.5
2024-01-04 12:27:00,VIN-A1689,1.9,97.2,"10.8231,106.6297",78.4
2024-01-04 12:30:00,VIN-A1690,77.8,66.7,"20.8449,106.6881",103.7
2024-01-04 12:33:00,VIN-A1691,103.0,56.2,"21.0285,105.8542",82.0
2024-01-04 12:36:00,VIN-A1692,55.6,50.0,"10.8231,106.6297",74.7
2024-01-04 12:39:00,VIN-A1693,108.3,75.2,"10.9460,108.4419",108.6
2024-01-04 12:42:00,VIN-A1694,56.6,86.7,"10.0452,105.7469",78.1
2024-01-04 12:45:00,VIN-A1695,68.3,84.2,"10.8231,106.6297",83.4
2024-01-04 12:48:00,VIN-A1696,12.3,85.5,"20.8449,106.6881",109.2
2024-01-04 12:51:00,VIN-A1697,101.8,75.0,"12.2388,109.1967",71.5
2024-01-04 12:54:00,VIN-A1698,48.0,53.8,"10.9460,108.4419",79.3
2024-01-04 12:57:00,VIN-A1699,7.3,6.8,"11.9404,108.4583",92.1
2024-01-04 13:00:00,VIN-A1700,32.1,66.6,"10.9460,108.4419",74.7
2024-01-04 13:03:00,VIN-A1701,74.7,66.4,"10.9460,108.4419",97.9
2024-01-04 13:06:00,VIN-A1702,2.5,32.4,"10.0452,105.7469",88.8
2024-01-04 13:09:00,VIN-A1703,52.6,53.2,"11.9404,108.4583",106.9
2024-01-04 13:12:00,VIN-A1704,102.4,72.9,"10.9460,108.4419",75.2
2024-01-04 13:15:00,VIN-A1705,35.2,72.6,"20.8449,106.6881",103.3
2024-01-04 13:18:00,VIN-A1706,80.8,74.8,"10.9460,108.4419",102.0
2024-01-04 13:21:00,VIN-A1707,101.3,64.1,"12.2388,109.1967",97.6
2024-01-04 13:24:00,VIN-A1708,10.3,50.9,"16.0544,108.2022",78.0
2024-01-04 13:27:00,VIN-A1709,72.7,14.6,"20.8449,106.6881",107.7
2024-01-04 13:30:00,VIN-A1710,59.2,27.3,"10.8231,106.6297",110.0
2024-01-04 13:33:00,VIN-A1711,43.1,29.8,"16.0544,108.2022",77.0
2024-01-04 13:36:00,VIN-A1712,103.1,52.8,"21.0285,105.8542",83.5
2024-01-04 13:39:00,VIN-A1713,13.7,26.5,"10.0452,105.7469",89.5
2024-01-04 13:42:00,VIN-A1714,119.2,79.6,"10.8231,106.6297",100.8
2024-01-04 13:45:00,VIN-A1715,66.8,90.2,"21.0285,105.8542",98.3
2024-01-04 13:48:00,VIN-A1716,111.2,46.6,"10.9460,108.4419",108.5
2024-01-04 13:51:00,VIN-A1717,90.7,97.6,"21.0285,105.8542",102.9
2024-01-04 13:54:00,VIN-A1718,5.0,15.0,"21.0285,105.8542",104.8
2024-01-04 13:57:00,VIN-A1719,109.3,19.9,"12.2388,109.1967",98.3
2024-01-04 14:00:00,VIN-A1720,91.4,52.3,"21.0285,105.8542",76.2
2024-01-04 14:03:00,VIN-A1721,43.6,82.8,"21.0285,105.8542",103.9
2024-01-04 14:06:00,VIN-A1722,52.7,44.5,"10.8231,106.6297",79.8
2024-01-04 14:09:00,VIN-A1723,97.1,37.4,"16.0544,108.2022",73.4
2024-01-04 14:12:00,VIN-A1724,44.7,76.7,"11.9404,108.4583",95.2
2024-01-04 14:15:00,VIN-A1725,29.5,76.6,"20.8449,106.6881",101.5
2024-01-04 14:18:00,VIN-A1726,16.6,45.7,"20.8449,106.6881",105.9
2024-01-04 14:21:00,VIN-A1727,114.2,54.0,"11.9404,108.4583",107.7
2024-01-04 14:24:00,VIN-A1728,53.1,78.2,"21.0285,105.8542",73.4
2024-01-04 14:27:00,VIN-A1729,37.8,98.3,"16.0544,108.2022",87.4
2024-01-04 14:30:00,VIN-A1730,47.2,8.5,"16.0544,108.2022",106.1
2024-01-04 14:33:00,VIN-A1731,6.9,65.0,"12.2388,109.1967",86.8
2024-01-04 14:36:00,VIN-A1732,106.3,71.6,"12.2388,109.1967",98.9
2024-01-04 14:39:00,VIN-A1733,37.6,37.7,"12.2388,109.1967",106.0
2024-01-04 14:42:00,VIN-A1734,73.2,19.0,"20.8449,106.6881",87.8
2024-01-04 14:45:00,VIN-A1735,24.6,56.7,"10.9460,108.4419",97.9
2024-01-04 14:48:00,VIN-A1736,106.5,79.2,"20.8449,106.6881",101.0
2024-01-04 14:51:00,VIN-A1737,105.7,13.0,"11.9404,108.4583",85.6
2024-01-04 14:54:00,VIN-A1738,86.3,88.6,"12.2388,109.1967",78.5
2024-01-04 14:57:00,VIN-A1739,61.4,34.7,"11.9404,108.4583",100.3
2024-01-04 15:00:00,VIN-A1740,19.2,7.6,"12.2388,109.1967",79.7
2024-01-04 15:03:00,VIN-A1741,92.9,74.0,"21.0285,105.8542",99.3
2024-01-04 15:06:00,VIN-A1742,101.0,29.7,"11.9404,108.4583",75.0
2024-01-04 15:09:00,VIN-A1743,90.8,94.4,"10.9460,108.4419",81.9
2024-01-04 15:12:00,VIN-A1744,88.4,48.0,"10.0452,105.7469",102.2
2024-01-04 15:15:00,VIN-A1745,118.7,58.7,"10.0452,105.7469",84.0
2024-01-04 15:18:00,VIN-A1746,34.1,79.6,"16.0544,108.2022",98.6
2024-01-04 15:21:00,VIN-A1747,62.4,28.5,"11.9404,108.4583",90.7
2024-01-04 15:24:00,VIN-A1748,23.1,79.0,"10.9460,108.4419",73.9
2024-01-04 15:27:00,VIN-A1749,85.4,83.7,"21.0285,105.8542",73.7
2024-01-04 15:30:00,VIN-A1750,51.0,17.4,"10.0452,105.7469",87.8
2024-01-04 15:33:00,VIN-A1751,44.3,55.0,"20.8449,106.6881",104.9
2024-01-04 15:36:00,VIN-A1752,70.1,65.5,"10.9460,108.4419",97.6
2024-01-04 15:39:00,VIN-A1753,113.7,74.5,"20.8449,106.6881",103.0
2024-01-04 15:42:00,VIN-A1754,17.3,17.1,"10.9460,108.4419",75.2
2024-01-04 15:45:00,VIN-A1755,84.5,87.0,"21.0285,105.8542",97.8
2024-01-04 15:48:00,VIN-A1756,54.7,8.1,"16.0544,108.2022",107.8
2024-01-04 15:51:00,VIN-A1757,44.3,95.4,"20.8449,106.6881",74.4
2024-01-04 15:54:00,VIN-A1758,44.4,32.5,"16.0544,108.2022",74.7
2024-01-04 15:57:00,VIN-A1759,36.6,40.6,"12.2388,109.1967",89.4
2024-01-04 16:00:00,VIN-A1760,94.9,18.5,"20.8449,106.6881",71.9
2024-01-04 16:03:00,VIN-A1761,107.3,89.5,"10.0452,105.7469",77.3
2024-01-04 16:06:00,VIN-A1762,88.8,5.2,"11.9404,108.4583",72.7
2024-01-04 16:09:00,VIN-A1763,5.4,50.7,"12.2388,109.1967",92.6
2024-01-04 16:12:00,VIN-A1764,108.0,79.2,"10.9460,108.4419",103.4
2024-01-04 16:15:00,VIN-A1765,100.0,17.6,"16.0544,108.2022",90.2
2024-01-04 16:18:00,VIN-A1766,55.3,47.7,"10.9460,108.4419",76.0
2024-01-04 16:21:00,VIN-A1767,87.3,13.5,"20.8449,106.6881",85.5
2024-01-04 16:24:00,VIN-A1768,108.0,37.2,"10.8231,106.6297",108.3
2024-01-04 16:27:00,VIN-A1769,106.8,74.9,"21.0285,105.8542",104.6
2024-01-04 16:30:00,VIN-A1770,84.9,59.3,"12.2388,109.1967",92.4
2024-01-04 16:33:00,VIN-A1771,14.9,58.1,"10.0452,105.7469",108.2
2024-01-04 16:36:00,VIN-A1772,65.0,77.0,"10.0452,105.7469",100.0
2024-01-04 16:39:00,VIN-A1773,60.3,6.8,"16.0544,108.2022",108.5
2024-01-04 16:42:00,VIN-A1774,33.0,24.6,"10.9460,108.4419",73.4
2024-01-04 16:45:00,VIN-A1775,64.0,35.4,"10.8231,106.6297",89.7
2024-01-04 16:48:00,VIN-A1776,112.1,37.3,"16.0544,108.2022",86.6
2024-01-04 16:51:00,VIN-A1777,103.2,35.2,"12.2388,109.1967",73.6
2024-01-04 16:54:00,VIN-A1778,117.6,56.5,"12.2388,109.1967",75.8
2024-01-04 16:57:00,VIN-A1779,30.7,13.5,"12.2388,109.1967",108.1
2024-01-04 17:00:00,VIN-A1780,81.4,10.6,"11.9404,108.4583",77.3
2024-01-04 17:03:00,VIN-A1781,85.6,33.3,"21.0285,105.8542",82.8
2024-01-04 17:06:00,VIN-A1782,49.5,35.8,"20.8449,106.6881",107.7
2024-01-04 17:09:00,VIN-A1783,107.9,9.9,"10.0452,105.7469",100.1
2024-01-04 17:12:00,VIN-A1784,70.3,51.8,"20.8449,106.6881",108.0
2024-01-04 17:15:00,VIN-A1785,32.3,35.2,"20.8449,106.6881",72.6
2024-01-04 17:18:00,VIN-A1786,3.5,65.2,"10.8231,106.6297",80.8
2024-01-04 17:21:00,VIN-A1787,115.6,69.1,"10.0452,105.7469",100.5
2024-01-04 17:24:00,VIN-A1788,78.2,16.9,"20.8449,106.6881",87.8
2024-01-04 17:27:00,VIN-A1789,101.6,52.5,"16.0544,108.2022",84.9
2024-01-04 17:30:00,VIN-A1790,118.2,79.3,"20.8449,106.6881",108.5
2024-01-04 17:33:00,VIN-A1791,66.6,9.0,"10.9460,108.4419",108.4
2024-01-04 17:36:00,VIN-A1792,74.5,67.0,"16.0544,108.2022",70.0
2024-01-04 17:39:00,VIN-A1793,112.0,50.8,"12.2388,109.1967",103.6
2024-01-04 17:42:00,VIN-A1794,45.6,38.4,"10.0452,105.7469",93.4
2024-01-04 17:45:00,VIN-A1795,61.2,9.3,"21.0285,105.8542",82.0
2024-01-04 17:48:00,VIN-A1796,47.4,16.7,"16.0544,108.2022",99.0
2024-01-04 17:51:00,VIN-A1797,119.9,88.4,"10.0452,105.7469",94.4
2024-01-04 17:54:00,VIN-A1798,114.9,35.2,"11.9404,108.4583",95.4
2024-01-04 17:57:00,VIN-A1799,117.6,72.2,"12.2388,109.1967",79.8
2024-01-04 18:00:00,VIN-A1800,118.0,37.5,"10.9460,108.4419",108.4
2024-01-04 18:03:00,VIN-A1801,39.4,91.8,"16.0544,108.2022",95.9
2024-01-04 18:06:00,VIN-A1802,0.2,50.3,"10.8231,106.6297",96.9
2024-01-04 18:09:00,VIN-A1803,49.6,90.1,"10.9460,108.4419",100.5
2024-01-04 18:12:00,VIN-A1804,64.6,79.8,"21.0285,105.8542",91.5
2024-01-04 18:15:00,VIN-A1805,107.1,82.5,"10.9460,108.4419",96.9
2024-01-04 18:18:00,VIN-A1806,42.4,82.2,"11.9404,108.4583",85.5
2024-01-04 18:21:00,VIN-A1807,100.7,82.1,"10.8231,106.6297",75.0
2024-01-04 18:24:00,VIN-A1808,44.5,23.3,"10.8231,106.6297",78.9
2024-01-04 18:27:00,VIN-A1809,2.4,31.7,"11.9404,108.4583",77.7
2024-01-04 18:30:00,VIN-A1810,98.0,64.4,"10.0452,105.7469",79.4
2024-01-04 18:33:00,VIN-A1811,59.3,39.5,"12.2388,109.1967",89.7
2024-01-04 18:36:00,VIN-A1812,84.5,62.6,"10.8231,106.6297",77.8
2024-01-04 18:39:00,VIN-A1813,98.5,42.6,"12.2388,109.1967",92.8
2024-01-04 18:42:00,VIN-A1814,59.3,57.4,"16.0544,108.2022",72.6
2024-01-04 18:45:00,VIN-A1815,15.4,11.2,"12.2388,109.1967",107.3
2024-01-04 18:48:00,VIN-A1816,102.7,88.7,"12.2388,109.1967",77.7
2024-01-04 18:51:00,VIN-A1817,81.4,99.2,"12.2388,109.1967",97.2
2024-01-04 18:54:00,VIN-A1818,106.0,5.2,"20.8449,106.6881",95.6
2024-01-04 18:57:00,VIN-A1819,113.2,9.9,"11.9404,108.4583",87.3
2024-01-04 19:00:00,VIN-A1820,119.4,31.0,"10.9460,108.4419",89.8
2024-01-04 19:03:00,VIN-A1821,62.1,9.1,"10.0452,105.7469",71.9
2024-01-04 19:06:00,VIN-A1822,110.2,55.6,"11.9404,108.4583",70.2
2024-01-04 19:09:00,VIN-A1823,23.4,12.8,"10.8231,106.6297",109.6
2024-01-04 19:12:00,VIN-A1824,27.1,70.5,"21.0285,105.8542",106.7
2024-01-04 19:15:00,VIN-A1825,23.6,36.3,"21.0285,105.8542",95.0
2024-01-04 19:18:00,VIN-A1826,11.6,50.6,"10.8231,106.6297",93.7
2024-01-04 19:21:00,VIN-A1827,75.2,36.8,"12.2388,109.1967",79.9
2024-01-04 19:24:00,VIN-A1828,56.8,96.1,"10.8231,106.6297",102.9
2024-01-04 19:27:00,VIN-A1829,62.4,27.5,"21.0285,105.8542",101.0
2024-01-04 19:30:00,VIN-A1830,74.3,77.6,"10.9460,108.4419",93.2
2024-01-04 19:33:00,VIN-A1831,10.3,10.8,"10.8231,106.6297",85.1
2024-01-04 19:36:00,VIN-A1832,106.8,70.9,"16.0544,108.2022",72.5
2024-01-04 19:39:00,VIN-A1833,96.3,10.2,"20.8449,106.6881",72.6
2024-01-04 19:42:00,VIN-A1834,81.3,58.1,"12.2388,109.1967",104.0
2024-01-04 19:45:00,VIN-A1835,48.2,63.6,"20.8449,106.6881",79.3
2024-01-04 19:48:00,VIN-A1836,71.9,67.7,"10.8231,106.6297",88.1
2024-01-04 19:51:00,VIN-A1837,55.7,45.7,"21.0285,105.8542",83.6
2024-01-04 19:54:00,VIN-A1838,112.5,79.4,"10.9460,108.4419",90.7
2024-01-04 19:57:00,VIN-A1839,70.5,15.3,"10.8231,106.6297",93.8
2024-01-04 20:00:00,VIN-A1840,8.1,80.0,"10.0452,105.7469",106.2
2024-01-04 20:03:00,VIN-A1841,15.1,53.3,"11.9404,108.4583",86.8
2024-01-04 20:06:00,VIN-A1842,87.0,47.2,"10.0452,105.7469",75.5
2024-01-04 20:09:00,VIN-A1843,5.3,17.1,"20.8449,106.6881",90.5
2024-01-04 20:12:00,VIN-A1844,78.2,39.0,"16.0544,108.2022",75.9
2024-01-04 20:15:00,VIN-A1845,37.0,37.6,"11.9404,108.4583",108.8
2024-01-04 20:18:00,VIN-A1846,62.1,67.5,"16.0544,108.2022",72.3
2024-01-04 20:21:00,VIN-A1847,60.9,84.3,"10.8231,106.6297",86.9
2024-01-04 20:24:00,VIN-A1848,23.4,24.0,"10.0452,105.7469",101.4
2024-01-04 20:27:00,VIN-A1849,41.0,68.4,"10.9460,108.4419",94.0
2024-01-04 20:30:00,VIN-A1850,39.7,59.9,"11.9404,108.4583",94.6
2024-01-04 20:33:00,VIN-A1851,50.2,20.4,"10.9460,108.4419",105.0
2024-01-04 20:36:00,VIN-A1852,109.3,52.1,"10.8231,106.6297",95.6
2024-01-04 20:39:00,VIN-A1853,83.2,49.3,"10.0452,105.7469",79.6
2024-01-04 20:42:00,VIN-A1854,88.2,95.5,"11.9404,108.4583",102.3
2024-01-04 20:45:00,VIN-A1855,45.1,43.0,"10.8231,106.6297",84.5
2024-01-04 20:48:00,VIN-A1856,8.8,7.9,"21.0285,105.8542",75.7
2024-01-04 20:51:00,VIN-A1857,52.8,65.0,"11.9404,108.4583",71.8
2024-01-04 20:54:00,VIN-A1858,3.6,23.8,"16.0544,108.2022",78.8
2024-01-04 20:57:00,VIN-A1859,31.4,21.6,"10.0452,105.7469",77.1
2024-01-04 21:00:00,VIN-A1860,2.6,85.1,"21.0285,105.8542",70.8
2024-01-04 21:03:00,VIN-A1861,81.3,41.0,"21.0285,105.8542",83.5
2024-01-04 21:06:00,VIN-A1862,25.2,48.3,"11.9404,108.4583",102.4
2024-01-04 21:09:00,VIN-A1863,79.3,94.4,"20.8449,106.6881",105.1
2024-01-04 21:12:00,VIN-A1864,7.8,18.7,"16.0544,108.2022",101.8
2024-01-04 21:15:00,VIN-A1865,23.0,40.9,"11.9404,108.4583",82.7
2024-01-04 21:18:00,VIN-A1866,51.5,65.4,"10.8231,106.6297",100.5
2024-01-04 21:21:00,VIN-A1867,70.5,86.2,"12.2388,109.1967",101.6
2024-01-04 21:24:00,VIN-A1868,39.3,10.1,"12.2388,109.1967",104.9
2024-01-04 21:27:00,VIN-A1869,102.2,97.0,"10.9460,108.4419",78.4
2024-01-04 21:30:00,VIN-A1870,9.8,49.7,"21.0285,105.8542",76.7
2024-01-04 21:33:00,VIN-A1871,46.6,88.8,"11.9404,108.4583",89.9
2024-01-04 21:36:00,VIN-A1872,55.7,35.6,"11.9404,108.4583",91.0
2024-01-04 21:39:00,VIN-A1873,58.0,95.8,"10.9460,108.4419",80.7
2024-01-04 21:42:00,VIN-A1874,48.1,92.5,"10.8231,106.6297",78.3
2024-01-04 21:45:00,VIN-A1875,107.4,47.9,"10.0452,105.7469",85.8
2024-01-04 21:48:00,VIN-A1876,36.7,89.4,"16.0544,108.2022",107.4
2024-01-04 21:51:00,VIN-A1877,44.9,57.3,"16.0544,108.2022",100.1
2024-01-04 21:54:00,VIN-A1878,35.4,54.3,"10.0452,105.7469",93.4
2024-01-04 21:57:00,VIN-A1879,55.8,64.0,"20.8449,106.6881",88.0
2024-01-04 22:00:00,VIN-A1880,51.9,39.9,"10.9460,108.4419",82.7
2024-01-04 22:03:00,VIN-A1881,45.9,22.1,"10.0452,105.7469",80.6
2024-01-04 22:06:00,VIN-A1882,9.1,90.6,"12.2388,109.1967",103.7
2024-01-04 22:09:00,VIN-A1883,61.5,66.1,"12.2388,109.1967",107.1
2024-01-04 22:12:00,VIN-A1884,11.8,11.8,"10.8231,106.6297",91.8
2024-01-04 22:15:00,VIN-A1885,40.1,69.1,"12.2388,109.1967",82.1
2024-01-04 22:18:00,VIN-A1886,97.9,69.9,"12.2388,109.1967",77.6
2024-01-04 22:21:00,VIN-A1887,72.5,18.1,"12.2388,109.1967",70.3
2024-01-04 22:24:00,VIN-A1888,35.9,83.1,"20.8449,106.6881",107.8
2024-01-04 22:27:00,VIN-A1889,98.6,77.0,"10.8231,106.6297",88.9
2024-01-04 22:30:00,VIN-A1890,61.5,77.3,"16.0544,108.2022",104.6
2024-01-04 22:33:00,VIN-A1891,27.3,73.7,"10.0452,105.7469",89.0
2024-01-04 22:36:00,VIN-A1892,61.9,79.7,"10.9460,108.4419",98.9
2024-01-04 22:39:00,VIN-A1893,55.4,80.2,"11.9404,108.4583",103.8
2024-01-04 22:42:00,VIN-A1894,51.5,94.5,"20.8449,106.6881",78.4
2024-01-04 22:45:00,VIN-A1895,54.0,58.1,"11.9404,108.4583",75.6
2024-01-04 22:48:00,VIN-A1896,104.9,34.0,"10.8231,106.6297",90.0
2024-01-04 22:51:00,VIN-A1897,79.1,38.7,"10.0452,105.7469",86.8
2024-01-04 22:54:00,VIN-A1898,82.3,43.3,"12.2388,109.1967",83.0
2024-01-04 22:57:00,VIN-A1899,2.8,79.6,"16.0544,108.2022",76.1
2024-01-04 23:00:00,VIN-A1900,114.3,36.4,"20.8449,106.6881",109.2
2024-01-04 23:03:00,VIN-A1901,24.5,42.1,"20.8449,106.6881",77.5
2024-01-04 23:06:00,VIN-A1902,13.0,59.1,"10.9460,108.4419",95.6
2024-01-04 23:09:00,VIN-A1903,36.6,21.3,"16.0544,108.2022",71.3
2024-01-04 23:12:00,VIN-A1904,82.7,51.4,"16.0544,108.2022",78.0
2024-01-04 23:15:00,VIN-A1905,109.4,41.7,"10.0452,105.7469",79.3
2024-01-04 23:18:00,VIN-A1906,79.1,11.6,"10.8231,106.6297",84.7
2024-01-04 23:21:00,VIN-A1907,1.3,36.0,"20.8449,106.6881",85.6
2024-01-04 23:24:00,VIN-A1908,118.8,17.3,"20.8449,106.6881",89.1
2024-01-04 23:27:00,VIN-A1909,8.3,95.7,"10.0452,105.7469",75.2
2024-01-04 23:30:00,VIN-A1910,24.7,46.1,"10.9460,108.4419",76.4
2024-01-04 23:33:00,VIN-A1911,69.0,34.5,"10.0452,105.7469",90.1
2024-01-04 23:36:00,VIN-A1912,82.2,31.2,"10.8231,106.6297",109.6
2024-01-04 23:39:00,VIN-A1913,53.5,83.3,"10.0452,105.7469",91.0
2024-01-04 23:42:00,VIN-A1914,109.2,88.5,"10.9460,108.4419",88.5
2024-01-04 23:45:00,VIN-A1915,4.7,13.7,"10.9460,108.4419",83.9
2024-01-04 23:48:00,VIN-A1916,101.1,80.3,"20.8449,106.6881",94.5
2024-01-04 23:51:00,VIN-A1917,97.2,21.6,"10.0452,105.7469",77.2
2024-01-04 23:54:00,VIN-A1918,74.1,46.0,"20.8449,106.6881",106.4
2024-01-04 23:57:00,VIN-A1919,22.0,59.0,"20.8449,106.6881",97.9
2024-01-05 00:00:00,VIN-A1920,5.2,89.1,"16.0544,108.2022",81.0
2024-01-05 00:03:00,VIN-A1921,75.4,32.7,"21.0285,105.8542",97.9
2024-01-05 00:06:00,VIN-A1922,86.7,25.6,"10.9460,108.4419",86.5
2024-01-05 00:09:00,VIN-A1923,91.4,16.5,"11.9404,108.4583",73.1
2024-01-05 00:12:00,VIN-A1924,12.6,77.8,"11.9404,108.4583",86.4
2024-01-05 00:15:00,VIN-A1925,19.8,24.7,"10.8231,106.6297",88.5
2024-01-05 00:18:00,VIN-A1926,8.8,71.0,"10.9460,108.4419",85.2
2024-01-05 00:21:00,VIN-A1927,89.5,86.3,"20.8449,106.6881",71.5
2024-01-05 00:24:00,VIN-A1928,30.1,72.4,"16.0544,108.2022",83.1
2024-01-05 00:27:00,VIN-A1929,89.8,51.1,"21.0285,105.8542",73.3
2024-01-05 00:30:00,VIN-A1930,78.8,72.8,"10.9460,108.4419",75.6
2024-01-05 00:33:00,VIN-A1931,98.5,84.9,"16.0544,108.2022",103.5
2024-01-05 00:36:00,VIN-A1932,72.8,21.8,"21.0285,105.8542",91.4
2024-01-05 00:39:00,VIN-A1933,46.9,12.4,"10.8231,106.6297",97.1
2024-01-05 00:42:00,VIN-A1934,18.4,39.0,"10.0452,105.7469",98.6
2024-01-05 00:45:00,VIN-A1935,107.1,55.6,"10.9460,108.4419",97.9
2024-01-05 00:48:00,VIN-A1936,100.4,82.1,"21.0285,105.8542",85.6
2024-01-05 00:51:00,VIN-A1937,37.0,10.0,"10.8231,106.6297",71.9
2024-01-05 00:54:00,VIN-A1938,45.3,24.2,"10.0452,105.7469",85.0
2024-01-05 00:57:00,VIN-A1939,28.6,13.7,"20.8449,106.6881",71.1
2024-01-05 01:00:00,VIN-A1940,1.7,83.0,"21.0285,105.8542",78.8
2024-01-05 01:03:00,VIN-A1941,105.9,80.7,"16.0544,108.2022",99.0
2024-01-05 01:06:00,VIN-A1942,5.3,53.7,"11.9404,108.4583",82.9
2024-01-05 01:09:00,VIN-A1943,75.2,64.3,"20.8449,106.6881",107.6
2024-01-05 01:12:00,VIN-A1944,14.5,25.3,"11.9404,108.4583",82.9
2024-01-05 01:15:00,VIN-A1945,1.8,67.1,"10.8231,106.6297",85.6
2024-01-05 01:18:00,VIN-A1946,55.1,11.3,"12.2388,109.1967",96.0
2024-01-05 01:21:00,VIN-A1947,44.3,11.4,"10.0452,105.7469",86.4
2024-01-05 01:24:00,VIN-A1948,92.1,52.5,"21.0285,105.8542",98.5
2024-01-05 01:27:00,VIN-A1949,95.0,92.6,"16.0544,108.2022",80.1
2024-01-05 01:30:00,VIN-A1950,11.4,35.8,"20.8449,106.6881",97.1
2024-01-05 01:33:00,VIN-A1951,116.7,70.9,"11.9404,108.4583",77.0
2024-01-05 01:36:00,VIN-A1952,91.4,70.3,"10.9460,108.4419",72.7
2024-01-05 01:39:00,VIN-A1953,2.1,91.6,"10.9460,108.4419",85.3
2024-01-05 01:42:00,VIN-A1954,76.9,27.1,"10.8231,106.6297",79.3
2024-01-05 01:45:00,VIN-A1955,74.0,90.2,"12.2388,109.1967",79.5
2024-01-05 01:48:00,VIN-A1956,51.4,28.1,"21.0285,105.8542",72.4
2024-01-05 01:51:00,VIN-A1957,44.9,33.2,"16.0544,108.2022",85.0
2024-01-05 01:54:00,VIN-A1958,77.0,27.6,"10.9460,108.4419",99.6
2024-01-05 01:57:00,VIN-A1959,39.4,31.4,"10.8231,106.6297",90.8
2024-01-05 02:00:00,VIN-A1960,117.3,66.6,"12.2388,109.1967",100.0
2024-01-05 02:03:00,VIN-A1961,27.5,74.6,"11.9404,108.4583",79.7
2024-01-05 02:06:00,VIN-A1962,64.7,91.1,"10.0452,105.7469",102.1
2024-01-05 02:09:00,VIN-A1963,83.6,26.1,"20.8449,106.6881",90.9
2024-01-05 02:12:00,VIN-A1964,22.0,64.8,"21.0285,105.8542",104.8
2024-01-05 02:15:00,VIN-A1965,8.4,23.3,"16.0544,108.2022",107.5
2024-01-05 02:18:00,VIN-A1966,15.1,21.5,"10.0452,105.7469",79.5
2024-01-05 02:21:00,VIN-A1967,9.4,73.9,"12.2388,109.1967",76.6
2024-01-05 02:24:00,VIN-A1968,23.7,45.3,"10.0452,105.7469",82.1
2024-01-05 02:27:00,VIN-A1969,69.2,96.9,"10.0452,105.7469",80.9
2024-01-05 02:30:00,VIN-A1970,93.8,12.6,"11.9404,108.4583",85.9
2024-01-05 02:33:00,VIN-A1971,20.1,46.9,"20.8449,106.6881",100.4
2024-01-05 02:36:00,VIN-A1972,98.4,80.4,"10.8231,106.6297",100.5
2024-01-05 02:39:00,VIN-A1973,51.3,12.9,"12.2388,109.1967",93.8
2024-01-05 02:42:00,VIN-A1974,18.3,74.0,"12.2388,109.1967",85.2
2024-01-05 02:45:00,VIN-A1975,36.7,31.9,"10.9460,108.4419",72.9
2024-01-05 02:48:00,VIN-A1976,16.4,49.6,"16.0544,108.2022",106.6
2024-01-05 02:51:00,VIN-A1977,0.5,86.9,"11.9404,108.4583",89.7
2024-01-05 02:54:00,VIN-A1978,111.1,94.3,"11.9404,108.4583",85.4
2024-01-05 02:57:00,VIN-A1979,36.9,98.8,"21.0285,105.8542",86.4
2024-01-05 03:00:00,VIN-A1980,4.7,92.6,"20.8449,106.6881",107.3
2024-01-05 03:03:00,VIN-A1981,19.5,77.5,"12.2388,109.1967",100.9
2024-01-05 03:06:00,VIN-A1982,90.2,38.1,"10.9460,108.4419",95.4
2024-01-05 03:09:00,VIN-A1983,44.2,10.5,"20.8449,106.6881",107.1
2024-01-05 03:12:00,VIN-A1984,88.3,28.0,"10.8231,106.6297",106.9
2024-01-05 03:15:00,VIN-A1985,43.4,72.1,"10.8231,106.6297",97.9
2024-01-05 03:18:00,VIN-A1986,77.4,29.8,"10.9460,108.4419",107.8
2024-01-05 03:21:00,VIN-A1987,17.7,28.5,"16.0544,108.2022",70.5
2024-01-05 03:24:00,VIN-A1988,92.5,66.2,"20.8449,106.6881",85.9
2024-01-05 03:27:00,VIN-A1989,70.3,90.6,"10.0452,105.7469",105.0
2024-01-05 03:30:00,VIN-A1990,19.9,45.6,"12.2388,109.1967",90.0
2024-01-05 03:33:00,VIN-A1991,64.0,89.2,"12.2388,109.1967",99.4
2024-01-05 03:36:00,VIN-A1992,90.3,92.8,"21.0285,105.8542",74.4
2024-01-05 03:39:00,VIN-A1993,68.7,80.8,"16.0544,108.2022",80.8
2024-01-05 03:42:00,VIN-A1994,25.1,76.1,"12.2388,109.1967",70.3
2024-01-05 03:45:00,VIN-A1995,20.2,51.7,"21.0285,105.8542",72.8
2024-01-05 03:48:00,VIN-A1996,83.6,54.9,"12.2388,109.1967",99.3
2024-01-05 03:51:00,VIN-A1997,20.5,40.6,"16.0544,108.2022",77.9
2024-01-05 03:54:00,VIN-A1998,21.8,95.1,"10.9460,108.4419",92.7
2024-01-05 03:57:00,VIN-A1999,25.5,24.1,"16.0544,108.2022",102.4
2024-01-05 04:00:00,VIN-A2000,23.0,98.4,"20.8449,106.6881",87.6
2024-01-05 04:03:00,VIN-A2001,109.6,15.4,"16.0544,108.2022",73.2
2024-01-05 04:06:00,VIN-A2002,10.3,16.8,"21.0285,105.8542",83.7
2024-01-05 04:09:00,VIN-A2003,70.3,50.4,"21.0285,105.8542",70.4
2024-01-05 04:12:00,VIN-A2004,31.9,95.7,"10.8231,106.6297",73.9
2024-01-05 04:15:00,VIN-A2005,62.7,5.7,"12.2388,109.1967",107.3
2024-01-05 04:18:00,VIN-A2006,56.8,37.0,"20.8449,106.6881",83.5
2024-01-05 04:21:00,VIN-A2007,81.8,37.6,"11.9404,108.4583",102.7
2024-01-05 04:24:00,VIN-A2008,112.9,68.2,"20.8449,106.6881",94.4
2024-01-05 04:27:00,VIN-A2009,117.0,87.9,"21.0285,105.8542",70.1
2024-01-05 04:30:00,VIN-A2010,104.5,43.2,"16.0544,108.2022",71.0
2024-01-05 04:33:00,VIN-A2011,14.7,55.4,"10.0452,105.7469",84.7
2024-01-05 04:36:00,VIN-A2012,74.2,67.6,"10.9460,108.4419",90.6
2024-01-05 04:39:00,VIN-A2013,79.2,5.3,"11.9404,108.4583",70.7
2024-01-05 04:42:00,VIN-A2014,43.2,9.3,"11.9404,108.4583",97.1
2024-01-05 04:45:00,VIN-A2015,28.0,51.0,"21.0285,105.8542",83.9
2024-01-05 04:48:00,VIN-A2016,112.7,94.4,"10.9460,108.4419",109.5
2024-01-05 04:51:00,VIN-A2017,102.9,91.0,"20.8449,106.6881",81.8
2024-01-05 04:54:00,VIN-A2018,23.4,18.6,"10.8231,106.6297",75.1
2024-01-05 04:57:00,VIN-A2019,95.6,33.6,"10.9460,108.4419",76.7
2024-01-05 05:00:00,VIN-A2020,53.6,16.0,"10.0452,105.7469",79.7
2024-01-05 05:03:00,VIN-A2021,20.5,94.7,"21.0285,105.8542",74.2
2024-01-05 05:06:00,VIN-A2022,119.2,7.8,"11.9404,108.4583",106.1
2024-01-05 05:09:00,VIN-A2023,92.0,25.9,"12.2388,109.1967",96.6
2024-01-05 05:12:00,VIN-A2024,114.2,68.7,"16.0544,108.2022",106.9
2024-01-05 05:15:00,VIN-A2025,76.0,51.7,"11.9404,108.4583",104.9
2024-01-05 05:18:00,VIN-A2026,111.8,77.8,"21.0285,105.8542",95.8
2024-01-05 05:21:00,VIN-A2027,45.2,73.2,"20.8449,106.6881",96.2
2024-01-05 05:24:00,VIN-A2028,94.2,96.8,"20.8449,106.6881",102.3
2024-01-05 05:27:00,VIN-A2029,26.8,16.0,"21.0285,105.8542",74.5
2024-01-05 05:30:00,VIN-A2030,40.8,61.3,"10.0452,105.7469",99.8
2024-01-05 05:33:00,VIN-A2031,13.9,39.9,"11.9404,108.4583",108.2
2024-01-05 05:36:00,VIN-A2032,69.2,5.2,"10.8231,106.6297",93.6
2024-01-05 05:39:00,VIN-A2033,22.8,41.9,"20.8449,106.6881",82.8
2024-01-05 05:42:00,VIN-A2034,43.8,69.5,"16.0544,108.2022",90.8
2024-01-05 05:45:00,VIN-A2035,72.2,26.1,"20.8449,106.6881",70.4
2024-01-05 05:48:00,VIN-A2036,102.3,35.0,"12.2388,109.1967",103.5
2024-01-05 05:51:00,VIN-A2037,60.0,48.3,"12.2388,109.1967",75.8
2024-01-05 05:54:00,VIN-A2038,79.8,81.1,"10.8231,106.6297",94.0
2024-01-05 05:57:00,VIN-A2039,37.1,99.1,"21.0285,105.8542",80.9
2024-01-05 06:00:00,VIN-A2040,101.7,59.5,"10.0452,105.7469",89.8
2024-01-05 06:03:00,VIN-A2041,84.5,40.8,"11.9404,108.4583",76.1
2024-01-05 06:06:00,VIN-A2042,86.0,85.6,"10.0452,105.7469",98.0
2024-01-05 06:09:00,VIN-A2043,6.3,87.2,"16.0544,108.2022",104.3
2024-01-05 06:12:00,VIN-A2044,87.3,33.4,"16.0544,108.2022",109.6
2024-01-05 06:15:00,VIN-A2045,65.8,37.1,"10.9460,108.4419",109.6
2024-01-05 06:18:00,VIN-A2046,90.9,42.2,"12.2388,109.1967",81.3
2024-01-05 06:21:00,VIN-A2047,110.8,71.6,"20.8449,106.6881",73.9
2024-01-05 06:24:00,VIN-A2048,38.8,80.2,"10.8231,106.6297",104.0
2024-01-05 06:27:00,VIN-A2049,85.2,48.5,"16.0544,108.2022",93.1
2024-01-05 06:30:00,VIN-A2050,53.0,50.8,"16.0544,108.2022",78.4
2024-01-05 06:33:00,VIN-A2051,96.5,23.6,"10.8231,106.6297",84.5
2024-01-05 06:36:00,VIN-A2052,102.7,14.7,"16.0544,108.2022",85.1
2024-01-05 06:39:00,VIN-A2053,117.9,69.5,"16.0544,108.2022",107.0
2024-01-05 06:42:00,VIN-A2054,11.5,97.5,"16.0544,108.2022",107.8
2024-01-05 06:45:00,VIN-A2055,14.1,54.0,"11.9404,108.4583",93.7
2024-01-05 06:48:00,VIN-A2056,116.4,64.6,"20.8449,106.6881",79.8
2024-01-05 06:51:00,VIN-A2057,14.3,42.7,"12.2388,109.1967",97.5
2024-01-05 06:54:00,VIN-A2058,114.5,67.0,"20.8449,106.6881",101.0
2024-01-05 06:57:00,VIN-A2059,118.9,68.7,"21.0285,105.8542",101.1
2024-01-05 07:00:00,VIN-A2060,103.8,66.8,"12.2388,109.1967",95.3
2024-01-05 07:03:00,VIN-A2061,53.4,6.1,"21.0285,105.8542",73.3
2024-01-05 07:06:00,VIN-A2062,58.7,68.5,"10.0452,105.7469",70.9
2024-01-05 07:09:00,VIN-A2063,68.8,59.4,"12.2388,109.1967",97.7
2024-01-05 07:12:00,VIN-A2064,11.3,61.3,"20.8449,106.6881",89.4
2024-01-05 07:15:00,VIN-A2065,77.4,46.2,"16.0544,108.2022",74.0
2024-01-05 07:18:00,VIN-A2066,7.6,91.3,"16.0544,108.2022",86.2
2024-01-05 07:21:00,VIN-A2067,84.1,42.4,"10.9460,108.4419",72.6
2024-01-05 07:24:00,VIN-A2068,100.5,56.2,"21.0285,105.8542",100.1
2024-01-05 07:27:00,VIN-A2069,24.9,67.6,"21.0285,105.8542",77.2
2024-01-05 07:30:00,VIN-A2070,71.9,22.1,"10.9460,108.4419",102.0
2024-01-05 07:33:00,VIN-A2071,14.8,17.2,"10.0452,105.7469",96.1
2024-01-05 07:36:00,VIN-A2072,10.5,29.4,"10.8231,106.6297",73.4
2024-01-05 07:39:00,VIN-A2073,15.0,33.4,"16.0544,108.2022",86.9
2024-01-05 07:42:00,VIN-A2074,113.4,5.0,"12.2388,109.1967",71.8
2024-01-05 07:45:00,VIN-A2075,113.5,90.9,"12.2388,109.1967",96.4
2024-01-05 07:48:00,VIN-A2076,53.4,59.8,"11.9404,108.4583",90.9
2024-01-05 07:51:00,VIN-A2077,118.3,38.5,"10.0452,105.7469",97.5
2024-01-05 07:54:00,VIN-A2078,79.5,9.2,"10.8231,106.6297",77.5
2024-01-05 07:57:00,VIN-A2079,36.0,84.1,"16.0544,108.2022",94.1
2024-01-05 08:00:00,VIN-A2080,25.9,39.1,"16.0544,108.2022",99.2
2024-01-05 08:03:00,VIN-A2081,50.6,57.2,"12.2388,109.1967",85.3
2024-01-05 08:06:00,VIN-A2082,108.4,43.0,"21.0285,105.8542",107.8
2024-01-05 08:09:00,VIN-A2083,81.2,94.3,"16.0544,108.2022",91.4
2024-01-05 08:12:00,VIN-A2084,8.5,74.6,"10.0452,105.7469",98.6
2024-01-05 08:15:00,VIN-A2085,67.6,66.5,"16.0544,108.2022",86.8
2024-01-05 08:18:00,VIN-A2086,18.4,99.3,"20.8449,106.6881",85.2
2024-01-05 08:21:00,VIN-A2087,115.7,28.5,"12.2388,109.1967",75.0
2024-01-05 08:24:00,VIN-A2088,13.2,57.1,"21.0285,105.8542",83.2
2024-01-05 08:27:00,VIN-A2089,10.7,91.4,"12.2388,109.1967",75.9
2024-01-05 08:30:00,VIN-A2090,95.8,31.0,"21.0285,105.8542",85.1
2024-01-05 08:33:00,VIN-A2091,116.3,41.0,"21.0285,105.8542",101.3
2024-01-05 08:36:00,VIN-A2092,14.8,55.0,"12.2388,109.1967",93.6
2024-01-05 08:39:00,VIN-A2093,96.8,14.1,"11.9404,108.4583",98.0
2024-01-05 08:42:00,VIN-A2094,103.8,57.4,"21.0285,105.8542",105.9
2024-01-05 08:45:00,VIN-A2095,20.5,94.9,"20.8449,106.6881",77.2
2024-01-05 08:48:00,VIN-A2096,96.7,69.4,"20.8449,106.6881",89.1
2024-01-05 08:51:00,VIN-A2097,15.3,5.9,"16.0544,108.2022",96.3
2024-01-05 08:54:00,VIN-A2098,17.1,58.9,"12.2388,109.1967",72.1
2024-01-05 08:57:00,VIN-A2099,87.1,97.6,"10.0452,105.7469",97.1
2024-01-05 09:00:00,VIN-A2100,50.2,48.5,"10.9460,108.4419",109.4
2024-01-05 09:03:00,VIN-A2101,95.8,52.7,"12.2388,109.1967",108.1
2024-01-05 09:06:00,VIN-A2102,62.5,73.3,"10.0452,105.7469",82.2
2024-01-05 09:09:00,VIN-A2103,103.0,95.0,"20.8449,106.6881",100.8
2024-01-05 09:12:00,VIN-A2104,101.4,65.3,"21.0285,105.8542",99.2
2024-01-05 09:15:00,VIN-A2105,113.4,20.7,"10.8231,106.6297",73.4
2024-01-05 09:18:00,VIN-A2106,34.3,93.3,"10.8231,106.6297",108.5
2024-01-05 09:21:00,VIN-A2107,50.9,53.3,"16.0544,108.2022",89.2
2024-01-05 09:24:00,VIN-A2108,61.8,99.8,"21.0285,105.8542",86.2
2024-01-05 09:27:00,VIN-A2109,74.0,91.5,"10.8231,106.6297",98.6
2024-01-05 09:30:00,VIN-A2110,84.3,76.2,"10.0452,105.7469",109.8
2024-01-05 09:33:00,VIN-A2111,79.3,92.4,"10.8231,106.6297",94.3
2024-01-05 09:36:00,VIN-A2112,115.8,69.1,"10.0452,105.7469",77.0
2024-01-05 09:39:00,VIN-A2113,44.0,17.7,"11.9404,108.4583",108.1
2024-01-05 09:42:00,VIN-A2114,50.7,41.0,"11.9404,108.4583",108.8
2024-01-05 09:45:00,VIN-A2115,40.6,69.5,"21.0285,105.8542",81.6
2024-01-05 09:48:00,VIN-A2116,58.0,30.2,"10.8231,106.6297",99.5
2024-01-05 09:51:00,VIN-A2117,68.3,25.7,"12.2388,109.1967",107.2
2024-01-05 09:54:00,VIN-A2118,115.1,54.0,"10.8231,106.6297",107.4
2024-01-05 09:57:00,VIN-A2119,107.1,85.6,"10.8231,106.6297",84.2
2024-01-05 10:00:00,VIN-A2120,73.9,36.2,"11.9404,108.4583",74.3
2024-01-05 10:03:00,VIN-A2121,42.0,73.6,"20.8449,106.6881",84.2
2024-01-05 10:06:00,VIN-A2122,12.2,51.7,"21.0285,105.8542",91.2
2024-01-05 10:09:00,VIN-A2123,107.8,44.0,"10.9460,108.4419",70.3
2024-01-05 10:12:00,VIN-A2124,92.3,28.8,"10.9460,108.4419",85.8
2024-01-05 10:15:00,VIN-A2125,35.9,45.7,"16.0544,108.2022",91.5
2024-01-05 10:18:00,VIN-A2126,32.3,99.0,"10.9460,108.4419",76.5
2024-01-05 10:21:00,VIN-A2127,42.4,46.2,"11.9404,108.4583",105.3
2024-01-05 10:24:00,VIN-A2128,85.1,15.5,"12.2388,109.1967",71.6
2024-01-05 10:27:00,VIN-A2129,47.3,75.7,"10.8231,106.6297",76.4
2024-01-05 10:30:00,VIN-A2130,23.9,50.5,"12.2388,109.1967",74.8
2024-01-05 10:33:00,VIN-A2131,58.7,52.1,"16.0544,108.2022",83.0
2024-01-05 10:36:00,VIN-A2132,91.7,88.8,"20.8449,106.6881",75.3
2024-01-05 10:39:00,VIN-A2133,114.9,80.3,"16.0544,108.2022",76.2
2024-01-05 10:42:00,VIN-A2134,60.0,77.9,"10.0452,105.7469",72.1
2024-01-05 10:45:00,VIN-A2135,99.6,45.8,"10.8231,106.6297",87.4
2024-01-05 10:48:00,VIN-A2136,34.7,51.2,"20.8449,106.6881",79.9
2024-01-05 10:51:00,VIN-A2137,18.3,53.6,"10.0452,105.7469",81.2
2024-01-05 10:54:00,VIN-A2138,13.8,30.0,"10.0452,105.7469",96.7
2024-01-05 10:57:00,VIN-A2139,51.5,50.0,"21.0285,105.8542",98.0
2024-01-05 11:00:00,VIN-A2140,60.3,22.2,"16.0544,108.2022",79.2
2024-01-05 11:03:00,VIN-A2141,15.9,8.6,"10.0452,105.7469",107.2
2024-01-05 11:06:00,VIN-A2142,51.2,63.6,"21.0285,105.8542",104.6
2024-01-05 11:09:00,VIN-A2143,45.6,54.9,"10.0452,105.7469",78.9
2024-01-05 11:12:00,VIN-A2144,51.1,10.8,"20.8449,106.6881",95.8
2024-01-05 11:15:00,VIN-A2145,36.5,30.6,"12.2388,109.1967",107.7
2024-01-05 11:18:00,VIN-A2146,85.4,28.5,"10.8231,106.6297",77.3
2024-01-05 11:21:00,VIN-A2147,0.1,67.7,"11.9404,108.4583",78.5
2024-01-05 11:24:00,VIN-A2148,56.6,91.3,"21.0285,105.8542",87.2
2024-01-05 11:27:00,VIN-A2149,30.3,51.7,"11.9404,108.4583",82.2
2024-01-05 11:30:00,VIN-A2150,11.6,6.3,"16.0544,108.2022",83.2
2024-01-05 11:33:00,VIN-A2151,89.0,39.3,"11.9404,108.4583",79.5
2024-01-05 11:36:00,VIN-A2152,33.1,60.5,"21.0285,105.8542",105.5
2024-01-05 11:39:00,VIN-A2153,15.7,75.5,"21.0285,105.8542",71.6
2024-01-05 11:42:00,VIN-A2154,116.2,89.0,"10.0452,105.7469",77.7
2024-01-05 11:45:00,VIN-A2155,53.5,14.4,"11.9404,108.4583",82.1
2024-01-05 11:48:00,VIN-A2156,56.9,77.3,"16.0544,108.2022",71.8
2024-01-05 11:51:00,VIN-A2157,23.0,57.3,"12.2388,109.1967",105.7
2024-01-05 11:54:00,VIN-A2158,91.1,85.4,"11.9404,108.4583",105.8
2024-01-05 11:57:00,VIN-A2159,53.8,73.1,"20.8449,106.6881",72.7
2024-01-05 12:00:00,VIN-A2160,50.3,93.5,"10.8231,106.6297",76.7
2024-01-05 12:03:00,VIN-A2161,32.9,96.9,"12.2388,109.1967",71.8
2024-01-05 12:06:00,VIN-A2162,67.9,80.5,"10.0452,105.7469",99.6
2024-01-05 12:09:00,VIN-A2163,47.7,70.0,"21.0285,105.8542",76.6
2024-01-05 12:12:00,VIN-A2164,90.1,41.5,"20.8449,106.6881",86.0
2024-01-05 12:15:00,VIN-A2165,32.6,22.5,"16.0544,108.2022",92.9
2024-01-05 12:18:00,VIN-A2166,71.1,5.8,"10.9460,108.4419",90.2
2024-01-05 12:21:00,VIN-A2167,86.5,29.6,"10.0452,105.7469",81.9
2024-01-05 12:24:00,VIN-A2168,32.2,16.3,"10.0452,105.7469",71.8
2024-01-05 12:27:00,VIN-A2169,28.6,8.7,"16.0544,108.2022",107.7
2024-01-05 12:30:00,VIN-A2170,33.3,17.6,"10.8231,106.6297",95.7
2024-01-05 12:33:00,VIN-A2171,29.9,83.2,"21.0285,105.8542",70.1
2024-01-05 12:36:00,VIN-A2172,41.7,62.5,"11.9404,108.4583",83.0
2024-01-05 12:39:00,VIN-A2173,113.6,89.0,"12.2388,109.1967",98.9
2024-01-05 12:42:00,VIN-A2174,49.0,63.1,"11.9404,108.4583",109.4
2024-01-05 12:45:00,VIN-A2175,75.1,6.0,"11.9404,108.4583",78.8
2024-01-05 12:48:00,VIN-A2176,115.8,21.8,"10.8231,106.6297",91.5
2024-01-05 12:51:00,VIN-A2177,117.5,78.9,"21.0285,105.8542",98.9
2024-01-05 12:54:00,VIN-A2178,82.6,94.8,"12.2388,109.1967",104.8
2024-01-05 12:57:00,VIN-A2179,76.1,57.3,"10.9460,108.4419",78.8
2024-01-05 13:00:00,VIN-A2180,32.3,60.3,"20.8449,106.6881",76.2
2024-01-05 13:03:00,VIN-A2181,27.8,74.0,"11.9404,108.4583",75.9
2024-01-05 13:06:00,VIN-A2182,57.5,52.1,"10.9460,108.4419",77.4
2024-01-05 13:09:00,VIN-A2183,103.5,22.9,"10.9460,108.4419",107.7
2024-01-05 13:12:00,VIN-A2184,21.6,31.8,"12.2388,109.1967",76.5
2024-01-05 13:15:00,VIN-A2185,21.3,42.4,"10.0452,105.7469",72.8
2024-01-05 13:18:00,VIN-A2186,8.6,28.3,"20.8449,106.6881",74.0
2024-01-05 13:21:00,VIN-A2187,63.2,74.0,"10.8231,106.6297",94.1
2024-01-05 13:24:00,VIN-A2188,45.3,7.0,"10.8231,106.6297",100.5
2024-01-05 13:27:00,VIN-A2189,77.3,9.2,"10.0452,105.7469",100.8
2024-01-05 13:30:00,VIN-A2190,32.1,94.2,"10.8231,106.6297",101.7
2024-01-05 13:33:00,VIN-A2191,1.1,80.2,"11.9404,108.4583",104.1
2024-01-05 13:36:00,VIN-A2192,10.2,18.2,"10.9460,108.4419",102.6
2024-01-05 13:39:00,VIN-A2193,36.9,50.5,"10.0452,105.7469",72.2
2024-01-05 13:42:00,VIN-A2194,83.0,64.6,"21.0285,105.8542",70.8
2024-01-05 13:45:00,VIN-A2195,5.3,56.7,"21.0285,105.8542",90.5
2024-01-05 13:48:00,VIN-A2196,100.4,18.5,"10.0452,105.7469",71.0
2024-01-05 13:51:00,VIN-A2197,51.3,19.0,"12.2388,109.1967",79.0
2024-01-05 13:54:00,VIN-A2198,105.5,41.6,"21.0285,105.8542",89.7
2024-01-05 13:57:00,VIN-A2199,118.9,26.3,"12.2388,109.1967",84.3
2024-01-05 14:00:00,VIN-A2200,73.9,16.2,"21.0285,105.8542",105.8
2024-01-05 14:03:00,VIN-A2201,72.5,21.9,"11.9404,108.4583",94.0
2024-01-05 14:06:00,VIN-A2202,81.5,19.3,"12.2388,109.1967",95.0
2024-01-05 14:09:00,VIN-A2203,34.4,88.2,"12.2388,109.1967",106.6
2024-01-05 14:12:00,VIN-A2204,79.4,93.6,"21.0285,105.8542",101.6
2024-01-05 14:15:00,VIN-A2205,103.4,97.9,"16.0544,108.2022",82.8
2024-01-05 14:18:00,VIN-A2206,46.9,73.5,"10.9460,108.4419",102.6
2024-01-05 14:21:00,VIN-A2207,13.6,45.6,"12.2388,109.1967",75.8
2024-01-05 14:24:00,VIN-A2208,38.8,17.1,"20.8449,106.6881",84.1
2024-01-05 14:27:00,VIN-A2209,59.3,50.7,"20.8449,106.6881",94.1
2024-01-05 14:30:00,VIN-A2210,76.4,18.1,"10.0452,105.7469",85.3
2024-01-05 14:33:00,VIN-A2211,65.9,56.2,"10.9460,108.4419",91.3
2024-01-05 14:36:00,VIN-A2212,98.6,41.5,"20.8449,106.6881",91.1
2024-01-05 14:39:00,VIN-A2213,93.2,82.1,"10.0452,105.7469",98.1
2024-01-05 14:42:00,VIN-A2214,28.2,5.3,"10.8231,106.6297",84.5
2024-01-05 14:45:00,VIN-A2215,56.9,17.7,"21.0285,105.8542",72.4
2024-01-05 14:48:00,VIN-A2216,41.9,85.6,"16.0544,108.2022",81.8
2024-01-05 14:51:00,VIN-A2217,17.3,86.1,"20.8449,106.6881",79.7
2024-01-05 14:54:00,VIN-A2218,99.3,10.3,"16.0544,108.2022",74.7
2024-01-05 14:57:00,VIN-A2219,83.5,18.6,"10.8231,106.6297",97.8
2024-01-05 15:00:00,VIN-A2220,51.0,10.1,"21.0285,105.8542",96.5
2024-01-05 15:03:00,VIN-A2221,8.9,84.6,"16.0544,108.2022",71.2
2024-01-05 15:06:00,VIN-A2222,43.8,12.5,"21.0285,105.8542",70.5
2024-01-05 15:09:00,VIN-A2223,99.7,44.6,"16.0544,108.2022",88.8
2024-01-05 15:12:00,VIN-A2224,16.8,55.1,"12.2388,109.1967",88.8
2024-01-05 15:15:00,VIN-A2225,86.7,47.2,"10.8231,106.6297",81.5
2024-01-05 15:18:00,VIN-A2226,18.7,88.7,"10.8231,106.6297",94.2
2024-01-05 15:21:00,VIN-A2227,20.8,20.2,"20.8449,106.6881",103.3
2024-01-05 15:24:00,VIN-A2228,81.6,88.2,"12.2388,109.1967",106.8
2024-01-05 15:27:00,VIN-A2229,60.2,72.4,"20.8449,106.6881",107.3
2024-01-05 15:30:00,VIN-A2230,32.6,13.7,"20.8449,106.6881",109.1
2024-01-05 15:33:00,VIN-A2231,15.0,25.1,"10.8231,106.6297",78.8
2024-01-05 15:36:00,VIN-A2232,22.0,75.9,"21.0285,105.8542",102.7
2024-01-05 15:39:00,VIN-A2233,56.2,34.8,"20.8449,106.6881",103.1
2024-01-05 15:42:00,VIN-A2234,19.8,81.3,"20.8449,106.6881",77.8
2024-01-05 15:45:00,VIN-A2235,13.0,12.4,"11.9404,108.4583",71.1
2024-01-05 15:48:00,VIN-A2236,33.9,56.4,"21.0285,105.8542",78.5
2024-01-05 15:51:00,VIN-A2237,1.3,91.4,"10.0452,105.7469",92.1
2024-01-05 15:54:00,VIN-A2238,76.6,8.1,"12.2388,109.1967",73.4
2024-01-05 15:57:00,VIN-A2239,68.4,9.3,"10.9460,108.4419",71.8
2024-01-05 16:00:00,VIN-A2240,37.7,94.6,"10.8231,106.6297",109.2
2024-01-05 16:03:00,VIN-A2241,90.2,96.1,"10.0452,105.7469",82.6
2024-01-05 16:06:00,VIN-A2242,46.9,38.8,"16.0544,108.2022",98.1
2024-01-05 16:09:00,VIN-A2243,11.7,43.7,"21.0285,105.8542",90.1
2024-01-05 16:12:00,VIN-A2244,93.0,7.3,"20.8449,106.6881",89.1
2024-01-05 16:15:00,VIN-A2245,104.3,8.6,"16.0544,108.2022",76.1
2024-01-05 16:18:00,VIN-A2246,55.6,89.1,"21.0285,105.8542",108.1
2024-01-05 16:21:00,VIN-A2247,27.8,25.5,"16.0544,108.2022",100.8
2024-01-05 16:24:00,VIN-A2248,19.3,96.5,"11.9404,108.4583",87.9
2024-01-05 16:27:00,VIN-A2249,15.7,32.6,"20.8449,106.6881",71.6
2024-01-05 16:30:00,VIN-A2250,85.5,69.9,"10.0452,105.7469",78.4
2024-01-05 16:33:00,VIN-A2251,73.2,12.1,"16.0544,108.2022",92.7
2024-01-05 16:36:00,VIN-A2252,119.3,14.3,"10.8231,106.6297",75.7
2024-01-05 16:39:00,VIN-A2253,104.5,57.0,"21.0285,105.8542",90.0
2024-01-05 16:42:00,VIN-A2254,54.6,21.1,"12.2388,109.1967",76.5
2024-01-05 16:45:00,VIN-A2255,33.6,39.5,"21.0285,105.8542",72.8
2024-01-05 16:48:00,VIN-A2256,85.3,48.8,"10.9460,108.4419",109.1
2024-01-05 16:51:00,VIN-A2257,91.6,47.0,"16.0544,108.2022",107.6
2024-01-05 16:54:00,VIN-A2258,116.6,51.4,"11.9404,108.4583",104.4
2024-01-05 16:57:00,VIN-A2259,48.1,86.4,"16.0544,108.2022",87.6
2024-01-05 17:00:00,VIN-A2260,61.5,64.3,"11.9404,108.4583",84.9
2024-01-05 17:03:00,VIN-A2261,81.9,53.1,"12.2388,109.1967",105.1
2024-01-05 17:06:00,VIN-A2262,118.9,9.1,"10.8231,106.6297",99.6
2024-01-05 17:09:00,VIN-A2263,29.4,83.0,"10.8231,106.6297",76.2
2024-01-05 17:12:00,VIN-A2264,12.6,40.7,"20.8449,106.6881",104.2
2024-01-05 17:15:00,VIN-A2265,26.8,88.0,"21.0285,105.8542",84.0
2024-01-05 17:18:00,VIN-A2266,56.2,55.8,"10.9460,108.4419",74.4
2024-01-05 17:21:00,VIN-A2267,21.6,15.3,"20.8449,106.6881",100.7
2024-01-05 17:24:00,VIN-A2268,23.9,36.2,"11.9404,108.4583",83.7
2024-01-05 17:27:00,VIN-A2269,72.5,25.2,"10.9460,108.4419",74.6
2024-01-05 17:30:00,VIN-A2270,54.5,56.8,"10.9460,108.4419",75.8
2024-01-05 17:33:00,VIN-A2271,25.6,59.0,"20.8449,106.6881",72.5
2024-01-05 17:36:00,VIN-A2272,97.0,80.0,"10.9460,108.4419",78.5
2024-01-05 17:39:00,VIN-A2273,25.4,7.2,"20.8449,106.6881",80.8
2024-01-05 17:42:00,VIN-A2274,76.3,12.9,"21.0285,105.8542",81.0
2024-01-05 17:45:00,VIN-A2275,9.8,88.0,"10.9460,108.4419",104.9
2024-01-05 17:48:00,VIN-A2276,63.0,68.6,"12.2388,109.1967",77.4
2024-01-05 17:51:00,VIN-A2277,6.4,90.0,"20.8449,106.6881",83.7
2024-01-05 17:54:00,VIN-A2278,90.4,20.6,"11.9404,108.4583",107.7
2024-01-05 17:57:00,VIN-A2279,57.8,55.9,"16.0544,108.2022",108.6
2024-01-05 18:00:00,VIN-A2280,52.4,91.7,"20.8449,106.6881",102.9
2024-01-05 18:03:00,VIN-A2281,67.3,89.9,"10.0452,105.7469",73.1
2024-01-05 18:06:00,VIN-A2282,80.2,63.6,"11.9404,108.4583",96.6
2024-01-05 18:09:00,VIN-A2283,98.8,74.8,"11.9404,108.4583",70.6
2024-01-05 18:12:00,VIN-A2284,107.6,93.7,"10.9460,108.4419",104.6
2024-01-05 18:15:00,VIN-A2285,13.6,97.1,"20.8449,106.6881",80.5
2024-01-05 18:18:00,VIN-A2286,86.7,98.9,"16.0544,108.2022",95.4
2024-01-05 18:21:00,VIN-A2287,76.7,59.9,"10.8231,106.6297",78.7
2024-01-05 18:24:00,VIN-A2288,117.5,44.9,"16.0544,108.2022",94.0
2024-01-05 18:27:00,VIN-A2289,25.9,24.9,"10.0452,105.7469",108.9
2024-01-05 18:30:00,VIN-A2290,69.2,6.4,"11.9404,108.4583",70.6
2024-01-05 18:33:00,VIN-A2291,107.6,52.7,"21.0285,105.8542",98.0
2024-01-05 18:36:00,VIN-A2292,77.9,48.3,"20.8449,106.6881",84.1
2024-01-05 18:39:00,VIN-A2293,99.4,45.5,"11.9404,108.4583",74.5
2024-01-05 18:42:00,VIN-A2294,21.1,45.7,"16.0544,108.2022",92.1
2024-01-05 18:45:00,VIN-A2295,19.5,46.4,"12.2388,109.1967",103.8
2024-01-05 18:48:00,VIN-A2296,82.6,46.6,"12.2388,109.1967",98.1
2024-01-05 18:51:00,VIN-A2297,112.5,91.1,"21.0285,105.8542",109.8
2024-01-05 18:54:00,VIN-A2298,96.7,14.9,"10.8231,106.6297",94.7
2024-01-05 18:57:00,VIN-A2299,49.4,52.2,"21.0285,105.8542",95.3
2024-01-05 19:00:00,VIN-A2300,60.4,81.6,"12.2388,109.1967",104.1
2024-01-05 19:03:00,VIN-A2301,25.4,78.8,"20.8449,106.6881",74.6
2024-01-05 19:06:00,VIN-A2302,102.8,95.3,"11.9404,108.4583",108.7
2024-01-05 19:09:00,VIN-A2303,109.7,44.2,"20.8449,106.6881",70.3
2024-01-05 19:12:00,VIN-A2304,45.0,26.3,"12.2388,109.1967",80.7
2024-01-05 19:15:00,VIN-A2305,79.0,34.2,"20.8449,106.6881",96.9
2024-01-05 19:18:00,VIN-A2306,0.5,91.4,"10.8231,106.6297",70.6
2024-01-05 19:21:00,VIN-A2307,18.4,40.6,"11.9404,108.4583",83.4
2024-01-05 19:24:00,VIN-A2308,115.1,99.3,"10.0452,105.7469",92.2
2024-01-05 19:27:00,VIN-A2309,47.0,63.5,"20.8449,106.6881",103.1
2024-01-05 19:30:00,VIN-A2310,96.2,59.9,"16.0544,108.2022",107.6
2024-01-05 19:33:00,VIN-A2311,46.8,74.2,"20.8449,106.6881",106.2
2024-01-05 19:36:00,VIN-A2312,62.1,46.6,"21.0285,105.8542",98.4
2024-01-05 19:39:00,VIN-A2313,15.2,16.2,"20.8449,106.6881",103.7
2024-01-05 19:42:00,VIN-A2314,75.3,29.7,"16.0544,108.2022",107.9
2024-01-05 19:45:00,VIN-A2315,24.5,13.9,"20.8449,106.6881",70.5
2024-01-05 19:48:00,VIN-A2316,92.4,19.5,"21.0285,105.8542",92.9
2024-01-05 19:51:00,VIN-A2317,3.0,74.7,"10.9460,108.4419",95.4
2024-01-05 19:54:00,VIN-A2318,93.3,22.7,"10.0452,105.7469",81.9
2024-01-05 19:57:00,VIN-A2319,64.3,28.3,"20.8449,106.6881",100.8
2024-01-05 20:00:00,VIN-A2320,79.1,31.1,"16.0544,108.2022",95.1
2024-01-05 20:03:00,VIN-A2321,76.6,60.0,"21.0285,105.8542",74.4
2024-01-05 20:06:00,VIN-A2322,111.3,16.7,"16.0544,108.2022",81.3
2024-01-05 20:09:00,VIN-A2323,107.4,13.8,"10.9460,108.4419",103.8
2024-01-05 20:12:00,VIN-A2324,109.5,24.8,"21.0285,105.8542",89.6
2024-01-05 20:15:00,VIN-A2325,2.6,12.0,"21.0285,105.8542",78.4
2024-01-05 20:18:00,VIN-A2326,50.4,89.5,"10.9460,108.4419",102.3
2024-01-05 20:21:00,VIN-A2327,21.6,6.0,"16.0544,108.2022",96.4
2024-01-05 20:24:00,VIN-A2328,75.7,86.2,"21.0285,105.8542",109.0
2024-01-05 20:27:00,VIN-A2329,119.2,51.0,"10.8231,106.6297",76.3
2024-01-05 20:30:00,VIN-A2330,89.0,93.0,"10.0452,105.7469",94.2
2024-01-05 20:33:00,VIN-A2331,64.3,54.2,"16.0544,108.2022",78.7
2024-01-05 20:36:00,VIN-A2332,43.8,90.4,"10.8231,106.6297",83.1
2024-01-05 20:39:00,VIN-A2333,26.4,74.1,"16.0544,108.2022",80.7
2024-01-05 20:42:00,VIN-A2334,57.8,95.6,"11.9404,108.4583",98.3
2024-01-05 20:45:00,VIN-A2335,78.2,49.4,"10.9460,108.4419",87.4
2024-01-05 20:48:00,VIN-A2336,113.6,92.6,"12.2388,109.1967",76.9
2024-01-05 20:51:00,VIN-A2337,82.4,89.3,"12.2388,109.1967",108.5
2024-01-05 20:54:00,VIN-A2338,12.3,80.3,"12.2388,109.1967",76.6
2024-01-05 20:57:00,VIN-A2339,24.7,73.6,"20.8449,106.6881",105.3
2024-01-05 21:00:00,VIN-A2340,50.8,76.0,"11.9404,108.4583",94.9
2024-01-05 21:03:00,VIN-A2341,72.9,45.8,"11.9404,108.4583",85.0
2024-01-05 21:06:00,VIN-A2342,75.9,11.1,"16.0544,108.2022",105.6
2024-01-05 21:09:00,VIN-A2343,115.0,29.0,"20.8449,106.6881",81.7
2024-01-05 21:12:00,VIN-A2344,99.2,66.3,"11.9404,108.4583",85.9
2024-01-05 21:15:00,VIN-A2345,13.8,81.9,"20.8449,106.6881",101.6
2024-01-05 21:18:00,VIN-A2346,42.9,11.9,"11.9404,108.4583",84.9
2024-01-05 21:21:00,VIN-A2347,93.5,16.6,"11.9404,108.4583",97.5
2024-01-05 21:24:00,VIN-A2348,86.0,25.3,"11.9404,108.4583",105.9
2024-01-05 21:27:00,VIN-A2349,67.4,41.6,"10.0452,105.7469",91.1
2024-01-05 21:30:00,VIN-A2350,12.4,31.4,"21.0285,105.8542",93.0
2024-01-05 21:33:00,VIN-A2351,77.6,69.8,"20.8449,106.6881",82.7
2024-01-05 21:36:00,VIN-A2352,38.4,23.7,"10.9460,108.4419",89.9
2024-01-05 21:39:00,VIN-A2353,118.8,45.0,"21.0285,105.8542",88.1
2024-01-05 21:42:00,VIN-A2354,72.2,61.2,"10.0452,105.7469",93.1
2024-01-05 21:45:00,VIN-A2355,34.2,66.1,"10.8231,106.6297",106.5
2024-01-05 21:48:00,VIN-A2356,34.1,85.0,"20.8449,106.6881",71.5
2024-01-05 21:51:00,VIN-A2357,64.0,55.1,"11.9404,108.4583",95.8
2024-01-05 21:54:00,VIN-A2358,8.3,14.0,"20.8449,106.6881",98.9
2024-01-05 21:57:00,VIN-A2359,33.0,76.6,"20.8449,106.6881",73.2
2024-01-05 22:00:00,VIN-A2360,93.0,51.9,"10.8231,106.6297",85.7
2024-01-05 22:03:00,VIN-A2361,83.6,48.2,"21.0285,105.8542",103.7
2024-01-05 22:06:00,VIN-A2362,112.5,14.8,"10.0452,105.7469",71.9
2024-01-05 22:09:00,VIN-A2363,1.2,15.0,"11.9404,108.4583",104.5
2024-01-05 22:12:00,VIN-A2364,86.9,26.5,"21.0285,105.8542",77.6
2024-01-05 22:15:00,VIN-A2365,108.3,40.0,"10.8231,106.6297",107.4
2024-01-05 22:18:00,VIN-A2366,104.2,29.7,"10.8231,106.6297",74.4
2024-01-05 22:21:00,VIN-A2367,113.7,12.1,"11.9404,108.4583",97.5
2024-01-05 22:24:00,VIN-A2368,95.0,41.1,"16.0544,108.2022",107.0
2024-01-05 22:27:00,VIN-A2369,70.0,16.4,"11.9404,108.4583",104.5
2024-01-05 22:30:00,VIN-A2370,90.4,89.3,"20.8449,106.6881",95.5
2024-01-05 22:33:00,VIN-A2371,80.2,54.6,"10.0452,105.7469",93.1
2024-01-05 22:36:00,VIN-A2372,79.4,97.8,"11.9404,108.4583",100.9
2024-01-05 22:39:00,VIN-A2373,57.9,13.7,"12.2388,109.1967",98.5
2024-01-05 22:42:00,VIN-A2374,42.4,84.4,"10.0452,105.7469",96.4
2024-01-05 22:45:00,VIN-A2375,88.2,24.6,"21.0285,105.8542",73.0
2024-01-05 22:48:00,VIN-A2376,59.4,25.2,"10.0452,105.7469",88.7
2024-01-05 22:51:00,VIN-A2377,46.2,51.3,"11.9404,108.4583",78.3
2024-01-05 22:54:00,VIN-A2378,70.9,55.1,"11.9404,108.4583",100.4
2024-01-05 22:57:00,VIN-A2379,37.4,48.1,"16.0544,108.2022",103.9
2024-01-05 23:00:00,VIN-A2380,12.7,17.4,"11.9404,108.4583",85.4
2024-01-05 23:03:00,VIN-A2381,54.3,63.9,"10.0452,105.7469",101.2
2024-01-05 23:06:00,VIN-A2382,22.6,31.4,"16.0544,108.2022",97.5
2024-01-05 23:09:00,VIN-A2383,114.2,59.8,"21.0285,105.8542",75.9
2024-01-05 23:12:00,VIN-A2384,105.1,75.8,"10.0452,105.7469",70.7
2024-01-05 23:15:00,VIN-A2385,55.3,30.3,"10.9460,108.4419",96.5
2024-01-05 23:18:00,VIN-A2386,54.3,30.2,"21.0285,105.8542",84.2
2024-01-05 23:21:00,VIN-A2387,25.4,42.7,"20.8449,106.6881",90.3
2024-01-05 23:24:00,VIN-A2388,6.4,30.9,"21.0285,105.8542",72.0
2024-01-05 23:27:00,VIN-A2389,45.9,93.2,"10.0452,105.7469",81.8
2024-01-05 23:30:00,VIN-A2390,48.3,61.4,"10.9460,108.4419",90.7
2024-01-05 23:33:00,VIN-A2391,13.1,9.7,"10.0452,105.7469",108.4
2024-01-05 23:36:00,VIN-A2392,26.3,10.0,"10.8231,106.6297",93.0
2024-01-05 23:39:00,VIN-A2393,28.7,55.6,"12.2388,109.1967",79.1
2024-01-05 23:42:00,VIN-A2394,74.4,73.0,"20.8449,106.6881",85.7
2024-01-05 23:45:00,VIN-A2395,26.4,83.3,"12.2388,109.1967",89.8
2024-01-05 23:48:00,VIN-A2396,20.5,24.3,"12.2388,109.1967",98.2
2024-01-05 23:51:00,VIN-A2397,34.6,5.3,"16.0544,108.2022",90.1
2024-01-05 23:54:00,VIN-A2398,84.1,50.3,"12.2388,109.1967",104.1
2024-01-05 23:57:00,VIN-A2399,82.6,21.2,"21.0285,105.8542",76.7
2024-01-06 00:00:00,VIN-A2400,39.9,48.2,"10.8231,106.6297",96.6
2024-01-06 00:03:00,VIN-A2401,51.4,7.0,"12.2388,109.1967",105.3
2024-01-06 00:06:00,VIN-A2402,20.5,77.2,"10.8231,106.6297",93.8
2024-01-06 00:09:00,VIN-A2403,116.3,60.4,"10.9460,108.4419",104.9
2024-01-06 00:12:00,VIN-A2404,56.7,9.3,"10.8231,106.6297",92.7
2024-01-06 00:15:00,VIN-A2405,118.8,84.4,"16.0544,108.2022",100.2
2024-01-06 00:18:00,VIN-A2406,93.0,14.5,"11.9404,108.4583",88.1
2024-01-06 00:21:00,VIN-A2407,88.2,99.0,"12.2388,109.1967",96.5
2024-01-06 00:24:00,VIN-A2408,30.4,48.6,"11.9404,108.4583",82.0
2024-01-06 00:27:00,VIN-A2409,40.0,54.2,"10.9460,108.4419",74.5
2024-01-06 00:30:00,VIN-A2410,82.3,74.2,"10.8231,106.6297",75.9
2024-01-06 00:33:00,VIN-A2411,49.2,25.9,"16.0544,108.2022",84.3
2024-01-06 00:36:00,VIN-A2412,3.7,59.9,"20.8449,106.6881",84.4
2024-01-06 00:39:00,VIN-A2413,89.3,23.4,"20.8449,106.6881",95.5
2024-01-06 00:42:00,VIN-A2414,115.9,88.3,"10.9460,108.4419",109.5
2024-01-06 00:45:00,VIN-A2415,105.1,21.6,"11.9404,108.4583",105.5
2024-01-06 00:48:00,VIN-A2416,46.9,44.6,"12.2388,109.1967",82.4
2024-01-06 00:51:00,VIN-A2417,4.9,54.4,"11.9404,108.4583",103.4
2024-01-06 00:54:00,VIN-A2418,14.8,80.6,"11.9404,108.4583",81.5
2024-01-06 00:57:00,VIN-A2419,116.3,52.4,"16.0544,108.2022",88.7
2024-01-06 01:00:00,VIN-A2420,18.0,96.8,"16.0544,108.2022",82.1
2024-01-06 01:03:00,VIN-A2421,34.6,81.0,"10.8231,106.6297",88.2
2024-01-06 01:06:00,VIN-A2422,26.1,83.4,"21.0285,105.8542",72.1
2024-01-06 01:09:00,VIN-A2423,36.7,45.9,"10.8231,106.6297",72.0
2024-01-06 01:12:00,VIN-A2424,16.5,88.5,"16.0544,108.2022",108.1
2024-01-06 01:15:00,VIN-A2425,85.6,18.6,"10.0452,105.7469",87.3
2024-01-06 01:18:00,VIN-A2426,110.2,32.6,"10.8231,106.6297",88.9
2024-01-06 01:21:00,VIN-A2427,42.6,82.1,"20.8449,106.6881",86.9
2024-01-06 01:24:00,VIN-A2428,116.0,14.3,"12.2388,109.1967",106.8
2024-01-06 01:27:00,VIN-A2429,71.6,21.5,"20.8449,106.6881",97.2
2024-01-06 01:30:00,VIN-A2430,38.7,59.9,"10.0452,105.7469",80.0
2024-01-06 01:33:00,VIN-A2431,50.0,24.0,"12.2388,109.1967",73.4
2024-01-06 01:36:00,VIN-A2432,68.0,64.7,"16.0544,108.2022",85.0
2024-01-06 01:39:00,VIN-A2433,105.1,46.5,"16.0544,108.2022",91.1
2024-01-06 01:42:00,VIN-A2434,83.3,52.9,"11.9404,108.4583",88.7
2024-01-06 01:45:00,VIN-A2435,51.3,44.9,"20.8449,106.6881",88.5
2024-01-06 01:48:00,VIN-A2436,109.5,7.5,"20.8449,106.6881",73.5
2024-01-06 01:51:00,VIN-A2437,16.9,91.2,"10.0452,105.7469",93.2
2024-01-06 01:54:00,VIN-A2438,44.8,64.0,"12.2388,109.1967",72.1
2024-01-06 01:57:00,VIN-A2439,101.4,17.0,"10.8231,106.6297",88.5
2024-01-06 02:00:00,VIN-A2440,91.6,54.2,"10.8231,106.6297",73.4
2024-01-06 02:03:00,VIN-A2441,32.4,98.7,"21.0285,105.8542",83.3
2024-01-06 02:06:00,VIN-A2442,11.7,32.6,"10.9460,108.4419",97.6
2024-01-06 02:09:00,VIN-A2443,103.7,16.5,"10.8231,106.6297",98.1
2024-01-06 02:12:00,VIN-A2444,62.0,58.4,"10.9460,108.4419",75.5
2024-01-06 02:15:00,VIN-A2445,107.4,65.8,"16.0544,108.2022",82.0
2024-01-06 02:18:00,VIN-A2446,37.3,99.0,"10.8231,106.6297",102.2
2024-01-06 02:21:00,VIN-A2447,74.8,24.1,"21.0285,105.8542",70.0
2024-01-06 02:24:00,VIN-A2448,72.5,16.5,"21.0285,105.8542",79.9
2024-01-06 02:27:00,VIN-A2449,12.4,7.3,"10.9460,108.4419",85.6
2024-01-06 02:30:00,VIN-A2450,111.1,33.5,"10.9460,108.4419",109.3
2024-01-06 02:33:00,VIN-A2451,98.4,85.0,"12.2388,109.1967",102.9
2024-01-06 02:36:00,VIN-A2452,81.8,86.6,"21.0285,105.8542",87.3
2024-01-06 02:39:00,VIN-A2453,76.3,22.6,"10.0452,105.7469",76.8
2024-01-06 02:42:00,VIN-A2454,89.0,56.9,"10.9460,108.4419",89.2
2024-01-06 02:45:00,VIN-A2455,34.7,14.5,"10.9460,108.4419",84.7
2024-01-06 02:48:00,VIN-A2456,33.0,41.7,"21.0285,105.8542",88.6
2024-01-06 02:51:00,VIN-A2457,97.6,19.1,"12.2388,109.1967",88.3
2024-01-06 02:54:00,VIN-A2458,67.7,6.0,"12.2388,109.1967",71.4
2024-01-06 02:57:00,VIN-A2459,78.1,67.4,"10.9460,108.4419",71.7
2024-01-06 03:00:00,VIN-A2460,108.8,96.5,"10.9460,108.4419",105.3
2024-01-06 03:03:00,VIN-A2461,55.0,5.9,"16.0544,108.2022",84.3
2024-01-06 03:06:00,VIN-A2462,102.7,52.8,"11.9404,108.4583",106.1
2024-01-06 03:09:00,VIN-A2463,63.0,53.7,"16.0544,108.2022",96.2
2024-01-06 03:12:00,VIN-A2464,42.2,73.3,"11.9404,108.4583",88.4
2024-01-06 03:15:00,VIN-A2465,103.0,18.3,"12.2388,109.1967",106.9
2024-01-06 03:18:00,VIN-A2466,8.2,84.7,"10.9460,108.4419",85.1
2024-01-06 03:21:00,VIN-A2467,56.6,67.6,"12.2388,109.1967",75.2
2024-01-06 03:24:00,VIN-A2468,38.9,95.7,"11.9404,108.4583",93.4
2024-01-06 03:27:00,VIN-A2469,99.6,11.4,"10.8231,106.6297",104.1
2024-01-06 03:30:00,VIN-A2470,19.1,14.2,"21.0285,105.8542",90.0
2024-01-06 03:33:00,VIN-A2471,81.5,35.7,"10.0452,105.7469",109.3
2024-01-06 03:36:00,VIN-A2472,97.0,74.6,"10.0452,105.7469",74.2
2024-01-06 03:39:00,VIN-A2473,105.7,74.2,"20.8449,106.6881",100.2
2024-01-06 03:42:00,VIN-A2474,50.4,11.1,"12.2388,109.1967",74.6
2024-01-06 03:45:00,VIN-A2475,101.6,11.9,"11.9404,108.4583",94.3
2024-01-06 03:48:00,VIN-A2476,100.9,92.7,"11.9404,108.4583",74.3
2024-01-06 03:51:00,VIN-A2477,53.9,17.7,"10.0452,105.7469",77.8
2024-01-06 03:54:00,VIN-A2478,58.9,69.5,"10.0452,105.7469",78.0
2024-01-06 03:57:00,VIN-A2479,19.5,82.3,"10.0452,105.7469",73.4
2024-01-06 04:00:00,VIN-A2480,2.9,96.2,"21.0285,105.8542",78.1
2024-01-06 04:03:00,VIN-A2481,97.2,89.9,"11.9404,108.4583",101.0
2024-01-06 04:06:00,VIN-A2482,68.2,87.1,"11.9404,108.4583",77.4
2024-01-06 04:09:00,VIN-A2483,87.6,91.5,"10.9460,108.4419",77.6
2024-01-06 04:12:00,VIN-A2484,24.9,83.6,"11.9404,108.4583",84.3
2024-01-06 04:15:00,VIN-A2485,108.0,86.1,"21.0285,105.8542",87.6
2024-01-06 04:18:00,VIN-A2486,75.1,88.0,"21.0285,105.8542",75.1
2024-01-06 04:21:00,VIN-A2487,62.1,14.6,"10.9460,108.4419",79.2
2024-01-06 04:24:00,VIN-A2488,72.2,36.4,"10.0452,105.7469",102.9
2024-01-06 04:27:00,VIN-A2489,34.8,83.7,"20.8449,106.6881",98.1
2024-01-06 04:30:00,VIN-A2490,8.2,87.8,"12.2388,109.1967",73.0
2024-01-06 04:33:00,VIN-A2491,69.0,86.1,"12.2388,109.1967",86.0
2024-01-06 04:36:00,VIN-A2492,6.8,71.3,"21.0285,105.8542",93.3
2024-01-06 04:39:00,VIN-A2493,112.4,98.6,"10.8231,106.6297",71.3
2024-01-06 04:42:00,VIN-A2494,50.6,24.0,"10.8231,106.6297",75.6
2024-01-06 04:45:00,VIN-A2495,65.7,74.7,"10.8231,106.6297",79.4
2024-01-06 04:48:00,VIN-A2496,8.7,95.1,"10.8231,106.6297",83.8
2024-01-06 04:51:00,VIN-A2497,8.5,44.5,"21.0285,105.8542",105.5
2024-01-06 04:54:00,VIN-A2498,57.5,17.3,"10.8231,106.6297",74.2
2024-01-06 04:57:00,VIN-A2499,59.6,26.4,"11.9404,108.4583",87.3
2024-01-06 05:00:00,VIN-A2500,36.4,85.7,"10.0452,105.7469",70.9
