Timestamp,VIN,Speed,FuelLevel,Location,EngineTemp
2024-01-06 05:03:00,VIN-B0001,6.6,78.5,"10.0452,105.7469",91.4
2024-01-06 05:06:00,VIN-B0002,103.2,69.8,"10.8231,106.6297",92.1
2024-01-06 05:09:00,VIN-B0003,6.3,77.7,"16.0544,108.2022",87.2
2024-01-06 05:12:00,VIN-B0004,51.2,18.1,"10.9460,108.4419",74.7
2024-01-06 05:15:00,VIN-B0005,73.9,90.8,"11.9404,108.4583",77.7
2024-01-06 05:18:00,VIN-B0006,52.4,10.5,"10.0452,105.7469",73.7
2024-01-06 05:21:00,VIN-B0007,1.2,44.2,"10.8231,106.6297",109.6
2024-01-06 05:24:00,VIN-B0008,1.8,73.4,"10.8231,106.6297",73.1
2024-01-06 05:27:00,VIN-B0009,15.2,22.2,"10.8231,106.6297",82.6
2024-01-06 05:30:00,VIN-B0010,72.3,89.6,"12.2388,109.1967",75.2
2024-01-06 05:33:00,VIN-B0011,47.7,67.5,"21.0285,105.8542",73.1
2024-01-06 05:36:00,VIN-B0012,112.6,24.6,"11.9404,108.4583",105.9
2024-01-06 05:39:00,VIN-B0013,103.1,47.1,"12.2388,109.1967",107.7
2024-01-06 05:42:00,VIN-B0014,93.6,32.8,"10.0452,105.7469",91.1
2024-01-06 05:45:00,VIN-B0015,32.1,71.3,"21.0285,105.8542",72.2
2024-01-06 05:48:00,VIN-B0016,108.1,72.0,"10.9460,108.4419",81.2
2024-01-06 05:51:00,VIN-B0017,24.4,18.0,"10.0452,105.7469",82.2
2024-01-06 05:54:00,VIN-B0018,66.4,16.7,"16.0544,108.2022",71.4
2024-01-06 05:57:00,VIN-B0019,28.2,46.8,"10.9460,108.4419",108.1
2024-01-06 06:00:00,VIN-B0020,2.6,84.5,"12.2388,109.1967",81.1
2024-01-06 06:03:00,VIN-B0021,46.1,83.6,"21.0285,105.8542",72.4
2024-01-06 06:06:00,VIN-B0022,102.5,41.5,"10.8231,106.6297",104.5
2024-01-06 06:09:00,VIN-B0023,46.2,9.2,"10.0452,105.7469",85.2
2024-01-06 06:12:00,VIN-B0024,79.2,55.6,"12.2388,109.1967",71.3
2024-01-06 06:15:00,VIN-B0025,91.6,94.0,"11.9404,108.4583",106.9
2024-01-06 06:18:00,VIN-B0026,108.9,82.0,"10.0452,105.7469",100.3
2024-01-06 06:21:00,VIN-B0027,40.9,83.8,"20.8449,106.6881",104.6
2024-01-06 06:24:00,VIN-B0028,93.9,93.2,"10.8231,106.6297",102.3
2024-01-06 06:27:00,VIN-B0029,66.4,95.5,"12.2388,109.1967",104.3
2024-01-06 06:30:00,VIN-B0030,112.6,49.0,"12.2388,109.1967",76.5
2024-01-06 06:33:00,VIN-B0031,45.8,75.8,"10.0452,105.7469",75.3
2024-01-06 06:36:00,VIN-B0032,1.8,81.0,"12.2388,109.1967",73.4
2024-01-06 06:39:00,VIN-B0033,30.0,56.6,"11.9404,108.4583",92.8
2024-01-06 06:42:00,VIN-B0034,4.6,31.1,"12.2388,109.1967",96.4
2024-01-06 06:45:00,VIN-B0035,93.9,82.0,"10.8231,106.6297",75.0
2024-01-06 06:48:00,VIN-B0036,68.2,35.5,"12.2388,109.1967",103.9
2024-01-06 06:51:00,VIN-B0037,53.3,6.6,"10.8231,106.6297",88.7
2024-01-06 06:54:00,VIN-B0038,115.9,50.6,"10.0452,105.7469",86.3
2024-01-06 06:57:00,VIN-B0039,69.5,12.6,"11.9404,108.4583",108.1
2024-01-06 07:00:00,VIN-B0040,52.9,29.5,"12.2388,109.1967",80.4
2024-01-06 07:03:00,VIN-B0041,59.4,26.6,"16.0544,108.2022",75.9
2024-01-06 07:06:00,VIN-B0042,74.2,9.7,"21.0285,105.8542",96.2
2024-01-06 07:09:00,VIN-B0043,22.1,53.1,"10.9460,108.4419",93.2
2024-01-06 07:12:00,VIN-B0044,5.0,73.1,"10.8231,106.6297",108.1
2024-01-06 07:15:00,VIN-B0045,119.0,97.7,"10.8231,106.6297",97.1
2024-01-06 07:18:00,VIN-B0046,102.9,38.6,"10.8231,106.6297",94.0
2024-01-06 07:21:00,VIN-B0047,42.0,12.4,"10.9460,108.4419",74.5
2024-01-06 07:24:00,VIN-B0048,9.3,24.4,"11.9404,108.4583",103.2
2024-01-06 07:27:00,VIN-B0049,81.7,11.8,"20.8449,106.6881",105.0
2024-01-06 07:30:00,VIN-B0050,17.2,36.0,"11.9404,108.4583",83.4
2024-01-06 07:33:00,VIN-B0051,49.0,66.9,"10.9460,108.4419",107.7
2024-01-06 07:36:00,VIN-B0052,35.3,8.0,"11.9404,108.4583",71.8
2024-01-06 07:39:00,VIN-B0053,111.6,91.6,"10.8231,106.6297",74.2
2024-01-06 07:42:00,VIN-B0054,25.4,34.7,"11.9404,108.4583",107.6
2024-01-06 07:45:00,VIN-B0055,45.5,60.4,"16.0544,108.2022",85.2
2024-01-06 07:48:00,VIN-B0056,119.7,12.5,"21.0285,105.8542",108.3
2024-01-06 07:51:00,VIN-B0057,119.1,58.7,"20.8449,106.6881",91.6
2024-01-06 07:54:00,VIN-B0058,14.5,88.5,"10.8231,106.6297",94.3
2024-01-06 07:57:00,VIN-B0059,79.1,54.4,"11.9404,108.4583",80.8
2024-01-06 08:00:00,VIN-B0060,100.3,32.8,"10.0452,105.7469",83.1
2024-01-06 08:03:00,VIN-B0061,95.9,97.9,"10.0452,105.7469",88.2
2024-01-06 08:06:00,VIN-B0062,89.8,16.0,"10.0452,105.7469",87.8
2024-01-06 08:09:00,VIN-B0063,114.9,43.9,"21.0285,105.8542",84.1
2024-01-06 08:12:00,VIN-B0064,60.7,91.9,"10.9460,108.4419",94.2
2024-01-06 08:15:00,VIN-B0065,53.9,44.8,"16.0544,108.2022",107.0
2024-01-06 08:18:00,VIN-B0066,29.4,91.4,"16.0544,108.2022",94.2
2024-01-06 08:21:00,VIN-B0067,95.5,37.4,"21.0285,105.8542",73.3
2024-01-06 08:24:00,VIN-B0068,50.5,98.4,"10.9460,108.4419",95.3
2024-01-06 08:27:00,VIN-B0069,92.7,90.5,"10.9460,108.4419",70.6
2024-01-06 08:30:00,VIN-B0070,14.5,30.0,"10.9460,108.4419",99.7
2024-01-06 08:33:00,VIN-B0071,15.2,8.2,"20.8449,106.6881",71.0
2024-01-06 08:36:00,VIN-B0072,20.0,11.9,"20.8449,106.6881",106.2
2024-01-06 08:39:00,VIN-B0073,42.5,43.2,"10.0452,105.7469",98.5
2024-01-06 08:42:00,VIN-B0074,14.3,90.3,"11.9404,108.4583",93.7
2024-01-06 08:45:00,VIN-B0075,74.0,99.4,"10.8231,106.6297",73.0
2024-01-06 08:48:00,VIN-B0076,110.5,95.2,"20.8449,106.6881",95.2
2024-01-06 08:51:00,VIN-B0077,88.9,46.4,"10.9460,108.4419",98.0
2024-01-06 08:54:00,VIN-B0078,88.0,73.8,"21.0285,105.8542",76.1
2024-01-06 08:57:00,VIN-B0079,0.9,61.3,"10.9460,108.4419",85.2
2024-01-06 09:00:00,VIN-B0080,52.6,53.3,"12.2388,109.1967",107.8
2024-01-06 09:03:00,VIN-B0081,11.6,33.2,"11.9404,108.4583",71.9
2024-01-06 09:06:00,VIN-B0082,62.1,54.9,"20.8449,106.6881",81.4
2024-01-06 09:09:00,VIN-B0083,46.1,76.9,"16.0544,108.2022",71.7
2024-01-06 09:12:00,VIN-B0084,113.4,88.8,"10.0452,105.7469",87.2
2024-01-06 09:15:00,VIN-B0085,33.4,88.6,"11.9404,108.4583",74.0
2024-01-06 09:18:00,VIN-B0086,34.2,16.3,"12.2388,109.1967",89.5
2024-01-06 09:21:00,VIN-B0087,26.8,21.1,"12.2388,109.1967",109.6
2024-01-06 09:24:00,VIN-B0088,90.4,92.8,"12.2388,109.1967",75.6
2024-01-06 09:27:00,VIN-B0089,24.8,84.7,"16.0544,108.2022",71.1
2024-01-06 09:30:00,VIN-B0090,108.3,96.2,"10.0452,105.7469",70.3
2024-01-06 09:33:00,VIN-B0091,99.9,7.4,"10.0452,105.7469",81.3
2024-01-06 09:36:00,VIN-B0092,113.7,45.5,"10.9460,108.4419",90.8
2024-01-06 09:39:00,VIN-B0093,99.7,33.0,"21.0285,105.8542",98.7
2024-01-06 09:42:00,VIN-B0094,110.3,16.4,"20.8449,106.6881",89.7
2024-01-06 09:45:00,VIN-B0095,10.4,18.0,"12.2388,109.1967",99.3
2024-01-06 09:48:00,VIN-B0096,14.0,38.6,"21.0285,105.8542",99.8
2024-01-06 09:51:00,VIN-B0097,26.7,12.1,"16.0544,108.2022",90.3
2024-01-06 09:54:00,VIN-B0098,33.1,64.9,"21.0285,105.8542",98.3
2024-01-06 09:57:00,VIN-B0099,37.8,92.8,"20.8449,106.6881",74.0
2024-01-06 10:00:00,VIN-B0100,84.6,54.5,"10.0452,105.7469",103.7
2024-01-06 10:03:00,VIN-B0101,79.3,88.4,"10.8231,106.6297",108.0
2024-01-06 10:06:00,VIN-B0102,75.3,28.4,"20.8449,106.6881",104.9
2024-01-06 10:09:00,VIN-B0103,26.4,23.6,"10.9460,108.4419",76.1
2024-01-06 10:12:00,VIN-B0104,97.7,74.7,"12.2388,109.1967",75.3
2024-01-06 10:15:00,VIN-B0105,76.2,13.4,"10.0452,105.7469",70.1
2024-01-06 10:18:00,VIN-B0106,8.1,58.0,"10.0452,105.7469",98.4
2024-01-06 10:21:00,VIN-B0107,4.7,70.4,"20.8449,106.6881",95.2
2024-01-06 10:24:00,VIN-B0108,28.2,38.1,"16.0544,108.2022",105.1
2024-01-06 10:27:00,VIN-B0109,100.9,88.1,"10.9460,108.4419",89.6
2024-01-06 10:30:00,VIN-B0110,75.6,61.8,"10.9460,108.4419",81.8
2024-01-06 10:33:00,VIN-B0111,26.3,96.5,"12.2388,109.1967",86.8
2024-01-06 10:36:00,VIN-B0112,53.7,28.5,"20.8449,106.6881",74.6
2024-01-06 10:39:00,VIN-B0113,55.8,35.3,"21.0285,105.8542",83.9
2024-01-06 10:42:00,VIN-B0114,47.8,17.2,"10.9460,108.4419",103.6
2024-01-06 10:45:00,VIN-B0115,103.7,62.1,"10.0452,105.7469",71.2
2024-01-06 10:48:00,VIN-B0116,32.2,25.4,"20.8449,106.6881",72.4
2024-01-06 10:51:00,VIN-B0117,92.6,29.9,"11.9404,108.4583",86.4
2024-01-06 10:54:00,VIN-B0118,97.1,45.4,"12.2388,109.1967",106.5
2024-01-06 10:57:00,VIN-B0119,32.2,74.2,"11.9404,108.4583",95.5
2024-01-06 11:00:00,VIN-B0120,5.5,47.5,"10.0452,105.7469",92.9
2024-01-06 11:03:00,VIN-B0121,20.0,24.6,"21.0285,105.8542",107.9
2024-01-06 11:06:00,VIN-B0122,73.6,36.3,"10.8231,106.6297",108.0
2024-01-06 11:09:00,VIN-B0123,2.5,41.0,"11.9404,108.4583",106.5
2024-01-06 11:12:00,VIN-B0124,92.0,57.5,"10.8231,106.6297",90.7
2024-01-06 11:15:00,VIN-B0125,43.5,23.9,"16.0544,108.2022",103.5
2024-01-06 11:18:00,VIN-B0126,47.5,73.2,"12.2388,109.1967",102.1
2024-01-06 11:21:00,VIN-B0127,109.3,36.5,"10.0452,105.7469",92.1
2024-01-06 11:24:00,VIN-B0128,29.8,6.3,"10.8231,106.6297",100.2
2024-01-06 11:27:00,VIN-B0129,63.2,52.6,"10.9460,108.4419",71.7
2024-01-06 11:30:00,VIN-B0130,34.0,7.3,"10.0452,105.7469",71.4
2024-01-06 11:33:00,VIN-B0131,90.0,82.2,"20.8449,106.6881",96.2
2024-01-06 11:36:00,VIN-B0132,15.7,75.3,"12.2388,109.1967",104.5
2024-01-06 11:39:00,VIN-B0133,9.2,52.9,"20.8449,106.6881",70.8
2024-01-06 11:42:00,VIN-B0134,89.1,56.5,"16.0544,108.2022",73.8
2024-01-06 11:45:00,VIN-B0135,70.6,42.2,"12.2388,109.1967",101.4
2024-01-06 11:48:00,VIN-B0136,51.0,75.6,"12.2388,109.1967",81.0
2024-01-06 11:51:00,VIN-B0137,24.3,30.1,"10.9460,108.4419",85.1
2024-01-06 11:54:00,VIN-B0138,51.5,26.1,"20.8449,106.6881",92.4
2024-01-06 11:57:00,VIN-B0139,58.0,91.2,"10.0452,105.7469",85.3
2024-01-06 12:00:00,VIN-B0140,119.2,74.1,"11.9404,108.4583",100.5
2024-01-06 12:03:00,VIN-B0141,85.7,48.0,"10.8231,106.6297",85.9
2024-01-06 12:06:00,VIN-B0142,27.9,40.1,"21.0285,105.8542",95.7
2024-01-06 12:09:00,VIN-B0143,39.9,81.9,"21.0285,105.8542",73.8
2024-01-06 12:12:00,VIN-B0144,20.3,87.2,"10.9460,108.4419",93.7
2024-01-06 12:15:00,VIN-B0145,10.1,43.3,"10.9460,108.4419",90.9
2024-01-06 12:18:00,VIN-B0146,100.8,77.3,"10.8231,106.6297",100.7
2024-01-06 12:21:00,VIN-B0147,30.2,34.6,"11.9404,108.4583",103.4
2024-01-06 12:24:00,VIN-B0148,4.4,70.5,"20.8449,106.6881",104.9
2024-01-06 12:27:00,VIN-B0149,32.2,24.9,"10.9460,108.4419",91.8
2024-01-06 12:30:00,VIN-B0150,37.6,66.9,"11.9404,108.4583",88.5
2024-01-06 12:33:00,VIN-B0151,58.0,57.7,"21.0285,105.8542",106.8
2024-01-06 12:36:00,VIN-B0152,51.1,12.4,"16.0544,108.2022",100.3
2024-01-06 12:39:00,VIN-B0153,19.5,76.1,"16.0544,108.2022",77.9
2024-01-06 12:42:00,VIN-B0154,104.4,15.8,"20.8449,106.6881",89.8
2024-01-06 12:45:00,VIN-B0155,75.1,54.8,"16.0544,108.2022",100.0
2024-01-06 12:48:00,VIN-B0156,65.7,42.9,"12.2388,109.1967",74.7
2024-01-06 12:51:00,VIN-B0157,119.5,73.4,"12.2388,109.1967",90.9
2024-01-06 12:54:00,VIN-B0158,73.8,40.3,"16.0544,108.2022",75.7
2024-01-06 12:57:00,VIN-B0159,62.8,24.4,"11.9404,108.4583",90.8
2024-01-06 13:00:00,VIN-B0160,30.1,49.0,"11.9404,108.4583",107.1
2024-01-06 13:03:00,VIN-B0161,86.4,86.0,"16.0544,108.2022",76.6
2024-01-06 13:06:00,VIN-B0162,85.8,50.0,"11.9404,108.4583",86.7
2024-01-06 13:09:00,VIN-B0163,18.0,11.4,"10.8231,106.6297",82.5
2024-01-06 13:12:00,VIN-B0164,22.5,70.9,"10.9460,108.4419",83.2
2024-01-06 13:15:00,VIN-B0165,7.3,49.5,"16.0544,108.2022",72.7
2024-01-06 13:18:00,VIN-B0166,76.4,88.9,"11.9404,108.4583",95.2
2024-01-06 13:21:00,VIN-B0167,111.3,31.1,"20.8449,106.6881",93.4
2024-01-06 13:24:00,VIN-B0168,36.7,64.3,"20.8449,106.6881",107.4
2024-01-06 13:27:00,VIN-B0169,67.3,66.0,"10.0452,105.7469",73.1
2024-01-06 13:30:00,VIN-B0170,18.3,74.4,"12.2388,109.1967",77.1
2024-01-06 13:33:00,VIN-B0171,67.6,17.0,"20.8449,106.6881",83.2
2024-01-06 13:36:00,VIN-B0172,92.6,61.3,"12.2388,109.1967",108.7
2024-01-06 13:39:00,VIN-B0173,88.5,63.5,"10.9460,108.4419",78.4
2024-01-06 13:42:00,VIN-B0174,0.3,27.0,"10.0452,105.7469",73.7
2024-01-06 13:45:00,VIN-B0175,96.4,18.9,"16.0544,108.2022",89.0
2024-01-06 13:48:00,VIN-B0176,0.0,12.4,"10.8231,106.6297",75.5
2024-01-06 13:51:00,VIN-B0177,96.9,45.4,"10.9460,108.4419",83.1
2024-01-06 13:54:00,VIN-B0178,60.0,16.1,"20.8449,106.6881",85.1
2024-01-06 13:57:00,VIN-B0179,46.3,50.1,"12.2388,109.1967",103.5
2024-01-06 14:00:00,VIN-B0180,38.0,12.4,"10.0452,105.7469",108.2
2024-01-06 14:03:00,VIN-B0181,113.5,84.2,"16.0544,108.2022",103.6
2024-01-06 14:06:00,VIN-B0182,67.3,51.6,"12.2388,109.1967",97.4
2024-01-06 14:09:00,VIN-B0183,66.9,46.4,"11.9404,108.4583",77.1
2024-01-06 14:12:00,VIN-B0184,103.9,86.3,"11.9404,108.4583",99.1
2024-01-06 14:15:00,VIN-B0185,25.7,58.2,"10.0452,105.7469",85.3
2024-01-06 14:18:00,VIN-B0186,21.5,76.0,"10.8231,106.6297",77.8
2024-01-06 14:21:00,VIN-B0187,43.3,23.5,"12.2388,109.1967",83.1
2024-01-06 14:24:00,VIN-B0188,109.3,92.0,"10.8231,106.6297",94.3
2024-01-06 14:27:00,VIN-B0189,4.0,31.1,"10.9460,108.4419",85.9
2024-01-06 14:30:00,VIN-B0190,119.5,71.9,"12.2388,109.1967",95.0
2024-01-06 14:33:00,VIN-B0191,116.5,83.2,"10.9460,108.4419",109.9
2024-01-06 14:36:00,VIN-B0192,75.9,51.6,"10.9460,108.4419",100.0
2024-01-06 14:39:00,VIN-B0193,77.7,56.8,"21.0285,105.8542",71.5
2024-01-06 14:42:00,VIN-B0194,3.5,90.0,"16.0544,108.2022",98.2
2024-01-06 14:45:00,VIN-B0195,21.2,85.8,"21.0285,105.8542",86.8
2024-01-06 14:48:00,VIN-B0196,101.5,10.3,"10.8231,106.6297",82.6
2024-01-06 14:51:00,VIN-B0197,102.9,31.4,"10.0452,105.7469",96.2
2024-01-06 14:54:00,VIN-B0198,88.5,36.6,"11.9404,108.4583",105.9
2024-01-06 14:57:00,VIN-B0199,20.3,98.7,"11.9404,108.4583",90.7
2024-01-06 15:00:00,VIN-B0200,112.9,43.3,"10.8231,106.6297",72.6
2024-01-06 15:03:00,VIN-B0201,99.0,52.6,"12.2388,109.1967",73.4
2024-01-06 15:06:00,VIN-B0202,53.2,31.2,"10.0452,105.7469",97.5
2024-01-06 15:09:00,VIN-B0203,49.1,65.4,"10.8231,106.6297",82.4
2024-01-06 15:12:00,VIN-B0204,67.3,16.2,"10.9460,108.4419",92.7
2024-01-06 15:15:00,VIN-B0205,83.6,58.8,"10.9460,108.4419",73.5
2024-01-06 15:18:00,VIN-B0206,110.2,22.3,"21.0285,105.8542",77.4
2024-01-06 15:21:00,VIN-B0207,70.9,96.7,"16.0544,108.2022",101.5
2024-01-06 15:24:00,VIN-B0208,26.1,40.6,"21.0285,105.8542",105.1
2024-01-06 15:27:00,VIN-B0209,113.2,34.2,"10.0452,105.7469",99.9
2024-01-06 15:30:00,VIN-B0210,88.6,34.5,"20.8449,106.6881",98.2
2024-01-06 15:33:00,VIN-B0211,21.4,18.3,"11.9404,108.4583",86.6
2024-01-06 15:36:00,VIN-B0212,100.2,30.9,"10.0452,105.7469",77.1
2024-01-06 15:39:00,VIN-B0213,35.4,71.3,"12.2388,109.1967",73.7
2024-01-06 15:42:00,VIN-B0214,42.6,39.5,"10.9460,108.4419",103.2
2024-01-06 15:45:00,VIN-B0215,82.4,21.2,"20.8449,106.6881",76.2
2024-01-06 15:48:00,VIN-B0216,68.2,99.4,"20.8449,106.6881",83.9
2024-01-06 15:51:00,VIN-B0217,97.3,80.6,"10.0452,105.7469",83.7
2024-01-06 15:54:00,VIN-B0218,116.2,57.4,"12.2388,109.1967",73.6
2024-01-06 15:57:00,VIN-B0219,92.8,29.5,"10.9460,108.4419",80.4
2024-01-06 16:00:00,VIN-B0220,110.6,54.1,"16.0544,108.2022",89.0
2024-01-06 16:03:00,VIN-B0221,56.1,35.7,"20.8449,106.6881",96.3
2024-01-06 16:06:00,VIN-B0222,108.2,35.6,"21.0285,105.8542",95.2
2024-01-06 16:09:00,VIN-B0223,104.3,5.8,"20.8449,106.6881",89.0
2024-01-06 16:12:00,VIN-B0224,40.4,90.8,"16.0544,108.2022",106.5
2024-01-06 16:15:00,VIN-B0225,36.8,49.3,"16.0544,108.2022",100.1
2024-01-06 16:18:00,VIN-B0226,52.7,63.6,"20.8449,106.6881",99.2
2024-01-06 16:21:00,VIN-B0227,56.8,28.1,"11.9404,108.4583",94.0
2024-01-06 16:24:00,VIN-B0228,57.9,43.1,"10.8231,106.6297",108.8
2024-01-06 16:27:00,VIN-B0229,105.3,77.5,"21.0285,105.8542",86.8
2024-01-06 16:30:00,VIN-B0230,92.9,95.6,"20.8449,106.6881",93.7
2024-01-06 16:33:00,VIN-B0231,19.7,20.8,"12.2388,109.1967",105.5
2024-01-06 16:36:00,VIN-B0232,115.8,94.6,"10.0452,105.7469",108.1
2024-01-06 16:39:00,VIN-B0233,68.2,18.3,"11.9404,108.4583",101.5
2024-01-06 16:42:00,VIN-B0234,6.5,13.6,"16.0544,108.2022",102.1
2024-01-06 16:45:00,VIN-B0235,55.0,20.7,"10.8231,106.6297",96.3
2024-01-06 16:48:00,VIN-B0236,24.0,21.3,"12.2388,109.1967",73.2
2024-01-06 16:51:00,VIN-B0237,28.3,24.3,"21.0285,105.8542",99.0
2024-01-06 16:54:00,VIN-B0238,18.5,57.8,"11.9404,108.4583",70.2
2024-01-06 16:57:00,VIN-B0239,19.1,14.5,"20.8449,106.6881",98.0
2024-01-06 17:00:00,VIN-B0240,109.5,68.5,"10.9460,108.4419",98.2
2024-01-06 17:03:00,VIN-B0241,91.6,14.1,"16.0544,108.2022",82.7
2024-01-06 17:06:00,VIN-B0242,112.2,43.0,"11.9404,108.4583",105.9
2024-01-06 17:09:00,VIN-B0243,98.4,74.4,"20.8449,106.6881",93.9
2024-01-06 17:12:00,VIN-B0244,64.1,38.0,"10.8231,106.6297",78.9
2024-01-06 17:15:00,VIN-B0245,73.0,77.9,"11.9404,108.4583",84.5
2024-01-06 17:18:00,VIN-B0246,60.2,5.2,"20.8449,106.6881",106.6
2024-01-06 17:21:00,VIN-B0247,77.5,18.1,"10.0452,105.7469",71.8
2024-01-06 17:24:00,VIN-B0248,36.2,13.8,"20.8449,106.6881",96.2
2024-01-06 17:27:00,VIN-B0249,51.1,32.1,"20.8449,106.6881",97.0
2024-01-06 17:30:00,VIN-B0250,57.7,29.8,"20.8449,106.6881",77.2
2024-01-06 17:33:00,VIN-B0251,47.8,54.1,"21.0285,105.8542",88.6
2024-01-06 17:36:00,VIN-B0252,9.9,70.2,"21.0285,105.8542",96.2
2024-01-06 17:39:00,VIN-B0253,48.5,81.7,"16.0544,108.2022",82.8
2024-01-06 17:42:00,VIN-B0254,69.0,41.5,"10.9460,108.4419",70.5
2024-01-06 17:45:00,VIN-B0255,78.5,68.7,"20.8449,106.6881",100.9
2024-01-06 17:48:00,VIN-B0256,36.4,29.6,"21.0285,105.8542",94.1
2024-01-06 17:51:00,VIN-B0257,96.3,47.8,"11.9404,108.4583",101.2
2024-01-06 17:54:00,VIN-B0258,85.4,85.2,"11.9404,108.4583",74.5
2024-01-06 17:57:00,VIN-B0259,21.5,45.3,"20.8449,106.6881",104.8
2024-01-06 18:00:00,VIN-B0260,9.6,5.7,"12.2388,109.1967",77.9
2024-01-06 18:03:00,VIN-B0261,97.5,74.1,"10.9460,108.4419",87.4
2024-01-06 18:06:00,VIN-B0262,55.8,8.8,"10.9460,108.4419",88.4
2024-01-06 18:09:00,VIN-B0263,6.0,61.9,"11.9404,108.4583",80.1
2024-01-06 18:12:00,VIN-B0264,40.5,33.1,"10.8231,106.6297",91.7
2024-01-06 18:15:00,VIN-B0265,21.4,38.9,"10.8231,106.6297",87.9
2024-01-06 18:18:00,VIN-B0266,35.7,8.4,"21.0285,105.8542",84.3
2024-01-06 18:21:00,VIN-B0267,4.4,75.2,"10.0452,105.7469",77.0
2024-01-06 18:24:00,VIN-B0268,64.2,17.0,"16.0544,108.2022",95.3
2024-01-06 18:27:00,VIN-B0269,51.7,31.1,"10.9460,108.4419",97.6
2024-01-06 18:30:00,VIN-B0270,29.3,83.4,"10.9460,108.4419",71.6
2024-01-06 18:33:00,VIN-B0271,39.2,8.6,"21.0285,105.8542",85.3
2024-01-06 18:36:00,VIN-B0272,117.6,12.5,"12.2388,109.1967",86.9
2024-01-06 18:39:00,VIN-B0273,2.7,95.3,"12.2388,109.1967",98.9
2024-01-06 18:42:00,VIN-B0274,89.1,12.5,"20.8449,106.6881",108.6
2024-01-06 18:45:00,VIN-B0275,95.2,59.2,"12.2388,109.1967",94.6
2024-01-06 18:48:00,VIN-B0276,64.7,80.4,"10.8231,106.6297",85.0
2024-01-06 18:51:00,VIN-B0277,56.8,77.3,"20.8449,106.6881",81.0
2024-01-06 18:54:00,VIN-B0278,82.7,22.6,"10.8231,106.6297",94.2
2024-01-06 18:57:00,VIN-B0279,109.2,69.4,"12.2388,109.1967",70.2
2024-01-06 19:00:00,VIN-B0280,24.9,79.3,"16.0544,108.2022",81.0
2024-01-06 19:03:00,VIN-B0281,55.5,80.1,"11.9404,108.4583",73.9
2024-01-06 19:06:00,VIN-B0282,27.0,72.4,"10.0452,105.7469",72.5
2024-01-06 19:09:00,VIN-B0283,34.5,72.6,"10.9460,108.4419",93.5
2024-01-06 19:12:00,VIN-B0284,76.2,36.2,"20.8449,106.6881",89.0
2024-01-06 19:15:00,VIN-B0285,66.9,37.6,"11.9404,108.4583",83.9
2024-01-06 19:18:00,VIN-B0286,53.3,48.9,"10.9460,108.4419",78.4
2024-01-06 19:21:00,VIN-B0287,83.7,68.9,"12.2388,109.1967",86.1
2024-01-06 19:24:00,VIN-B0288,79.3,59.3,"21.0285,105.8542",95.3
2024-01-06 19:27:00,VIN-B0289,67.4,37.8,"10.0452,105.7469",99.9
2024-01-06 19:30:00,VIN-B0290,63.6,33.9,"11.9404,108.4583",88.1
2024-01-06 19:33:00,VIN-B0291,56.1,19.8,"16.0544,108.2022",95.0
2024-01-06 19:36:00,VIN-B0292,67.8,44.5,"10.8231,106.6297",100.1
2024-01-06 19:39:00,VIN-B0293,34.1,75.7,"10.0452,105.7469",85.0
2024-01-06 19:42:00,VIN-B0294,64.5,41.0,"21.0285,105.8542",73.9
2024-01-06 19:45:00,VIN-B0295,26.2,99.3,"12.2388,109.1967",77.1
2024-01-06 19:48:00,VIN-B0296,19.1,78.9,"20.8449,106.6881",92.0
2024-01-06 19:51:00,VIN-B0297,42.2,25.7,"12.2388,109.1967",82.8
2024-01-06 19:54:00,VIN-B0298,43.6,15.0,"11.9404,108.4583",90.1
2024-01-06 19:57:00,VIN-B0299,63.9,26.4,"20.8449,106.6881",89.8
2024-01-06 20:00:00,VIN-B0300,55.7,83.5,"10.9460,108.4419",76.3
2024-01-06 20:03:00,VIN-B0301,104.8,43.0,"10.8231,106.6297",91.3
2024-01-06 20:06:00,VIN-B0302,40.1,49.1,"16.0544,108.2022",97.3
2024-01-06 20:09:00,VIN-B0303,11.8,60.1,"20.8449,106.6881",109.0
2024-01-06 20:12:00,VIN-B0304,49.2,65.5,"10.0452,105.7469",75.5
2024-01-06 20:15:00,VIN-B0305,74.4,99.9,"20.8449,106.6881",107.8
2024-01-06 20:18:00,VIN-B0306,39.0,28.7,"10.9460,108.4419",97.4
2024-01-06 20:21:00,VIN-B0307,114.2,7.2,"20.8449,106.6881",92.1
2024-01-06 20:24:00,VIN-B0308,103.6,85.8,"16.0544,108.2022",88.3
2024-01-06 20:27:00,VIN-B0309,86.8,27.7,"10.9460,108.4419",107.5
2024-01-06 20:30:00,VIN-B0310,110.6,35.7,"12.2388,109.1967",72.6
2024-01-06 20:33:00,VIN-B0311,3.7,59.9,"10.9460,108.4419",79.8
2024-01-06 20:36:00,VIN-B0312,72.4,99.0,"16.0544,108.2022",108.9
2024-01-06 20:39:00,VIN-B0313,60.0,15.6,"11.9404,108.4583",104.9
2024-01-06 20:42:00,VIN-B0314,109.1,28.3,"21.0285,105.8542",70.3
2024-01-06 20:45:00,VIN-B0315,3.9,69.3,"10.9460,108.4419",104.5
2024-01-06 20:48:00,VIN-B0316,8.4,44.6,"12.2388,109.1967",105.3
2024-01-06 20:51:00,VIN-B0317,64.5,73.0,"10.8231,106.6297",87.5
2024-01-06 20:54:00,VIN-B0318,99.3,10.7,"20.8449,106.6881",103.1
2024-01-06 20:57:00,VIN-B0319,87.0,8.8,"20.8449,106.6881",98.7
2024-01-06 21:00:00,VIN-B0320,61.4,66.7,"20.8449,106.6881",101.5
2024-01-06 21:03:00,VIN-B0321,12.4,85.5,"21.0285,105.8542",98.9
2024-01-06 21:06:00,VIN-B0322,44.0,67.4,"16.0544,108.2022",106.5
2024-01-06 21:09:00,VIN-B0323,95.5,25.0,"21.0285,105.8542",83.2
2024-01-06 21:12:00,VIN-B0324,83.2,48.5,"10.9460,108.4419",100.1
2024-01-06 21:15:00,VIN-B0325,90.8,37.5,"10.9460,108.4419",83.2
2024-01-06 21:18:00,VIN-B0326,54.0,29.5,"12.2388,109.1967",93.8
2024-01-06 21:21:00,VIN-B0327,91.4,19.1,"12.2388,109.1967",71.0
2024-01-06 21:24:00,VIN-B0328,105.6,58.5,"12.2388,109.1967",82.3
2024-01-06 21:27:00,VIN-B0329,85.9,58.9,"12.2388,109.1967",89.0
2024-01-06 21:30:00,VIN-B0330,52.8,33.0,"16.0544,108.2022",75.9
2024-01-06 21:33:00,VIN-B0331,35.1,41.5,"10.0452,105.7469",71.1
2024-01-06 21:36:00,VIN-B0332,25.4,33.8,"10.8231,106.6297",80.4
2024-01-06 21:39:00,VIN-B0333,86.5,75.8,"20.8449,106.6881",89.1
2024-01-06 21:42:00,VIN-B0334,108.0,97.4,"16.0544,108.2022",93.5
2024-01-06 21:45:00,VIN-B0335,60.1,54.7,"20.8449,106.6881",104.6
2024-01-06 21:48:00,VIN-B0336,58.2,21.1,"10.9460,108.4419",77.0
2024-01-06 21:51:00,VIN-B0337,107.7,6.4,"21.0285,105.8542",83.7
2024-01-06 21:54:00,VIN-B0338,37.1,26.3,"12.2388,109.1967",94.3
2024-01-06 21:57:00,VIN-B0339,87.5,16.4,"10.0452,105.7469",84.3
2024-01-06 22:00:00,VIN-B0340,55.1,91.7,"10.8231,106.6297",103.6
2024-01-06 22:03:00,VIN-B0341,101.5,79.4,"10.0452,105.7469",99.7
2024-01-06 22:06:00,VIN-B0342,43.6,8.1,"21.0285,105.8542",108.1
2024-01-06 22:09:00,VIN-B0343,60.9,30.8,"21.0285,105.8542",108.8
2024-01-06 22:12:00,VIN-B0344,6.7,58.8,"10.0452,105.7469",79.8
2024-01-06 22:15:00,VIN-B0345,95.7,22.4,"10.0452,105.7469",79.1
2024-01-06 22:18:00,VIN-B0346,86.1,21.9,"12.2388,109.1967",92.1
2024-01-06 22:21:00,VIN-B0347,11.0,23.1,"21.0285,105.8542",106.2
2024-01-06 22:24:00,VIN-B0348,15.9,33.8,"10.0452,105.7469",79.1
2024-01-06 22:27:00,VIN-B0349,70.3,60.2,"10.9460,108.4419",73.9
2024-01-06 22:30:00,VIN-B0350,105.8,9.9,"21.0285,105.8542",77.9
2024-01-06 22:33:00,VIN-B0351,14.0,12.9,"10.0452,105.7469",74.0
2024-01-06 22:36:00,VIN-B0352,70.7,61.8,"12.2388,109.1967",92.8
2024-01-06 22:39:00,VIN-B0353,69.8,86.8,"21.0285,105.8542",98.8
2024-01-06 22:42:00,VIN-B0354,53.1,66.0,"10.9460,108.4419",109.7
2024-01-06 22:45:00,VIN-B0355,30.2,43.7,"12.2388,109.1967",89.7
2024-01-06 22:48:00,VIN-B0356,21.2,53.2,"12.2388,109.1967",108.1
2024-01-06 22:51:00,VIN-B0357,36.0,87.4,"10.0452,105.7469",83.6
2024-01-06 22:54:00,VIN-B0358,81.3,52.8,"10.9460,108.4419",74.5
2024-01-06 22:57:00,VIN-B0359,90.8,22.3,"10.8231,106.6297",82.8
2024-01-06 23:00:00,VIN-B0360,116.9,49.7,"16.0544,108.2022",77.2
2024-01-06 23:03:00,VIN-B0361,91.3,68.9,"21.0285,105.8542",107.0
2024-01-06 23:06:00,VIN-B0362,53.2,65.6,"16.0544,108.2022",77.7
2024-01-06 23:09:00,VIN-B0363,13.0,27.0,"12.2388,109.1967",90.1
2024-01-06 23:12:00,VIN-B0364,38.4,55.4,"21.0285,105.8542",97.4
2024-01-06 23:15:00,VIN-B0365,111.3,25.0,"16.0544,108.2022",83.0
2024-01-06 23:18:00,VIN-B0366,23.0,42.6,"16.0544,108.2022",104.1
2024-01-06 23:21:00,VIN-B0367,73.2,19.9,"10.9460,108.4419",96.1
2024-01-06 23:24:00,VIN-B0368,94.6,79.1,"12.2388,109.1967",79.1
2024-01-06 23:27:00,VIN-B0369,31.5,93.8,"12.2388,109.1967",84.8
2024-01-06 23:30:00,VIN-B0370,36.7,74.0,"11.9404,108.4583",88.0
2024-01-06 23:33:00,VIN-B0371,51.0,42.4,"20.8449,106.6881",70.2
2024-01-06 23:36:00,VIN-B0372,112.8,10.3,"20.8449,106.6881",84.1
2024-01-06 23:39:00,VIN-B0373,96.6,97.6,"12.2388,109.1967",70.8
2024-01-06 23:42:00,VIN-B0374,84.5,24.8,"12.2388,109.1967",81.8
2024-01-06 23:45:00,VIN-B0375,44.8,35.6,"20.8449,106.6881",83.0
2024-01-06 23:48:00,VIN-B0376,67.2,23.9,"10.0452,105.7469",94.7
2024-01-06 23:51:00,VIN-B0377,52.8,31.0,"21.0285,105.8542",79.7
2024-01-06 23:54:00,VIN-B0378,39.1,50.6,"10.9460,108.4419",108.1
2024-01-06 23:57:00,VIN-B0379,113.6,79.2,"20.8449,106.6881",97.5
2024-01-07 00:00:00,VIN-B0380,109.1,51.3,"12.2388,109.1967",109.5
2024-01-07 00:03:00,VIN-B0381,70.3,10.6,"10.8231,106.6297",95.6
2024-01-07 00:06:00,VIN-B0382,33.1,40.1,"12.2388,109.1967",74.4
2024-01-07 00:09:00,VIN-B0383,16.1,76.2,"11.9404,108.4583",109.1
2024-01-07 00:12:00,VIN-B0384,87.9,83.3,"16.0544,108.2022",93.6
2024-01-07 00:15:00,VIN-B0385,68.9,58.4,"10.9460,108.4419",79.8
2024-01-07 00:18:00,VIN-B0386,68.7,77.5,"12.2388,109.1967",92.3
2024-01-07 00:21:00,VIN-B0387,98.1,70.5,"16.0544,108.2022",100.9
2024-01-07 00:24:00,VIN-B0388,8.2,79.7,"11.9404,108.4583",108.3
2024-01-07 00:27:00,VIN-B0389,43.3,78.4,"10.0452,105.7469",77.4
2024-01-07 00:30:00,VIN-B0390,56.2,48.8,"11.9404,108.4583",78.0
2024-01-07 00:33:00,VIN-B0391,116.6,29.6,"10.8231,106.6297",75.6
2024-01-07 00:36:00,VIN-B0392,77.1,45.6,"10.9460,108.4419",101.9
2024-01-07 00:39:00,VIN-B0393,99.8,10.7,"11.9404,108.4583",70.6
2024-01-07 00:42:00,VIN-B0394,52.5,8.0,"11.9404,108.4583",101.6
2024-01-07 00:45:00,VIN-B0395,59.0,59.6,"21.0285,105.8542",99.4
2024-01-07 00:48:00,VIN-B0396,67.8,97.6,"21.0285,105.8542",91.3
2024-01-07 00:51:00,VIN-B0397,95.8,85.4,"21.0285,105.8542",93.0
2024-01-07 00:54:00,VIN-B0398,56.2,66.8,"10.0452,105.7469",100.1
2024-01-07 00:57:00,VIN-B0399,92.1,45.9,"12.2388,109.1967",88.6
2024-01-07 01:00:00,VIN-B0400,106.7,99.5,"16.0544,108.2022",96.0
2024-01-07 01:03:00,VIN-B0401,8.8,66.5,"11.9404,108.4583",88.2
2024-01-07 01:06:00,VIN-B0402,93.7,75.2,"20.8449,106.6881",105.6
2024-01-07 01:09:00,VIN-B0403,48.2,32.9,"20.8449,106.6881",70.8
2024-01-07 01:12:00,VIN-B0404,27.0,45.6,"12.2388,109.1967",104.2
2024-01-07 01:15:00,VIN-B0405,70.1,77.9,"10.9460,108.4419",96.1
2024-01-07 01:18:00,VIN-B0406,24.0,83.0,"11.9404,108.4583",105.7
2024-01-07 01:21:00,VIN-B0407,85.8,59.8,"10.0452,105.7469",100.9
2024-01-07 01:24:00,VIN-B0408,24.7,22.3,"10.8231,106.6297",91.3
2024-01-07 01:27:00,VIN-B0409,113.3,8.7,"16.0544,108.2022",91.6
2024-01-07 01:30:00,VIN-B0410,114.6,36.1,"11.9404,108.4583",107.1
2024-01-07 01:33:00,VIN-B0411,79.0,24.2,"16.0544,108.2022",87.0
2024-01-07 01:36:00,VIN-B0412,32.5,93.9,"10.0452,105.7469",100.9
2024-01-07 01:39:00,VIN-B0413,3.3,88.4,"10.9460,108.4419",74.9
2024-01-07 01:42:00,VIN-B0414,113.8,7.4,"10.0452,105.7469",85.2
2024-01-07 01:45:00,VIN-B0415,53.6,42.9,"10.0452,105.7469",100.8
2024-01-07 01:48:00,VIN-B0416,70.8,16.8,"16.0544,108.2022",90.3
2024-01-07 01:51:00,VIN-B0417,69.4,54.1,"16.0544,108.2022",100.3
2024-01-07 01:54:00,VIN-B0418,14.4,51.5,"11.9404,108.4583",100.0
2024-01-07 01:57:00,VIN-B0419,38.0,23.1,"21.0285,105.8542",102.0
2024-01-07 02:00:00,VIN-B0420,43.2,29.3,"21.0285,105.8542",107.8
2024-01-07 02:03:00,VIN-B0421,1.9,41.1,"20.8449,106.6881",86.0
2024-01-07 02:06:00,VIN-B0422,102.9,38.7,"12.2388,109.1967",103.5
2024-01-07 02:09:00,VIN-B0423,52.1,85.5,"12.2388,109.1967",79.2
2024-01-07 02:12:00,VIN-B0424,84.1,66.8,"20.8449,106.6881",105.0
2024-01-07 02:15:00,VIN-B0425,1.9,96.6,"11.9404,108.4583",71.8
2024-01-07 02:18:00,VIN-B0426,101.7,21.8,"10.8231,106.6297",75.1
2024-01-07 02:21:00,VIN-B0427,18.7,71.0,"10.8231,106.6297",72.4
2024-01-07 02:24:00,VIN-B0428,96.3,87.3,"12.2388,109.1967",84.9
2024-01-07 02:27:00,VIN-B0429,49.8,20.0,"16.0544,108.2022",77.0
2024-01-07 02:30:00,VIN-B0430,62.2,19.4,"16.0544,108.2022",84.6
2024-01-07 02:33:00,VIN-B0431,111.0,79.7,"10.8231,106.6297",89.9
2024-01-07 02:36:00,VIN-B0432,36.7,64.4,"12.2388,109.1967",94.9
2024-01-07 02:39:00,VIN-B0433,3.4,7.5,"10.8231,106.6297",105.6
2024-01-07 02:42:00,VIN-B0434,4.1,87.8,"20.8449,106.6881",71.9
2024-01-07 02:45:00,VIN-B0435,45.2,61.9,"16.0544,108.2022",76.3
2024-01-07 02:48:00,VIN-B0436,1.8,90.2,"21.0285,105.8542",86.8
2024-01-07 02:51:00,VIN-B0437,8.0,97.0,"10.9460,108.4419",109.3
2024-01-07 02:54:00,VIN-B0438,102.7,56.0,"16.0544,108.2022",104.3
2024-01-07 02:57:00,VIN-B0439,97.1,5.1,"10.9460,108.4419",88.8
2024-01-07 03:00:00,VIN-B0440,108.3,17.2,"11.9404,108.4583",108.3
2024-01-07 03:03:00,VIN-B0441,80.2,14.2,"10.9460,108.4419",99.9
2024-01-07 03:06:00,VIN-B0442,102.2,23.6,"10.0452,105.7469",90.6
2024-01-07 03:09:00,VIN-B0443,96.7,18.5,"21.0285,105.8542",99.7
2024-01-07 03:12:00,VIN-B0444,86.1,31.8,"21.0285,105.8542",80.0
2024-01-07 03:15:00,VIN-B0445,30.1,74.4,"12.2388,109.1967",83.1
2024-01-07 03:18:00,VIN-B0446,116.9,68.5,"12.2388,109.1967",100.4
2024-01-07 03:21:00,VIN-B0447,15.8,45.1,"16.0544,108.2022",93.2
2024-01-07 03:24:00,VIN-B0448,112.2,8.3,"20.8449,106.6881",95.3
2024-01-07 03:27:00,VIN-B0449,95.3,98.1,"10.8231,106.6297",75.7
2024-01-07 03:30:00,VIN-B0450,4.1,80.5,"16.0544,108.2022",85.9
2024-01-07 03:33:00,VIN-B0451,1.4,50.7,"11.9404,108.4583",77.5
2024-01-07 03:36:00,VIN-B0452,104.3,97.2,"20.8449,106.6881",88.1
2024-01-07 03:39:00,VIN-B0453,25.8,64.0,"10.9460,108.4419",74.7
2024-01-07 03:42:00,VIN-B0454,33.5,78.0,"11.9404,108.4583",83.5
2024-01-07 03:45:00,VIN-B0455,107.1,29.3,"10.9460,108.4419",100.9
2024-01-07 03:48:00,VIN-B0456,54.8,14.2,"11.9404,108.4583",100.5
2024-01-07 03:51:00,VIN-B0457,31.5,79.3,"20.8449,106.6881",95.7
2024-01-07 03:54:00,VIN-B0458,115.8,17.0,"10.0452,105.7469",109.0
2024-01-07 03:57:00,VIN-B0459,99.6,16.4,"12.2388,109.1967",75.1
2024-01-07 04:00:00,VIN-B0460,41.7,48.0,"21.0285,105.8542",108.7
2024-01-07 04:03:00,VIN-B0461,116.6,22.3,"10.0452,105.7469",75.7
2024-01-07 04:06:00,VIN-B0462,81.7,78.7,"10.0452,105.7469",99.3
2024-01-07 04:09:00,VIN-B0463,42.5,62.1,"16.0544,108.2022",92.5
2024-01-07 04:12:00,VIN-B0464,63.7,9.5,"11.9404,108.4583",91.6
2024-01-07 04:15:00,VIN-B0465,83.2,99.7,"16.0544,108.2022",85.0
2024-01-07 04:18:00,VIN-B0466,12.0,20.7,"10.0452,105.7469",103.7
2024-01-07 04:21:00,VIN-B0467,90.1,19.4,"20.8449,106.6881",104.3
2024-01-07 04:24:00,VIN-B0468,33.4,96.1,"20.8449,106.6881",81.9
2024-01-07 04:27:00,VIN-B0469,108.1,97.3,"10.9460,108.4419",88.7
2024-01-07 04:30:00,VIN-B0470,16.3,94.1,"10.8231,106.6297",73.0
2024-01-07 04:33:00,VIN-B0471,85.0,68.5,"10.0452,105.7469",106.9
2024-01-07 04:36:00,VIN-B0472,73.6,96.1,"10.8231,106.6297",100.2
2024-01-07 04:39:00,VIN-B0473,16.8,50.7,"16.0544,108.2022",100.6
2024-01-07 04:42:00,VIN-B0474,96.8,95.3,"10.0452,105.7469",85.6
2024-01-07 04:45:00,VIN-B0475,19.1,44.8,"10.0452,105.7469",79.9
2024-01-07 04:48:00,VIN-B0476,42.0,26.5,"12.2388,109.1967",75.6
2024-01-07 04:51:00,VIN-B0477,48.2,74.0,"16.0544,108.2022",78.2
2024-01-07 04:54:00,VIN-B0478,17.1,31.2,"11.9404,108.4583",70.4
2024-01-07 04:57:00,VIN-B0479,14.1,34.6,"21.0285,105.8542",100.9
2024-01-07 05:00:00,VIN-B0480,71.8,27.1,"10.9460,108.4419",82.0
2024-01-07 05:03:00,VIN-B0481,15.0,75.6,"10.9460,108.4419",76.1
2024-01-07 05:06:00,VIN-B0482,105.6,76.7,"11.9404,108.4583",105.0
2024-01-07 05:09:00,VIN-B0483,113.9,8.9,"12.2388,109.1967",74.5
2024-01-07 05:12:00,VIN-B0484,56.0,60.6,"10.9460,108.4419",100.3
2024-01-07 05:15:00,VIN-B0485,27.0,14.8,"11.9404,108.4583",79.7
2024-01-07 05:18:00,VIN-B0486,102.0,52.0,"20.8449,106.6881",86.9
2024-01-07 05:21:00,VIN-B0487,76.6,87.2,"12.2388,109.1967",103.7
2024-01-07 05:24:00,VIN-B0488,87.9,90.9,"11.9404,108.4583",86.8
2024-01-07 05:27:00,VIN-B0489,100.4,98.4,"21.0285,105.8542",70.5
2024-01-07 05:30:00,VIN-B0490,85.6,51.1,"10.9460,108.4419",78.9
2024-01-07 05:33:00,VIN-B0491,52.1,30.2,"10.9460,108.4419",92.4
2024-01-07 05:36:00,VIN-B0492,100.5,40.7,"20.8449,106.6881",71.7
2024-01-07 05:39:00,VIN-B0493,12.9,84.6,"21.0285,105.8542",93.0
2024-01-07 05:42:00,VIN-B0494,14.1,77.6,"11.9404,108.4583",93.2
2024-01-07 05:45:00,VIN-B0495,85.1,62.4,"20.8449,106.6881",98.7
2024-01-07 05:48:00,VIN-B0496,4.8,66.5,"10.9460,108.4419",104.1
2024-01-07 05:51:00,VIN-B0497,68.8,54.7,"20.8449,106.6881",102.5
2024-01-07 05:54:00,VIN-B0498,75.4,78.9,"10.8231,106.6297",78.6
2024-01-07 05:57:00,VIN-B0499,21.7,64.9,"11.9404,108.4583",74.0
2024-01-07 06:00:00,VIN-B0500,110.5,81.2,"10.9460,108.4419",104.0
2024-01-07 06:03:00,VIN-B0501,30.4,82.7,"11.9404,108.4583",84.1
2024-01-07 06:06:00,VIN-B0502,115.9,31.3,"10.8231,106.6297",83.0
2024-01-07 06:09:00,VIN-B0503,83.9,65.3,"16.0544,108.2022",78.4
2024-01-07 06:12:00,VIN-B0504,92.5,57.0,"11.9404,108.4583",99.6
2024-01-07 06:15:00,VIN-B0505,90.4,79.2,"16.0544,108.2022",103.8
2024-01-07 06:18:00,VIN-B0506,102.8,36.7,"10.0452,105.7469",82.7
2024-01-07 06:21:00,VIN-B0507,36.7,91.8,"21.0285,105.8542",95.6
2024-01-07 06:24:00,VIN-B0508,37.6,52.2,"16.0544,108.2022",100.3
2024-01-07 06:27:00,VIN-B0509,24.3,86.3,"10.9460,108.4419",84.0
2024-01-07 06:30:00,VIN-B0510,96.7,90.1,"16.0544,108.2022",108.4
2024-01-07 06:33:00,VIN-B0511,38.7,15.6,"12.2388,109.1967",106.4
2024-01-07 06:36:00,VIN-B0512,84.0,58.2,"16.0544,108.2022",85.9
2024-01-07 06:39:00,VIN-B0513,83.5,23.9,"21.0285,105.8542",98.5
2024-01-07 06:42:00,VIN-B0514,109.8,68.0,"12.2388,109.1967",75.8
2024-01-07 06:45:00,VIN-B0515,40.8,38.6,"16.0544,108.2022",106.9
2024-01-07 06:48:00,VIN-B0516,12.4,95.8,"12.2388,109.1967",94.5
2024-01-07 06:51:00,VIN-B0517,116.5,35.8,"10.0452,105.7469",87.7
2024-01-07 06:54:00,VIN-B0518,4.9,57.1,"12.2388,109.1967",71.1
2024-01-07 06:57:00,VIN-B0519,26.9,71.0,"10.0452,105.7469",79.8
2024-01-07 07:00:00,VIN-B0520,27.1,66.6,"10.0452,105.7469",75.8
2024-01-07 07:03:00,VIN-B0521,35.6,96.6,"10.9460,108.4419",103.5
2024-01-07 07:06:00,VIN-B0522,49.7,57.4,"10.0452,105.7469",86.5
2024-01-07 07:09:00,VIN-B0523,101.7,60.2,"20.8449,106.6881",99.9
2024-01-07 07:12:00,VIN-B0524,84.8,98.3,"12.2388,109.1967",87.3
2024-01-07 07:15:00,VIN-B0525,43.7,92.9,"10.0452,105.7469",82.8
2024-01-07 07:18:00,VIN-B0526,42.8,96.0,"16.0544,108.2022",82.9
2024-01-07 07:21:00,VIN-B0527,99.3,71.7,"16.0544,108.2022",73.9
2024-01-07 07:24:00,VIN-B0528,110.1,98.6,"10.9460,108.4419",91.4
2024-01-07 07:27:00,VIN-B0529,12.6,83.5,"10.0452,105.7469",98.8
2024-01-07 07:30:00,VIN-B0530,86.1,66.3,"10.0452,105.7469",88.6
2024-01-07 07:33:00,VIN-B0531,68.9,10.1,"10.9460,108.4419",89.9
2024-01-07 07:36:00,VIN-B0532,52.3,95.6,"16.0544,108.2022",70.9
2024-01-07 07:39:00,VIN-B0533,53.8,66.8,"11.9404,108.4583",89.1
2024-01-07 07:42:00,VIN-B0534,84.8,11.1,"11.9404,108.4583",72.6
2024-01-07 07:45:00,VIN-B0535,86.3,59.1,"10.8231,106.6297",98.5
2024-01-07 07:48:00,VIN-B0536,58.9,71.9,"16.0544,108.2022",109.4
2024-01-07 07:51:00,VIN-B0537,25.8,48.0,"12.2388,109.1967",83.2
2024-01-07 07:54:00,VIN-B0538,68.4,88.2,"20.8449,106.6881",75.8
2024-01-07 07:57:00,VIN-B0539,64.8,69.7,"11.9404,108.4583",104.5
2024-01-07 08:00:00,VIN-B0540,116.5,10.0,"11.9404,108.4583",93.5
2024-01-07 08:03:00,VIN-B0541,93.0,11.7,"21.0285,105.8542",91.2
2024-01-07 08:06:00,VIN-B0542,87.6,74.6,"10.0452,105.7469",109.2
2024-01-07 08:09:00,VIN-B0543,92.8,99.0,"16.0544,108.2022",71.2
2024-01-07 08:12:00,VIN-B0544,111.5,74.2,"11.9404,108.4583",73.6
2024-01-07 08:15:00,VIN-B0545,113.5,59.5,"20.8449,106.6881",102.2
2024-01-07 08:18:00,VIN-B0546,45.8,50.1,"11.9404,108.4583",77.3
2024-01-07 08:21:00,VIN-B0547,37.3,21.9,"20.8449,106.6881",105.2
2024-01-07 08:24:00,VIN-B0548,60.0,22.5,"20.8449,106.6881",78.0
2024-01-07 08:27:00,VIN-B0549,42.1,66.5,"21.0285,105.8542",83.6
2024-01-07 08:30:00,VIN-B0550,90.2,54.8,"10.8231,106.6297",105.2
2024-01-07 08:33:00,VIN-B0551,7.3,57.9,"11.9404,108.4583",73.8
2024-01-07 08:36:00,VIN-B0552,0.2,98.6,"10.8231,106.6297",70.2
2024-01-07 08:39:00,VIN-B0553,46.2,7.6,"11.9404,108.4583",104.4
2024-01-07 08:42:00,VIN-B0554,114.7,22.9,"10.9460,108.4419",77.3
2024-01-07 08:45:00,VIN-B0555,26.2,37.8,"16.0544,108.2022",94.0
2024-01-07 08:48:00,VIN-B0556,68.9,89.7,"16.0544,108.2022",90.3
2024-01-07 08:51:00,VIN-B0557,97.7,47.3,"10.8231,106.6297",107.4
2024-01-07 08:54:00,VIN-B0558,106.6,80.4,"21.0285,105.8542",102.3
2024-01-07 08:57:00,VIN-B0559,37.4,32.7,"11.9404,108.4583",97.3
2024-01-07 09:00:00,VIN-B0560,70.8,20.9,"21.0285,105.8542",89.9
2024-01-07 09:03:00,VIN-B0561,72.4,99.7,"11.9404,108.4583",107.5
2024-01-07 09:06:00,VIN-B0562,111.4,57.1,"20.8449,106.6881",101.4
2024-01-07 09:09:00,VIN-B0563,113.3,68.5,"21.0285,105.8542",83.5
2024-01-07 09:12:00,VIN-B0564,43.9,27.7,"10.9460,108.4419",77.5
2024-01-07 09:15:00,VIN-B0565,48.5,39.0,"10.9460,108.4419",102.4
2024-01-07 09:18:00,VIN-B0566,109.2,72.2,"21.0285,105.8542",103.9
2024-01-07 09:21:00,VIN-B0567,10.9,67.2,"20.8449,106.6881",100.3
2024-01-07 09:24:00,VIN-B0568,77.2,31.8,"16.0544,108.2022",87.9
2024-01-07 09:27:00,VIN-B0569,23.8,94.7,"20.8449,106.6881",86.2
2024-01-07 09:30:00,VIN-B0570,45.2,51.6,"10.9460,108.4419",74.2
2024-01-07 09:33:00,VIN-B0571,67.4,62.9,"12.2388,109.1967",89.9
2024-01-07 09:36:00,VIN-B0572,94.4,32.3,"10.8231,106.6297",91.1
2024-01-07 09:39:00,VIN-B0573,5.0,94.9,"12.2388,109.1967",105.7
2024-01-07 09:42:00,VIN-B0574,89.7,59.3,"16.0544,108.2022",95.6
2024-01-07 09:45:00,VIN-B0575,88.7,55.8,"10.8231,106.6297",108.7
2024-01-07 09:48:00,VIN-B0576,46.2,38.4,"10.8231,106.6297",102.9
2024-01-07 09:51:00,VIN-B0577,82.1,46.2,"16.0544,108.2022",90.3
2024-01-07 09:54:00,VIN-B0578,81.7,9.2,"10.0452,105.7469",73.9
2024-01-07 09:57:00,VIN-B0579,114.0,89.8,"11.9404,108.4583",72.9
2024-01-07 10:00:00,VIN-B0580,24.4,24.6,"10.8231,106.6297",71.8
2024-01-07 10:03:00,VIN-B0581,45.8,90.5,"21.0285,105.8542",107.0
2024-01-07 10:06:00,VIN-B0582,0.6,27.8,"11.9404,108.4583",109.4
2024-01-07 10:09:00,VIN-B0583,118.5,83.5,"11.9404,108.4583",106.7
2024-01-07 10:12:00,VIN-B0584,48.2,19.8,"10.0452,105.7469",94.9
2024-01-07 10:15:00,VIN-B0585,31.0,92.6,"12.2388,109.1967",78.2
2024-01-07 10:18:00,VIN-B0586,105.4,75.0,"12.2388,109.1967",86.4
2024-01-07 10:21:00,VIN-B0587,1.2,83.2,"20.8449,106.6881",81.1
2024-01-07 10:24:00,VIN-B0588,108.1,82.6,"10.9460,108.4419",80.1
2024-01-07 10:27:00,VIN-B0589,1.3,70.8,"10.8231,106.6297",97.8
2024-01-07 10:30:00,VIN-B0590,53.9,68.0,"10.0452,105.7469",72.8
2024-01-07 10:33:00,VIN-B0591,13.7,20.1,"10.9460,108.4419",72.7
2024-01-07 10:36:00,VIN-B0592,64.4,20.9,"12.2388,109.1967",108.2
2024-01-07 10:39:00,VIN-B0593,85.8,71.0,"12.2388,109.1967",91.5
2024-01-07 10:42:00,VIN-B0594,34.2,59.2,"21.0285,105.8542",100.4
2024-01-07 10:45:00,VIN-B0595,47.4,89.1,"10.0452,105.7469",108.0
2024-01-07 10:48:00,VIN-B0596,66.6,52.3,"16.0544,108.2022",90.7
2024-01-07 10:51:00,VIN-B0597,4.3,50.5,"21.0285,105.8542",79.1
2024-01-07 10:54:00,VIN-B0598,100.0,22.5,"21.0285,105.8542",79.7
2024-01-07 10:57:00,VIN-B0599,73.8,46.6,"16.0544,108.2022",87.7
2024-01-07 11:00:00,VIN-B0600,92.3,68.0,"10.0452,105.7469",100.7
2024-01-07 11:03:00,VIN-B0601,87.0,9.2,"10.8231,106.6297",107.9
2024-01-07 11:06:00,VIN-B0602,41.0,95.3,"16.0544,108.2022",84.0
2024-01-07 11:09:00,VIN-B0603,24.1,66.2,"20.8449,106.6881",85.2
2024-01-07 11:12:00,VIN-B0604,113.6,53.0,"10.0452,105.7469",77.4
2024-01-07 11:15:00,VIN-B0605,23.3,67.5,"10.9460,108.4419",71.0
2024-01-07 11:18:00,VIN-B0606,52.9,85.1,"12.2388,109.1967",92.3
2024-01-07 11:21:00,VIN-B0607,17.2,96.6,"10.8231,106.6297",74.5
2024-01-07 11:24:00,VIN-B0608,7.8,54.2,"10.8231,106.6297",94.7
2024-01-07 11:27:00,VIN-B0609,20.4,93.6,"11.9404,108.4583",71.5
2024-01-07 11:30:00,VIN-B0610,108.2,70.0,"10.8231,106.6297",85.2
2024-01-07 11:33:00,VIN-B0611,67.5,82.3,"21.0285,105.8542",104.3
2024-01-07 11:36:00,VIN-B0612,91.5,8.3,"21.0285,105.8542",70.8
2024-01-07 11:39:00,VIN-B0613,98.9,50.3,"20.8449,106.6881",81.3
2024-01-07 11:42:00,VIN-B0614,73.9,47.7,"10.0452,105.7469",97.3
2024-01-07 11:45:00,VIN-B0615,73.5,37.8,"10.9460,108.4419",89.2
2024-01-07 11:48:00,VIN-B0616,107.8,48.2,"11.9404,108.4583",79.0
2024-01-07 11:51:00,VIN-B0617,34.4,74.4,"20.8449,106.6881",110.0
2024-01-07 11:54:00,VIN-B0618,105.8,40.0,"10.8231,106.6297",87.3
2024-01-07 11:57:00,VIN-B0619,36.0,9.0,"20.8449,106.6881",98.4
2024-01-07 12:00:00,VIN-B0620,65.0,26.6,"20.8449,106.6881",75.0
2024-01-07 12:03:00,VIN-B0621,75.2,24.8,"20.8449,106.6881",86.8
2024-01-07 12:06:00,VIN-B0622,50.1,74.7,"10.9460,108.4419",108.1
2024-01-07 12:09:00,VIN-B0623,55.6,37.1,"20.8449,106.6881",75.3
2024-01-07 12:12:00,VIN-B0624,63.6,28.4,"10.0452,105.7469",92.7
2024-01-07 12:15:00,VIN-B0625,113.8,74.3,"11.9404,108.4583",106.0
2024-01-07 12:18:00,VIN-B0626,65.8,77.6,"20.8449,106.6881",85.0
2024-01-07 12:21:00,VIN-B0627,36.8,42.3,"10.9460,108.4419",74.3
2024-01-07 12:24:00,VIN-B0628,78.3,33.5,"20.8449,106.6881",72.0
2024-01-07 12:27:00,VIN-B0629,26.1,57.4,"16.0544,108.2022",96.4
2024-01-07 12:30:00,VIN-B0630,112.5,46.0,"10.9460,108.4419",71.0
2024-01-07 12:33:00,VIN-B0631,24.8,58.9,"16.0544,108.2022",80.9
2024-01-07 12:36:00,VIN-B0632,89.5,58.5,"16.0544,108.2022",95.6
2024-01-07 12:39:00,VIN-B0633,69.0,81.1,"16.0544,108.2022",86.5
2024-01-07 12:42:00,VIN-B0634,56.2,87.5,"16.0544,108.2022",100.5
2024-01-07 12:45:00,VIN-B0635,58.4,63.0,"10.8231,106.6297",97.0
2024-01-07 12:48:00,VIN-B0636,94.4,13.1,"10.8231,106.6297",106.8
2024-01-07 12:51:00,VIN-B0637,104.3,36.5,"21.0285,105.8542",82.5
2024-01-07 12:54:00,VIN-B0638,108.2,24.3,"16.0544,108.2022",108.3
2024-01-07 12:57:00,VIN-B0639,36.9,11.3,"11.9404,108.4583",93.3
2024-01-07 13:00:00,VIN-B0640,99.4,50.1,"16.0544,108.2022",81.6
2024-01-07 13:03:00,VIN-B0641,12.2,58.4,"16.0544,108.2022",76.5
2024-01-07 13:06:00,VIN-B0642,14.2,91.5,"20.8449,106.6881",76.3
2024-01-07 13:09:00,VIN-B0643,66.3,49.6,"12.2388,109.1967",97.6
2024-01-07 13:12:00,VIN-B0644,108.4,97.7,"16.0544,108.2022",106.4
2024-01-07 13:15:00,VIN-B0645,11.6,8.7,"20.8449,106.6881",88.9
2024-01-07 13:18:00,VIN-B0646,57.2,77.9,"11.9404,108.4583",107.2
2024-01-07 13:21:00,VIN-B0647,70.2,22.3,"10.8231,106.6297",108.8
2024-01-07 13:24:00,VIN-B0648,113.6,58.8,"11.9404,108.4583",109.5
2024-01-07 13:27:00,VIN-B0649,106.4,11.5,"16.0544,108.2022",95.0
2024-01-07 13:30:00,VIN-B0650,81.3,92.1,"21.0285,105.8542",109.7
2024-01-07 13:33:00,VIN-B0651,94.9,68.5,"11.9404,108.4583",81.7
2024-01-07 13:36:00,VIN-B0652,95.1,79.7,"11.9404,108.4583",94.1
2024-01-07 13:39:00,VIN-B0653,95.9,6.5,"20.8449,106.6881",109.7
2024-01-07 13:42:00,VIN-B0654,43.8,29.0,"12.2388,109.1967",109.3
2024-01-07 13:45:00,VIN-B0655,108.5,7.2,"11.9404,108.4583",106.2
2024-01-07 13:48:00,VIN-B0656,6.2,27.7,"12.2388,109.1967",80.5
2024-01-07 13:51:00,VIN-B0657,119.5,37.1,"12.2388,109.1967",100.0
2024-01-07 13:54:00,VIN-B0658,91.2,48.5,"21.0285,105.8542",83.3
2024-01-07 13:57:00,VIN-B0659,3.8,87.8,"10.8231,106.6297",99.4
2024-01-07 14:00:00,VIN-B0660,2.3,41.2,"10.9460,108.4419",85.2
2024-01-07 14:03:00,VIN-B0661,4.3,68.8,"20.8449,106.6881",83.4
2024-01-07 14:06:00,VIN-B0662,96.4,86.1,"20.8449,106.6881",86.3
2024-01-07 14:09:00,VIN-B0663,41.1,94.6,"12.2388,109.1967",92.1
2024-01-07 14:12:00,VIN-B0664,58.7,30.3,"10.9460,108.4419",106.8
2024-01-07 14:15:00,VIN-B0665,10.2,68.3,"11.9404,108.4583",104.5
2024-01-07 14:18:00,VIN-B0666,107.5,7.2,"16.0544,108.2022",102.2
2024-01-07 14:21:00,VIN-B0667,12.8,12.1,"11.9404,108.4583",72.6
2024-01-07 14:24:00,VIN-B0668,68.6,27.5,"21.0285,105.8542",104.5
2024-01-07 14:27:00,VIN-B0669,1.2,6.3,"11.9404,108.4583",104.8
2024-01-07 14:30:00,VIN-B0670,74.1,19.8,"10.9460,108.4419",95.2
2024-01-07 14:33:00,VIN-B0671,39.7,68.2,"21.0285,105.8542",72.2
2024-01-07 14:36:00,VIN-B0672,16.6,92.2,"21.0285,105.8542",77.4
2024-01-07 14:39:00,VIN-B0673,86.2,13.7,"20.8449,106.6881",101.7
2024-01-07 14:42:00,VIN-B0674,28.0,9.7,"21.0285,105.8542",85.5
2024-01-07 14:45:00,VIN-B0675,75.1,23.3,"10.0452,105.7469",98.3
2024-01-07 14:48:00,VIN-B0676,59.4,72.1,"10.9460,108.4419",81.5
2024-01-07 14:51:00,VIN-B0677,81.1,87.2,"10.8231,106.6297",87.7
2024-01-07 14:54:00,VIN-B0678,60.9,12.6,"10.0452,105.7469",80.5
2024-01-07 14:57:00,VIN-B0679,105.4,59.7,"10.0452,105.7469",98.0
2024-01-07 15:00:00,VIN-B0680,84.3,12.2,"16.0544,108.2022",103.9
2024-01-07 15:03:00,VIN-B0681,90.8,26.6,"20.8449,106.6881",95.4
2024-01-07 15:06:00,VIN-B0682,71.1,62.1,"12.2388,109.1967",78.7
2024-01-07 15:09:00,VIN-B0683,30.1,37.8,"10.0452,105.7469",91.2
2024-01-07 15:12:00,VIN-B0684,78.6,97.0,"12.2388,109.1967",81.3
2024-01-07 15:15:00,VIN-B0685,19.4,10.9,"10.9460,108.4419",83.8
2024-01-07 15:18:00,VIN-B0686,87.9,63.9,"20.8449,106.6881",73.2
2024-01-07 15:21:00,VIN-B0687,91.7,73.0,"10.8231,106.6297",109.1
2024-01-07 15:24:00,VIN-B0688,80.9,35.2,"11.9404,108.4583",97.9
2024-01-07 15:27:00,VIN-B0689,72.7,96.1,"12.2388,109.1967",99.1
2024-01-07 15:30:00,VIN-B0690,38.3,39.0,"10.9460,108.4419",84.8
2024-01-07 15:33:00,VIN-B0691,36.0,51.5,"10.0452,105.7469",79.1
2024-01-07 15:36:00,VIN-B0692,20.5,70.6,"20.8449,106.6881",88.6
2024-01-07 15:39:00,VIN-B0693,55.4,92.7,"20.8449,106.6881",88.5
2024-01-07 15:42:00,VIN-B0694,107.9,48.0,"16.0544,108.2022",99.5
2024-01-07 15:45:00,VIN-B0695,46.3,95.2,"16.0544,108.2022",101.5
2024-01-07 15:48:00,VIN-B0696,45.8,87.7,"16.0544,108.2022",86.0
2024-01-07 15:51:00,VIN-B0697,1.7,80.2,"16.0544,108.2022",76.0
2024-01-07 15:54:00,VIN-B0698,113.5,25.6,"10.8231,106.6297",85.7
2024-01-07 15:57:00,VIN-B0699,18.0,37.0,"10.8231,106.6297",89.9
2024-01-07 16:00:00,VIN-B0700,19.0,83.8,"12.2388,109.1967",79.1
2024-01-07 16:03:00,VIN-B0701,58.4,73.8,"20.8449,106.6881",87.4
2024-01-07 16:06:00,VIN-B0702,102.2,51.3,"10.8231,106.6297",84.1
2024-01-07 16:09:00,VIN-B0703,12.7,95.5,"10.9460,108.4419",94.3
2024-01-07 16:12:00,VIN-B0704,17.0,54.3,"10.9460,108.4419",102.1
2024-01-07 16:15:00,VIN-B0705,50.0,6.2,"12.2388,109.1967",95.3
2024-01-07 16:18:00,VIN-B0706,40.6,34.5,"20.8449,106.6881",94.5
2024-01-07 16:21:00,VIN-B0707,71.9,55.3,"11.9404,108.4583",99.0
2024-01-07 16:24:00,VIN-B0708,96.9,87.1,"11.9404,108.4583",92.6
2024-01-07 16:27:00,VIN-B0709,56.8,6.7,"11.9404,108.4583",86.7
2024-01-07 16:30:00,VIN-B0710,25.1,36.0,"10.0452,105.7469",106.4
2024-01-07 16:33:00,VIN-B0711,108.3,65.2,"10.9460,108.4419",101.5
2024-01-07 16:36:00,VIN-B0712,66.6,59.8,"11.9404,108.4583",97.9
2024-01-07 16:39:00,VIN-B0713,108.2,96.7,"10.0452,105.7469",98.3
2024-01-07 16:42:00,VIN-B0714,73.1,82.3,"10.0452,105.7469",89.5
2024-01-07 16:45:00,VIN-B0715,56.4,6.8,"21.0285,105.8542",85.4
2024-01-07 16:48:00,VIN-B0716,17.8,35.6,"10.9460,108.4419",88.5
2024-01-07 16:51:00,VIN-B0717,108.1,95.0,"12.2388,109.1967",72.7
2024-01-07 16:54:00,VIN-B0718,46.7,23.4,"12.2388,109.1967",98.5
2024-01-07 16:57:00,VIN-B0719,43.7,78.9,"10.9460,108.4419",79.9
2024-01-07 17:00:00,VIN-B0720,76.0,36.1,"10.9460,108.4419",92.5
2024-01-07 17:03:00,VIN-B0721,94.0,95.9,"10.9460,108.4419",109.4
2024-01-07 17:06:00,VIN-B0722,72.6,55.9,"10.0452,105.7469",108.3
2024-01-07 17:09:00,VIN-B0723,71.7,16.4,"10.8231,106.6297",99.4
2024-01-07 17:12:00,VIN-B0724,23.4,80.9,"12.2388,109.1967",79.9
2024-01-07 17:15:00,VIN-B0725,45.1,71.6,"10.8231,106.6297",81.9
2024-01-07 17:18:00,VIN-B0726,24.5,33.1,"10.8231,106.6297",96.1
2024-01-07 17:21:00,VIN-B0727,91.5,12.5,"10.9460,108.4419",101.0
2024-01-07 17:24:00,VIN-B0728,119.2,47.4,"20.8449,106.6881",92.2
2024-01-07 17:27:00,VIN-B0729,71.3,77.1,"21.0285,105.8542",107.5
2024-01-07 17:30:00,VIN-B0730,54.7,23.8,"10.9460,108.4419",81.4
2024-01-07 17:33:00,VIN-B0731,70.4,35.7,"10.8231,106.6297",75.0
2024-01-07 17:36:00,VIN-B0732,104.1,57.5,"11.9404,108.4583",75.7
2024-01-07 17:39:00,VIN-B0733,99.8,40.6,"10.8231,106.6297",95.2
2024-01-07 17:42:00,VIN-B0734,77.6,42.6,"11.9404,108.4583",94.5
2024-01-07 17:45:00,VIN-B0735,91.3,66.1,"11.9404,108.4583",92.6
2024-01-07 17:48:00,VIN-B0736,68.2,88.9,"10.8231,106.6297",98.9
2024-01-07 17:51:00,VIN-B0737,85.6,52.2,"21.0285,105.8542",75.6
2024-01-07 17:54:00,VIN-B0738,12.3,20.5,"10.0452,105.7469",73.7
2024-01-07 17:57:00,VIN-B0739,43.2,38.9,"21.0285,105.8542",86.5
2024-01-07 18:00:00,VIN-B0740,90.1,51.8,"10.8231,106.6297",91.0
2024-01-07 18:03:00,VIN-B0741,77.0,42.6,"16.0544,108.2022",91.9
2024-01-07 18:06:00,VIN-B0742,10.7,24.7,"16.0544,108.2022",74.6
2024-01-07 18:09:00,VIN-B0743,109.4,29.8,"10.0452,105.7469",72.3
2024-01-07 18:12:00,VIN-B0744,82.0,7.3,"10.0452,105.7469",89.1
2024-01-07 18:15:00,VIN-B0745,5.1,77.1,"16.0544,108.2022",108.2
2024-01-07 18:18:00,VIN-B0746,16.5,35.3,"20.8449,106.6881",100.2
2024-01-07 18:21:00,VIN-B0747,80.4,6.8,"12.2388,109.1967",89.7
2024-01-07 18:24:00,VIN-B0748,80.4,71.2,"21.0285,105.8542",71.6
2024-01-07 18:27:00,VIN-B0749,70.8,24.8,"10.9460,108.4419",70.3
2024-01-07 18:30:00,VIN-B0750,84.2,60.3,"11.9404,108.4583",90.4
2024-01-07 18:33:00,VIN-B0751,99.5,42.7,"16.0544,108.2022",91.4
2024-01-07 18:36:00,VIN-B0752,109.8,75.7,"12.2388,109.1967",80.6
2024-01-07 18:39:00,VIN-B0753,44.9,41.9,"10.0452,105.7469",100.2
2024-01-07 18:42:00,VIN-B0754,30.8,23.6,"12.2388,109.1967",85.7
2024-01-07 18:45:00,VIN-B0755,78.1,47.9,"10.9460,108.4419",94.1
2024-01-07 18:48:00,VIN-B0756,78.2,53.6,"20.8449,106.6881",78.2
2024-01-07 18:51:00,VIN-B0757,13.5,41.8,"21.0285,105.8542",99.7
2024-01-07 18:54:00,VIN-B0758,104.9,24.0,"12.2388,109.1967",103.3
2024-01-07 18:57:00,VIN-B0759,80.9,89.2,"12.2388,109.1967",84.4
2024-01-07 19:00:00,VIN-B0760,6.5,64.5,"12.2388,109.1967",78.7
2024-01-07 19:03:00,VIN-B0761,2.9,6.2,"16.0544,108.2022",104.4
2024-01-07 19:06:00,VIN-B0762,24.8,94.9,"20.8449,106.6881",98.8
2024-01-07 19:09:00,VIN-B0763,54.9,42.1,"16.0544,108.2022",106.8
2024-01-07 19:12:00,VIN-B0764,57.6,61.7,"10.0452,105.7469",73.1
2024-01-07 19:15:00,VIN-B0765,12.9,5.0,"10.8231,106.6297",94.8
2024-01-07 19:18:00,VIN-B0766,102.9,94.9,"10.8231,106.6297",82.1
2024-01-07 19:21:00,VIN-B0767,45.8,59.0,"16.0544,108.2022",73.9
2024-01-07 19:24:00,VIN-B0768,44.2,66.3,"20.8449,106.6881",99.7
2024-01-07 19:27:00,VIN-B0769,44.7,31.6,"10.8231,106.6297",81.9
2024-01-07 19:30:00,VIN-B0770,4.2,16.4,"16.0544,108.2022",80.5
2024-01-07 19:33:00,VIN-B0771,111.6,89.3,"10.0452,105.7469",74.8
2024-01-07 19:36:00,VIN-B0772,76.4,95.5,"10.8231,106.6297",105.2
2024-01-07 19:39:00,VIN-B0773,111.8,21.6,"21.0285,105.8542",73.4
2024-01-07 19:42:00,VIN-B0774,28.2,87.6,"12.2388,109.1967",80.8
2024-01-07 19:45:00,VIN-B0775,84.3,50.6,"16.0544,108.2022",78.6
2024-01-07 19:48:00,VIN-B0776,47.7,40.9,"10.8231,106.6297",89.9
2024-01-07 19:51:00,VIN-B0777,99.7,44.2,"10.8231,106.6297",93.1
2024-01-07 19:54:00,VIN-B0778,5.3,11.0,"12.2388,109.1967",98.4
2024-01-07 19:57:00,VIN-B0779,86.3,24.3,"12.2388,109.1967",71.0
2024-01-07 20:00:00,VIN-B0780,32.6,87.8,"10.0452,105.7469",97.6
2024-01-07 20:03:00,VIN-B0781,97.2,99.6,"10.8231,106.6297",104.9
2024-01-07 20:06:00,VIN-B0782,100.2,46.4,"10.9460,108.4419",101.7
2024-01-07 20:09:00,VIN-B0783,85.9,75.5,"12.2388,109.1967",84.6
2024-01-07 20:12:00,VIN-B0784,71.8,48.3,"10.9460,108.4419",91.8
2024-01-07 20:15:00,VIN-B0785,44.8,90.7,"16.0544,108.2022",82.8
2024-01-07 20:18:00,VIN-B0786,76.7,43.7,"20.8449,106.6881",84.9
2024-01-07 20:21:00,VIN-B0787,118.0,77.9,"16.0544,108.2022",102.6
2024-01-07 20:24:00,VIN-B0788,90.2,52.0,"20.8449,106.6881",84.4
2024-01-07 20:27:00,VIN-B0789,51.8,62.2,"16.0544,108.2022",83.3
2024-01-07 20:30:00,VIN-B0790,43.0,49.3,"16.0544,108.2022",105.6
2024-01-07 20:33:00,VIN-B0791,41.2,92.2,"16.0544,108.2022",94.0
2024-01-07 20:36:00,VIN-B0792,64.8,84.0,"16.0544,108.2022",104.0
2024-01-07 20:39:00,VIN-B0793,68.8,97.8,"10.0452,105.7469",103.0
2024-01-07 20:42:00,VIN-B0794,47.6,83.2,"21.0285,105.8542",109.6
2024-01-07 20:45:00,VIN-B0795,65.3,54.4,"10.8231,106.6297",80.2
2024-01-07 20:48:00,VIN-B0796,66.1,94.5,"10.0452,105.7469",97.4
2024-01-07 20:51:00,VIN-B0797,94.5,51.5,"11.9404,108.4583",99.3
2024-01-07 20:54:00,VIN-B0798,95.6,57.1,"20.8449,106.6881",90.9
2024-01-07 20:57:00,VIN-B0799,98.3,25.8,"11.9404,108.4583",100.0
2024-01-07 21:00:00,VIN-B0800,82.5,98.9,"10.0452,105.7469",95.6
2024-01-07 21:03:00,VIN-B0801,54.4,84.3,"10.0452,105.7469",98.6
2024-01-07 21:06:00,VIN-B0802,107.2,97.1,"21.0285,105.8542",89.8
2024-01-07 21:09:00,VIN-B0803,109.9,71.0,"12.2388,109.1967",79.7
2024-01-07 21:12:00,VIN-B0804,48.7,83.4,"21.0285,105.8542",108.1
2024-01-07 21:15:00,VIN-B0805,22.9,6.5,"12.2388,109.1967",74.8
2024-01-07 21:18:00,VIN-B0806,22.3,78.7,"21.0285,105.8542",72.7
2024-01-07 21:21:00,VIN-B0807,54.3,16.3,"11.9404,108.4583",96.5
2024-01-07 21:24:00,VIN-B0808,1.3,61.8,"11.9404,108.4583",85.5
2024-01-07 21:27:00,VIN-B0809,25.0,45.7,"10.9460,108.4419",95.4
2024-01-07 21:30:00,VIN-B0810,71.2,69.5,"10.8231,106.6297",90.0
2024-01-07 21:33:00,VIN-B0811,42.2,29.3,"10.9460,108.4419",104.4
2024-01-07 21:36:00,VIN-B0812,46.1,56.2,"21.0285,105.8542",86.9
2024-01-07 21:39:00,VIN-B0813,70.5,88.7,"10.9460,108.4419",109.8
2024-01-07 21:42:00,VIN-B0814,45.6,96.5,"21.0285,105.8542",89.0
2024-01-07 21:45:00,VIN-B0815,65.2,12.9,"21.0285,105.8542",88.2
2024-01-07 21:48:00,VIN-B0816,89.9,27.9,"10.9460,108.4419",71.4
2024-01-07 21:51:00,VIN-B0817,37.2,78.8,"10.9460,108.4419",78.7
2024-01-07 21:54:00,VIN-B0818,49.3,6.0,"16.0544,108.2022",93.7
2024-01-07 21:57:00,VIN-B0819,81.0,7.7,"10.9460,108.4419",72.8
2024-01-07 22:00:00,VIN-B0820,21.7,31.1,"20.8449,106.6881",102.1
2024-01-07 22:03:00,VIN-B0821,64.3,73.8,"12.2388,109.1967",93.4
2024-01-07 22:06:00,VIN-B0822,83.8,51.7,"10.9460,108.4419",81.7
2024-01-07 22:09:00,VIN-B0823,19.5,32.6,"11.9404,108.4583",87.1
2024-01-07 22:12:00,VIN-B0824,82.4,97.0,"21.0285,105.8542",78.0
2024-01-07 22:15:00,VIN-B0825,58.3,5.5,"16.0544,108.2022",100.9
2024-01-07 22:18:00,VIN-B0826,5.3,22.4,"11.9404,108.4583",104.6
2024-01-07 22:21:00,VIN-B0827,70.0,51.9,"10.9460,108.4419",102.3
2024-01-07 22:24:00,VIN-B0828,113.8,16.0,"16.0544,108.2022",75.6
2024-01-07 22:27:00,VIN-B0829,88.8,94.9,"10.8231,106.6297",87.5
2024-01-07 22:30:00,VIN-B0830,44.0,71.4,"10.8231,106.6297",98.3
2024-01-07 22:33:00,VIN-B0831,107.7,40.0,"21.0285,105.8542",86.7
2024-01-07 22:36:00,VIN-B0832,4.0,46.4,"20.8449,106.6881",72.7
2024-01-07 22:39:00,VIN-B0833,10.5,88.4,"11.9404,108.4583",89.0
2024-01-07 22:42:00,VIN-B0834,60.9,28.1,"16.0544,108.2022",74.8
2024-01-07 22:45:00,VIN-B0835,19.4,59.2,"10.0452,105.7469",87.8
2024-01-07 22:48:00,VIN-B0836,119.6,40.5,"12.2388,109.1967",89.1
2024-01-07 22:51:00,VIN-B0837,116.5,67.3,"20.8449,106.6881",74.6
2024-01-07 22:54:00,VIN-B0838,4.8,24.2,"12.2388,109.1967",75.3
2024-01-07 22:57:00,VIN-B0839,84.2,6.1,"10.8231,106.6297",90.4
2024-01-07 23:00:00,VIN-B0840,1.5,54.8,"12.2388,109.1967",93.4
2024-01-07 23:03:00,VIN-B0841,1.1,88.6,"16.0544,108.2022",82.8
2024-01-07 23:06:00,VIN-B0842,29.2,50.6,"10.0452,105.7469",77.5
2024-01-07 23:09:00,VIN-B0843,57.0,50.5,"21.0285,105.8542",76.9
2024-01-07 23:12:00,VIN-B0844,66.4,64.6,"21.0285,105.8542",75.8
2024-01-07 23:15:00,VIN-B0845,15.2,53.4,"21.0285,105.8542",89.1
2024-01-07 23:18:00,VIN-B0846,118.8,11.9,"16.0544,108.2022",79.9
2024-01-07 23:21:00,VIN-B0847,90.4,84.8,"11.9404,108.4583",107.5
2024-01-07 23:24:00,VIN-B0848,99.4,43.6,"20.8449,106.6881",71.7
2024-01-07 23:27:00,VIN-B0849,38.5,42.5,"10.0452,105.7469",96.9
2024-01-07 23:30:00,VIN-B0850,111.7,42.1,"10.0452,105.7469",99.9
2024-01-07 23:33:00,VIN-B0851,15.3,63.4,"20.8449,106.6881",95.8
2024-01-07 23:36:00,VIN-B0852,90.7,19.9,"12.2388,109.1967",89.9
2024-01-07 23:39:00,VIN-B0853,9.0,62.0,"20.8449,106.6881",72.7
2024-01-07 23:42:00,VIN-B0854,10.2,89.7,"16.0544,108.2022",100.9
2024-01-07 23:45:00,VIN-B0855,4.8,31.4,"12.2388,109.1967",88.6
2024-01-07 23:48:00,VIN-B0856,96.8,92.1,"12.2388,109.1967",103.5
2024-01-07 23:51:00,VIN-B0857,72.6,92.3,"10.9460,108.4419",90.5
2024-01-07 23:54:00,VIN-B0858,46.3,87.8,"16.0544,108.2022",88.8
2024-01-07 23:57:00,VIN-B0859,10.9,51.5,"11.9404,108.4583",91.3
2024-01-08 00:00:00,VIN-B0860,74.0,11.0,"12.2388,109.1967",107.4
2024-01-08 00:03:00,VIN-B0861,105.0,61.5,"10.0452,105.7469",82.5
2024-01-08 00:06:00,VIN-B0862,108.7,91.2,"10.0452,105.7469",83.9
2024-01-08 00:09:00,VIN-B0863,36.8,83.4,"20.8449,106.6881",81.1
2024-01-08 00:12:00,VIN-B0864,71.7,68.6,"10.0452,105.7469",100.7
2024-01-08 00:15:00,VIN-B0865,106.9,18.2,"12.2388,109.1967",77.6
2024-01-08 00:18:00,VIN-B0866,82.3,72.7,"11.9404,108.4583",78.2
2024-01-08 00:21:00,VIN-B0867,55.5,54.4,"21.0285,105.8542",99.0
2024-01-08 00:24:00,VIN-B0868,105.1,65.7,"10.0452,105.7469",93.9
2024-01-08 00:27:00,VIN-B0869,76.0,37.1,"10.9460,108.4419",85.0
2024-01-08 00:30:00,VIN-B0870,47.0,73.1,"10.9460,108.4419",91.5
2024-01-08 00:33:00,VIN-B0871,17.6,62.6,"12.2388,109.1967",75.0
2024-01-08 00:36:00,VIN-B0872,45.2,57.3,"20.8449,106.6881",70.1
2024-01-08 00:39:00,VIN-B0873,22.7,93.7,"10.9460,108.4419",88.2
2024-01-08 00:42:00,VIN-B0874,118.9,60.4,"12.2388,109.1967",90.4
2024-01-08 00:45:00,VIN-B0875,50.5,30.2,"20.8449,106.6881",95.1
2024-01-08 00:48:00,VIN-B0876,58.7,15.3,"20.8449,106.6881",85.5
2024-01-08 00:51:00,VIN-B0877,14.3,22.2,"11.9404,108.4583",100.4
2024-01-08 00:54:00,VIN-B0878,119.3,8.9,"21.0285,105.8542",81.1
2024-01-08 00:57:00,VIN-B0879,65.8,30.5,"21.0285,105.8542",107.0
2024-01-08 01:00:00,VIN-B0880,82.4,24.5,"10.8231,106.6297",70.4
2024-01-08 01:03:00,VIN-B0881,40.5,64.3,"12.2388,109.1967",81.4
2024-01-08 01:06:00,VIN-B0882,28.9,25.9,"12.2388,109.1967",107.1
2024-01-08 01:09:00,VIN-B0883,42.4,27.5,"10.8231,106.6297",92.1
2024-01-08 01:12:00,VIN-B0884,38.0,25.9,"20.8449,106.6881",78.1
2024-01-08 01:15:00,VIN-B0885,74.0,95.7,"21.0285,105.8542",92.8
2024-01-08 01:18:00,VIN-B0886,73.7,97.5,"10.9460,108.4419",75.0
2024-01-08 01:21:00,VIN-B0887,29.5,43.6,"10.0452,105.7469",88.4
2024-01-08 01:24:00,VIN-B0888,19.9,21.5,"10.0452,105.7469",81.2
2024-01-08 01:27:00,VIN-B0889,0.4,68.8,"20.8449,106.6881",93.2
2024-01-08 01:30:00,VIN-B0890,72.0,41.7,"10.0452,105.7469",79.3
2024-01-08 01:33:00,VIN-B0891,101.7,43.8,"10.9460,108.4419",87.7
2024-01-08 01:36:00,VIN-B0892,88.7,41.5,"20.8449,106.6881",70.9
2024-01-08 01:39:00,VIN-B0893,91.8,24.5,"10.9460,108.4419",87.5
2024-01-08 01:42:00,VIN-B0894,105.0,37.5,"10.8231,106.6297",90.0
2024-01-08 01:45:00,VIN-B0895,73.9,84.6,"10.0452,105.7469",84.9
2024-01-08 01:48:00,VIN-B0896,84.4,62.1,"20.8449,106.6881",76.7
2024-01-08 01:51:00,VIN-B0897,48.5,25.7,"11.9404,108.4583",86.2
2024-01-08 01:54:00,VIN-B0898,29.9,32.6,"10.0452,105.7469",85.2
2024-01-08 01:57:00,VIN-B0899,105.3,96.3,"10.0452,105.7469",95.8
2024-01-08 02:00:00,VIN-B0900,7.8,72.7,"10.8231,106.6297",85.6
2024-01-08 02:03:00,VIN-B0901,41.4,41.2,"10.9460,108.4419",87.5
2024-01-08 02:06:00,VIN-B0902,53.4,45.3,"20.8449,106.6881",80.2
2024-01-08 02:09:00,VIN-B0903,27.4,39.8,"12.2388,109.1967",89.1
2024-01-08 02:12:00,VIN-B0904,20.2,86.1,"10.0452,105.7469",103.8
2024-01-08 02:15:00,VIN-B0905,117.5,39.6,"10.0452,105.7469",73.6
2024-01-08 02:18:00,VIN-B0906,109.9,13.8,"10.8231,106.6297",80.0
2024-01-08 02:21:00,VIN-B0907,63.0,29.2,"16.0544,108.2022",81.7
2024-01-08 02:24:00,VIN-B0908,103.0,31.5,"16.0544,108.2022",79.2
2024-01-08 02:27:00,VIN-B0909,37.4,54.4,"10.0452,105.7469",104.9
2024-01-08 02:30:00,VIN-B0910,74.5,59.4,"16.0544,108.2022",81.5
2024-01-08 02:33:00,VIN-B0911,56.4,45.2,"16.0544,108.2022",79.4
2024-01-08 02:36:00,VIN-B0912,96.9,23.6,"21.0285,105.8542",72.7
2024-01-08 02:39:00,VIN-B0913,12.2,82.6,"16.0544,108.2022",91.4
2024-01-08 02:42:00,VIN-B0914,93.5,57.6,"11.9404,108.4583",98.9
2024-01-08 02:45:00,VIN-B0915,18.3,93.6,"10.0452,105.7469",101.5
2024-01-08 02:48:00,VIN-B0916,39.1,21.3,"12.2388,109.1967",90.5
2024-01-08 02:51:00,VIN-B0917,2.5,52.9,"10.8231,106.6297",85.8
2024-01-08 02:54:00,VIN-B0918,20.0,49.6,"16.0544,108.2022",79.7
2024-01-08 02:57:00,VIN-B0919,73.1,39.9,"12.2388,109.1967",88.5
2024-01-08 03:00:00,VIN-B0920,54.6,72.5,"10.0452,105.7469",76.5
2024-01-08 03:03:00,VIN-B0921,72.7,9.0,"20.8449,106.6881",75.4
2024-01-08 03:06:00,VIN-B0922,34.5,55.2,"10.9460,108.4419",97.1
2024-01-08 03:09:00,VIN-B0923,47.4,56.4,"20.8449,106.6881",105.6
2024-01-08 03:12:00,VIN-B0924,56.0,66.5,"11.9404,108.4583",101.5
2024-01-08 03:15:00,VIN-B0925,69.3,84.6,"20.8449,106.6881",100.1
2024-01-08 03:18:00,VIN-B0926,62.8,43.7,"10.9460,108.4419",75.0
2024-01-08 03:21:00,VIN-B0927,4.4,12.0,"11.9404,108.4583",103.7
2024-01-08 03:24:00,VIN-B0928,13.9,90.9,"20.8449,106.6881",85.0
2024-01-08 03:27:00,VIN-B0929,44.8,34.9,"10.0452,105.7469",100.0
2024-01-08 03:30:00,VIN-B0930,25.9,78.6,"16.0544,108.2022",88.0
2024-01-08 03:33:00,VIN-B0931,70.9,77.1,"16.0544,108.2022",96.0
2024-01-08 03:36:00,VIN-B0932,36.2,28.2,"10.8231,106.6297",106.0
2024-01-08 03:39:00,VIN-B0933,108.4,29.0,"20.8449,106.6881",88.7
2024-01-08 03:42:00,VIN-B0934,55.8,88.8,"10.9460,108.4419",75.2
2024-01-08 03:45:00,VIN-B0935,115.2,28.3,"16.0544,108.2022",105.9
2024-01-08 03:48:00,VIN-B0936,110.7,33.1,"10.8231,106.6297",84.0
2024-01-08 03:51:00,VIN-B0937,109.1,89.3,"20.8449,106.6881",73.1
2024-01-08 03:54:00,VIN-B0938,35.3,83.0,"10.9460,108.4419",71.6
2024-01-08 03:57:00,VIN-B0939,117.8,85.5,"21.0285,105.8542",84.1
2024-01-08 04:00:00,VIN-B0940,23.2,92.6,"16.0544,108.2022",70.4
2024-01-08 04:03:00,VIN-B0941,12.2,75.7,"12.2388,109.1967",72.4
2024-01-08 04:06:00,VIN-B0942,61.1,64.9,"11.9404,108.4583",71.0
2024-01-08 04:09:00,VIN-B0943,48.4,80.9,"10.9460,108.4419",83.9
2024-01-08 04:12:00,VIN-B0944,39.2,40.0,"21.0285,105.8542",105.3
2024-01-08 04:15:00,VIN-B0945,91.0,46.2,"10.8231,106.6297",96.7
2024-01-08 04:18:00,VIN-B0946,65.8,76.1,"21.0285,105.8542",109.9
2024-01-08 04:21:00,VIN-B0947,18.4,83.3,"11.9404,108.4583",96.4
2024-01-08 04:24:00,VIN-B0948,52.8,73.6,"12.2388,109.1967",75.8
2024-01-08 04:27:00,VIN-B0949,91.5,23.7,"20.8449,106.6881",81.0
2024-01-08 04:30:00,VIN-B0950,26.4,9.2,"10.8231,106.6297",108.1
2024-01-08 04:33:00,VIN-B0951,23.3,59.1,"20.8449,106.6881",102.0
2024-01-08 04:36:00,VIN-B0952,106.0,45.6,"12.2388,109.1967",109.6
2024-01-08 04:39:00,VIN-B0953,25.3,99.1,"16.0544,108.2022",104.4
2024-01-08 04:42:00,VIN-B0954,31.9,50.9,"21.0285,105.8542",78.8
2024-01-08 04:45:00,VIN-B0955,109.8,20.7,"10.9460,108.4419",74.6
2024-01-08 04:48:00,VIN-B0956,80.3,82.1,"11.9404,108.4583",94.7
2024-01-08 04:51:00,VIN-B0957,117.5,85.8,"12.2388,109.1967",93.1
2024-01-08 04:54:00,VIN-B0958,65.8,90.6,"11.9404,108.4583",95.3
2024-01-08 04:57:00,VIN-B0959,39.2,19.8,"12.2388,109.1967",102.2
2024-01-08 05:00:00,VIN-B0960,93.4,28.3,"10.8231,106.6297",87.4
2024-01-08 05:03:00,VIN-B0961,32.7,94.3,"12.2388,109.1967",90.0
2024-01-08 05:06:00,VIN-B0962,86.9,43.4,"12.2388,109.1967",102.1
2024-01-08 05:09:00,VIN-B0963,30.9,83.3,"10.0452,105.7469",103.8
2024-01-08 05:12:00,VIN-B0964,26.3,95.8,"10.9460,108.4419",106.2
2024-01-08 05:15:00,VIN-B0965,111.1,71.3,"11.9404,108.4583",86.5
2024-01-08 05:18:00,VIN-B0966,48.0,58.8,"12.2388,109.1967",73.2
2024-01-08 05:21:00,VIN-B0967,19.5,50.7,"21.0285,105.8542",101.0
2024-01-08 05:24:00,VIN-B0968,111.1,10.4,"20.8449,106.6881",102.6
2024-01-08 05:27:00,VIN-B0969,18.5,50.0,"10.8231,106.6297",83.4
2024-01-08 05:30:00,VIN-B0970,44.4,34.3,"10.9460,108.4419",105.2
2024-01-08 05:33:00,VIN-B0971,59.0,96.0,"10.0452,105.7469",86.2
2024-01-08 05:36:00,VIN-B0972,101.9,32.2,"16.0544,108.2022",83.4
2024-01-08 05:39:00,VIN-B0973,71.8,61.4,"21.0285,105.8542",74.0
2024-01-08 05:42:00,VIN-B0974,9.9,75.1,"16.0544,108.2022",91.6
2024-01-08 05:45:00,VIN-B0975,59.1,13.8,"16.0544,108.2022",109.7
2024-01-08 05:48:00,VIN-B0976,0.3,21.9,"16.0544,108.2022",81.7
2024-01-08 05:51:00,VIN-B0977,101.2,69.5,"11.9404,108.4583",96.6
2024-01-08 05:54:00,VIN-B0978,10.5,20.7,"12.2388,109.1967",83.2
2024-01-08 05:57:00,VIN-B0979,4.7,60.4,"10.8231,106.6297",94.6
2024-01-08 06:00:00,VIN-B0980,98.6,23.3,"16.0544,108.2022",105.9
2024-01-08 06:03:00,VIN-B0981,98.9,51.6,"12.2388,109.1967",93.7
2024-01-08 06:06:00,VIN-B0982,73.9,55.0,"12.2388,109.1967",75.5
2024-01-08 06:09:00,VIN-B0983,55.5,86.0,"16.0544,108.2022",95.7
2024-01-08 06:12:00,VIN-B0984,84.0,14.1,"10.0452,105.7469",97.6
2024-01-08 06:15:00,VIN-B0985,3.8,86.0,"16.0544,108.2022",97.8
2024-01-08 06:18:00,VIN-B0986,97.2,39.1,"12.2388,109.1967",81.7
2024-01-08 06:21:00,VIN-B0987,84.7,43.1,"10.0452,105.7469",101.8
2024-01-08 06:24:00,VIN-B0988,101.7,68.3,"10.0452,105.7469",79.6
2024-01-08 06:27:00,VIN-B0989,17.8,19.7,"21.0285,105.8542",72.3
2024-01-08 06:30:00,VIN-B0990,105.0,19.0,"10.9460,108.4419",75.0
2024-01-08 06:33:00,VIN-B0991,86.7,31.8,"11.9404,108.4583",97.5
2024-01-08 06:36:00,VIN-B0992,69.5,73.3,"20.8449,106.6881",86.4
2024-01-08 06:39:00,VIN-B0993,111.6,68.5,"12.2388,109.1967",107.5
2024-01-08 06:42:00,VIN-B0994,25.2,50.0,"10.8231,106.6297",84.6
2024-01-08 06:45:00,VIN-B0995,46.9,37.8,"10.8231,106.6297",71.3
2024-01-08 06:48:00,VIN-B0996,102.4,29.0,"16.0544,108.2022",102.5
2024-01-08 06:51:00,VIN-B0997,55.6,96.8,"11.9404,108.4583",88.0
2024-01-08 06:54:00,VIN-B0998,97.9,75.8,"20.8449,106.6881",96.3
2024-01-08 06:57:00,VIN-B0999,115.0,76.4,"16.0544,108.2022",70.3
2024-01-08 07:00:00,VIN-B1000,94.0,95.7,"20.8449,106.6881",73.7
2024-01-08 07:03:00,VIN-B1001,105.1,36.8,"10.8231,106.6297",105.4
2024-01-08 07:06:00,VIN-B1002,28.8,62.4,"12.2388,109.1967",106.3
2024-01-08 07:09:00,VIN-B1003,86.5,44.7,"10.8231,106.6297",95.3
2024-01-08 07:12:00,VIN-B1004,85.4,81.0,"11.9404,108.4583",83.5
2024-01-08 07:15:00,VIN-B1005,12.6,78.3,"10.0452,105.7469",78.4
2024-01-08 07:18:00,VIN-B1006,39.9,67.6,"12.2388,109.1967",91.2
2024-01-08 07:21:00,VIN-B1007,106.8,99.4,"10.0452,105.7469",87.4
2024-01-08 07:24:00,VIN-B1008,114.0,81.0,"10.9460,108.4419",108.6
2024-01-08 07:27:00,VIN-B1009,70.9,32.6,"10.9460,108.4419",71.8
2024-01-08 07:30:00,VIN-B1010,39.9,43.7,"21.0285,105.8542",89.0
2024-01-08 07:33:00,VIN-B1011,105.4,93.3,"10.0452,105.7469",106.9
2024-01-08 07:36:00,VIN-B1012,100.2,26.2,"12.2388,109.1967",82.0
2024-01-08 07:39:00,VIN-B1013,78.2,8.7,"10.0452,105.7469",96.7
2024-01-08 07:42:00,VIN-B1014,69.5,42.5,"10.8231,106.6297",91.2
2024-01-08 07:45:00,VIN-B1015,4.9,95.4,"10.9460,108.4419",79.6
2024-01-08 07:48:00,VIN-B1016,0.3,9.5,"21.0285,105.8542",102.1
2024-01-08 07:51:00,VIN-B1017,32.8,82.4,"20.8449,106.6881",70.7
2024-01-08 07:54:00,VIN-B1018,104.2,74.6,"12.2388,109.1967",100.8
2024-01-08 07:57:00,VIN-B1019,79.6,52.2,"10.0452,105.7469",91.4
2024-01-08 08:00:00,VIN-B1020,66.3,79.1,"10.0452,105.7469",107.0
2024-01-08 08:03:00,VIN-B1021,46.7,73.9,"16.0544,108.2022",91.8
2024-01-08 08:06:00,VIN-B1022,24.0,70.1,"21.0285,105.8542",83.2
2024-01-08 08:09:00,VIN-B1023,29.5,50.6,"21.0285,105.8542",75.2
2024-01-08 08:12:00,VIN-B1024,89.9,29.5,"12.2388,109.1967",96.9
2024-01-08 08:15:00,VIN-B1025,49.9,91.1,"10.0452,105.7469",99.2
2024-01-08 08:18:00,VIN-B1026,43.4,77.7,"12.2388,109.1967",82.4
2024-01-08 08:21:00,VIN-B1027,65.1,57.1,"21.0285,105.8542",73.0
2024-01-08 08:24:00,VIN-B1028,18.7,16.5,"10.8231,106.6297",108.1
2024-01-08 08:27:00,VIN-B1029,7.9,78.2,"12.2388,109.1967",108.6
2024-01-08 08:30:00,VIN-B1030,13.6,47.9,"21.0285,105.8542",90.0
2024-01-08 08:33:00,VIN-B1031,100.2,55.8,"21.0285,105.8542",89.2
2024-01-08 08:36:00,VIN-B1032,73.7,79.6,"11.9404,108.4583",101.6
2024-01-08 08:39:00,VIN-B1033,42.4,41.8,"10.0452,105.7469",91.8
2024-01-08 08:42:00,VIN-B1034,30.0,6.7,"21.0285,105.8542",109.7
2024-01-08 08:45:00,VIN-B1035,19.5,37.5,"10.0452,105.7469",89.1
2024-01-08 08:48:00,VIN-B1036,111.0,65.0,"10.8231,106.6297",83.6
2024-01-08 08:51:00,VIN-B1037,46.7,76.9,"21.0285,105.8542",102.3
2024-01-08 08:54:00,VIN-B1038,93.1,43.2,"16.0544,108.2022",77.6
2024-01-08 08:57:00,VIN-B1039,76.5,78.5,"21.0285,105.8542",109.0
2024-01-08 09:00:00,VIN-B1040,89.4,84.3,"10.9460,108.4419",92.3
2024-01-08 09:03:00,VIN-B1041,54.9,35.6,"11.9404,108.4583",78.0
2024-01-08 09:06:00,VIN-B1042,5.0,48.0,"10.8231,106.6297",92.8
2024-01-08 09:09:00,VIN-B1043,2.1,68.1,"11.9404,108.4583",95.9
2024-01-08 09:12:00,VIN-B1044,49.9,84.6,"11.9404,108.4583",104.5
2024-01-08 09:15:00,VIN-B1045,10.2,85.1,"21.0285,105.8542",93.7
2024-01-08 09:18:00,VIN-B1046,56.8,57.6,"11.9404,108.4583",74.8
2024-01-08 09:21:00,VIN-B1047,97.3,79.7,"11.9404,108.4583",79.8
2024-01-08 09:24:00,VIN-B1048,64.4,45.4,"10.8231,106.6297",104.3
2024-01-08 09:27:00,VIN-B1049,6.6,33.5,"16.0544,108.2022",97.8
2024-01-08 09:30:00,VIN-B1050,97.9,99.9,"12.2388,109.1967",83.6
2024-01-08 09:33:00,VIN-B1051,49.4,12.1,"11.9404,108.4583",73.0
2024-01-08 09:36:00,VIN-B1052,37.0,33.5,"10.8231,106.6297",71.0
2024-01-08 09:39:00,VIN-B1053,34.2,22.6,"21.0285,105.8542",104.8
2024-01-08 09:42:00,VIN-B1054,111.8,62.3,"21.0285,105.8542",84.5
2024-01-08 09:45:00,VIN-B1055,11.4,30.1,"11.9404,108.4583",82.7
2024-01-08 09:48:00,VIN-B1056,14.8,59.8,"21.0285,105.8542",79.3
2024-01-08 09:51:00,VIN-B1057,33.2,84.9,"21.0285,105.8542",102.5
2024-01-08 09:54:00,VIN-B1058,65.9,59.8,"12.2388,109.1967",106.3
2024-01-08 09:57:00,VIN-B1059,78.9,14.5,"20.8449,106.6881",100.1
2024-01-08 10:00:00,VIN-B1060,4.9,92.3,"20.8449,106.6881",73.7
2024-01-08 10:03:00,VIN-B1061,40.0,75.4,"16.0544,108.2022",72.7
2024-01-08 10:06:00,VIN-B1062,113.9,60.9,"21.0285,105.8542",105.7
2024-01-08 10:09:00,VIN-B1063,5.1,81.9,"20.8449,106.6881",91.7
2024-01-08 10:12:00,VIN-B1064,31.7,61.1,"10.0452,105.7469",73.3
2024-01-08 10:15:00,VIN-B1065,20.2,66.6,"21.0285,105.8542",95.2
2024-01-08 10:18:00,VIN-B1066,2.0,25.7,"16.0544,108.2022",76.8
2024-01-08 10:21:00,VIN-B1067,114.9,87.1,"10.0452,105.7469",109.6
2024-01-08 10:24:00,VIN-B1068,0.6,54.7,"12.2388,109.1967",93.1
2024-01-08 10:27:00,VIN-B1069,87.6,85.0,"10.9460,108.4419",91.9
2024-01-08 10:30:00,VIN-B1070,7.1,25.0,"20.8449,106.6881",77.7
2024-01-08 10:33:00,VIN-B1071,63.3,37.7,"20.8449,106.6881",108.9
2024-01-08 10:36:00,VIN-B1072,49.4,59.9,"12.2388,109.1967",80.0
2024-01-08 10:39:00,VIN-B1073,102.7,16.8,"20.8449,106.6881",80.2
2024-01-08 10:42:00,VIN-B1074,72.6,5.1,"21.0285,105.8542",86.2
2024-01-08 10:45:00,VIN-B1075,22.9,29.0,"16.0544,108.2022",93.1
2024-01-08 10:48:00,VIN-B1076,97.7,60.1,"10.0452,105.7469",75.3
2024-01-08 10:51:00,VIN-B1077,4.8,99.8,"10.8231,106.6297",99.3
2024-01-08 10:54:00,VIN-B1078,82.1,17.6,"10.0452,105.7469",81.1
2024-01-08 10:57:00,VIN-B1079,13.5,5.3,"10.0452,105.7469",98.7
2024-01-08 11:00:00,VIN-B1080,99.6,6.3,"21.0285,105.8542",83.7
2024-01-08 11:03:00,VIN-B1081,53.6,19.0,"21.0285,105.8542",104.8
2024-01-08 11:06:00,VIN-B1082,39.0,44.1,"12.2388,109.1967",87.7
2024-01-08 11:09:00,VIN-B1083,24.2,65.3,"10.0452,105.7469",85.6
2024-01-08 11:12:00,VIN-B1084,22.6,68.3,"10.0452,105.7469",89.6
2024-01-08 11:15:00,VIN-B1085,113.9,46.6,"12.2388,109.1967",70.1
2024-01-08 11:18:00,VIN-B1086,55.6,10.8,"10.8231,106.6297",99.9
2024-01-08 11:21:00,VIN-B1087,62.9,24.4,"21.0285,105.8542",105.3
2024-01-08 11:24:00,VIN-B1088,16.9,31.5,"20.8449,106.6881",100.8
2024-01-08 11:27:00,VIN-B1089,56.8,77.5,"21.0285,105.8542",93.5
2024-01-08 11:30:00,VIN-B1090,41.7,66.2,"10.9460,108.4419",78.0
2024-01-08 11:33:00,VIN-B1091,103.7,84.7,"20.8449,106.6881",80.8
2024-01-08 11:36:00,VIN-B1092,57.6,46.6,"16.0544,108.2022",70.7
2024-01-08 11:39:00,VIN-B1093,28.1,51.2,"10.0452,105.7469",109.5
2024-01-08 11:42:00,VIN-B1094,66.2,66.0,"16.0544,108.2022",74.4
2024-01-08 11:45:00,VIN-B1095,86.5,54.6,"21.0285,105.8542",80.9
2024-01-08 11:48:00,VIN-B1096,79.0,80.9,"20.8449,106.6881",70.8
2024-01-08 11:51:00,VIN-B1097,68.1,89.1,"10.0452,105.7469",106.0
2024-01-08 11:54:00,VIN-B1098,30.3,28.2,"16.0544,108.2022",95.1
2024-01-08 11:57:00,VIN-B1099,117.3,5.3,"10.8231,106.6297",83.1
2024-01-08 12:00:00,VIN-B1100,82.8,57.6,"11.9404,108.4583",70.1
2024-01-08 12:03:00,VIN-B1101,23.2,15.3,"12.2388,109.1967",98.8
2024-01-08 12:06:00,VIN-B1102,51.0,71.1,"12.2388,109.1967",93.4
2024-01-08 12:09:00,VIN-B1103,75.5,68.6,"11.9404,108.4583",73.8
2024-01-08 12:12:00,VIN-B1104,56.6,23.6,"10.0452,105.7469",83.0
2024-01-08 12:15:00,VIN-B1105,102.9,38.9,"10.0452,105.7469",91.3
2024-01-08 12:18:00,VIN-B1106,59.2,45.9,"10.8231,106.6297",97.6
2024-01-08 12:21:00,VIN-B1107,12.4,90.1,"10.0452,105.7469",86.4
2024-01-08 12:24:00,VIN-B1108,5.3,49.4,"21.0285,105.8542",74.1
2024-01-08 12:27:00,VIN-B1109,118.8,57.1,"16.0544,108.2022",78.8
2024-01-08 12:30:00,VIN-B1110,25.7,40.2,"10.8231,106.6297",80.3
2024-01-08 12:33:00,VIN-B1111,110.2,43.9,"12.2388,109.1967",95.7
2024-01-08 12:36:00,VIN-B1112,106.8,89.8,"21.0285,105.8542",83.6
2024-01-08 12:39:00,VIN-B1113,28.4,16.3,"12.2388,109.1967",101.6
2024-01-08 12:42:00,VIN-B1114,64.4,64.8,"10.0452,105.7469",71.8
2024-01-08 12:45:00,VIN-B1115,82.7,56.4,"10.8231,106.6297",107.0
2024-01-08 12:48:00,VIN-B1116,58.7,99.3,"20.8449,106.6881",105.5
2024-01-08 12:51:00,VIN-B1117,12.0,52.9,"10.0452,105.7469",107.0
2024-01-08 12:54:00,VIN-B1118,33.3,45.6,"11.9404,108.4583",107.4
2024-01-08 12:57:00,VIN-B1119,90.4,57.8,"16.0544,108.2022",71.1
2024-01-08 13:00:00,VIN-B1120,11.7,64.6,"10.8231,106.6297",96.7
2024-01-08 13:03:00,VIN-B1121,23.1,83.1,"10.0452,105.7469",99.5
2024-01-08 13:06:00,VIN-B1122,87.9,23.6,"10.0452,105.7469",77.9
2024-01-08 13:09:00,VIN-B1123,35.4,10.8,"10.9460,108.4419",79.0
2024-01-08 13:12:00,VIN-B1124,16.1,16.2,"10.0452,105.7469",84.7
2024-01-08 13:15:00,VIN-B1125,90.8,77.3,"20.8449,106.6881",76.2
2024-01-08 13:18:00,VIN-B1126,7.6,90.6,"10.9460,108.4419",85.1
2024-01-08 13:21:00,VIN-B1127,20.6,8.3,"16.0544,108.2022",97.4
2024-01-08 13:24:00,VIN-B1128,107.1,15.3,"16.0544,108.2022",78.5
2024-01-08 13:27:00,VIN-B1129,18.4,15.3,"10.0452,105.7469",98.0
2024-01-08 13:30:00,VIN-B1130,19.9,72.8,"11.9404,108.4583",105.5
2024-01-08 13:33:00,VIN-B1131,18.9,99.7,"10.0452,105.7469",108.1
2024-01-08 13:36:00,VIN-B1132,51.0,63.0,"10.9460,108.4419",81.2
2024-01-08 13:39:00,VIN-B1133,31.2,25.3,"10.8231,106.6297",77.9
2024-01-08 13:42:00,VIN-B1134,35.5,78.4,"10.9460,108.4419",107.1
2024-01-08 13:45:00,VIN-B1135,105.0,16.0,"16.0544,108.2022",106.0
2024-01-08 13:48:00,VIN-B1136,27.6,71.5,"21.0285,105.8542",92.4
2024-01-08 13:51:00,VIN-B1137,47.4,66.7,"16.0544,108.2022",72.1
2024-01-08 13:54:00,VIN-B1138,21.6,88.2,"16.0544,108.2022",79.6
2024-01-08 13:57:00,VIN-B1139,6.1,86.5,"21.0285,105.8542",79.7
2024-01-08 14:00:00,VIN-B1140,66.3,37.2,"21.0285,105.8542",80.4
2024-01-08 14:03:00,VIN-B1141,39.8,17.9,"16.0544,108.2022",71.8
2024-01-08 14:06:00,VIN-B1142,58.9,84.6,"16.0544,108.2022",102.1
2024-01-08 14:09:00,VIN-B1143,26.5,65.4,"16.0544,108.2022",95.0
2024-01-08 14:12:00,VIN-B1144,8.6,73.5,"21.0285,105.8542",99.5
2024-01-08 14:15:00,VIN-B1145,38.6,20.6,"12.2388,109.1967",109.7
2024-01-08 14:18:00,VIN-B1146,40.5,8.1,"10.8231,106.6297",101.2
2024-01-08 14:21:00,VIN-B1147,93.0,70.6,"10.8231,106.6297",73.3
2024-01-08 14:24:00,VIN-B1148,19.8,75.5,"21.0285,105.8542",73.3
2024-01-08 14:27:00,VIN-B1149,22.9,95.5,"21.0285,105.8542",87.6
2024-01-08 14:30:00,VIN-B1150,107.3,66.5,"10.8231,106.6297",101.5
2024-01-08 14:33:00,VIN-B1151,89.8,62.5,"16.0544,108.2022",109.5
2024-01-08 14:36:00,VIN-B1152,37.5,68.9,"12.2388,109.1967",100.1
2024-01-08 14:39:00,VIN-B1153,31.3,13.1,"16.0544,108.2022",94.0
2024-01-08 14:42:00,VIN-B1154,69.2,50.3,"10.9460,108.4419",90.9
2024-01-08 14:45:00,VIN-B1155,92.2,19.3,"12.2388,109.1967",90.1
2024-01-08 14:48:00,VIN-B1156,94.6,34.8,"10.9460,108.4419",71.6
2024-01-08 14:51:00,VIN-B1157,52.2,7.5,"10.8231,106.6297",70.1
2024-01-08 14:54:00,VIN-B1158,31.4,28.3,"11.9404,108.4583",95.5
2024-01-08 14:57:00,VIN-B1159,10.6,73.8,"12.2388,109.1967",91.2
2024-01-08 15:00:00,VIN-B1160,48.6,58.5,"10.0452,105.7469",86.5
2024-01-08 15:03:00,VIN-B1161,95.7,53.6,"11.9404,108.4583",84.8
2024-01-08 15:06:00,VIN-B1162,5.9,34.5,"16.0544,108.2022",101.4
2024-01-08 15:09:00,VIN-B1163,45.0,9.0,"10.8231,106.6297",95.0
2024-01-08 15:12:00,VIN-B1164,6.4,24.8,"20.8449,106.6881",94.1
2024-01-08 15:15:00,VIN-B1165,73.7,48.7,"11.9404,108.4583",101.5
2024-01-08 15:18:00,VIN-B1166,2.0,64.3,"16.0544,108.2022",75.0
2024-01-08 15:21:00,VIN-B1167,7.3,81.2,"21.0285,105.8542",104.6
2024-01-08 15:24:00,VIN-B1168,30.3,55.2,"10.8231,106.6297",80.5
2024-01-08 15:27:00,VIN-B1169,88.0,96.4,"16.0544,108.2022",91.9
2024-01-08 15:30:00,VIN-B1170,56.8,88.6,"10.0452,105.7469",90.6
2024-01-08 15:33:00,VIN-B1171,45.4,77.6,"21.0285,105.8542",86.0
2024-01-08 15:36:00,VIN-B1172,29.1,68.9,"16.0544,108.2022",97.9
2024-01-08 15:39:00,VIN-B1173,74.3,33.0,"16.0544,108.2022",90.9
2024-01-08 15:42:00,VIN-B1174,77.4,68.4,"12.2388,109.1967",86.3
2024-01-08 15:45:00,VIN-B1175,19.0,28.1,"20.8449,106.6881",100.3
2024-01-08 15:48:00,VIN-B1176,15.7,73.6,"20.8449,106.6881",78.6
2024-01-08 15:51:00,VIN-B1177,37.2,78.9,"21.0285,105.8542",88.5
2024-01-08 15:54:00,VIN-B1178,4.9,42.1,"20.8449,106.6881",76.3
2024-01-08 15:57:00,VIN-B1179,113.5,40.5,"12.2388,109.1967",104.7
2024-01-08 16:00:00,VIN-B1180,5.1,43.3,"10.0452,105.7469",98.8
2024-01-08 16:03:00,VIN-B1181,44.3,56.6,"16.0544,108.2022",81.8
2024-01-08 16:06:00,VIN-B1182,115.1,91.6,"10.8231,106.6297",96.7
2024-01-08 16:09:00,VIN-B1183,56.4,34.2,"12.2388,109.1967",104.5
2024-01-08 16:12:00,VIN-B1184,61.6,96.2,"10.8231,106.6297",100.9
2024-01-08 16:15:00,VIN-B1185,87.7,40.0,"16.0544,108.2022",103.2
2024-01-08 16:18:00,VIN-B1186,33.1,73.9,"16.0544,108.2022",88.6
2024-01-08 16:21:00,VIN-B1187,99.8,10.8,"11.9404,108.4583",71.5
2024-01-08 16:24:00,VIN-B1188,82.4,10.5,"12.2388,109.1967",79.6
2024-01-08 16:27:00,VIN-B1189,110.0,24.8,"11.9404,108.4583",77.8
2024-01-08 16:30:00,VIN-B1190,63.1,60.8,"21.0285,105.8542",85.8
2024-01-08 16:33:00,VIN-B1191,26.6,18.4,"21.0285,105.8542",73.6
2024-01-08 16:36:00,VIN-B1192,85.4,48.2,"10.9460,108.4419",98.9
2024-01-08 16:39:00,VIN-B1193,94.5,56.7,"10.0452,105.7469",79.6
2024-01-08 16:42:00,VIN-B1194,11.0,69.5,"10.9460,108.4419",78.7
2024-01-08 16:45:00,VIN-B1195,48.6,35.7,"10.0452,105.7469",71.6
2024-01-08 16:48:00,VIN-B1196,48.8,8.3,"21.0285,105.8542",108.2
2024-01-08 16:51:00,VIN-B1197,110.2,63.1,"10.9460,108.4419",100.3
2024-01-08 16:54:00,VIN-B1198,39.3,42.0,"10.9460,108.4419",108.4
2024-01-08 16:57:00,VIN-B1199,103.0,79.0,"10.8231,106.6297",70.4
2024-01-08 17:00:00,VIN-B1200,22.2,82.9,"10.8231,106.6297",93.4
2024-01-08 17:03:00,VIN-B1201,40.2,44.4,"16.0544,108.2022",103.5
2024-01-08 17:06:00,VIN-B1202,62.9,6.2,"20.8449,106.6881",83.4
2024-01-08 17:09:00,VIN-B1203,76.4,52.2,"12.2388,109.1967",102.9
2024-01-08 17:12:00,VIN-B1204,71.5,96.2,"20.8449,106.6881",106.7
2024-01-08 17:15:00,VIN-B1205,105.9,69.6,"20.8449,106.6881",84.7
2024-01-08 17:18:00,VIN-B1206,95.0,17.7,"10.8231,106.6297",73.1
2024-01-08 17:21:00,VIN-B1207,72.4,81.8,"12.2388,109.1967",74.4
2024-01-08 17:24:00,VIN-B1208,35.1,27.0,"10.9460,108.4419",83.7
2024-01-08 17:27:00,VIN-B1209,3.2,18.2,"20.8449,106.6881",77.8
2024-01-08 17:30:00,VIN-B1210,97.8,20.0,"10.0452,105.7469",94.3
2024-01-08 17:33:00,VIN-B1211,60.7,12.0,"10.9460,108.4419",81.0
2024-01-08 17:36:00,VIN-B1212,40.5,12.3,"12.2388,109.1967",107.4
2024-01-08 17:39:00,VIN-B1213,83.5,86.4,"12.2388,109.1967",75.2
2024-01-08 17:42:00,VIN-B1214,64.3,94.4,"10.8231,106.6297",103.2
2024-01-08 17:45:00,VIN-B1215,75.7,78.9,"11.9404,108.4583",79.5
2024-01-08 17:48:00,VIN-B1216,112.3,45.7,"10.8231,106.6297",90.8
2024-01-08 17:51:00,VIN-B1217,11.5,75.9,"20.8449,106.6881",101.2
2024-01-08 17:54:00,VIN-B1218,2.2,9.0,"10.0452,105.7469",105.0
2024-01-08 17:57:00,VIN-B1219,6.6,89.1,"11.9404,108.4583",85.6
2024-01-08 18:00:00,VIN-B1220,106.1,13.4,"10.8231,106.6297",85.5
2024-01-08 18:03:00,VIN-B1221,82.2,11.9,"10.0452,105.7469",74.0
2024-01-08 18:06:00,VIN-B1222,21.1,25.8,"11.9404,108.4583",84.2
2024-01-08 18:09:00,VIN-B1223,98.1,53.4,"16.0544,108.2022",87.4
2024-01-08 18:12:00,VIN-B1224,13.1,64.5,"10.9460,108.4419",87.0
2024-01-08 18:15:00,VIN-B1225,67.4,90.7,"10.0452,105.7469",109.4
2024-01-08 18:18:00,VIN-B1226,99.8,32.6,"10.8231,106.6297",74.6
2024-01-08 18:21:00,VIN-B1227,36.5,57.7,"10.9460,108.4419",101.2
2024-01-08 18:24:00,VIN-B1228,41.1,27.6,"16.0544,108.2022",86.3
2024-01-08 18:27:00,VIN-B1229,25.4,66.3,"21.0285,105.8542",72.1
2024-01-08 18:30:00,VIN-B1230,80.0,47.9,"10.8231,106.6297",94.2
2024-01-08 18:33:00,VIN-B1231,5.7,40.0,"21.0285,105.8542",102.1
2024-01-08 18:36:00,VIN-B1232,34.3,22.3,"10.8231,106.6297",98.6
2024-01-08 18:39:00,VIN-B1233,54.4,29.2,"16.0544,108.2022",86.1
2024-01-08 18:42:00,VIN-B1234,71.7,59.4,"20.8449,106.6881",100.7
2024-01-08 18:45:00,VIN-B1235,68.7,40.7,"12.2388,109.1967",103.2
2024-01-08 18:48:00,VIN-B1236,77.0,77.2,"10.9460,108.4419",73.6
2024-01-08 18:51:00,VIN-B1237,62.7,18.8,"11.9404,108.4583",93.2
2024-01-08 18:54:00,VIN-B1238,76.4,59.0,"16.0544,108.2022",83.2
2024-01-08 18:57:00,VIN-B1239,12.4,7.0,"12.2388,109.1967",92.8
2024-01-08 19:00:00,VIN-B1240,95.1,86.4,"16.0544,108.2022",105.6
2024-01-08 19:03:00,VIN-B1241,13.0,84.7,"10.0452,105.7469",81.8
2024-01-08 19:06:00,VIN-B1242,17.0,97.1,"20.8449,106.6881",92.6
2024-01-08 19:09:00,VIN-B1243,115.3,10.2,"10.8231,106.6297",109.6
2024-01-08 19:12:00,VIN-B1244,56.8,42.8,"21.0285,105.8542",88.3
2024-01-08 19:15:00,VIN-B1245,50.1,89.7,"10.9460,108.4419",77.0
2024-01-08 19:18:00,VIN-B1246,25.9,58.4,"10.0452,105.7469",90.8
2024-01-08 19:21:00,VIN-B1247,26.4,68.7,"11.9404,108.4583",96.0
2024-01-08 19:24:00,VIN-B1248,107.8,54.4,"10.8231,106.6297",103.4
2024-01-08 19:27:00,VIN-B1249,117.7,83.7,"11.9404,108.4583",108.4
2024-01-08 19:30:00,VIN-B1250,106.5,16.2,"16.0544,108.2022",106.1
2024-01-08 19:33:00,VIN-B1251,68.0,46.2,"10.8231,106.6297",92.0
2024-01-08 19:36:00,VIN-B1252,101.9,19.0,"11.9404,108.4583",91.8
2024-01-08 19:39:00,VIN-B1253,17.6,67.8,"21.0285,105.8542",101.3
2024-01-08 19:42:00,VIN-B1254,45.9,40.9,"20.8449,106.6881",95.2
2024-01-08 19:45:00,VIN-B1255,110.8,25.6,"10.9460,108.4419",102.3
2024-01-08 19:48:00,VIN-B1256,11.8,83.9,"16.0544,108.2022",100.7
2024-01-08 19:51:00,VIN-B1257,96.9,34.8,"11.9404,108.4583",109.2
2024-01-08 19:54:00,VIN-B1258,90.1,28.9,"10.0452,105.7469",101.1
2024-01-08 19:57:00,VIN-B1259,47.8,19.2,"12.2388,109.1967",104.0
2024-01-08 20:00:00,VIN-B1260,32.6,90.4,"10.8231,106.6297",103.3
2024-01-08 20:03:00,VIN-B1261,19.7,76.5,"10.8231,106.6297",70.3
2024-01-08 20:06:00,VIN-B1262,102.3,46.3,"20.8449,106.6881",106.3
2024-01-08 20:09:00,VIN-B1263,46.7,99.9,"21.0285,105.8542",103.3
2024-01-08 20:12:00,VIN-B1264,91.6,52.9,"21.0285,105.8542",73.2
2024-01-08 20:15:00,VIN-B1265,23.2,63.1,"10.8231,106.6297",71.9
2024-01-08 20:18:00,VIN-B1266,7.9,55.1,"12.2388,109.1967",73.2
2024-01-08 20:21:00,VIN-B1267,75.6,12.0,"11.9404,108.4583",72.2
2024-01-08 20:24:00,VIN-B1268,48.9,21.8,"10.0452,105.7469",104.9
2024-01-08 20:27:00,VIN-B1269,113.9,66.0,"16.0544,108.2022",72.0
2024-01-08 20:30:00,VIN-B1270,44.2,65.6,"12.2388,109.1967",70.7
2024-01-08 20:33:00,VIN-B1271,59.4,47.1,"12.2388,109.1967",85.6
2024-01-08 20:36:00,VIN-B1272,7.0,94.6,"16.0544,108.2022",99.0
2024-01-08 20:39:00,VIN-B1273,91.6,44.1,"16.0544,108.2022",93.9
2024-01-08 20:42:00,VIN-B1274,41.3,57.8,"21.0285,105.8542",99.8
2024-01-08 20:45:00,VIN-B1275,59.1,64.4,"10.9460,108.4419",106.9
2024-01-08 20:48:00,VIN-B1276,110.8,98.3,"21.0285,105.8542",100.8
2024-01-08 20:51:00,VIN-B1277,31.6,42.7,"12.2388,109.1967",72.7
2024-01-08 20:54:00,VIN-B1278,23.4,24.3,"10.0452,105.7469",73.6
2024-01-08 20:57:00,VIN-B1279,15.9,93.5,"11.9404,108.4583",98.6
2024-01-08 21:00:00,VIN-B1280,20.5,37.8,"20.8449,106.6881",74.3
2024-01-08 21:03:00,VIN-B1281,65.4,12.5,"10.8231,106.6297",78.2
2024-01-08 21:06:00,VIN-B1282,119.5,91.2,"21.0285,105.8542",73.1
2024-01-08 21:09:00,VIN-B1283,19.6,41.1,"10.0452,105.7469",100.0
2024-01-08 21:12:00,VIN-B1284,28.6,53.8,"11.9404,108.4583",75.3
2024-01-08 21:15:00,VIN-B1285,59.5,59.5,"11.9404,108.4583",85.0
2024-01-08 21:18:00,VIN-B1286,22.8,47.5,"12.2388,109.1967",82.3
2024-01-08 21:21:00,VIN-B1287,71.1,74.0,"16.0544,108.2022",104.6
2024-01-08 21:24:00,VIN-B1288,38.8,18.4,"20.8449,106.6881",81.8
2024-01-08 21:27:00,VIN-B1289,5.2,82.7,"20.8449,106.6881",81.0
2024-01-08 21:30:00,VIN-B1290,119.4,27.5,"10.0452,105.7469",97.3
2024-01-08 21:33:00,VIN-B1291,99.8,42.8,"21.0285,105.8542",107.1
2024-01-08 21:36:00,VIN-B1292,108.6,75.4,"10.9460,108.4419",96.7
2024-01-08 21:39:00,VIN-B1293,20.4,22.7,"10.8231,106.6297",103.4
2024-01-08 21:42:00,VIN-B1294,76.7,88.4,"16.0544,108.2022",74.1
2024-01-08 21:45:00,VIN-B1295,23.2,54.3,"20.8449,106.6881",76.9
2024-01-08 21:48:00,VIN-B1296,65.5,74.8,"10.9460,108.4419",101.4
2024-01-08 21:51:00,VIN-B1297,82.4,46.6,"20.8449,106.6881",104.7
2024-01-08 21:54:00,VIN-B1298,27.8,83.1,"10.0452,105.7469",105.1
2024-01-08 21:57:00,VIN-B1299,101.8,21.8,"11.9404,108.4583",86.3
2024-01-08 22:00:00,VIN-B1300,40.6,59.4,"10.9460,108.4419",108.4
2024-01-08 22:03:00,VIN-B1301,2.8,79.6,"20.8449,106.6881",86.1
2024-01-08 22:06:00,VIN-B1302,111.3,16.3,"10.9460,108.4419",98.0
2024-01-08 22:09:00,VIN-B1303,48.3,94.1,"10.0452,105.7469",106.0
2024-01-08 22:12:00,VIN-B1304,62.2,81.7,"10.8231,106.6297",84.6
2024-01-08 22:15:00,VIN-B1305,0.3,56.4,"21.0285,105.8542",96.4
2024-01-08 22:18:00,VIN-B1306,20.5,26.3,"11.9404,108.4583",83.1
2024-01-08 22:21:00,VIN-B1307,19.1,99.3,"11.9404,108.4583",70.6
2024-01-08 22:24:00,VIN-B1308,40.2,98.9,"21.0285,105.8542",97.5
2024-01-08 22:27:00,VIN-B1309,48.6,19.3,"21.0285,105.8542",90.9
2024-01-08 22:30:00,VIN-B1310,92.4,21.6,"16.0544,108.2022",83.1
2024-01-08 22:33:00,VIN-B1311,47.8,48.4,"10.8231,106.6297",92.3
2024-01-08 22:36:00,VIN-B1312,64.1,69.8,"10.0452,105.7469",87.2
2024-01-08 22:39:00,VIN-B1313,73.1,32.4,"10.8231,106.6297",108.1
2024-01-08 22:42:00,VIN-B1314,15.2,92.3,"11.9404,108.4583",101.9
2024-01-08 22:45:00,VIN-B1315,114.2,70.7,"10.0452,105.7469",96.5
2024-01-08 22:48:00,VIN-B1316,65.1,97.6,"12.2388,109.1967",90.3
2024-01-08 22:51:00,VIN-B1317,35.0,17.3,"11.9404,108.4583",103.8
2024-01-08 22:54:00,VIN-B1318,73.2,57.6,"21.0285,105.8542",95.9
2024-01-08 22:57:00,VIN-B1319,34.0,47.9,"10.9460,108.4419",108.5
2024-01-08 23:00:00,VIN-B1320,90.1,8.4,"10.9460,108.4419",73.7
2024-01-08 23:03:00,VIN-B1321,110.8,27.4,"20.8449,106.6881",87.9
2024-01-08 23:06:00,VIN-B1322,57.3,56.2,"16.0544,108.2022",71.0
2024-01-08 23:09:00,VIN-B1323,73.9,31.1,"21.0285,105.8542",108.5
2024-01-08 23:12:00,VIN-B1324,7.6,64.6,"10.9460,108.4419",89.8
2024-01-08 23:15:00,VIN-B1325,63.9,41.5,"16.0544,108.2022",104.3
2024-01-08 23:18:00,VIN-B1326,69.0,46.5,"10.9460,108.4419",98.7
2024-01-08 23:21:00,VIN-B1327,18.5,84.2,"11.9404,108.4583",90.6
2024-01-08 23:24:00,VIN-B1328,23.5,99.4,"10.8231,106.6297",101.6
2024-01-08 23:27:00,VIN-B1329,63.9,69.7,"10.8231,106.6297",85.9
2024-01-08 23:30:00,VIN-B1330,22.3,64.4,"10.0452,105.7469",84.7
2024-01-08 23:33:00,VIN-B1331,83.5,88.9,"11.9404,108.4583",100.2
2024-01-08 23:36:00,VIN-B1332,46.8,74.1,"11.9404,108.4583",97.4
2024-01-08 23:39:00,VIN-B1333,68.3,7.9,"21.0285,105.8542",76.7
2024-01-08 23:42:00,VIN-B1334,108.0,21.7,"11.9404,108.4583",104.1
2024-01-08 23:45:00,VIN-B1335,32.2,22.3,"20.8449,106.6881",88.4
2024-01-08 23:48:00,VIN-B1336,47.3,18.3,"12.2388,109.1967",77.4
2024-01-08 23:51:00,VIN-B1337,29.6,95.4,"12.2388,109.1967",101.6
2024-01-08 23:54:00,VIN-B1338,99.6,26.1,"10.0452,105.7469",91.8
2024-01-08 23:57:00,VIN-B1339,108.2,59.4,"21.0285,105.8542",83.6
2024-01-09 00:00:00,VIN-B1340,19.7,12.6,"11.9404,108.4583",77.5
2024-01-09 00:03:00,VIN-B1341,91.4,73.6,"10.9460,108.4419",77.1
2024-01-09 00:06:00,VIN-B1342,113.4,42.0,"16.0544,108.2022",86.1
2024-01-09 00:09:00,VIN-B1343,70.7,87.5,"10.0452,105.7469",83.7
2024-01-09 00:12:00,VIN-B1344,73.0,70.2,"21.0285,105.8542",78.9
2024-01-09 00:15:00,VIN-B1345,119.0,52.9,"20.8449,106.6881",84.8
2024-01-09 00:18:00,VIN-B1346,3.1,66.4,"12.2388,109.1967",108.3
2024-01-09 00:21:00,VIN-B1347,113.9,58.1,"10.8231,106.6297",94.4
2024-01-09 00:24:00,VIN-B1348,90.7,78.4,"12.2388,109.1967",103.0
2024-01-09 00:27:00,VIN-B1349,26.9,23.4,"21.0285,105.8542",105.1
2024-01-09 00:30:00,VIN-B1350,107.3,83.3,"21.0285,105.8542",107.1
2024-01-09 00:33:00,VIN-B1351,13.6,50.7,"10.9460,108.4419",76.6
2024-01-09 00:36:00,VIN-B1352,23.9,84.1,"11.9404,108.4583",93.3
2024-01-09 00:39:00,VIN-B1353,32.3,8.6,"11.9404,108.4583",78.4
2024-01-09 00:42:00,VIN-B1354,36.9,35.9,"10.9460,108.4419",74.3
2024-01-09 00:45:00,VIN-B1355,99.3,24.2,"10.0452,105.7469",99.2
2024-01-09 00:48:00,VIN-B1356,43.9,89.2,"20.8449,106.6881",89.0
2024-01-09 00:51:00,VIN-B1357,101.5,54.8,"10.0452,105.7469",102.0
2024-01-09 00:54:00,VIN-B1358,53.7,35.1,"10.8231,106.6297",108.4
2024-01-09 00:57:00,VIN-B1359,31.9,85.4,"21.0285,105.8542",81.3
2024-01-09 01:00:00,VIN-B1360,92.4,13.3,"11.9404,108.4583",77.1
2024-01-09 01:03:00,VIN-B1361,46.0,55.3,"21.0285,105.8542",97.8
2024-01-09 01:06:00,VIN-B1362,62.8,58.3,"16.0544,108.2022",100.3
2024-01-09 01:09:00,VIN-B1363,0.8,39.3,"10.0452,105.7469",103.8
2024-01-09 01:12:00,VIN-B1364,63.2,86.4,"11.9404,108.4583",86.1
2024-01-09 01:15:00,VIN-B1365,106.8,93.8,"20.8449,106.6881",86.6
2024-01-09 01:18:00,VIN-B1366,114.7,87.1,"20.8449,106.6881",101.7
2024-01-09 01:21:00,VIN-B1367,54.0,47.0,"12.2388,109.1967",104.5
2024-01-09 01:24:00,VIN-B1368,16.6,72.1,"11.9404,108.4583",109.3
2024-01-09 01:27:00,VIN-B1369,107.2,31.6,"11.9404,108.4583",99.3
2024-01-09 01:30:00,VIN-B1370,50.6,39.6,"11.9404,108.4583",101.5
2024-01-09 01:33:00,VIN-B1371,101.0,32.4,"16.0544,108.2022",82.2
2024-01-09 01:36:00,VIN-B1372,73.7,16.3,"21.0285,105.8542",102.5
2024-01-09 01:39:00,VIN-B1373,51.4,36.6,"16.0544,108.2022",107.3
2024-01-09 01:42:00,VIN-B1374,0.8,8.7,"16.0544,108.2022",102.1
2024-01-09 01:45:00,VIN-B1375,44.7,26.8,"10.0452,105.7469",72.9
2024-01-09 01:48:00,VIN-B1376,28.4,66.1,"21.0285,105.8542",102.0
2024-01-09 01:51:00,VIN-B1377,104.2,11.6,"10.8231,106.6297",83.0
2024-01-09 01:54:00,VIN-B1378,57.7,54.6,"20.8449,106.6881",92.2
2024-01-09 01:57:00,VIN-B1379,21.9,14.5,"12.2388,109.1967",81.4
2024-01-09 02:00:00,VIN-B1380,62.4,63.6,"20.8449,106.6881",93.5
2024-01-09 02:03:00,VIN-B1381,119.4,51.6,"10.9460,108.4419",108.5
2024-01-09 02:06:00,VIN-B1382,82.8,94.0,"20.8449,106.6881",88.0
2024-01-09 02:09:00,VIN-B1383,76.5,46.9,"12.2388,109.1967",95.7
2024-01-09 02:12:00,VIN-B1384,18.0,5.6,"11.9404,108.4583",103.8
2024-01-09 02:15:00,VIN-B1385,118.2,71.9,"11.9404,108.4583",81.5
2024-01-09 02:18:00,VIN-B1386,114.0,11.6,"10.0452,105.7469",102.2
2024-01-09 02:21:00,VIN-B1387,20.7,56.6,"21.0285,105.8542",99.5
2024-01-09 02:24:00,VIN-B1388,22.9,11.0,"10.0452,105.7469",94.3
2024-01-09 02:27:00,VIN-B1389,105.4,66.3,"12.2388,109.1967",95.0
2024-01-09 02:30:00,VIN-B1390,7.1,75.1,"21.0285,105.8542",90.8
2024-01-09 02:33:00,VIN-B1391,49.8,51.5,"10.0452,105.7469",98.7
2024-01-09 02:36:00,VIN-B1392,55.6,7.3,"16.0544,108.2022",100.7
2024-01-09 02:39:00,VIN-B1393,48.5,72.1,"10.9460,108.4419",77.1
2024-01-09 02:42:00,VIN-B1394,21.7,38.3,"10.9460,108.4419",82.8
2024-01-09 02:45:00,VIN-B1395,89.6,39.5,"12.2388,109.1967",89.4
2024-01-09 02:48:00,VIN-B1396,45.5,87.0,"10.8231,106.6297",83.0
2024-01-09 02:51:00,VIN-B1397,74.2,53.5,"10.9460,108.4419",85.3
2024-01-09 02:54:00,VIN-B1398,78.9,27.9,"21.0285,105.8542",85.7
2024-01-09 02:57:00,VIN-B1399,65.9,22.3,"10.9460,108.4419",108.4
2024-01-09 03:00:00,VIN-B1400,77.5,21.7,"10.9460,108.4419",97.5
2024-01-09 03:03:00,VIN-B1401,23.8,79.8,"10.0452,105.7469",107.0
2024-01-09 03:06:00,VIN-B1402,78.6,96.8,"10.8231,106.6297",83.0
2024-01-09 03:09:00,VIN-B1403,20.7,59.8,"10.0452,105.7469",99.6
2024-01-09 03:12:00,VIN-B1404,105.8,95.8,"20.8449,106.6881",102.0
2024-01-09 03:15:00,VIN-B1405,78.9,60.6,"12.2388,109.1967",79.5
2024-01-09 03:18:00,VIN-B1406,66.1,27.5,"16.0544,108.2022",83.0
2024-01-09 03:21:00,VIN-B1407,43.6,96.6,"10.0452,105.7469",82.8
2024-01-09 03:24:00,VIN-B1408,112.8,30.3,"21.0285,105.8542",89.6
2024-01-09 03:27:00,VIN-B1409,77.4,75.0,"10.9460,108.4419",78.8
2024-01-09 03:30:00,VIN-B1410,97.0,32.5,"10.8231,106.6297",92.8
2024-01-09 03:33:00,VIN-B1411,31.3,29.1,"10.9460,108.4419",94.4
2024-01-09 03:36:00,VIN-B1412,87.0,22.1,"10.9460,108.4419",94.1
2024-01-09 03:39:00,VIN-B1413,101.8,60.3,"10.8231,106.6297",77.5
2024-01-09 03:42:00,VIN-B1414,20.9,11.6,"10.8231,106.6297",83.2
2024-01-09 03:45:00,VIN-B1415,80.0,61.6,"10.9460,108.4419",98.8
2024-01-09 03:48:00,VIN-B1416,25.7,72.3,"11.9404,108.4583",75.5
2024-01-09 03:51:00,VIN-B1417,114.1,94.9,"10.0452,105.7469",75.2
2024-01-09 03:54:00,VIN-B1418,3.4,69.1,"21.0285,105.8542",75.4
2024-01-09 03:57:00,VIN-B1419,43.7,74.3,"10.8231,106.6297",91.9
2024-01-09 04:00:00,VIN-B1420,20.8,88.9,"12.2388,109.1967",100.4
2024-01-09 04:03:00,VIN-B1421,58.7,82.0,"10.9460,108.4419",90.7
2024-01-09 04:06:00,VIN-B1422,60.7,59.0,"11.9404,108.4583",97.3
2024-01-09 04:09:00,VIN-B1423,83.2,73.6,"11.9404,108.4583",96.7
2024-01-09 04:12:00,VIN-B1424,42.9,27.5,"20.8449,106.6881",107.0
2024-01-09 04:15:00,VIN-B1425,95.8,92.6,"10.8231,106.6297",78.1
2024-01-09 04:18:00,VIN-B1426,33.4,33.7,"20.8449,106.6881",95.8
2024-01-09 04:21:00,VIN-B1427,97.8,86.2,"11.9404,108.4583",74.4
2024-01-09 04:24:00,VIN-B1428,8.0,84.3,"16.0544,108.2022",108.2
2024-01-09 04:27:00,VIN-B1429,104.6,59.2,"21.0285,105.8542",70.9
2024-01-09 04:30:00,VIN-B1430,17.9,59.8,"11.9404,108.4583",96.6
2024-01-09 04:33:00,VIN-B1431,11.1,23.9,"12.2388,109.1967",96.2
2024-01-09 04:36:00,VIN-B1432,88.2,23.3,"10.0452,105.7469",106.5
2024-01-09 04:39:00,VIN-B1433,69.2,99.3,"21.0285,105.8542",78.4
2024-01-09 04:42:00,VIN-B1434,71.2,13.8,"21.0285,105.8542",75.8
2024-01-09 04:45:00,VIN-B1435,5.8,19.3,"16.0544,108.2022",74.6
2024-01-09 04:48:00,VIN-B1436,18.9,87.3,"10.9460,108.4419",86.4
2024-01-09 04:51:00,VIN-B1437,90.3,18.3,"21.0285,105.8542",94.2
2024-01-09 04:54:00,VIN-B1438,89.5,13.5,"21.0285,105.8542",85.3
2024-01-09 04:57:00,VIN-B1439,12.5,91.8,"10.8231,106.6297",74.8
2024-01-09 05:00:00,VIN-B1440,86.6,47.4,"11.9404,108.4583",96.5
2024-01-09 05:03:00,VIN-B1441,111.1,77.2,"10.0452,105.7469",77.9
2024-01-09 05:06:00,VIN-B1442,74.8,74.3,"10.8231,106.6297",81.7
2024-01-09 05:09:00,VIN-B1443,23.1,41.1,"10.0452,105.7469",91.4
2024-01-09 05:12:00,VIN-B1444,79.2,48.3,"12.2388,109.1967",101.1
2024-01-09 05:15:00,VIN-B1445,12.4,77.6,"12.2388,109.1967",77.0
2024-01-09 05:18:00,VIN-B1446,10.8,7.2,"20.8449,106.6881",95.0
2024-01-09 05:21:00,VIN-B1447,16.9,37.0,"10.8231,106.6297",93.1
2024-01-09 05:24:00,VIN-B1448,39.2,17.8,"12.2388,109.1967",85.0
2024-01-09 05:27:00,VIN-B1449,2.1,83.2,"10.0452,105.7469",98.0
2024-01-09 05:30:00,VIN-B1450,44.0,96.9,"20.8449,106.6881",103.6
2024-01-09 05:33:00,VIN-B1451,7.9,75.5,"10.8231,106.6297",102.2
2024-01-09 05:36:00,VIN-B1452,25.8,68.4,"11.9404,108.4583",75.1
2024-01-09 05:39:00,VIN-B1453,83.3,52.2,"10.8231,106.6297",101.1
2024-01-09 05:42:00,VIN-B1454,27.5,48.1,"16.0544,108.2022",81.0
2024-01-09 05:45:00,VIN-B1455,50.9,39.1,"11.9404,108.4583",91.6
2024-01-09 05:48:00,VIN-B1456,46.5,77.4,"16.0544,108.2022",78.5
2024-01-09 05:51:00,VIN-B1457,3.2,94.4,"16.0544,108.2022",71.0
2024-01-09 05:54:00,VIN-B1458,118.8,93.4,"20.8449,106.6881",74.9
2024-01-09 05:57:00,VIN-B1459,73.7,50.5,"10.9460,108.4419",81.1
2024-01-09 06:00:00,VIN-B1460,20.0,63.8,"10.9460,108.4419",98.8
2024-01-09 06:03:00,VIN-B1461,115.7,46.0,"10.8231,106.6297",86.5
2024-01-09 06:06:00,VIN-B1462,15.6,86.7,"21.0285,105.8542",83.7
2024-01-09 06:09:00,VIN-B1463,31.3,87.1,"10.8231,106.6297",78.9
2024-01-09 06:12:00,VIN-B1464,85.2,32.1,"10.0452,105.7469",72.3
2024-01-09 06:15:00,VIN-B1465,2.0,39.5,"20.8449,106.6881",108.3
2024-01-09 06:18:00,VIN-B1466,67.7,78.0,"10.9460,108.4419",84.7
2024-01-09 06:21:00,VIN-B1467,107.2,34.3,"21.0285,105.8542",84.8
2024-01-09 06:24:00,VIN-B1468,70.8,78.9,"11.9404,108.4583",84.9
2024-01-09 06:27:00,VIN-B1469,51.0,21.4,"10.0452,105.7469",80.1
2024-01-09 06:30:00,VIN-B1470,101.0,18.0,"12.2388,109.1967",88.5
2024-01-09 06:33:00,VIN-B1471,0.3,9.2,"10.8231,106.6297",100.8
2024-01-09 06:36:00,VIN-B1472,95.7,53.8,"10.8231,106.6297",78.3
2024-01-09 06:39:00,VIN-B1473,96.7,75.0,"20.8449,106.6881",92.2
2024-01-09 06:42:00,VIN-B1474,12.0,42.9,"21.0285,105.8542",89.6
2024-01-09 06:45:00,VIN-B1475,50.9,9.0,"10.8231,106.6297",90.7
2024-01-09 06:48:00,VIN-B1476,97.5,68.7,"10.9460,108.4419",74.3
2024-01-09 06:51:00,VIN-B1477,71.1,87.5,"21.0285,105.8542",109.0
2024-01-09 06:54:00,VIN-B1478,84.5,49.0,"10.0452,105.7469",90.3
2024-01-09 06:57:00,VIN-B1479,49.0,14.7,"10.8231,106.6297",88.5
2024-01-09 07:00:00,VIN-B1480,27.5,12.6,"10.8231,106.6297",102.5
2024-01-09 07:03:00,VIN-B1481,34.5,97.1,"12.2388,109.1967",89.7
2024-01-09 07:06:00,VIN-B1482,23.9,43.1,"21.0285,105.8542",98.2
2024-01-09 07:09:00,VIN-B1483,3.0,58.7,"16.0544,108.2022",84.0
2024-01-09 07:12:00,VIN-B1484,103.1,69.3,"10.9460,108.4419",87.0
2024-01-09 07:15:00,VIN-B1485,51.5,29.1,"10.8231,106.6297",78.2
2024-01-09 07:18:00,VIN-B1486,67.4,36.7,"10.0452,105.7469",94.3
2024-01-09 07:21:00,VIN-B1487,18.8,81.9,"10.9460,108.4419",106.9
2024-01-09 07:24:00,VIN-B1488,100.6,89.5,"20.8449,106.6881",102.9
2024-01-09 07:27:00,VIN-B1489,9.5,60.6,"10.0452,105.7469",103.2
2024-01-09 07:30:00,VIN-B1490,83.9,50.1,"10.8231,106.6297",72.3
2024-01-09 07:33:00,VIN-B1491,31.9,44.4,"21.0285,105.8542",82.4
2024-01-09 07:36:00,VIN-B1492,39.6,61.0,"21.0285,105.8542",101.8
2024-01-09 07:39:00,VIN-B1493,6.1,60.9,"10.9460,108.4419",75.0
2024-01-09 07:42:00,VIN-B1494,30.3,6.9,"12.2388,109.1967",93.4
2024-01-09 07:45:00,VIN-B1495,65.3,94.4,"21.0285,105.8542",102.8
2024-01-09 07:48:00,VIN-B1496,67.6,71.5,"12.2388,109.1967",93.0
2024-01-09 07:51:00,VIN-B1497,37.8,68.4,"21.0285,105.8542",82.7
2024-01-09 07:54:00,VIN-B1498,20.7,29.3,"10.8231,106.6297",102.3
2024-01-09 07:57:00,VIN-B1499,35.7,83.9,"10.9460,108.4419",107.2
2024-01-09 08:00:00,VIN-B1500,47.4,62.6,"10.9460,108.4419",95.6
2024-01-09 08:03:00,VIN-B1501,77.8,23.9,"10.9460,108.4419",97.4
2024-01-09 08:06:00,VIN-B1502,97.6,41.3,"12.2388,109.1967",74.1
2024-01-09 08:09:00,VIN-B1503,109.0,95.8,"16.0544,108.2022",78.7
2024-01-09 08:12:00,VIN-B1504,34.4,9.7,"10.9460,108.4419",92.8
2024-01-09 08:15:00,VIN-B1505,29.8,83.9,"11.9404,108.4583",87.5
2024-01-09 08:18:00,VIN-B1506,25.3,70.4,"12.2388,109.1967",93.3
2024-01-09 08:21:00,VIN-B1507,109.4,99.6,"10.9460,108.4419",102.3
2024-01-09 08:24:00,VIN-B1508,8.0,83.1,"12.2388,109.1967",76.6
2024-01-09 08:27:00,VIN-B1509,51.7,98.9,"16.0544,108.2022",71.1
2024-01-09 08:30:00,VIN-B1510,56.1,54.0,"16.0544,108.2022",74.2
2024-01-09 08:33:00,VIN-B1511,49.3,84.9,"10.8231,106.6297",95.2
2024-01-09 08:36:00,VIN-B1512,79.3,29.7,"21.0285,105.8542",79.4
2024-01-09 08:39:00,VIN-B1513,82.1,76.3,"10.9460,108.4419",106.0
2024-01-09 08:42:00,VIN-B1514,107.7,12.9,"10.9460,108.4419",108.5
2024-01-09 08:45:00,VIN-B1515,87.7,56.1,"12.2388,109.1967",107.1
2024-01-09 08:48:00,VIN-B1516,61.0,82.5,"21.0285,105.8542",108.8
2024-01-09 08:51:00,VIN-B1517,111.4,89.9,"12.2388,109.1967",91.4
2024-01-09 08:54:00,VIN-B1518,19.3,16.4,"11.9404,108.4583",90.9
2024-01-09 08:57:00,VIN-B1519,88.5,27.1,"10.9460,108.4419",108.9
2024-01-09 09:00:00,VIN-B1520,44.9,93.6,"16.0544,108.2022",72.5
2024-01-09 09:03:00,VIN-B1521,3.1,56.3,"20.8449,106.6881",89.0
2024-01-09 09:06:00,VIN-B1522,56.8,13.9,"16.0544,108.2022",103.7
2024-01-09 09:09:00,VIN-B1523,45.6,13.1,"20.8449,106.6881",73.7
2024-01-09 09:12:00,VIN-B1524,77.8,13.0,"16.0544,108.2022",90.4
2024-01-09 09:15:00,VIN-B1525,60.0,82.6,"12.2388,109.1967",101.7
2024-01-09 09:18:00,VIN-B1526,72.0,45.2,"16.0544,108.2022",88.5
2024-01-09 09:21:00,VIN-B1527,90.3,60.0,"10.9460,108.4419",96.6
2024-01-09 09:24:00,VIN-B1528,6.0,9.1,"11.9404,108.4583",79.2
2024-01-09 09:27:00,VIN-B1529,14.1,90.9,"21.0285,105.8542",101.6
2024-01-09 09:30:00,VIN-B1530,50.8,38.7,"10.8231,106.6297",89.8
2024-01-09 09:33:00,VIN-B1531,66.2,28.6,"10.9460,108.4419",81.4
2024-01-09 09:36:00,VIN-B1532,107.3,70.6,"10.0452,105.7469",83.3
2024-01-09 09:39:00,VIN-B1533,45.3,15.2,"10.9460,108.4419",93.2
2024-01-09 09:42:00,VIN-B1534,103.1,67.6,"20.8449,106.6881",77.3
2024-01-09 09:45:00,VIN-B1535,76.8,89.1,"20.8449,106.6881",98.1
2024-01-09 09:48:00,VIN-B1536,34.0,62.9,"20.8449,106.6881",91.9
2024-01-09 09:51:00,VIN-B1537,86.4,93.9,"20.8449,106.6881",71.0
2024-01-09 09:54:00,VIN-B1538,54.4,34.7,"21.0285,105.8542",87.8
2024-01-09 09:57:00,VIN-B1539,18.4,37.1,"20.8449,106.6881",75.7
2024-01-09 10:00:00,VIN-B1540,117.7,38.8,"10.0452,105.7469",103.0
2024-01-09 10:03:00,VIN-B1541,48.8,56.5,"16.0544,108.2022",70.0
2024-01-09 10:06:00,VIN-B1542,116.1,96.2,"10.0452,105.7469",80.6
2024-01-09 10:09:00,VIN-B1543,48.0,71.2,"10.0452,105.7469",94.6
2024-01-09 10:12:00,VIN-B1544,105.6,18.1,"12.2388,109.1967",85.8
2024-01-09 10:15:00,VIN-B1545,18.2,98.8,"10.9460,108.4419",94.1
2024-01-09 10:18:00,VIN-B1546,8.2,7.1,"21.0285,105.8542",73.6
2024-01-09 10:21:00,VIN-B1547,8.9,99.9,"21.0285,105.8542",93.5
2024-01-09 10:24:00,VIN-B1548,90.8,73.9,"11.9404,108.4583",96.4
2024-01-09 10:27:00,VIN-B1549,118.5,65.8,"16.0544,108.2022",109.9
2024-01-09 10:30:00,VIN-B1550,104.8,72.9,"21.0285,105.8542",79.3
2024-01-09 10:33:00,VIN-B1551,57.0,43.7,"10.8231,106.6297",83.7
2024-01-09 10:36:00,VIN-B1552,117.7,9.2,"12.2388,109.1967",82.8
2024-01-09 10:39:00,VIN-B1553,61.3,43.1,"10.8231,106.6297",106.4
2024-01-09 10:42:00,VIN-B1554,43.2,95.8,"12.2388,109.1967",89.8
2024-01-09 10:45:00,VIN-B1555,31.5,63.5,"20.8449,106.6881",82.7
2024-01-09 10:48:00,VIN-B1556,3.8,23.4,"12.2388,109.1967",80.9
2024-01-09 10:51:00,VIN-B1557,94.5,44.6,"21.0285,105.8542",88.8
2024-01-09 10:54:00,VIN-B1558,88.8,90.2,"21.0285,105.8542",100.9
2024-01-09 10:57:00,VIN-B1559,15.2,29.6,"10.8231,106.6297",91.9
2024-01-09 11:00:00,VIN-B1560,114.8,74.3,"20.8449,106.6881",88.5
2024-01-09 11:03:00,VIN-B1561,66.1,14.2,"21.0285,105.8542",87.7
2024-01-09 11:06:00,VIN-B1562,49.6,85.5,"21.0285,105.8542",101.5
2024-01-09 11:09:00,VIN-B1563,100.8,64.1,"20.8449,106.6881",95.1
2024-01-09 11:12:00,VIN-B1564,113.7,56.9,"10.0452,105.7469",98.0
2024-01-09 11:15:00,VIN-B1565,69.8,71.2,"10.9460,108.4419",82.5
2024-01-09 11:18:00,VIN-B1566,60.8,58.9,"21.0285,105.8542",83.1
2024-01-09 11:21:00,VIN-B1567,70.6,98.0,"10.8231,106.6297",74.4
2024-01-09 11:24:00,VIN-B1568,73.6,73.6,"16.0544,108.2022",72.3
2024-01-09 11:27:00,VIN-B1569,82.5,50.4,"11.9404,108.4583",79.9
2024-01-09 11:30:00,VIN-B1570,111.4,89.5,"10.8231,106.6297",84.1
2024-01-09 11:33:00,VIN-B1571,8.4,12.5,"10.8231,106.6297",79.1
2024-01-09 11:36:00,VIN-B1572,71.5,76.5,"20.8449,106.6881",78.3
2024-01-09 11:39:00,VIN-B1573,37.7,44.0,"16.0544,108.2022",74.0
2024-01-09 11:42:00,VIN-B1574,69.5,36.1,"10.8231,106.6297",85.2
2024-01-09 11:45:00,VIN-B1575,0.9,7.4,"12.2388,109.1967",102.3
2024-01-09 11:48:00,VIN-B1576,35.8,97.3,"12.2388,109.1967",77.2
2024-01-09 11:51:00,VIN-B1577,35.2,40.8,"20.8449,106.6881",97.3
2024-01-09 11:54:00,VIN-B1578,32.9,90.8,"20.8449,106.6881",87.3
2024-01-09 11:57:00,VIN-B1579,49.3,36.1,"20.8449,106.6881",80.5
2024-01-09 12:00:00,VIN-B1580,1.7,80.1,"12.2388,109.1967",82.6
2024-01-09 12:03:00,VIN-B1581,103.8,51.6,"10.9460,108.4419",83.6
2024-01-09 12:06:00,VIN-B1582,107.1,59.3,"12.2388,109.1967",100.7
2024-01-09 12:09:00,VIN-B1583,115.8,23.3,"10.8231,106.6297",87.0
2024-01-09 12:12:00,VIN-B1584,29.1,79.3,"12.2388,109.1967",102.0
2024-01-09 12:15:00,VIN-B1585,105.1,79.4,"16.0544,108.2022",100.8
2024-01-09 12:18:00,VIN-B1586,40.4,32.5,"21.0285,105.8542",85.9
2024-01-09 12:21:00,VIN-B1587,40.1,62.8,"10.0452,105.7469",107.0
2024-01-09 12:24:00,VIN-B1588,1.1,93.5,"20.8449,106.6881",76.4
2024-01-09 12:27:00,VIN-B1589,22.4,21.6,"12.2388,109.1967",77.2
2024-01-09 12:30:00,VIN-B1590,91.4,47.9,"10.9460,108.4419",97.8
2024-01-09 12:33:00,VIN-B1591,56.9,43.1,"11.9404,108.4583",94.5
2024-01-09 12:36:00,VIN-B1592,46.8,14.8,"16.0544,108.2022",81.2
2024-01-09 12:39:00,VIN-B1593,118.0,13.8,"12.2388,109.1967",91.3
2024-01-09 12:42:00,VIN-B1594,62.0,41.9,"10.8231,106.6297",70.2
2024-01-09 12:45:00,VIN-B1595,108.5,56.0,"21.0285,105.8542",89.0
2024-01-09 12:48:00,VIN-B1596,62.0,42.6,"10.9460,108.4419",109.7
2024-01-09 12:51:00,VIN-B1597,15.3,88.1,"16.0544,108.2022",93.1
2024-01-09 12:54:00,VIN-B1598,105.9,39.0,"10.8231,106.6297",107.2
2024-01-09 12:57:00,VIN-B1599,32.8,17.8,"20.8449,106.6881",101.7
2024-01-09 13:00:00,VIN-B1600,102.3,65.7,"20.8449,106.6881",73.0
2024-01-09 13:03:00,VIN-B1601,87.7,92.4,"10.8231,106.6297",78.2
2024-01-09 13:06:00,VIN-B1602,30.1,74.9,"10.9460,108.4419",83.7
2024-01-09 13:09:00,VIN-B1603,51.6,71.2,"20.8449,106.6881",104.7
2024-01-09 13:12:00,VIN-B1604,63.9,48.8,"11.9404,108.4583",108.9
2024-01-09 13:15:00,VIN-B1605,76.3,40.0,"12.2388,109.1967",107.9
2024-01-09 13:18:00,VIN-B1606,21.0,17.2,"10.0452,105.7469",90.1
2024-01-09 13:21:00,VIN-B1607,105.4,39.4,"12.2388,109.1967",71.9
2024-01-09 13:24:00,VIN-B1608,81.1,45.8,"12.2388,109.1967",96.1
2024-01-09 13:27:00,VIN-B1609,34.2,49.4,"16.0544,108.2022",104.8
2024-01-09 13:30:00,VIN-B1610,101.5,12.3,"16.0544,108.2022",107.8
2024-01-09 13:33:00,VIN-B1611,18.5,72.7,"10.9460,108.4419",81.4
2024-01-09 13:36:00,VIN-B1612,64.5,77.7,"10.9460,108.4419",97.3
2024-01-09 13:39:00,VIN-B1613,74.5,82.5,"21.0285,105.8542",88.0
2024-01-09 13:42:00,VIN-B1614,108.1,42.8,"10.0452,105.7469",79.7
2024-01-09 13:45:00,VIN-B1615,35.2,65.9,"16.0544,108.2022",89.6
2024-01-09 13:48:00,VIN-B1616,3.7,87.4,"20.8449,106.6881",97.4
2024-01-09 13:51:00,VIN-B1617,98.4,90.3,"11.9404,108.4583",98.6
2024-01-09 13:54:00,VIN-B1618,78.6,10.8,"21.0285,105.8542",94.3
2024-01-09 13:57:00,VIN-B1619,46.4,28.5,"10.8231,106.6297",80.2
2024-01-09 14:00:00,VIN-B1620,85.8,23.5,"20.8449,106.6881",94.4
2024-01-09 14:03:00,VIN-B1621,95.1,26.8,"16.0544,108.2022",80.7
2024-01-09 14:06:00,VIN-B1622,107.3,36.4,"10.0452,105.7469",105.2
2024-01-09 14:09:00,VIN-B1623,1.4,86.5,"21.0285,105.8542",90.6
2024-01-09 14:12:00,VIN-B1624,85.8,42.7,"10.9460,108.4419",90.2
2024-01-09 14:15:00,VIN-B1625,61.7,11.4,"20.8449,106.6881",83.8
2024-01-09 14:18:00,VIN-B1626,20.7,29.1,"11.9404,108.4583",80.5
2024-01-09 14:21:00,VIN-B1627,51.3,83.5,"10.0452,105.7469",102.8
2024-01-09 14:24:00,VIN-B1628,105.5,70.4,"10.9460,108.4419",94.1
2024-01-09 14:27:00,VIN-B1629,26.1,71.9,"21.0285,105.8542",70.6
2024-01-09 14:30:00,VIN-B1630,82.3,76.8,"11.9404,108.4583",79.6
2024-01-09 14:33:00,VIN-B1631,71.5,19.0,"10.9460,108.4419",108.4
2024-01-09 14:36:00,VIN-B1632,61.5,29.3,"20.8449,106.6881",102.2
2024-01-09 14:39:00,VIN-B1633,68.1,45.4,"16.0544,108.2022",105.4
2024-01-09 14:42:00,VIN-B1634,91.7,61.9,"12.2388,109.1967",109.7
2024-01-09 14:45:00,VIN-B1635,37.7,60.0,"16.0544,108.2022",103.5
2024-01-09 14:48:00,VIN-B1636,12.6,84.8,"16.0544,108.2022",80.2
2024-01-09 14:51:00,VIN-B1637,27.9,82.0,"20.8449,106.6881",98.4
2024-01-09 14:54:00,VIN-B1638,21.0,17.6,"10.0452,105.7469",103.3
2024-01-09 14:57:00,VIN-B1639,77.8,61.3,"16.0544,108.2022",90.9
2024-01-09 15:00:00,VIN-B1640,28.6,80.3,"16.0544,108.2022",109.0
2024-01-09 15:03:00,VIN-B1641,118.2,67.7,"10.9460,108.4419",71.2
2024-01-09 15:06:00,VIN-B1642,110.4,19.9,"10.0452,105.7469",109.3
2024-01-09 15:09:00,VIN-B1643,62.0,53.9,"10.8231,106.6297",98.5
2024-01-09 15:12:00,VIN-B1644,66.8,25.1,"16.0544,108.2022",74.8
2024-01-09 15:15:00,VIN-B1645,97.9,6.4,"10.0452,105.7469",77.0
2024-01-09 15:18:00,VIN-B1646,0.3,11.0,"20.8449,106.6881",88.5
2024-01-09 15:21:00,VIN-B1647,45.5,9.3,"10.8231,106.6297",90.3
2024-01-09 15:24:00,VIN-B1648,75.8,68.8,"10.9460,108.4419",98.6
2024-01-09 15:27:00,VIN-B1649,14.6,57.0,"12.2388,109.1967",77.6
2024-01-09 15:30:00,VIN-B1650,46.0,13.8,"10.8231,106.6297",106.7
2024-01-09 15:33:00,VIN-B1651,28.2,57.5,"11.9404,108.4583",96.0
2024-01-09 15:36:00,VIN-B1652,76.9,13.1,"10.8231,106.6297",101.4
2024-01-09 15:39:00,VIN-B1653,33.2,79.4,"16.0544,108.2022",77.8
2024-01-09 15:42:00,VIN-B1654,37.1,87.3,"11.9404,108.4583",103.3
2024-01-09 15:45:00,VIN-B1655,94.8,8.3,"10.0452,105.7469",99.3
2024-01-09 15:48:00,VIN-B1656,119.4,48.4,"20.8449,106.6881",106.6
2024-01-09 15:51:00,VIN-B1657,0.4,82.7,"12.2388,109.1967",107.7
2024-01-09 15:54:00,VIN-B1658,114.3,60.9,"10.9460,108.4419",103.4
2024-01-09 15:57:00,VIN-B1659,39.8,90.8,"10.8231,106.6297",87.4
2024-01-09 16:00:00,VIN-B1660,116.7,68.5,"20.8449,106.6881",80.7
2024-01-09 16:03:00,VIN-B1661,8.9,91.0,"20.8449,106.6881",106.6
2024-01-09 16:06:00,VIN-B1662,35.9,13.2,"21.0285,105.8542",98.2
2024-01-09 16:09:00,VIN-B1663,107.0,94.5,"12.2388,109.1967",70.1
2024-01-09 16:12:00,VIN-B1664,53.6,35.8,"20.8449,106.6881",94.6
2024-01-09 16:15:00,VIN-B1665,110.7,61.2,"10.9460,108.4419",71.7
2024-01-09 16:18:00,VIN-B1666,73.8,39.9,"10.0452,105.7469",87.2
2024-01-09 16:21:00,VIN-B1667,65.8,32.9,"16.0544,108.2022",85.1
2024-01-09 16:24:00,VIN-B1668,87.1,58.6,"20.8449,106.6881",76.4
2024-01-09 16:27:00,VIN-B1669,72.8,79.6,"10.0452,105.7469",91.6
2024-01-09 16:30:00,VIN-B1670,67.0,54.4,"21.0285,105.8542",88.9
2024-01-09 16:33:00,VIN-B1671,119.4,67.7,"10.9460,108.4419",101.3
2024-01-09 16:36:00,VIN-B1672,8.7,7.9,"20.8449,106.6881",77.2
2024-01-09 16:39:00,VIN-B1673,54.4,12.4,"10.9460,108.4419",105.9
2024-01-09 16:42:00,VIN-B1674,2.8,61.5,"16.0544,108.2022",70.9
2024-01-09 16:45:00,VIN-B1675,10.4,46.0,"11.9404,108.4583",88.2
2024-01-09 16:48:00,VIN-B1676,115.6,54.6,"16.0544,108.2022",85.2
2024-01-09 16:51:00,VIN-B1677,36.3,12.5,"10.8231,106.6297",100.4
2024-01-09 16:54:00,VIN-B1678,117.6,59.3,"16.0544,108.2022",107.6
2024-01-09 16:57:00,VIN-B1679,94.1,39.3,"11.9404,108.4583",108.9
2024-01-09 17:00:00,VIN-B1680,14.1,51.2,"12.2388,109.1967",98.2
2024-01-09 17:03:00,VIN-B1681,80.5,18.1,"12.2388,109.1967",85.4
2024-01-09 17:06:00,VIN-B1682,22.2,12.1,"16.0544,108.2022",81.2
2024-01-09 17:09:00,VIN-B1683,73.0,61.3,"16.0544,108.2022",87.4
2024-01-09 17:12:00,VIN-B1684,21.2,18.4,"10.9460,108.4419",83.4
2024-01-09 17:15:00,VIN-B1685,70.5,47.7,"12.2388,109.1967",98.8
2024-01-09 17:18:00,VIN-B1686,44.0,92.0,"21.0285,105.8542",102.9
2024-01-09 17:21:00,VIN-B1687,41.6,32.9,"10.9460,108.4419",103.3
2024-01-09 17:24:00,VIN-B1688,5.4,46.3,"16.0544,108.2022",70.1
2024-01-09 17:27:00,VIN-B1689,69.4,17.0,"11.9404,108.4583",89.9
2024-01-09 17:30:00,VIN-B1690,0.0,59.6,"10.8231,106.6297",72.5
2024-01-09 17:33:00,VIN-B1691,47.9,92.9,"11.9404,108.4583",86.4
2024-01-09 17:36:00,VIN-B1692,114.1,48.6,"10.0452,105.7469",103.1
2024-01-09 17:39:00,VIN-B1693,33.4,87.1,"16.0544,108.2022",90.1
2024-01-09 17:42:00,VIN-B1694,110.3,63.0,"12.2388,109.1967",70.2
2024-01-09 17:45:00,VIN-B1695,10.7,54.4,"16.0544,108.2022",76.4
2024-01-09 17:48:00,VIN-B1696,31.4,48.0,"21.0285,105.8542",75.4
2024-01-09 17:51:00,VIN-B1697,50.4,42.0,"11.9404,108.4583",70.2
2024-01-09 17:54:00,VIN-B1698,7.9,79.7,"10.8231,106.6297",73.7
2024-01-09 17:57:00,VIN-B1699,68.9,97.6,"16.0544,108.2022",103.8
2024-01-09 18:00:00,VIN-B1700,106.3,15.4,"21.0285,105.8542",82.6
2024-01-09 18:03:00,VIN-B1701,51.3,76.0,"10.8231,106.6297",99.8
2024-01-09 18:06:00,VIN-B1702,27.3,82.6,"10.9460,108.4419",72.1
2024-01-09 18:09:00,VIN-B1703,68.3,24.0,"10.8231,106.6297",88.5
2024-01-09 18:12:00,VIN-B1704,97.2,61.4,"10.8231,106.6297",70.2
2024-01-09 18:15:00,VIN-B1705,58.1,91.1,"21.0285,105.8542",105.1
2024-01-09 18:18:00,VIN-B1706,68.9,34.7,"11.9404,108.4583",98.0
2024-01-09 18:21:00,VIN-B1707,27.2,66.4,"10.9460,108.4419",86.5
2024-01-09 18:24:00,VIN-B1708,66.6,25.3,"20.8449,106.6881",83.8
2024-01-09 18:27:00,VIN-B1709,71.4,31.5,"10.9460,108.4419",100.6
2024-01-09 18:30:00,VIN-B1710,49.6,74.6,"16.0544,108.2022",109.1
2024-01-09 18:33:00,VIN-B1711,24.3,34.5,"21.0285,105.8542",78.5
2024-01-09 18:36:00,VIN-B1712,92.5,78.5,"10.8231,106.6297",80.3
2024-01-09 18:39:00,VIN-B1713,5.4,38.4,"20.8449,106.6881",78.9
2024-01-09 18:42:00,VIN-B1714,22.0,49.5,"12.2388,109.1967",78.5
2024-01-09 18:45:00,VIN-B1715,105.8,80.1,"11.9404,108.4583",87.5
2024-01-09 18:48:00,VIN-B1716,62.9,88.7,"10.0452,105.7469",83.5
2024-01-09 18:51:00,VIN-B1717,110.2,45.0,"10.8231,106.6297",86.2
2024-01-09 18:54:00,VIN-B1718,32.8,56.8,"10.8231,106.6297",99.8
2024-01-09 18:57:00,VIN-B1719,53.7,60.9,"10.0452,105.7469",109.6
2024-01-09 19:00:00,VIN-B1720,119.6,89.6,"10.0452,105.7469",91.9
2024-01-09 19:03:00,VIN-B1721,116.1,35.2,"10.0452,105.7469",85.3
2024-01-09 19:06:00,VIN-B1722,117.8,91.2,"12.2388,109.1967",86.2
2024-01-09 19:09:00,VIN-B1723,16.5,9.5,"11.9404,108.4583",72.1
2024-01-09 19:12:00,VIN-B1724,98.0,93.1,"10.8231,106.6297",85.7
2024-01-09 19:15:00,VIN-B1725,53.9,36.9,"21.0285,105.8542",84.6
2024-01-09 19:18:00,VIN-B1726,47.6,24.6,"16.0544,108.2022",99.2
2024-01-09 19:21:00,VIN-B1727,1.2,8.2,"11.9404,108.4583",106.1
2024-01-09 19:24:00,VIN-B1728,38.9,9.0,"12.2388,109.1967",99.2
2024-01-09 19:27:00,VIN-B1729,79.9,62.0,"10.0452,105.7469",74.0
2024-01-09 19:30:00,VIN-B1730,10.0,14.5,"20.8449,106.6881",73.8
2024-01-09 19:33:00,VIN-B1731,118.4,6.8,"11.9404,108.4583",102.2
2024-01-09 19:36:00,VIN-B1732,84.5,47.3,"20.8449,106.6881",72.2
2024-01-09 19:39:00,VIN-B1733,84.3,21.0,"10.8231,106.6297",86.2
2024-01-09 19:42:00,VIN-B1734,74.5,92.3,"11.9404,108.4583",102.7
2024-01-09 19:45:00,VIN-B1735,111.9,71.4,"21.0285,105.8542",97.3
2024-01-09 19:48:00,VIN-B1736,119.8,89.8,"16.0544,108.2022",77.3
2024-01-09 19:51:00,VIN-B1737,108.1,79.6,"11.9404,108.4583",104.9
2024-01-09 19:54:00,VIN-B1738,7.1,20.0,"20.8449,106.6881",100.4
2024-01-09 19:57:00,VIN-B1739,84.0,9.8,"11.9404,108.4583",74.4
2024-01-09 20:00:00,VIN-B1740,25.8,73.4,"16.0544,108.2022",106.3
2024-01-09 20:03:00,VIN-B1741,41.6,80.8,"12.2388,109.1967",87.6
2024-01-09 20:06:00,VIN-B1742,106.9,37.3,"10.9460,108.4419",81.3
2024-01-09 20:09:00,VIN-B1743,114.7,51.8,"10.9460,108.4419",98.2
2024-01-09 20:12:00,VIN-B1744,101.3,49.1,"10.8231,106.6297",107.2
2024-01-09 20:15:00,VIN-B1745,85.0,61.0,"11.9404,108.4583",95.8
2024-01-09 20:18:00,VIN-B1746,109.6,68.3,"21.0285,105.8542",71.9
2024-01-09 20:21:00,VIN-B1747,117.9,32.3,"10.0452,105.7469",108.8
2024-01-09 20:24:00,VIN-B1748,92.7,6.2,"21.0285,105.8542",70.1
2024-01-09 20:27:00,VIN-B1749,41.8,94.1,"10.0452,105.7469",87.1
2024-01-09 20:30:00,VIN-B1750,60.8,71.4,"12.2388,109.1967",72.6
2024-01-09 20:33:00,VIN-B1751,65.1,64.6,"21.0285,105.8542",108.2
2024-01-09 20:36:00,VIN-B1752,118.9,37.0,"16.0544,108.2022",108.4
2024-01-09 20:39:00,VIN-B1753,43.1,77.2,"10.0452,105.7469",106.4
2024-01-09 20:42:00,VIN-B1754,82.3,37.3,"10.8231,106.6297",84.5
2024-01-09 20:45:00,VIN-B1755,8.5,10.6,"10.9460,108.4419",92.8
2024-01-09 20:48:00,VIN-B1756,69.3,66.2,"20.8449,106.6881",92.8
2024-01-09 20:51:00,VIN-B1757,113.1,91.3,"10.8231,106.6297",72.9
2024-01-09 20:54:00,VIN-B1758,46.4,46.7,"12.2388,109.1967",71.8
2024-01-09 20:57:00,VIN-B1759,83.5,28.0,"10.9460,108.4419",90.0
2024-01-09 21:00:00,VIN-B1760,83.3,16.9,"10.0452,105.7469",96.5
2024-01-09 21:03:00,VIN-B1761,68.4,32.5,"11.9404,108.4583",104.5
2024-01-09 21:06:00,VIN-B1762,2.5,42.3,"10.9460,108.4419",85.1
2024-01-09 21:09:00,VIN-B1763,101.8,19.9,"11.9404,108.4583",70.3
2024-01-09 21:12:00,VIN-B1764,19.3,38.1,"10.8231,106.6297",72.9
2024-01-09 21:15:00,VIN-B1765,25.5,41.1,"12.2388,109.1967",75.2
2024-01-09 21:18:00,VIN-B1766,46.9,32.2,"10.9460,108.4419",91.5
2024-01-09 21:21:00,VIN-B1767,22.1,10.8,"16.0544,108.2022",96.5
2024-01-09 21:24:00,VIN-B1768,68.7,79.0,"10.0452,105.7469",101.6
2024-01-09 21:27:00,VIN-B1769,36.9,86.3,"21.0285,105.8542",70.6
2024-01-09 21:30:00,VIN-B1770,94.5,59.3,"20.8449,106.6881",103.6
2024-01-09 21:33:00,VIN-B1771,5.6,28.2,"20.8449,106.6881",90.4
2024-01-09 21:36:00,VIN-B1772,29.2,19.4,"21.0285,105.8542",73.5
2024-01-09 21:39:00,VIN-B1773,47.1,25.9,"16.0544,108.2022",94.7
2024-01-09 21:42:00,VIN-B1774,0.8,90.2,"11.9404,108.4583",108.3
2024-01-09 21:45:00,VIN-B1775,110.8,48.4,"10.9460,108.4419",82.9
2024-01-09 21:48:00,VIN-B1776,67.9,22.7,"16.0544,108.2022",93.7
2024-01-09 21:51:00,VIN-B1777,71.2,45.2,"16.0544,108.2022",85.8
2024-01-09 21:54:00,VIN-B1778,27.7,85.1,"20.8449,106.6881",96.8
2024-01-09 21:57:00,VIN-B1779,105.9,80.7,"16.0544,108.2022",88.3
2024-01-09 22:00:00,VIN-B1780,42.4,22.7,"12.2388,109.1967",88.5
2024-01-09 22:03:00,VIN-B1781,55.6,7.3,"16.0544,108.2022",70.0
2024-01-09 22:06:00,VIN-B1782,53.4,13.6,"11.9404,108.4583",103.7
2024-01-09 22:09:00,VIN-B1783,27.1,76.4,"10.8231,106.6297",77.2
2024-01-09 22:12:00,VIN-B1784,51.8,96.0,"21.0285,105.8542",95.9
2024-01-09 22:15:00,VIN-B1785,73.0,67.7,"21.0285,105.8542",84.1
2024-01-09 22:18:00,VIN-B1786,109.2,79.6,"10.9460,108.4419",98.9
2024-01-09 22:21:00,VIN-B1787,82.4,58.7,"20.8449,106.6881",74.3
2024-01-09 22:24:00,VIN-B1788,13.4,46.5,"11.9404,108.4583",83.3
2024-01-09 22:27:00,VIN-B1789,66.1,74.4,"11.9404,108.4583",92.8
2024-01-09 22:30:00,VIN-B1790,55.7,97.4,"16.0544,108.2022",98.2
2024-01-09 22:33:00,VIN-B1791,11.3,57.8,"10.8231,106.6297",98.4
2024-01-09 22:36:00,VIN-B1792,90.0,78.4,"10.0452,105.7469",89.2
2024-01-09 22:39:00,VIN-B1793,91.9,71.4,"10.0452,105.7469",72.7
2024-01-09 22:42:00,VIN-B1794,117.5,62.8,"16.0544,108.2022",90.3
2024-01-09 22:45:00,VIN-B1795,69.8,90.4,"12.2388,109.1967",83.3
2024-01-09 22:48:00,VIN-B1796,105.8,87.3,"21.0285,105.8542",109.8
2024-01-09 22:51:00,VIN-B1797,16.6,73.6,"10.9460,108.4419",76.5
2024-01-09 22:54:00,VIN-B1798,6.5,57.4,"12.2388,109.1967",91.5
2024-01-09 22:57:00,VIN-B1799,75.0,84.7,"10.0452,105.7469",75.4
2024-01-09 23:00:00,VIN-B1800,113.5,10.6,"21.0285,105.8542",81.1
2024-01-09 23:03:00,VIN-B1801,58.5,31.5,"10.0452,105.7469",99.2
2024-01-09 23:06:00,VIN-B1802,110.9,86.7,"21.0285,105.8542",72.6
2024-01-09 23:09:00,VIN-B1803,116.9,95.9,"10.0452,105.7469",98.0
2024-01-09 23:12:00,VIN-B1804,80.8,74.9,"10.8231,106.6297",75.1
2024-01-09 23:15:00,VIN-B1805,76.1,98.0,"12.2388,109.1967",107.5
2024-01-09 23:18:00,VIN-B1806,83.5,25.8,"16.0544,108.2022",75.2
2024-01-09 23:21:00,VIN-B1807,52.7,39.1,"16.0544,108.2022",97.8
2024-01-09 23:24:00,VIN-B1808,12.4,40.4,"10.0452,105.7469",71.7
2024-01-09 23:27:00,VIN-B1809,93.2,17.4,"21.0285,105.8542",86.7
2024-01-09 23:30:00,VIN-B1810,106.4,43.7,"20.8449,106.6881",77.9
2024-01-09 23:33:00,VIN-B1811,81.9,83.4,"11.9404,108.4583",98.6
2024-01-09 23:36:00,VIN-B1812,71.4,93.8,"10.9460,108.4419",88.3
2024-01-09 23:39:00,VIN-B1813,42.7,90.8,"21.0285,105.8542",94.4
2024-01-09 23:42:00,VIN-B1814,26.9,78.0,"10.8231,106.6297",96.1
2024-01-09 23:45:00,VIN-B1815,118.9,13.5,"21.0285,105.8542",88.8
2024-01-09 23:48:00,VIN-B1816,45.4,62.8,"16.0544,108.2022",93.3
2024-01-09 23:51:00,VIN-B1817,114.7,25.7,"10.8231,106.6297",80.5
2024-01-09 23:54:00,VIN-B1818,101.1,75.5,"12.2388,109.1967",72.7
2024-01-09 23:57:00,VIN-B1819,46.5,20.4,"21.0285,105.8542",102.1
2024-01-10 00:00:00,VIN-B1820,24.4,16.3,"10.9460,108.4419",70.6
2024-01-10 00:03:00,VIN-B1821,6.7,43.6,"11.9404,108.4583",108.8
2024-01-10 00:06:00,VIN-B1822,50.1,97.1,"20.8449,106.6881",88.4
2024-01-10 00:09:00,VIN-B1823,90.4,89.6,"20.8449,106.6881",79.4
2024-01-10 00:12:00,VIN-B1824,47.3,19.5,"20.8449,106.6881",84.5
2024-01-10 00:15:00,VIN-B1825,7.3,60.2,"12.2388,109.1967",82.0
2024-01-10 00:18:00,VIN-B1826,4.3,96.7,"20.8449,106.6881",109.2
2024-01-10 00:21:00,VIN-B1827,82.2,62.4,"10.0452,105.7469",98.7
2024-01-10 00:24:00,VIN-B1828,68.1,37.7,"12.2388,109.1967",95.9
2024-01-10 00:27:00,VIN-B1829,45.2,48.1,"16.0544,108.2022",103.9
2024-01-10 00:30:00,VIN-B1830,46.2,46.2,"21.0285,105.8542",73.5
2024-01-10 00:33:00,VIN-B1831,116.2,29.3,"20.8449,106.6881",96.6
2024-01-10 00:36:00,VIN-B1832,110.4,75.2,"11.9404,108.4583",80.7
2024-01-10 00:39:00,VIN-B1833,18.2,69.5,"10.8231,106.6297",91.4
2024-01-10 00:42:00,VIN-B1834,59.2,98.7,"21.0285,105.8542",99.6
2024-01-10 00:45:00,VIN-B1835,111.6,19.0,"10.0452,105.7469",99.0
2024-01-10 00:48:00,VIN-B1836,108.9,72.6,"20.8449,106.6881",80.5
2024-01-10 00:51:00,VIN-B1837,24.1,37.2,"10.0452,105.7469",105.5
2024-01-10 00:54:00,VIN-B1838,86.4,96.4,"12.2388,109.1967",107.9
2024-01-10 00:57:00,VIN-B1839,116.9,22.7,"11.9404,108.4583",96.7
2024-01-10 01:00:00,VIN-B1840,43.8,27.4,"10.0452,105.7469",80.4
2024-01-10 01:03:00,VIN-B1841,24.3,82.4,"10.0452,105.7469",73.1
2024-01-10 01:06:00,VIN-B1842,84.8,39.8,"10.9460,108.4419",86.2
2024-01-10 01:09:00,VIN-B1843,44.9,73.3,"11.9404,108.4583",104.5
2024-01-10 01:12:00,VIN-B1844,93.4,42.1,"12.2388,109.1967",90.0
2024-01-10 01:15:00,VIN-B1845,95.5,43.1,"12.2388,109.1967",98.9
2024-01-10 01:18:00,VIN-B1846,113.1,92.0,"11.9404,108.4583",107.9
2024-01-10 01:21:00,VIN-B1847,43.3,27.8,"11.9404,108.4583",92.6
2024-01-10 01:24:00,VIN-B1848,118.9,30.7,"20.8449,106.6881",107.2
2024-01-10 01:27:00,VIN-B1849,71.4,52.8,"21.0285,105.8542",87.2
2024-01-10 01:30:00,VIN-B1850,108.7,17.0,"16.0544,108.2022",83.7
2024-01-10 01:33:00,VIN-B1851,44.4,55.9,"10.8231,106.6297",92.9
2024-01-10 01:36:00,VIN-B1852,111.0,94.0,"12.2388,109.1967",90.3
2024-01-10 01:39:00,VIN-B1853,97.8,22.6,"20.8449,106.6881",93.8
2024-01-10 01:42:00,VIN-B1854,38.8,94.3,"20.8449,106.6881",85.9
2024-01-10 01:45:00,VIN-B1855,101.3,22.3,"10.0452,105.7469",70.5
2024-01-10 01:48:00,VIN-B1856,104.4,31.2,"10.0452,105.7469",84.7
2024-01-10 01:51:00,VIN-B1857,86.1,98.8,"12.2388,109.1967",77.3
2024-01-10 01:54:00,VIN-B1858,14.7,82.3,"10.8231,106.6297",109.9
2024-01-10 01:57:00,VIN-B1859,114.4,66.8,"10.0452,105.7469",79.9
2024-01-10 02:00:00,VIN-B1860,107.7,94.4,"21.0285,105.8542",82.0
2024-01-10 02:03:00,VIN-B1861,38.0,34.3,"10.8231,106.6297",88.1
2024-01-10 02:06:00,VIN-B1862,49.5,67.5,"10.9460,108.4419",79.0
2024-01-10 02:09:00,VIN-B1863,115.3,69.7,"10.8231,106.6297",71.2
2024-01-10 02:12:00,VIN-B1864,77.5,74.4,"10.9460,108.4419",107.6
2024-01-10 02:15:00,VIN-B1865,98.6,92.4,"16.0544,108.2022",107.3
2024-01-10 02:18:00,VIN-B1866,9.5,74.3,"10.9460,108.4419",73.7
2024-01-10 02:21:00,VIN-B1867,111.9,31.7,"16.0544,108.2022",78.4
2024-01-10 02:24:00,VIN-B1868,97.9,67.5,"16.0544,108.2022",87.3
2024-01-10 02:27:00,VIN-B1869,108.7,80.8,"12.2388,109.1967",80.7
2024-01-10 02:30:00,VIN-B1870,81.6,89.6,"10.9460,108.4419",71.9
2024-01-10 02:33:00,VIN-B1871,59.7,66.1,"16.0544,108.2022",104.8
2024-01-10 02:36:00,VIN-B1872,112.1,69.3,"20.8449,106.6881",101.9
2024-01-10 02:39:00,VIN-B1873,105.0,82.9,"10.0452,105.7469",106.2
2024-01-10 02:42:00,VIN-B1874,55.5,17.5,"20.8449,106.6881",86.0
2024-01-10 02:45:00,VIN-B1875,38.9,22.9,"10.9460,108.4419",70.1
2024-01-10 02:48:00,VIN-B1876,33.4,10.9,"10.8231,106.6297",107.0
2024-01-10 02:51:00,VIN-B1877,75.5,38.9,"16.0544,108.2022",102.5
2024-01-10 02:54:00,VIN-B1878,111.9,11.0,"11.9404,108.4583",83.0
2024-01-10 02:57:00,VIN-B1879,62.3,98.5,"10.8231,106.6297",71.0
2024-01-10 03:00:00,VIN-B1880,18.2,86.4,"16.0544,108.2022",99.2
2024-01-10 03:03:00,VIN-B1881,7.9,22.7,"10.9460,108.4419",96.5
2024-01-10 03:06:00,VIN-B1882,113.4,16.4,"10.8231,106.6297",94.2
2024-01-10 03:09:00,VIN-B1883,27.2,59.5,"21.0285,105.8542",100.8
2024-01-10 03:12:00,VIN-B1884,26.1,42.8,"21.0285,105.8542",89.8
2024-01-10 03:15:00,VIN-B1885,19.7,8.3,"21.0285,105.8542",77.9
2024-01-10 03:18:00,VIN-B1886,74.7,38.4,"16.0544,108.2022",90.7
2024-01-10 03:21:00,VIN-B1887,46.9,91.1,"10.8231,106.6297",94.0
2024-01-10 03:24:00,VIN-B1888,22.4,74.0,"10.9460,108.4419",101.4
2024-01-10 03:27:00,VIN-B1889,41.3,73.3,"11.9404,108.4583",103.1
2024-01-10 03:30:00,VIN-B1890,103.2,69.9,"10.0452,105.7469",75.9
2024-01-10 03:33:00,VIN-B1891,18.1,70.9,"10.9460,108.4419",79.1
2024-01-10 03:36:00,VIN-B1892,73.9,89.9,"16.0544,108.2022",70.1
2024-01-10 03:39:00,VIN-B1893,43.6,50.0,"10.0452,105.7469",101.3
2024-01-10 03:42:00,VIN-B1894,27.1,26.5,"20.8449,106.6881",73.5
2024-01-10 03:45:00,VIN-B1895,42.0,8.3,"20.8449,106.6881",73.7
2024-01-10 03:48:00,VIN-B1896,5.9,97.7,"10.8231,106.6297",90.5
2024-01-10 03:51:00,VIN-B1897,46.7,52.3,"21.0285,105.8542",100.6
2024-01-10 03:54:00,VIN-B1898,96.8,83.8,"10.0452,105.7469",85.2
2024-01-10 03:57:00,VIN-B1899,11.8,51.7,"16.0544,108.2022",85.9
2024-01-10 04:00:00,VIN-B1900,42.5,85.3,"10.0452,105.7469",105.7
2024-01-10 04:03:00,VIN-B1901,67.0,58.2,"16.0544,108.2022",98.2
2024-01-10 04:06:00,VIN-B1902,115.6,51.8,"20.8449,106.6881",106.9
2024-01-10 04:09:00,VIN-B1903,91.4,55.7,"12.2388,109.1967",101.2
2024-01-10 04:12:00,VIN-B1904,57.4,35.8,"12.2388,109.1967",75.2
2024-01-10 04:15:00,VIN-B1905,25.2,97.1,"10.0452,105.7469",109.3
2024-01-10 04:18:00,VIN-B1906,117.9,18.5,"16.0544,108.2022",106.8
2024-01-10 04:21:00,VIN-B1907,61.0,65.3,"12.2388,109.1967",80.2
2024-01-10 04:24:00,VIN-B1908,18.5,58.2,"16.0544,108.2022",98.7
2024-01-10 04:27:00,VIN-B1909,79.8,70.1,"16.0544,108.2022",77.1
2024-01-10 04:30:00,VIN-B1910,115.0,43.5,"20.8449,106.6881",77.3
2024-01-10 04:33:00,VIN-B1911,106.6,99.3,"11.9404,108.4583",78.4
2024-01-10 04:36:00,VIN-B1912,78.7,90.5,"10.0452,105.7469",103.3
2024-01-10 04:39:00,VIN-B1913,76.3,73.6,"10.0452,105.7469",72.7
2024-01-10 04:42:00,VIN-B1914,77.7,55.5,"12.2388,109.1967",85.9
2024-01-10 04:45:00,VIN-B1915,95.2,31.2,"10.0452,105.7469",70.3
2024-01-10 04:48:00,VIN-B1916,80.3,26.8,"12.2388,109.1967",100.9
2024-01-10 04:51:00,VIN-B1917,78.4,35.8,"10.8231,106.6297",105.5
2024-01-10 04:54:00,VIN-B1918,8.6,78.6,"16.0544,108.2022",86.1
2024-01-10 04:57:00,VIN-B1919,6.9,79.5,"20.8449,106.6881",79.2
2024-01-10 05:00:00,VIN-B1920,99.4,50.0,"11.9404,108.4583",85.4
2024-01-10 05:03:00,VIN-B1921,37.7,31.3,"10.9460,108.4419",71.8
2024-01-10 05:06:00,VIN-B1922,38.2,59.0,"16.0544,108.2022",107.5
2024-01-10 05:09:00,VIN-B1923,79.2,40.0,"20.8449,106.6881",109.1
2024-01-10 05:12:00,VIN-B1924,32.1,12.4,"11.9404,108.4583",83.2
2024-01-10 05:15:00,VIN-B1925,32.6,59.1,"21.0285,105.8542",93.0
2024-01-10 05:18:00,VIN-B1926,45.1,98.6,"11.9404,108.4583",88.0
2024-01-10 05:21:00,VIN-B1927,59.6,81.5,"10.8231,106.6297",89.1
2024-01-10 05:24:00,VIN-B1928,0.1,18.0,"12.2388,109.1967",76.7
2024-01-10 05:27:00,VIN-B1929,117.2,68.3,"21.0285,105.8542",94.9
2024-01-10 05:30:00,VIN-B1930,78.2,14.1,"21.0285,105.8542",76.0
2024-01-10 05:33:00,VIN-B1931,8.8,24.2,"10.0452,105.7469",100.1
2024-01-10 05:36:00,VIN-B1932,51.6,94.9,"20.8449,106.6881",88.5
2024-01-10 05:39:00,VIN-B1933,68.0,48.1,"10.8231,106.6297",92.7
2024-01-10 05:42:00,VIN-B1934,62.8,25.5,"16.0544,108.2022",87.1
2024-01-10 05:45:00,VIN-B1935,107.2,27.0,"16.0544,108.2022",75.3
2024-01-10 05:48:00,VIN-B1936,78.2,69.1,"10.8231,106.6297",88.4
2024-01-10 05:51:00,VIN-B1937,40.7,59.8,"10.9460,108.4419",95.9
2024-01-10 05:54:00,VIN-B1938,50.4,27.5,"10.0452,105.7469",107.6
2024-01-10 05:57:00,VIN-B1939,82.2,90.5,"12.2388,109.1967",78.1
2024-01-10 06:00:00,VIN-B1940,72.3,64.8,"20.8449,106.6881",83.2
2024-01-10 06:03:00,VIN-B1941,22.6,95.6,"11.9404,108.4583",77.3
2024-01-10 06:06:00,VIN-B1942,15.0,9.3,"21.0285,105.8542",93.4
2024-01-10 06:09:00,VIN-B1943,42.2,7.2,"11.9404,108.4583",89.5
2024-01-10 06:12:00,VIN-B1944,45.4,99.4,"10.9460,108.4419",102.0
2024-01-10 06:15:00,VIN-B1945,34.1,5.7,"10.8231,106.6297",70.0
2024-01-10 06:18:00,VIN-B1946,50.5,58.3,"20.8449,106.6881",82.2
2024-01-10 06:21:00,VIN-B1947,65.4,77.4,"10.9460,108.4419",86.0
2024-01-10 06:24:00,VIN-B1948,68.7,61.3,"12.2388,109.1967",105.4
2024-01-10 06:27:00,VIN-B1949,10.7,82.5,"20.8449,106.6881",105.6
2024-01-10 06:30:00,VIN-B1950,51.2,99.1,"12.2388,109.1967",104.3
2024-01-10 06:33:00,VIN-B1951,4.0,43.6,"11.9404,108.4583",82.6
2024-01-10 06:36:00,VIN-B1952,26.5,23.9,"20.8449,106.6881",109.0
2024-01-10 06:39:00,VIN-B1953,67.8,63.6,"10.9460,108.4419",87.7
2024-01-10 06:42:00,VIN-B1954,13.2,65.3,"11.9404,108.4583",75.5
2024-01-10 06:45:00,VIN-B1955,83.5,26.2,"10.0452,105.7469",72.0
2024-01-10 06:48:00,VIN-B1956,44.5,49.3,"10.8231,106.6297",77.2
2024-01-10 06:51:00,VIN-B1957,42.0,20.3,"16.0544,108.2022",88.5
2024-01-10 06:54:00,VIN-B1958,80.9,45.5,"10.0452,105.7469",109.5
2024-01-10 06:57:00,VIN-B1959,102.4,63.3,"11.9404,108.4583",94.5
2024-01-10 07:00:00,VIN-B1960,41.8,31.8,"20.8449,106.6881",79.9
2024-01-10 07:03:00,VIN-B1961,116.7,76.6,"12.2388,109.1967",99.8
2024-01-10 07:06:00,VIN-B1962,36.9,29.5,"21.0285,105.8542",101.7
2024-01-10 07:09:00,VIN-B1963,36.6,16.5,"10.0452,105.7469",100.1
2024-01-10 07:12:00,VIN-B1964,29.1,72.0,"12.2388,109.1967",81.0
2024-01-10 07:15:00,VIN-B1965,54.1,26.5,"12.2388,109.1967",105.1
2024-01-10 07:18:00,VIN-B1966,31.7,55.0,"16.0544,108.2022",75.8
2024-01-10 07:21:00,VIN-B1967,5.7,36.2,"20.8449,106.6881",75.1
2024-01-10 07:24:00,VIN-B1968,86.8,73.7,"10.0452,105.7469",109.5
2024-01-10 07:27:00,VIN-B1969,80.3,55.7,"12.2388,109.1967",74.0
2024-01-10 07:30:00,VIN-B1970,18.9,96.9,"10.9460,108.4419",75.2
2024-01-10 07:33:00,VIN-B1971,83.0,15.9,"10.9460,108.4419",100.5
2024-01-10 07:36:00,VIN-B1972,57.5,33.6,"11.9404,108.4583",77.7
2024-01-10 07:39:00,VIN-B1973,75.6,79.5,"11.9404,108.4583",83.5
2024-01-10 07:42:00,VIN-B1974,96.0,17.5,"16.0544,108.2022",71.5
2024-01-10 07:45:00,VIN-B1975,1.2,33.7,"20.8449,106.6881",103.9
2024-01-10 07:48:00,VIN-B1976,45.8,11.1,"10.0452,105.7469",92.7
2024-01-10 07:51:00,VIN-B1977,98.8,18.4,"11.9404,108.4583",74.3
2024-01-10 07:54:00,VIN-B1978,93.5,24.4,"10.9460,108.4419",83.3
2024-01-10 07:57:00,VIN-B1979,47.2,38.8,"20.8449,106.6881",77.6
2024-01-10 08:00:00,VIN-B1980,69.9,64.7,"10.9460,108.4419",108.6
2024-01-10 08:03:00,VIN-B1981,66.6,45.9,"21.0285,105.8542",106.9
2024-01-10 08:06:00,VIN-B1982,73.1,94.7,"12.2388,109.1967",98.2
2024-01-10 08:09:00,VIN-B1983,66.3,23.0,"11.9404,108.4583",85.9
2024-01-10 08:12:00,VIN-B1984,26.6,11.9,"11.9404,108.4583",71.9
2024-01-10 08:15:00,VIN-B1985,24.6,89.6,"10.0452,105.7469",103.2
2024-01-10 08:18:00,VIN-B1986,18.9,68.7,"16.0544,108.2022",71.3
2024-01-10 08:21:00,VIN-B1987,29.8,34.5,"12.2388,109.1967",77.3
2024-01-10 08:24:00,VIN-B1988,48.8,67.3,"10.8231,106.6297",82.1
2024-01-10 08:27:00,VIN-B1989,79.6,72.8,"20.8449,106.6881",90.2
2024-01-10 08:30:00,VIN-B1990,83.2,81.1,"20.8449,106.6881",101.3
2024-01-10 08:33:00,VIN-B1991,64.8,7.7,"11.9404,108.4583",98.4
2024-01-10 08:36:00,VIN-B1992,107.7,59.1,"12.2388,109.1967",85.3
2024-01-10 08:39:00,VIN-B1993,69.9,9.8,"21.0285,105.8542",95.9
2024-01-10 08:42:00,VIN-B1994,116.7,46.6,"12.2388,109.1967",72.6
2024-01-10 08:45:00,VIN-B1995,31.6,99.4,"12.2388,109.1967",78.3
2024-01-10 08:48:00,VIN-B1996,38.2,19.7,"11.9404,108.4583",107.9
2024-01-10 08:51:00,VIN-B1997,19.6,82.4,"12.2388,109.1967",86.9
2024-01-10 08:54:00,VIN-B1998,40.6,47.6,"11.9404,108.4583",99.2
2024-01-10 08:57:00,VIN-B1999,90.5,77.1,"10.0452,105.7469",78.0
2024-01-10 09:00:00,VIN-B2000,62.4,19.6,"10.0452,105.7469",70.4
2024-01-10 09:03:00,VIN-B2001,1.9,36.4,"21.0285,105.8542",78.6
2024-01-10 09:06:00,VIN-B2002,105.3,26.8,"10.0452,105.7469",77.9
2024-01-10 09:09:00,VIN-B2003,49.0,46.9,"21.0285,105.8542",96.8
2024-01-10 09:12:00,VIN-B2004,51.3,48.3,"10.8231,106.6297",87.5
2024-01-10 09:15:00,VIN-B2005,51.2,78.7,"11.9404,108.4583",100.0
2024-01-10 09:18:00,VIN-B2006,37.8,90.4,"10.8231,106.6297",76.9
2024-01-10 09:21:00,VIN-B2007,77.0,25.0,"21.0285,105.8542",107.7
2024-01-10 09:24:00,VIN-B2008,20.8,26.9,"12.2388,109.1967",102.6
2024-01-10 09:27:00,VIN-B2009,20.5,7.8,"12.2388,109.1967",98.7
2024-01-10 09:30:00,VIN-B2010,114.1,17.5,"16.0544,108.2022",91.6
2024-01-10 09:33:00,VIN-B2011,55.0,94.9,"10.8231,106.6297",73.6
2024-01-10 09:36:00,VIN-B2012,86.1,96.0,"16.0544,108.2022",81.7
2024-01-10 09:39:00,VIN-B2013,105.7,10.6,"20.8449,106.6881",106.7
2024-01-10 09:42:00,VIN-B2014,31.1,88.9,"10.9460,108.4419",99.2
2024-01-10 09:45:00,VIN-B2015,115.0,84.0,"10.9460,108.4419",95.7
2024-01-10 09:48:00,VIN-B2016,82.9,35.5,"12.2388,109.1967",86.6
2024-01-10 09:51:00,VIN-B2017,74.7,84.1,"16.0544,108.2022",107.0
2024-01-10 09:54:00,VIN-B2018,6.0,39.2,"10.0452,105.7469",91.5
2024-01-10 09:57:00,VIN-B2019,110.5,19.6,"10.9460,108.4419",95.2
2024-01-10 10:00:00,VIN-B2020,40.7,87.9,"21.0285,105.8542",77.2
2024-01-10 10:03:00,VIN-B2021,38.0,8.8,"11.9404,108.4583",85.4
2024-01-10 10:06:00,VIN-B2022,91.0,31.8,"12.2388,109.1967",106.6
2024-01-10 10:09:00,VIN-B2023,87.0,19.0,"10.0452,105.7469",89.4
2024-01-10 10:12:00,VIN-B2024,75.3,47.9,"21.0285,105.8542",101.8
2024-01-10 10:15:00,VIN-B2025,12.0,13.0,"10.8231,106.6297",74.8
2024-01-10 10:18:00,VIN-B2026,54.9,53.8,"10.0452,105.7469",97.9
2024-01-10 10:21:00,VIN-B2027,117.9,57.5,"10.8231,106.6297",96.8
2024-01-10 10:24:00,VIN-B2028,106.9,90.4,"10.9460,108.4419",104.2
2024-01-10 10:27:00,VIN-B2029,103.6,51.0,"10.8231,106.6297",101.9
2024-01-10 10:30:00,VIN-B2030,111.9,61.8,"11.9404,108.4583",74.1
2024-01-10 10:33:00,VIN-B2031,116.6,63.6,"11.9404,108.4583",77.1
2024-01-10 10:36:00,VIN-B2032,38.2,89.1,"21.0285,105.8542",89.8
2024-01-10 10:39:00,VIN-B2033,20.7,18.5,"10.9460,108.4419",107.8
2024-01-10 10:42:00,VIN-B2034,89.8,28.7,"10.9460,108.4419",77.3
2024-01-10 10:45:00,VIN-B2035,2.6,86.4,"16.0544,108.2022",75.8
2024-01-10 10:48:00,VIN-B2036,45.1,40.8,"11.9404,108.4583",97.4
2024-01-10 10:51:00,VIN-B2037,31.3,88.5,"20.8449,106.6881",104.0
2024-01-10 10:54:00,VIN-B2038,23.1,23.6,"10.8231,106.6297",97.7
2024-01-10 10:57:00,VIN-B2039,98.0,24.2,"12.2388,109.1967",81.8
2024-01-10 11:00:00,VIN-B2040,53.1,91.0,"10.8231,106.6297",82.2
2024-01-10 11:03:00,VIN-B2041,100.9,52.4,"11.9404,108.4583",70.5
2024-01-10 11:06:00,VIN-B2042,55.8,81.4,"10.8231,106.6297",104.4
2024-01-10 11:09:00,VIN-B2043,73.7,40.9,"11.9404,108.4583",72.9
2024-01-10 11:12:00,VIN-B2044,91.9,34.8,"10.9460,108.4419",89.9
2024-01-10 11:15:00,VIN-B2045,74.9,90.9,"20.8449,106.6881",87.1
2024-01-10 11:18:00,VIN-B2046,79.0,20.2,"11.9404,108.4583",86.6
2024-01-10 11:21:00,VIN-B2047,32.2,48.0,"10.9460,108.4419",89.0
2024-01-10 11:24:00,VIN-B2048,95.4,20.2,"11.9404,108.4583",92.7
2024-01-10 11:27:00,VIN-B2049,2.1,12.7,"20.8449,106.6881",84.0
2024-01-10 11:30:00,VIN-B2050,10.0,81.9,"16.0544,108.2022",71.1
2024-01-10 11:33:00,VIN-B2051,44.3,73.9,"16.0544,108.2022",76.0
2024-01-10 11:36:00,VIN-B2052,34.3,11.8,"20.8449,106.6881",78.7
2024-01-10 11:39:00,VIN-B2053,18.2,35.2,"20.8449,106.6881",79.3
2024-01-10 11:42:00,VIN-B2054,29.3,68.5,"16.0544,108.2022",95.8
2024-01-10 11:45:00,VIN-B2055,20.7,64.1,"12.2388,109.1967",96.6
2024-01-10 11:48:00,VIN-B2056,114.5,9.1,"20.8449,106.6881",73.0
2024-01-10 11:51:00,VIN-B2057,79.6,64.2,"10.8231,106.6297",95.9
2024-01-10 11:54:00,VIN-B2058,66.1,14.2,"10.0452,105.7469",99.0
2024-01-10 11:57:00,VIN-B2059,26.8,56.1,"10.8231,106.6297",71.7
2024-01-10 12:00:00,VIN-B2060,68.9,85.9,"10.0452,105.7469",98.2
2024-01-10 12:03:00,VIN-B2061,18.8,82.8,"21.0285,105.8542",77.1
2024-01-10 12:06:00,VIN-B2062,18.2,95.2,"16.0544,108.2022",101.3
2024-01-10 12:09:00,VIN-B2063,44.7,33.1,"21.0285,105.8542",98.4
2024-01-10 12:12:00,VIN-B2064,64.6,87.6,"20.8449,106.6881",91.4
2024-01-10 12:15:00,VIN-B2065,119.0,33.3,"10.8231,106.6297",74.2
2024-01-10 12:18:00,VIN-B2066,69.9,55.4,"12.2388,109.1967",92.3
2024-01-10 12:21:00,VIN-B2067,7.0,34.4,"12.2388,109.1967",100.0
2024-01-10 12:24:00,VIN-B2068,100.5,69.0,"10.8231,106.6297",101.8
2024-01-10 12:27:00,VIN-B2069,21.3,93.2,"10.9460,108.4419",87.7
2024-01-10 12:30:00,VIN-B2070,62.9,28.2,"11.9404,108.4583",90.8
2024-01-10 12:33:00,VIN-B2071,93.1,96.2,"20.8449,106.6881",81.3
2024-01-10 12:36:00,VIN-B2072,104.4,76.1,"21.0285,105.8542",93.8
2024-01-10 12:39:00,VIN-B2073,86.9,25.7,"16.0544,108.2022",74.5
2024-01-10 12:42:00,VIN-B2074,16.9,93.4,"16.0544,108.2022",77.2
2024-01-10 12:45:00,VIN-B2075,23.2,6.6,"21.0285,105.8542",71.8
2024-01-10 12:48:00,VIN-B2076,19.6,29.0,"10.0452,105.7469",101.8
2024-01-10 12:51:00,VIN-B2077,13.5,74.6,"21.0285,105.8542",73.6
2024-01-10 12:54:00,VIN-B2078,103.5,47.4,"20.8449,106.6881",93.5
2024-01-10 12:57:00,VIN-B2079,71.3,63.2,"21.0285,105.8542",96.1
2024-01-10 13:00:00,VIN-B2080,61.6,23.9,"10.8231,106.6297",72.3
2024-01-10 13:03:00,VIN-B2081,105.0,45.1,"10.8231,106.6297",99.5
2024-01-10 13:06:00,VIN-B2082,89.4,72.1,"10.8231,106.6297",70.2
2024-01-10 13:09:00,VIN-B2083,112.3,76.1,"11.9404,108.4583",77.7
2024-01-10 13:12:00,VIN-B2084,47.5,87.9,"10.8231,106.6297",82.9
2024-01-10 13:15:00,VIN-B2085,5.6,81.9,"12.2388,109.1967",79.8
2024-01-10 13:18:00,VIN-B2086,63.5,27.3,"10.8231,106.6297",107.4
2024-01-10 13:21:00,VIN-B2087,66.4,20.4,"20.8449,106.6881",103.7
2024-01-10 13:24:00,VIN-B2088,73.9,67.7,"10.8231,106.6297",72.4
2024-01-10 13:27:00,VIN-B2089,47.8,71.3,"16.0544,108.2022",102.9
2024-01-10 13:30:00,VIN-B2090,90.8,93.7,"10.0452,105.7469",77.1
2024-01-10 13:33:00,VIN-B2091,66.7,89.5,"20.8449,106.6881",96.9
2024-01-10 13:36:00,VIN-B2092,105.9,24.4,"10.9460,108.4419",86.3
2024-01-10 13:39:00,VIN-B2093,89.6,53.0,"21.0285,105.8542",105.3
2024-01-10 13:42:00,VIN-B2094,115.6,91.7,"20.8449,106.6881",77.1
2024-01-10 13:45:00,VIN-B2095,54.6,28.5,"12.2388,109.1967",108.6
2024-01-10 13:48:00,VIN-B2096,13.0,97.4,"10.0452,105.7469",76.2
2024-01-10 13:51:00,VIN-B2097,60.7,19.9,"10.0452,105.7469",98.7
2024-01-10 13:54:00,VIN-B2098,18.3,68.9,"10.0452,105.7469",84.0
2024-01-10 13:57:00,VIN-B2099,22.4,75.0,"21.0285,105.8542",91.1
2024-01-10 14:00:00,VIN-B2100,39.0,94.1,"10.8231,106.6297",86.2
2024-01-10 14:03:00,VIN-B2101,107.5,51.8,"21.0285,105.8542",96.0
2024-01-10 14:06:00,VIN-B2102,50.7,64.8,"11.9404,108.4583",103.0
2024-01-10 14:09:00,VIN-B2103,20.0,65.3,"21.0285,105.8542",104.3
2024-01-10 14:12:00,VIN-B2104,97.6,28.5,"21.0285,105.8542",94.8
2024-01-10 14:15:00,VIN-B2105,56.1,47.2,"20.8449,106.6881",74.7
2024-01-10 14:18:00,VIN-B2106,110.2,71.0,"11.9404,108.4583",108.8
2024-01-10 14:21:00,VIN-B2107,50.3,86.1,"10.0452,105.7469",91.6
2024-01-10 14:24:00,VIN-B2108,35.9,67.8,"16.0544,108.2022",99.4
2024-01-10 14:27:00,VIN-B2109,2.0,73.0,"16.0544,108.2022",98.1
2024-01-10 14:30:00,VIN-B2110,45.2,71.1,"20.8449,106.6881",91.4
2024-01-10 14:33:00,VIN-B2111,91.6,63.1,"11.9404,108.4583",93.0
2024-01-10 14:36:00,VIN-B2112,11.3,35.7,"10.0452,105.7469",82.3
2024-01-10 14:39:00,VIN-B2113,60.9,58.7,"16.0544,108.2022",83.7
2024-01-10 14:42:00,VIN-B2114,26.8,30.9,"20.8449,106.6881",95.1
2024-01-10 14:45:00,VIN-B2115,1.1,47.2,"12.2388,109.1967",105.5
2024-01-10 14:48:00,VIN-B2116,69.5,62.7,"10.9460,108.4419",80.7
2024-01-10 14:51:00,VIN-B2117,57.0,77.7,"20.8449,106.6881",86.9
2024-01-10 14:54:00,VIN-B2118,118.6,33.9,"10.9460,108.4419",93.0
2024-01-10 14:57:00,VIN-B2119,47.6,7.1,"10.8231,106.6297",92.1
2024-01-10 15:00:00,VIN-B2120,71.4,34.2,"10.9460,108.4419",80.2
2024-01-10 15:03:00,VIN-B2121,42.2,63.7,"12.2388,109.1967",86.2
2024-01-10 15:06:00,VIN-B2122,9.0,53.4,"12.2388,109.1967",74.5
2024-01-10 15:09:00,VIN-B2123,55.4,32.5,"10.9460,108.4419",90.8
2024-01-10 15:12:00,VIN-B2124,75.6,24.6,"21.0285,105.8542",109.9
2024-01-10 15:15:00,VIN-B2125,35.2,60.5,"10.8231,106.6297",80.6
2024-01-10 15:18:00,VIN-B2126,37.9,80.3,"16.0544,108.2022",96.5
2024-01-10 15:21:00,VIN-B2127,61.8,42.5,"10.8231,106.6297",83.1
2024-01-10 15:24:00,VIN-B2128,20.5,84.4,"10.8231,106.6297",76.6
2024-01-10 15:27:00,VIN-B2129,16.7,48.6,"20.8449,106.6881",86.0
2024-01-10 15:30:00,VIN-B2130,66.3,90.7,"10.8231,106.6297",103.6
2024-01-10 15:33:00,VIN-B2131,21.5,55.8,"12.2388,109.1967",84.3
2024-01-10 15:36:00,VIN-B2132,12.5,26.0,"10.0452,105.7469",105.0
2024-01-10 15:39:00,VIN-B2133,96.5,36.3,"12.2388,109.1967",96.7
2024-01-10 15:42:00,VIN-B2134,64.9,27.5,"10.9460,108.4419",80.5
2024-01-10 15:45:00,VIN-B2135,102.6,99.5,"11.9404,108.4583",86.6
2024-01-10 15:48:00,VIN-B2136,103.9,6.4,"10.9460,108.4419",101.5
2024-01-10 15:51:00,VIN-B2137,109.8,9.5,"10.0452,105.7469",71.8
2024-01-10 15:54:00,VIN-B2138,41.4,42.1,"20.8449,106.6881",74.1
2024-01-10 15:57:00,VIN-B2139,106.6,79.0,"11.9404,108.4583",95.8
2024-01-10 16:00:00,VIN-B2140,2.1,97.0,"11.9404,108.4583",85.5
2024-01-10 16:03:00,VIN-B2141,11.7,29.8,"10.0452,105.7469",103.0
2024-01-10 16:06:00,VIN-B2142,117.4,68.2,"12.2388,109.1967",87.3
2024-01-10 16:09:00,VIN-B2143,68.3,52.8,"10.9460,108.4419",106.6
2024-01-10 16:12:00,VIN-B2144,109.5,67.1,"10.9460,108.4419",76.5
2024-01-10 16:15:00,VIN-B2145,105.4,81.3,"10.8231,106.6297",74.5
2024-01-10 16:18:00,VIN-B2146,90.0,45.6,"21.0285,105.8542",71.9
2024-01-10 16:21:00,VIN-B2147,32.6,33.1,"12.2388,109.1967",75.3
2024-01-10 16:24:00,VIN-B2148,71.4,9.1,"10.9460,108.4419",81.0
2024-01-10 16:27:00,VIN-B2149,41.2,45.1,"20.8449,106.6881",102.7
2024-01-10 16:30:00,VIN-B2150,44.9,33.6,"10.8231,106.6297",85.1
2024-01-10 16:33:00,VIN-B2151,94.5,17.0,"11.9404,108.4583",106.4
2024-01-10 16:36:00,VIN-B2152,73.4,46.4,"10.9460,108.4419",75.5
2024-01-10 16:39:00,VIN-B2153,111.9,78.0,"16.0544,108.2022",107.6
2024-01-10 16:42:00,VIN-B2154,21.7,62.9,"11.9404,108.4583",79.4
2024-01-10 16:45:00,VIN-B2155,111.8,66.5,"12.2388,109.1967",87.6
2024-01-10 16:48:00,VIN-B2156,3.5,52.4,"10.9460,108.4419",106.0
2024-01-10 16:51:00,VIN-B2157,36.4,32.4,"11.9404,108.4583",84.9
2024-01-10 16:54:00,VIN-B2158,26.7,46.5,"16.0544,108.2022",73.9
2024-01-10 16:57:00,VIN-B2159,98.9,27.0,"10.0452,105.7469",82.5
2024-01-10 17:00:00,VIN-B2160,58.7,12.8,"16.0544,108.2022",81.5
2024-01-10 17:03:00,VIN-B2161,87.4,25.7,"16.0544,108.2022",98.1
2024-01-10 17:06:00,VIN-B2162,103.4,61.6,"10.8231,106.6297",99.6
2024-01-10 17:09:00,VIN-B2163,47.3,67.5,"21.0285,105.8542",107.2
2024-01-10 17:12:00,VIN-B2164,8.2,73.1,"10.9460,108.4419",79.5
2024-01-10 17:15:00,VIN-B2165,93.5,18.6,"10.9460,108.4419",89.8
2024-01-10 17:18:00,VIN-B2166,51.1,30.7,"10.0452,105.7469",94.7
2024-01-10 17:21:00,VIN-B2167,66.7,72.7,"11.9404,108.4583",92.2
2024-01-10 17:24:00,VIN-B2168,20.5,60.5,"12.2388,109.1967",76.8
2024-01-10 17:27:00,VIN-B2169,101.0,18.3,"11.9404,108.4583",74.1
2024-01-10 17:30:00,VIN-B2170,13.9,52.7,"10.9460,108.4419",84.7
2024-01-10 17:33:00,VIN-B2171,10.1,11.3,"11.9404,108.4583",106.6
2024-01-10 17:36:00,VIN-B2172,63.5,65.5,"11.9404,108.4583",82.3
2024-01-10 17:39:00,VIN-B2173,11.1,47.6,"12.2388,109.1967",80.8
2024-01-10 17:42:00,VIN-B2174,27.6,39.8,"10.0452,105.7469",84.3
2024-01-10 17:45:00,VIN-B2175,16.9,46.6,"12.2388,109.1967",74.5
2024-01-10 17:48:00,VIN-B2176,94.7,48.8,"11.9404,108.4583",93.2
2024-01-10 17:51:00,VIN-B2177,84.3,98.1,"10.9460,108.4419",78.0
2024-01-10 17:54:00,VIN-B2178,34.7,90.6,"10.0452,105.7469",71.5
2024-01-10 17:57:00,VIN-B2179,27.8,53.5,"10.8231,106.6297",78.9
2024-01-10 18:00:00,VIN-B2180,15.0,25.7,"21.0285,105.8542",105.0
2024-01-10 18:03:00,VIN-B2181,8.2,24.1,"16.0544,108.2022",87.1
2024-01-10 18:06:00,VIN-B2182,4.5,50.1,"16.0544,108.2022",102.5
2024-01-10 18:09:00,VIN-B2183,66.8,38.5,"16.0544,108.2022",89.2
2024-01-10 18:12:00,VIN-B2184,57.0,5.9,"20.8449,106.6881",77.4
2024-01-10 18:15:00,VIN-B2185,82.1,34.8,"21.0285,105.8542",87.8
2024-01-10 18:18:00,VIN-B2186,36.7,36.0,"10.0452,105.7469",107.1
2024-01-10 18:21:00,VIN-B2187,87.5,50.8,"10.8231,106.6297",74.1
2024-01-10 18:24:00,VIN-B2188,67.7,15.2,"20.8449,106.6881",97.4
2024-01-10 18:27:00,VIN-B2189,22.6,31.5,"20.8449,106.6881",89.9
2024-01-10 18:30:00,VIN-B2190,88.2,47.1,"20.8449,106.6881",107.3
2024-01-10 18:33:00,VIN-B2191,71.1,42.8,"21.0285,105.8542",109.5
2024-01-10 18:36:00,VIN-B2192,26.9,82.3,"16.0544,108.2022",93.5
2024-01-10 18:39:00,VIN-B2193,69.1,89.4,"20.8449,106.6881",80.5
2024-01-10 18:42:00,VIN-B2194,108.7,10.0,"10.8231,106.6297",97.6
2024-01-10 18:45:00,VIN-B2195,13.5,55.6,"11.9404,108.4583",89.2
2024-01-10 18:48:00,VIN-B2196,69.3,55.5,"10.0452,105.7469",103.3
2024-01-10 18:51:00,VIN-B2197,82.1,37.3,"21.0285,105.8542",98.2
2024-01-10 18:54:00,VIN-B2198,64.8,43.9,"12.2388,109.1967",106.2
2024-01-10 18:57:00,VIN-B2199,20.4,33.0,"12.2388,109.1967",99.4
2024-01-10 19:00:00,VIN-B2200,61.8,54.1,"10.9460,108.4419",93.3
2024-01-10 19:03:00,VIN-B2201,52.6,58.3,"11.9404,108.4583",103.0
2024-01-10 19:06:00,VIN-B2202,106.8,36.2,"11.9404,108.4583",100.2
2024-01-10 19:09:00,VIN-B2203,15.2,54.2,"21.0285,105.8542",103.7
2024-01-10 19:12:00,VIN-B2204,6.2,18.6,"10.9460,108.4419",99.8
2024-01-10 19:15:00,VIN-B2205,55.5,56.2,"21.0285,105.8542",102.8
2024-01-10 19:18:00,VIN-B2206,35.9,56.3,"10.9460,108.4419",105.9
2024-01-10 19:21:00,VIN-B2207,55.5,93.0,"12.2388,109.1967",106.6
2024-01-10 19:24:00,VIN-B2208,31.5,36.2,"21.0285,105.8542",101.6
2024-01-10 19:27:00,VIN-B2209,95.4,24.6,"10.9460,108.4419",100.4
2024-01-10 19:30:00,VIN-B2210,19.2,99.5,"21.0285,105.8542",73.3
2024-01-10 19:33:00,VIN-B2211,87.1,65.6,"10.0452,105.7469",91.1
2024-01-10 19:36:00,VIN-B2212,41.0,46.3,"21.0285,105.8542",101.0
2024-01-10 19:39:00,VIN-B2213,69.4,62.9,"10.9460,108.4419",103.4
2024-01-10 19:42:00,VIN-B2214,9.6,94.8,"11.9404,108.4583",93.1
2024-01-10 19:45:00,VIN-B2215,106.5,7.2,"16.0544,108.2022",103.3
2024-01-10 19:48:00,VIN-B2216,53.4,59.8,"11.9404,108.4583",82.6
2024-01-10 19:51:00,VIN-B2217,67.2,45.4,"20.8449,106.6881",93.4
2024-01-10 19:54:00,VIN-B2218,26.5,80.0,"21.0285,105.8542",95.1
2024-01-10 19:57:00,VIN-B2219,78.8,75.7,"10.8231,106.6297",100.2
2024-01-10 20:00:00,VIN-B2220,55.8,76.2,"11.9404,108.4583",77.8
2024-01-10 20:03:00,VIN-B2221,80.8,6.9,"21.0285,105.8542",74.9
2024-01-10 20:06:00,VIN-B2222,28.9,60.5,"10.8231,106.6297",79.9
2024-01-10 20:09:00,VIN-B2223,102.9,16.9,"10.9460,108.4419",82.3
2024-01-10 20:12:00,VIN-B2224,77.6,34.9,"21.0285,105.8542",79.7
2024-01-10 20:15:00,VIN-B2225,51.2,59.5,"11.9404,108.4583",103.1
2024-01-10 20:18:00,VIN-B2226,95.7,86.3,"21.0285,105.8542",71.7
2024-01-10 20:21:00,VIN-B2227,39.3,88.5,"12.2388,109.1967",78.5
2024-01-10 20:24:00,VIN-B2228,55.3,43.0,"11.9404,108.4583",107.3
2024-01-10 20:27:00,VIN-B2229,95.4,55.4,"10.0452,105.7469",85.2
2024-01-10 20:30:00,VIN-B2230,48.2,91.9,"21.0285,105.8542",78.7
2024-01-10 20:33:00,VIN-B2231,41.8,73.5,"20.8449,106.6881",92.7
2024-01-10 20:36:00,VIN-B2232,25.1,28.0,"10.8231,106.6297",98.2
2024-01-10 20:39:00,VIN-B2233,75.2,56.7,"20.8449,106.6881",73.6
2024-01-10 20:42:00,VIN-B2234,75.9,32.7,"10.0452,105.7469",73.4
2024-01-10 20:45:00,VIN-B2235,40.1,41.7,"20.8449,106.6881",79.6
2024-01-10 20:48:00,VIN-B2236,58.5,22.7,"11.9404,108.4583",101.6
2024-01-10 20:51:00,VIN-B2237,13.9,41.1,"10.0452,105.7469",85.7
2024-01-10 20:54:00,VIN-B2238,81.5,9.0,"16.0544,108.2022",103.5
2024-01-10 20:57:00,VIN-B2239,109.3,49.8,"16.0544,108.2022",88.3
2024-01-10 21:00:00,VIN-B2240,102.6,56.7,"20.8449,106.6881",109.9
2024-01-10 21:03:00,VIN-B2241,78.0,43.9,"11.9404,108.4583",106.6
2024-01-10 21:06:00,VIN-B2242,35.4,54.5,"20.8449,106.6881",102.3
2024-01-10 21:09:00,VIN-B2243,30.8,82.6,"20.8449,106.6881",73.1
2024-01-10 21:12:00,VIN-B2244,107.2,64.2,"10.9460,108.4419",108.4
2024-01-10 21:15:00,VIN-B2245,38.8,89.7,"11.9404,108.4583",91.4
2024-01-10 21:18:00,VIN-B2246,98.2,92.3,"20.8449,106.6881",103.1
2024-01-10 21:21:00,VIN-B2247,5.1,40.5,"21.0285,105.8542",71.5
2024-01-10 21:24:00,VIN-B2248,80.3,57.0,"16.0544,108.2022",89.6
2024-01-10 21:27:00,VIN-B2249,25.7,30.1,"10.9460,108.4419",86.8
2024-01-10 21:30:00,VIN-B2250,50.7,93.7,"21.0285,105.8542",80.5
2024-01-10 21:33:00,VIN-B2251,31.1,30.7,"21.0285,105.8542",91.2
2024-01-10 21:36:00,VIN-B2252,69.5,61.2,"10.0452,105.7469",107.1
2024-01-10 21:39:00,VIN-B2253,69.0,59.6,"10.8231,106.6297",86.7
2024-01-10 21:42:00,VIN-B2254,48.3,71.0,"10.8231,106.6297",92.8
2024-01-10 21:45:00,VIN-B2255,20.8,56.0,"12.2388,109.1967",107.5
2024-01-10 21:48:00,VIN-B2256,61.1,77.7,"11.9404,108.4583",100.2
2024-01-10 21:51:00,VIN-B2257,42.1,86.3,"10.0452,105.7469",103.2
2024-01-10 21:54:00,VIN-B2258,92.0,56.1,"10.9460,108.4419",75.4
2024-01-10 21:57:00,VIN-B2259,58.9,48.1,"10.0452,105.7469",70.9
2024-01-10 22:00:00,VIN-B2260,116.1,81.6,"21.0285,105.8542",101.6
2024-01-10 22:03:00,VIN-B2261,90.9,84.7,"12.2388,109.1967",101.0
2024-01-10 22:06:00,VIN-B2262,91.9,8.3,"12.2388,109.1967",107.9
2024-01-10 22:09:00,VIN-B2263,70.9,77.2,"21.0285,105.8542",90.3
2024-01-10 22:12:00,VIN-B2264,24.7,49.6,"11.9404,108.4583",108.5
2024-01-10 22:15:00,VIN-B2265,26.7,27.2,"20.8449,106.6881",81.4
2024-01-10 22:18:00,VIN-B2266,57.0,6.3,"12.2388,109.1967",73.8
2024-01-10 22:21:00,VIN-B2267,86.1,62.5,"21.0285,105.8542",107.7
2024-01-10 22:24:00,VIN-B2268,41.9,53.7,"20.8449,106.6881",108.8
2024-01-10 22:27:00,VIN-B2269,22.4,17.1,"16.0544,108.2022",83.9
2024-01-10 22:30:00,VIN-B2270,94.5,97.1,"12.2388,109.1967",72.7
2024-01-10 22:33:00,VIN-B2271,101.7,86.9,"10.0452,105.7469",105.8
2024-01-10 22:36:00,VIN-B2272,73.3,73.8,"11.9404,108.4583",88.0
2024-01-10 22:39:00,VIN-B2273,16.1,30.5,"12.2388,109.1967",72.7
2024-01-10 22:42:00,VIN-B2274,6.8,70.6,"12.2388,109.1967",74.0
2024-01-10 22:45:00,VIN-B2275,25.8,30.7,"10.0452,105.7469",103.6
2024-01-10 22:48:00,VIN-B2276,77.2,10.7,"10.9460,108.4419",98.6
2024-01-10 22:51:00,VIN-B2277,37.1,95.7,"16.0544,108.2022",75.8
2024-01-10 22:54:00,VIN-B2278,33.2,95.5,"10.8231,106.6297",93.5
2024-01-10 22:57:00,VIN-B2279,88.2,50.1,"20.8449,106.6881",109.3
2024-01-10 23:00:00,VIN-B2280,103.9,59.6,"10.0452,105.7469",77.3
2024-01-10 23:03:00,VIN-B2281,44.8,99.2,"12.2388,109.1967",101.7
2024-01-10 23:06:00,VIN-B2282,22.3,6.3,"10.0452,105.7469",76.9
2024-01-10 23:09:00,VIN-B2283,12.0,55.7,"10.8231,106.6297",71.4
2024-01-10 23:12:00,VIN-B2284,36.7,55.0,"21.0285,105.8542",97.5
2024-01-10 23:15:00,VIN-B2285,25.8,50.1,"16.0544,108.2022",91.8
2024-01-10 23:18:00,VIN-B2286,53.8,67.0,"10.8231,106.6297",107.4
2024-01-10 23:21:00,VIN-B2287,18.2,8.3,"11.9404,108.4583",101.2
2024-01-10 23:24:00,VIN-B2288,28.4,89.9,"20.8449,106.6881",98.9
2024-01-10 23:27:00,VIN-B2289,8.4,39.2,"20.8449,106.6881",108.3
2024-01-10 23:30:00,VIN-B2290,70.0,5.9,"10.9460,108.4419",89.0
2024-01-10 23:33:00,VIN-B2291,37.6,10.7,"10.9460,108.4419",79.7
2024-01-10 23:36:00,VIN-B2292,40.0,80.8,"10.8231,106.6297",71.0
2024-01-10 23:39:00,VIN-B2293,55.4,63.5,"21.0285,105.8542",77.6
2024-01-10 23:42:00,VIN-B2294,93.4,67.2,"16.0544,108.2022",76.4
2024-01-10 23:45:00,VIN-B2295,13.1,56.4,"20.8449,106.6881",92.7
2024-01-10 23:48:00,VIN-B2296,89.2,49.9,"21.0285,105.8542",96.2
2024-01-10 23:51:00,VIN-B2297,59.5,22.6,"10.8231,106.6297",102.2
2024-01-10 23:54:00,VIN-B2298,30.5,87.7,"12.2388,109.1967",99.7
2024-01-10 23:57:00,VIN-B2299,95.1,99.9,"21.0285,105.8542",92.8
2024-01-11 00:00:00,VIN-B2300,65.7,99.3,"21.0285,105.8542",89.0
2024-01-11 00:03:00,VIN-B2301,0.8,29.4,"10.0452,105.7469",86.3
2024-01-11 00:06:00,VIN-B2302,118.0,18.7,"10.0452,105.7469",100.4
2024-01-11 00:09:00,VIN-B2303,35.2,79.7,"16.0544,108.2022",77.3
2024-01-11 00:12:00,VIN-B2304,17.3,66.6,"10.8231,106.6297",75.8
2024-01-11 00:15:00,VIN-B2305,21.7,91.6,"12.2388,109.1967",100.2
2024-01-11 00:18:00,VIN-B2306,17.0,74.6,"10.8231,106.6297",93.3
2024-01-11 00:21:00,VIN-B2307,36.6,83.2,"10.9460,108.4419",105.3
2024-01-11 00:24:00,VIN-B2308,45.1,7.1,"16.0544,108.2022",86.8
2024-01-11 00:27:00,VIN-B2309,75.1,35.0,"10.0452,105.7469",106.9
2024-01-11 00:30:00,VIN-B2310,56.4,12.5,"10.9460,108.4419",94.1
2024-01-11 00:33:00,VIN-B2311,36.0,57.9,"16.0544,108.2022",80.8
2024-01-11 00:36:00,VIN-B2312,41.4,70.7,"11.9404,108.4583",74.5
2024-01-11 00:39:00,VIN-B2313,4.4,15.0,"21.0285,105.8542",82.8
2024-01-11 00:42:00,VIN-B2314,111.6,60.2,"21.0285,105.8542",76.8
2024-01-11 00:45:00,VIN-B2315,51.6,88.7,"12.2388,109.1967",99.3
2024-01-11 00:48:00,VIN-B2316,96.3,89.1,"12.2388,109.1967",89.2
2024-01-11 00:51:00,VIN-B2317,51.4,88.5,"20.8449,106.6881",75.1
2024-01-11 00:54:00,VIN-B2318,55.6,99.9,"10.8231,106.6297",90.0
2024-01-11 00:57:00,VIN-B2319,32.3,48.3,"10.8231,106.6297",90.4
2024-01-11 01:00:00,VIN-B2320,27.7,83.0,"21.0285,105.8542",109.1
2024-01-11 01:03:00,VIN-B2321,13.1,8.1,"12.2388,109.1967",94.8
2024-01-11 01:06:00,VIN-B2322,68.1,13.1,"12.2388,109.1967",71.7
2024-01-11 01:09:00,VIN-B2323,48.4,75.0,"10.0452,105.7469",85.7
2024-01-11 01:12:00,VIN-B2324,115.4,64.4,"10.0452,105.7469",101.4
2024-01-11 01:15:00,VIN-B2325,117.6,31.5,"12.2388,109.1967",90.4
2024-01-11 01:18:00,VIN-B2326,32.5,94.7,"10.8231,106.6297",90.2
2024-01-11 01:21:00,VIN-B2327,14.1,59.5,"20.8449,106.6881",82.7
2024-01-11 01:24:00,VIN-B2328,51.8,19.1,"10.8231,106.6297",76.7
2024-01-11 01:27:00,VIN-B2329,119.7,23.9,"10.9460,108.4419",97.5
2024-01-11 01:30:00,VIN-B2330,89.1,87.3,"11.9404,108.4583",106.1
2024-01-11 01:33:00,VIN-B2331,0.2,24.8,"10.0452,105.7469",70.1
2024-01-11 01:36:00,VIN-B2332,2.5,57.1,"20.8449,106.6881",79.9
2024-01-11 01:39:00,VIN-B2333,35.0,72.9,"20.8449,106.6881",88.1
2024-01-11 01:42:00,VIN-B2334,71.2,63.2,"10.8231,106.6297",90.6
2024-01-11 01:45:00,VIN-B2335,68.6,78.9,"21.0285,105.8542",74.9
2024-01-11 01:48:00,VIN-B2336,14.3,80.8,"10.8231,106.6297",93.2
2024-01-11 01:51:00,VIN-B2337,102.7,13.8,"16.0544,108.2022",102.8
2024-01-11 01:54:00,VIN-B2338,16.7,52.0,"10.9460,108.4419",99.7
2024-01-11 01:57:00,VIN-B2339,69.8,55.5,"10.9460,108.4419",99.6
2024-01-11 02:00:00,VIN-B2340,74.1,41.9,"11.9404,108.4583",82.0
2024-01-11 02:03:00,VIN-B2341,118.7,95.3,"20.8449,106.6881",89.2
2024-01-11 02:06:00,VIN-B2342,31.0,28.3,"10.8231,106.6297",70.9
2024-01-11 02:09:00,VIN-B2343,71.6,84.9,"12.2388,109.1967",97.4
2024-01-11 02:12:00,VIN-B2344,29.9,16.3,"21.0285,105.8542",98.9
2024-01-11 02:15:00,VIN-B2345,29.3,47.3,"21.0285,105.8542",90.9
2024-01-11 02:18:00,VIN-B2346,10.2,13.8,"11.9404,108.4583",97.8
2024-01-11 02:21:00,VIN-B2347,39.6,18.4,"12.2388,109.1967",76.0
2024-01-11 02:24:00,VIN-B2348,2.2,65.4,"10.8231,106.6297",72.7
2024-01-11 02:27:00,VIN-B2349,24.4,77.5,"12.2388,109.1967",86.5
2024-01-11 02:30:00,VIN-B2350,3.6,35.6,"12.2388,109.1967",81.3
2024-01-11 02:33:00,VIN-B2351,106.9,31.0,"20.8449,106.6881",87.3
2024-01-11 02:36:00,VIN-B2352,17.8,10.1,"10.8231,106.6297",92.0
2024-01-11 02:39:00,VIN-B2353,32.0,66.2,"10.8231,106.6297",102.4
2024-01-11 02:42:00,VIN-B2354,84.8,56.2,"21.0285,105.8542",97.5
2024-01-11 02:45:00,VIN-B2355,18.3,18.1,"10.0452,105.7469",90.5
2024-01-11 02:48:00,VIN-B2356,71.6,77.9,"10.8231,106.6297",76.0
2024-01-11 02:51:00,VIN-B2357,106.9,18.4,"11.9404,108.4583",90.0
2024-01-11 02:54:00,VIN-B2358,8.4,29.9,"11.9404,108.4583",106.2
2024-01-11 02:57:00,VIN-B2359,56.1,80.0,"11.9404,108.4583",95.5
2024-01-11 03:00:00,VIN-B2360,23.1,34.6,"10.0452,105.7469",83.8
2024-01-11 03:03:00,VIN-B2361,54.5,5.8,"21.0285,105.8542",76.4
2024-01-11 03:06:00,VIN-B2362,11.4,78.3,"16.0544,108.2022",92.1
2024-01-11 03:09:00,VIN-B2363,39.8,57.2,"20.8449,106.6881",107.5
2024-01-11 03:12:00,VIN-B2364,75.4,79.7,"11.9404,108.4583",83.8
2024-01-11 03:15:00,VIN-B2365,2.1,68.2,"20.8449,106.6881",74.6
2024-01-11 03:18:00,VIN-B2366,3.8,49.1,"16.0544,108.2022",78.8
2024-01-11 03:21:00,VIN-B2367,31.7,43.8,"10.8231,106.6297",73.4
2024-01-11 03:24:00,VIN-B2368,67.4,54.6,"10.9460,108.4419",73.5
2024-01-11 03:27:00,VIN-B2369,10.8,88.5,"16.0544,108.2022",78.0
2024-01-11 03:30:00,VIN-B2370,108.5,58.9,"20.8449,106.6881",72.7
2024-01-11 03:33:00,VIN-B2371,10.7,7.8,"12.2388,109.1967",107.9
2024-01-11 03:36:00,VIN-B2372,85.8,6.1,"20.8449,106.6881",87.4
2024-01-11 03:39:00,VIN-B2373,39.0,95.8,"12.2388,109.1967",82.5
2024-01-11 03:42:00,VIN-B2374,87.0,97.2,"12.2388,109.1967",96.2
2024-01-11 03:45:00,VIN-B2375,107.3,98.0,"20.8449,106.6881",109.5
2024-01-11 03:48:00,VIN-B2376,102.3,33.5,"10.8231,106.6297",74.3
2024-01-11 03:51:00,VIN-B2377,10.6,27.5,"11.9404,108.4583",90.0
2024-01-11 03:54:00,VIN-B2378,89.2,64.5,"10.0452,105.7469",108.6
2024-01-11 03:57:00,VIN-B2379,37.1,85.3,"12.2388,109.1967",79.4
2024-01-11 04:00:00,VIN-B2380,67.0,45.1,"10.9460,108.4419",110.0
2024-01-11 04:03:00,VIN-B2381,64.2,20.5,"11.9404,108.4583",100.3
2024-01-11 04:06:00,VIN-B2382,89.9,17.0,"10.9460,108.4419",96.7
2024-01-11 04:09:00,VIN-B2383,22.0,48.0,"10.8231,106.6297",90.4
2024-01-11 04:12:00,VIN-B2384,101.7,71.8,"20.8449,106.6881",107.4
2024-01-11 04:15:00,VIN-B2385,111.8,79.4,"16.0544,108.2022",104.2
2024-01-11 04:18:00,VIN-B2386,33.1,12.3,"10.9460,108.4419",105.4
2024-01-11 04:21:00,VIN-B2387,49.1,56.8,"12.2388,109.1967",101.6
2024-01-11 04:24:00,VIN-B2388,35.2,49.4,"21.0285,105.8542",96.5
2024-01-11 04:27:00,VIN-B2389,69.4,65.7,"11.9404,108.4583",70.6
2024-01-11 04:30:00,VIN-B2390,49.5,93.6,"12.2388,109.1967",90.0
2024-01-11 04:33:00,VIN-B2391,58.0,33.6,"16.0544,108.2022",75.0
2024-01-11 04:36:00,VIN-B2392,37.6,30.8,"10.0452,105.7469",82.3
2024-01-11 04:39:00,VIN-B2393,36.9,44.8,"20.8449,106.6881",91.9
2024-01-11 04:42:00,VIN-B2394,113.7,19.3,"11.9404,108.4583",101.6
2024-01-11 04:45:00,VIN-B2395,51.9,29.0,"11.9404,108.4583",76.5
2024-01-11 04:48:00,VIN-B2396,30.8,79.6,"10.8231,106.6297",108.8
2024-01-11 04:51:00,VIN-B2397,79.2,31.3,"12.2388,109.1967",95.7
2024-01-11 04:54:00,VIN-B2398,10.6,16.8,"10.9460,108.4419",101.0
2024-01-11 04:57:00,VIN-B2399,65.6,12.6,"16.0544,108.2022",88.5
2024-01-11 05:00:00,VIN-B2400,0.3,68.5,"10.0452,105.7469",82.3
2024-01-11 05:03:00,VIN-B2401,40.5,60.7,"12.2388,109.1967",90.0
2024-01-11 05:06:00,VIN-B2402,103.7,81.6,"21.0285,105.8542",91.1
2024-01-11 05:09:00,VIN-B2403,33.3,81.1,"10.8231,106.6297",109.7
2024-01-11 05:12:00,VIN-B2404,48.6,87.3,"10.8231,106.6297",83.9
2024-01-11 05:15:00,VIN-B2405,11.8,14.6,"10.8231,106.6297",77.3
2024-01-11 05:18:00,VIN-B2406,19.3,88.4,"12.2388,109.1967",77.8
2024-01-11 05:21:00,VIN-B2407,90.0,12.8,"16.0544,108.2022",79.9
2024-01-11 05:24:00,VIN-B2408,3.5,72.3,"10.8231,106.6297",82.4
2024-01-11 05:27:00,VIN-B2409,89.3,55.1,"10.8231,106.6297",103.0
2024-01-11 05:30:00,VIN-B2410,28.8,18.5,"20.8449,106.6881",72.1
2024-01-11 05:33:00,VIN-B2411,7.0,20.5,"10.0452,105.7469",74.2
2024-01-11 05:36:00,VIN-B2412,53.6,83.7,"10.8231,106.6297",73.2
2024-01-11 05:39:00,VIN-B2413,96.9,8.1,"10.8231,106.6297",78.4
2024-01-11 05:42:00,VIN-B2414,110.3,50.1,"21.0285,105.8542",79.6
2024-01-11 05:45:00,VIN-B2415,90.0,52.2,"21.0285,105.8542",93.6
2024-01-11 05:48:00,VIN-B2416,56.0,67.0,"20.8449,106.6881",71.8
2024-01-11 05:51:00,VIN-B2417,89.9,89.0,"20.8449,106.6881",105.4
2024-01-11 05:54:00,VIN-B2418,18.7,98.8,"11.9404,108.4583",97.3
2024-01-11 05:57:00,VIN-B2419,74.0,76.4,"10.8231,106.6297",98.9
2024-01-11 06:00:00,VIN-B2420,31.0,60.3,"12.2388,109.1967",103.8
2024-01-11 06:03:00,VIN-B2421,76.3,83.0,"11.9404,108.4583",104.7
2024-01-11 06:06:00,VIN-B2422,110.6,64.7,"21.0285,105.8542",78.2
2024-01-11 06:09:00,VIN-B2423,52.5,26.2,"16.0544,108.2022",98.2
2024-01-11 06:12:00,VIN-B2424,2.7,92.6,"10.9460,108.4419",90.9
2024-01-11 06:15:00,VIN-B2425,0.4,18.1,"10.9460,108.4419",93.9
2024-01-11 06:18:00,VIN-B2426,6.7,26.5,"21.0285,105.8542",107.8
2024-01-11 06:21:00,VIN-B2427,12.7,7.6,"21.0285,105.8542",101.2
2024-01-11 06:24:00,VIN-B2428,56.4,84.3,"16.0544,108.2022",105.8
2024-01-11 06:27:00,VIN-B2429,81.2,88.5,"20.8449,106.6881",80.1
2024-01-11 06:30:00,VIN-B2430,58.8,16.5,"10.0452,105.7469",89.4
2024-01-11 06:33:00,VIN-B2431,100.5,8.8,"20.8449,106.6881",92.4
2024-01-11 06:36:00,VIN-B2432,12.7,90.8,"16.0544,108.2022",101.9
2024-01-11 06:39:00,VIN-B2433,65.6,69.0,"11.9404,108.4583",101.4
2024-01-11 06:42:00,VIN-B2434,55.9,97.2,"10.8231,106.6297",70.6
2024-01-11 06:45:00,VIN-B2435,78.2,68.6,"12.2388,109.1967",77.8
2024-01-11 06:48:00,VIN-B2436,92.2,25.3,"20.8449,106.6881",108.6
2024-01-11 06:51:00,VIN-B2437,19.5,83.3,"20.8449,106.6881",93.4
2024-01-11 06:54:00,VIN-B2438,94.7,41.5,"20.8449,106.6881",92.1
2024-01-11 06:57:00,VIN-B2439,101.6,29.7,"10.9460,108.4419",70.8
2024-01-11 07:00:00,VIN-B2440,96.1,69.8,"11.9404,108.4583",72.7
2024-01-11 07:03:00,VIN-B2441,74.4,16.2,"11.9404,108.4583",97.9
2024-01-11 07:06:00,VIN-B2442,112.8,94.6,"21.0285,105.8542",82.9
2024-01-11 07:09:00,VIN-B2443,88.3,84.7,"12.2388,109.1967",102.9
2024-01-11 07:12:00,VIN-B2444,46.6,5.4,"10.8231,106.6297",78.7
2024-01-11 07:15:00,VIN-B2445,43.7,98.0,"12.2388,109.1967",105.7
2024-01-11 07:18:00,VIN-B2446,18.8,85.6,"21.0285,105.8542",94.8
2024-01-11 07:21:00,VIN-B2447,103.9,59.9,"12.2388,109.1967",91.7
2024-01-11 07:24:00,VIN-B2448,35.1,11.3,"10.8231,106.6297",70.4
2024-01-11 07:27:00,VIN-B2449,109.5,75.2,"21.0285,105.8542",102.6
2024-01-11 07:30:00,VIN-B2450,38.0,26.7,"16.0544,108.2022",74.0
2024-01-11 07:33:00,VIN-B2451,109.4,40.8,"11.9404,108.4583",100.5
2024-01-11 07:36:00,VIN-B2452,85.7,99.0,"12.2388,109.1967",86.2
2024-01-11 07:39:00,VIN-B2453,95.3,27.0,"11.9404,108.4583",79.3
2024-01-11 07:42:00,VIN-B2454,66.0,13.9,"11.9404,108.4583",70.7
2024-01-11 07:45:00,VIN-B2455,14.2,77.3,"10.9460,108.4419",86.8
2024-01-11 07:48:00,VIN-B2456,92.2,19.8,"20.8449,106.6881",104.2
2024-01-11 07:51:00,VIN-B2457,14.7,49.9,"11.9404,108.4583",82.8
2024-01-11 07:54:00,VIN-B2458,91.8,87.1,"16.0544,108.2022",91.8
2024-01-11 07:57:00,VIN-B2459,9.2,47.7,"10.9460,108.4419",83.2
2024-01-11 08:00:00,VIN-B2460,11.8,27.2,"11.9404,108.4583",100.6
2024-01-11 08:03:00,VIN-B2461,59.7,14.4,"11.9404,108.4583",80.4
2024-01-11 08:06:00,VIN-B2462,45.2,94.2,"10.8231,106.6297",100.5
2024-01-11 08:09:00,VIN-B2463,97.5,48.9,"10.0452,105.7469",99.4
2024-01-11 08:12:00,VIN-B2464,2.3,33.1,"12.2388,109.1967",87.4
2024-01-11 08:15:00,VIN-B2465,88.6,99.1,"12.2388,109.1967",86.9
2024-01-11 08:18:00,VIN-B2466,55.5,18.4,"11.9404,108.4583",72.6
2024-01-11 08:21:00,VIN-B2467,12.2,48.8,"10.8231,106.6297",103.1
2024-01-11 08:24:00,VIN-B2468,55.7,39.4,"12.2388,109.1967",100.2
2024-01-11 08:27:00,VIN-B2469,57.7,99.5,"10.0452,105.7469",89.2
2024-01-11 08:30:00,VIN-B2470,86.7,25.6,"10.9460,108.4419",82.7
2024-01-11 08:33:00,VIN-B2471,117.4,55.4,"16.0544,108.2022",105.5
2024-01-11 08:36:00,VIN-B2472,35.6,11.9,"12.2388,109.1967",90.1
2024-01-11 08:39:00,VIN-B2473,38.9,48.6,"16.0544,108.2022",85.3
2024-01-11 08:42:00,VIN-B2474,19.4,21.4,"12.2388,109.1967",100.8
2024-01-11 08:45:00,VIN-B2475,47.3,55.2,"16.0544,108.2022",105.7
2024-01-11 08:48:00,VIN-B2476,22.3,54.0,"12.2388,109.1967",109.9
2024-01-11 08:51:00,VIN-B2477,53.8,45.7,"16.0544,108.2022",70.4
2024-01-11 08:54:00,VIN-B2478,78.3,40.8,"10.0452,105.7469",75.8
2024-01-11 08:57:00,VIN-B2479,113.5,86.7,"10.0452,105.7469",107.7
2024-01-11 09:00:00,VIN-B2480,25.0,57.1,"20.8449,106.6881",89.0
2024-01-11 09:03:00,VIN-B2481,83.0,39.0,"16.0544,108.2022",78.7
2024-01-11 09:06:00,VIN-B2482,63.5,73.6,"10.9460,108.4419",94.3
2024-01-11 09:09:00,VIN-B2483,48.8,68.8,"10.8231,106.6297",101.9
2024-01-11 09:12:00,VIN-B2484,62.0,93.9,"20.8449,106.6881",93.7
2024-01-11 09:15:00,VIN-B2485,28.1,10.5,"11.9404,108.4583",101.2
2024-01-11 09:18:00,VIN-B2486,93.3,29.7,"11.9404,108.4583",101.5
2024-01-11 09:21:00,VIN-B2487,82.5,94.6,"16.0544,108.2022",89.0
2024-01-11 09:24:00,VIN-B2488,69.3,75.5,"11.9404,108.4583",93.8
2024-01-11 09:27:00,VIN-B2489,53.9,95.4,"10.8231,106.6297",82.6
2024-01-11 09:30:00,VIN-B2490,81.8,75.1,"20.8449,106.6881",88.0
2024-01-11 09:33:00,VIN-B2491,88.4,52.5,"10.9460,108.4419",90.0
2024-01-11 09:36:00,VIN-B2492,40.7,29.2,"20.8449,106.6881",104.0
2024-01-11 09:39:00,VIN-B2493,70.4,87.0,"10.0452,105.7469",103.2
2024-01-11 09:42:00,VIN-B2494,63.2,19.0,"16.0544,108.2022",89.1
2024-01-11 09:45:00,VIN-B2495,103.2,76.2,"16.0544,108.2022",88.2
2024-01-11 09:48:00,VIN-B2496,24.7,10.7,"16.0544,108.2022",77.0
2024-01-11 09:51:00,VIN-B2497,77.2,50.8,"21.0285,105.8542",100.5
2024-01-11 09:54:00,VIN-B2498,100.3,83.9,"10.9460,108.4419",87.0
2024-01-11 09:57:00,VIN-B2499,14.5,51.7,"20.8449,106.6881",76.6
2024-01-11 10:00:00,VIN-B2500,93.5,20.0,"11.9404,108.4583",74.6
