Timestamp,VIN,Speed,FuelLevel,Location,EngineTemp
2024-01-11 10:03:00,VIN-C0001,32.2,57.5,"10.0452,105.7469",71.3
2024-01-11 10:06:00,VIN-C0002,21.1,14.8,"20.8449,106.6881",108.2
2024-01-11 10:09:00,VIN-C0003,0.9,60.5,"16.0544,108.2022",77.5
2024-01-11 10:12:00,VIN-C0004,107.8,76.0,"10.8231,106.6297",73.8
2024-01-11 10:15:00,VIN-C0005,117.5,30.3,"20.8449,106.6881",80.7
2024-01-11 10:18:00,VIN-C0006,99.5,10.8,"10.8231,106.6297",104.7
2024-01-11 10:21:00,VIN-C0007,54.1,88.9,"10.8231,106.6297",106.9
2024-01-11 10:24:00,VIN-C0008,96.7,12.6,"10.0452,105.7469",87.8
2024-01-11 10:27:00,VIN-C0009,93.4,89.4,"10.8231,106.6297",107.7
2024-01-11 10:30:00,VIN-C0010,34.9,23.8,"16.0544,108.2022",86.5
2024-01-11 10:33:00,VIN-C0011,55.1,29.1,"12.2388,109.1967",85.1
2024-01-11 10:36:00,VIN-C0012,26.9,15.7,"10.9460,108.4419",76.4
2024-01-11 10:39:00,VIN-C0013,33.4,47.1,"10.0452,105.7469",106.6
2024-01-11 10:42:00,VIN-C0014,0.6,26.1,"10.8231,106.6297",99.7
2024-01-11 10:45:00,VIN-C0015,90.7,35.9,"10.8231,106.6297",76.3
2024-01-11 10:48:00,VIN-C0016,42.0,74.2,"11.9404,108.4583",74.3
2024-01-11 10:51:00,VIN-C0017,72.4,75.1,"10.0452,105.7469",75.1
2024-01-11 10:54:00,VIN-C0018,84.1,99.2,"10.9460,108.4419",77.2
2024-01-11 10:57:00,VIN-C0019,103.3,20.2,"21.0285,105.8542",102.9
2024-01-11 11:00:00,VIN-C0020,26.7,67.0,"12.2388,109.1967",109.0
2024-01-11 11:03:00,VIN-C0021,67.6,45.8,"16.0544,108.2022",103.2
2024-01-11 11:06:00,VIN-C0022,86.2,48.0,"11.9404,108.4583",103.0
2024-01-11 11:09:00,VIN-C0023,54.4,20.8,"12.2388,109.1967",84.2
2024-01-11 11:12:00,VIN-C0024,24.6,51.5,"11.9404,108.4583",70.9
2024-01-11 11:15:00,VIN-C0025,86.7,53.0,"20.8449,106.6881",82.1
2024-01-11 11:18:00,VIN-C0026,0.3,76.1,"11.9404,108.4583",100.1
2024-01-11 11:21:00,VIN-C0027,101.6,7.1,"10.8231,106.6297",91.8
2024-01-11 11:24:00,VIN-C0028,79.8,92.6,"16.0544,108.2022",93.8
2024-01-11 11:27:00,VIN-C0029,19.9,78.3,"11.9404,108.4583",101.1
2024-01-11 11:30:00,VIN-C0030,113.3,88.8,"10.0452,105.7469",94.8
2024-01-11 11:33:00,VIN-C0031,33.5,56.5,"10.8231,106.6297",93.4
2024-01-11 11:36:00,VIN-C0032,20.8,19.9,"10.0452,105.7469",79.9
2024-01-11 11:39:00,VIN-C0033,20.8,96.0,"10.0452,105.7469",84.3
2024-01-11 11:42:00,VIN-C0034,4.9,81.9,"11.9404,108.4583",83.8
2024-01-11 11:45:00,VIN-C0035,116.8,15.8,"10.0452,105.7469",109.6
2024-01-11 11:48:00,VIN-C0036,34.0,80.6,"10.8231,106.6297",79.0
2024-01-11 11:51:00,VIN-C0037,48.6,52.9,"12.2388,109.1967",97.8
2024-01-11 11:54:00,VIN-C0038,25.0,23.4,"10.0452,105.7469",77.7
2024-01-11 11:57:00,VIN-C0039,19.5,85.7,"20.8449,106.6881",106.8
2024-01-11 12:00:00,VIN-C0040,71.1,17.6,"10.8231,106.6297",83.9
2024-01-11 12:03:00,VIN-C0041,89.6,56.1,"10.0452,105.7469",74.9
2024-01-11 12:06:00,VIN-C0042,99.8,79.9,"12.2388,109.1967",73.6
2024-01-11 12:09:00,VIN-C0043,105.6,10.5,"11.9404,108.4583",100.1
2024-01-11 12:12:00,VIN-C0044,47.1,91.2,"16.0544,108.2022",108.1
2024-01-11 12:15:00,VIN-C0045,14.1,28.1,"10.9460,108.4419",86.1
2024-01-11 12:18:00,VIN-C0046,9.0,48.7,"11.9404,108.4583",81.1
2024-01-11 12:21:00,VIN-C0047,7.9,6.4,"16.0544,108.2022",93.8
2024-01-11 12:24:00,VIN-C0048,104.0,65.9,"10.0452,105.7469",106.1
2024-01-11 12:27:00,VIN-C0049,41.0,98.7,"21.0285,105.8542",93.4
2024-01-11 12:30:00,VIN-C0050,21.7,47.4,"10.0452,105.7469",74.0
2024-01-11 12:33:00,VIN-C0051,44.7,73.6,"16.0544,108.2022",107.8
2024-01-11 12:36:00,VIN-C0052,102.6,31.0,"11.9404,108.4583",76.0
2024-01-11 12:39:00,VIN-C0053,102.4,64.8,"20.8449,106.6881",80.1
2024-01-11 12:42:00,VIN-C0054,12.3,91.0,"10.8231,106.6297",105.6
2024-01-11 12:45:00,VIN-C0055,51.1,47.6,"10.0452,105.7469",71.1
2024-01-11 12:48:00,VIN-C0056,68.5,20.0,"12.2388,109.1967",82.6
2024-01-11 12:51:00,VIN-C0057,16.5,10.8,"16.0544,108.2022",98.2
2024-01-11 12:54:00,VIN-C0058,7.5,70.7,"11.9404,108.4583",84.2
2024-01-11 12:57:00,VIN-C0059,38.1,30.7,"16.0544,108.2022",74.0
2024-01-11 13:00:00,VIN-C0060,76.8,33.5,"10.8231,106.6297",90.7
2024-01-11 13:03:00,VIN-C0061,53.0,92.1,"10.9460,108.4419",95.5
2024-01-11 13:06:00,VIN-C0062,31.3,62.5,"16.0544,108.2022",85.0
2024-01-11 13:09:00,VIN-C0063,88.9,86.7,"16.0544,108.2022",108.8
2024-01-11 13:12:00,VIN-C0064,60.2,27.4,"12.2388,109.1967",95.1
2024-01-11 13:15:00,VIN-C0065,81.0,71.5,"21.0285,105.8542",93.6
2024-01-11 13:18:00,VIN-C0066,88.3,97.1,"12.2388,109.1967",100.9
2024-01-11 13:21:00,VIN-C0067,58.0,8.9,"10.9460,108.4419",95.4
2024-01-11 13:24:00,VIN-C0068,99.5,23.8,"10.0452,105.7469",105.2
2024-01-11 13:27:00,VIN-C0069,90.9,60.9,"20.8449,106.6881",84.2
2024-01-11 13:30:00,VIN-C0070,43.0,63.7,"10.8231,106.6297",76.6
2024-01-11 13:33:00,VIN-C0071,56.1,56.6,"12.2388,109.1967",108.4
2024-01-11 13:36:00,VIN-C0072,33.0,88.9,"11.9404,108.4583",95.5
2024-01-11 13:39:00,VIN-C0073,94.3,39.1,"10.0452,105.7469",103.2
2024-01-11 13:42:00,VIN-C0074,65.0,97.4,"11.9404,108.4583",98.0
2024-01-11 13:45:00,VIN-C0075,85.3,50.4,"20.8449,106.6881",101.5
2024-01-11 13:48:00,VIN-C0076,2.2,53.3,"20.8449,106.6881",89.3
2024-01-11 13:51:00,VIN-C0077,79.0,79.0,"11.9404,108.4583",82.2
2024-01-11 13:54:00,VIN-C0078,26.0,79.1,"11.9404,108.4583",99.5
2024-01-11 13:57:00,VIN-C0079,9.6,60.6,"16.0544,108.2022",92.2
2024-01-11 14:00:00,VIN-C0080,20.7,87.6,"10.8231,106.6297",100.2
2024-01-11 14:03:00,VIN-C0081,64.0,38.5,"20.8449,106.6881",76.7
2024-01-11 14:06:00,VIN-C0082,106.0,33.5,"16.0544,108.2022",92.1
2024-01-11 14:09:00,VIN-C0083,22.6,77.2,"16.0544,108.2022",95.8
2024-01-11 14:12:00,VIN-C0084,10.9,94.8,"16.0544,108.2022",79.8
2024-01-11 14:15:00,VIN-C0085,32.8,32.3,"16.0544,108.2022",93.8
2024-01-11 14:18:00,VIN-C0086,94.6,62.5,"20.8449,106.6881",85.8
2024-01-11 14:21:00,VIN-C0087,99.8,47.1,"16.0544,108.2022",86.4
2024-01-11 14:24:00,VIN-C0088,0.0,92.3,"11.9404,108.4583",103.1
2024-01-11 14:27:00,VIN-C0089,6.3,60.2,"20.8449,106.6881",77.8
2024-01-11 14:30:00,VIN-C0090,8.0,84.4,"10.8231,106.6297",70.8
2024-01-11 14:33:00,VIN-C0091,27.8,12.1,"21.0285,105.8542",93.0
2024-01-11 14:36:00,VIN-C0092,29.5,77.5,"16.0544,108.2022",75.4
2024-01-11 14:39:00,VIN-C0093,35.7,49.0,"21.0285,105.8542",108.0
2024-01-11 14:42:00,VIN-C0094,26.7,86.0,"10.8231,106.6297",86.8
2024-01-11 14:45:00,VIN-C0095,2.6,55.2,"10.9460,108.4419",89.4
2024-01-11 14:48:00,VIN-C0096,4.5,43.0,"20.8449,106.6881",74.4
2024-01-11 14:51:00,VIN-C0097,82.2,44.7,"10.8231,106.6297",89.0
2024-01-11 14:54:00,VIN-C0098,52.3,17.3,"12.2388,109.1967",78.7
2024-01-11 14:57:00,VIN-C0099,63.1,94.2,"10.8231,106.6297",70.6
2024-01-11 15:00:00,VIN-C0100,39.1,49.0,"10.0452,105.7469",80.9
2024-01-11 15:03:00,VIN-C0101,10.8,83.5,"16.0544,108.2022",104.3
2024-01-11 15:06:00,VIN-C0102,80.8,24.5,"10.0452,105.7469",101.5
2024-01-11 15:09:00,VIN-C0103,13.8,66.1,"12.2388,109.1967",81.3
2024-01-11 15:12:00,VIN-C0104,11.2,46.4,"16.0544,108.2022",107.5
2024-01-11 15:15:00,VIN-C0105,85.8,42.0,"12.2388,109.1967",106.0
2024-01-11 15:18:00,VIN-C0106,34.5,92.0,"10.0452,105.7469",88.4
2024-01-11 15:21:00,VIN-C0107,55.7,67.6,"20.8449,106.6881",90.9
2024-01-11 15:24:00,VIN-C0108,57.2,44.9,"10.8231,106.6297",86.9
2024-01-11 15:27:00,VIN-C0109,83.1,80.1,"12.2388,109.1967",77.2
2024-01-11 15:30:00,VIN-C0110,117.0,82.8,"20.8449,106.6881",102.4
2024-01-11 15:33:00,VIN-C0111,56.8,86.5,"21.0285,105.8542",90.5
2024-01-11 15:36:00,VIN-C0112,53.0,99.8,"10.9460,108.4419",94.8
2024-01-11 15:39:00,VIN-C0113,67.8,21.4,"16.0544,108.2022",71.6
2024-01-11 15:42:00,VIN-C0114,20.2,58.2,"10.9460,108.4419",82.3
2024-01-11 15:45:00,VIN-C0115,92.6,12.4,"10.9460,108.4419",76.7
2024-01-11 15:48:00,VIN-C0116,32.2,45.7,"11.9404,108.4583",101.8
2024-01-11 15:51:00,VIN-C0117,60.1,41.9,"12.2388,109.1967",87.9
2024-01-11 15:54:00,VIN-C0118,91.3,6.0,"11.9404,108.4583",105.0
2024-01-11 15:57:00,VIN-C0119,92.7,40.1,"10.0452,105.7469",85.1
2024-01-11 16:00:00,VIN-C0120,91.3,44.7,"10.8231,106.6297",81.2
2024-01-11 16:03:00,VIN-C0121,56.1,23.8,"20.8449,106.6881",99.4
2024-01-11 16:06:00,VIN-C0122,31.9,67.0,"10.8231,106.6297",93.8
2024-01-11 16:09:00,VIN-C0123,27.3,88.1,"11.9404,108.4583",89.3
2024-01-11 16:12:00,VIN-C0124,113.2,21.6,"20.8449,106.6881",99.0
2024-01-11 16:15:00,VIN-C0125,28.1,79.1,"10.8231,106.6297",103.4
2024-01-11 16:18:00,VIN-C0126,3.9,79.2,"10.9460,108.4419",91.3
2024-01-11 16:21:00,VIN-C0127,31.4,45.6,"12.2388,109.1967",89.5
2024-01-11 16:24:00,VIN-C0128,77.7,44.0,"21.0285,105.8542",81.7
2024-01-11 16:27:00,VIN-C0129,54.7,95.8,"12.2388,109.1967",81.0
2024-01-11 16:30:00,VIN-C0130,54.8,42.6,"20.8449,106.6881",73.3
2024-01-11 16:33:00,VIN-C0131,90.3,85.1,"11.9404,108.4583",105.1
2024-01-11 16:36:00,VIN-C0132,30.8,44.3,"10.9460,108.4419",75.3
2024-01-11 16:39:00,VIN-C0133,105.2,76.7,"20.8449,106.6881",92.1
2024-01-11 16:42:00,VIN-C0134,97.1,96.6,"21.0285,105.8542",84.7
2024-01-11 16:45:00,VIN-C0135,35.6,70.9,"11.9404,108.4583",102.7
2024-01-11 16:48:00,VIN-C0136,89.6,59.3,"10.8231,106.6297",76.0
2024-01-11 16:51:00,VIN-C0137,57.0,71.1,"21.0285,105.8542",70.4
2024-01-11 16:54:00,VIN-C0138,62.0,36.8,"10.9460,108.4419",96.0
2024-01-11 16:57:00,VIN-C0139,100.5,41.6,"12.2388,109.1967",109.1
2024-01-11 17:00:00,VIN-C0140,43.6,76.5,"20.8449,106.6881",71.3
2024-01-11 17:03:00,VIN-C0141,107.9,26.6,"10.0452,105.7469",87.8
2024-01-11 17:06:00,VIN-C0142,109.8,61.3,"10.0452,105.7469",78.5
2024-01-11 17:09:00,VIN-C0143,47.6,66.2,"10.0452,105.7469",70.9
2024-01-11 17:12:00,VIN-C0144,48.5,71.6,"21.0285,105.8542",91.9
2024-01-11 17:15:00,VIN-C0145,16.3,74.8,"20.8449,106.6881",86.4
2024-01-11 17:18:00,VIN-C0146,102.9,91.6,"12.2388,109.1967",101.0
2024-01-11 17:21:00,VIN-C0147,73.7,78.3,"10.9460,108.4419",90.3
2024-01-11 17:24:00,VIN-C0148,60.8,36.3,"11.9404,108.4583",97.1
2024-01-11 17:27:00,VIN-C0149,97.0,9.4,"10.9460,108.4419",100.1
2024-01-11 17:30:00,VIN-C0150,68.7,24.4,"16.0544,108.2022",97.9
2024-01-11 17:33:00,VIN-C0151,83.2,87.5,"10.9460,108.4419",109.5
2024-01-11 17:36:00,VIN-C0152,2.9,85.2,"11.9404,108.4583",103.9
2024-01-11 17:39:00,VIN-C0153,101.3,65.5,"16.0544,108.2022",75.6
2024-01-11 17:42:00,VIN-C0154,14.2,48.3,"12.2388,109.1967",95.9
2024-01-11 17:45:00,VIN-C0155,67.3,77.7,"21.0285,105.8542",91.8
2024-01-11 17:48:00,VIN-C0156,48.2,73.7,"10.8231,106.6297",86.3
2024-01-11 17:51:00,VIN-C0157,24.7,84.7,"21.0285,105.8542",86.1
2024-01-11 17:54:00,VIN-C0158,19.5,93.4,"10.8231,106.6297",89.0
2024-01-11 17:57:00,VIN-C0159,113.2,60.1,"16.0544,108.2022",100.7
2024-01-11 18:00:00,VIN-C0160,61.1,63.5,"16.0544,108.2022",89.6
2024-01-11 18:03:00,VIN-C0161,67.4,44.8,"11.9404,108.4583",108.6
2024-01-11 18:06:00,VIN-C0162,92.3,78.4,"10.0452,105.7469",88.5
2024-01-11 18:09:00,VIN-C0163,54.9,91.9,"10.8231,106.6297",91.4
2024-01-11 18:12:00,VIN-C0164,98.7,34.3,"12.2388,109.1967",76.9
2024-01-11 18:15:00,VIN-C0165,70.5,20.0,"10.0452,105.7469",98.7
2024-01-11 18:18:00,VIN-C0166,71.0,70.3,"10.0452,105.7469",108.9
2024-01-11 18:21:00,VIN-C0167,10.5,78.3,"11.9404,108.4583",82.1
2024-01-11 18:24:00,VIN-C0168,118.7,62.1,"10.8231,106.6297",74.5
2024-01-11 18:27:00,VIN-C0169,43.1,58.7,"20.8449,106.6881",88.0
2024-01-11 18:30:00,VIN-C0170,119.3,61.9,"21.0285,105.8542",94.7
2024-01-11 18:33:00,VIN-C0171,98.3,46.7,"10.8231,106.6297",84.7
2024-01-11 18:36:00,VIN-C0172,119.5,55.4,"12.2388,109.1967",79.3
2024-01-11 18:39:00,VIN-C0173,109.5,75.5,"12.2388,109.1967",96.3
2024-01-11 18:42:00,VIN-C0174,29.4,10.2,"16.0544,108.2022",101.3
2024-01-11 18:45:00,VIN-C0175,83.2,83.1,"21.0285,105.8542",88.6
2024-01-11 18:48:00,VIN-C0176,64.7,44.4,"10.8231,106.6297",85.5
2024-01-11 18:51:00,VIN-C0177,45.2,65.9,"10.0452,105.7469",97.1
2024-01-11 18:54:00,VIN-C0178,41.2,66.3,"10.8231,106.6297",74.1
2024-01-11 18:57:00,VIN-C0179,78.1,29.0,"16.0544,108.2022",106.1
2024-01-11 19:00:00,VIN-C0180,78.5,13.8,"10.8231,106.6297",78.0
2024-01-11 19:03:00,VIN-C0181,53.9,9.4,"10.9460,108.4419",72.2
2024-01-11 19:06:00,VIN-C0182,71.9,19.8,"12.2388,109.1967",71.7
2024-01-11 19:09:00,VIN-C0183,105.6,24.3,"10.8231,106.6297",90.7
2024-01-11 19:12:00,VIN-C0184,107.8,96.3,"21.0285,105.8542",88.2
2024-01-11 19:15:00,VIN-C0185,48.3,55.2,"20.8449,106.6881",92.0
2024-01-11 19:18:00,VIN-C0186,78.2,78.2,"12.2388,109.1967",103.7
2024-01-11 19:21:00,VIN-C0187,39.1,94.9,"10.8231,106.6297",88.3
2024-01-11 19:24:00,VIN-C0188,62.0,67.7,"11.9404,108.4583",108.1
2024-01-11 19:27:00,VIN-C0189,22.1,66.5,"12.2388,109.1967",73.6
2024-01-11 19:30:00,VIN-C0190,50.3,5.2,"21.0285,105.8542",98.8
2024-01-11 19:33:00,VIN-C0191,106.1,41.6,"21.0285,105.8542",76.9
2024-01-11 19:36:00,VIN-C0192,56.7,42.2,"10.8231,106.6297",92.3
2024-01-11 19:39:00,VIN-C0193,63.6,84.9,"10.0452,105.7469",95.0
2024-01-11 19:42:00,VIN-C0194,54.8,65.4,"16.0544,108.2022",109.8
2024-01-11 19:45:00,VIN-C0195,50.6,68.9,"12.2388,109.1967",81.2
2024-01-11 19:48:00,VIN-C0196,26.2,81.3,"20.8449,106.6881",95.2
2024-01-11 19:51:00,VIN-C0197,22.1,29.0,"10.9460,108.4419",106.0
2024-01-11 19:54:00,VIN-C0198,9.7,6.0,"12.2388,109.1967",102.4
2024-01-11 19:57:00,VIN-C0199,111.7,18.5,"16.0544,108.2022",96.3
2024-01-11 20:00:00,VIN-C0200,44.9,43.7,"10.8231,106.6297",93.4
2024-01-11 20:03:00,VIN-C0201,112.7,19.8,"10.0452,105.7469",88.3
2024-01-11 20:06:00,VIN-C0202,29.8,22.4,"12.2388,109.1967",92.8
2024-01-11 20:09:00,VIN-C0203,48.6,82.6,"10.8231,106.6297",80.0
2024-01-11 20:12:00,VIN-C0204,45.2,77.3,"10.8231,106.6297",75.3
2024-01-11 20:15:00,VIN-C0205,90.5,28.0,"11.9404,108.4583",75.3
2024-01-11 20:18:00,VIN-C0206,91.8,70.5,"10.8231,106.6297",84.1
2024-01-11 20:21:00,VIN-C0207,26.7,77.6,"12.2388,109.1967",90.0
2024-01-11 20:24:00,VIN-C0208,9.5,55.6,"10.9460,108.4419",101.6
2024-01-11 20:27:00,VIN-C0209,93.5,31.4,"10.8231,106.6297",108.8
2024-01-11 20:30:00,VIN-C0210,104.8,83.6,"12.2388,109.1967",103.6
2024-01-11 20:33:00,VIN-C0211,107.9,56.9,"21.0285,105.8542",84.1
2024-01-11 20:36:00,VIN-C0212,86.0,47.9,"10.9460,108.4419",80.0
2024-01-11 20:39:00,VIN-C0213,44.3,94.2,"20.8449,106.6881",86.4
2024-01-11 20:42:00,VIN-C0214,119.9,96.3,"10.0452,105.7469",87.1
2024-01-11 20:45:00,VIN-C0215,45.7,81.6,"20.8449,106.6881",81.3
2024-01-11 20:48:00,VIN-C0216,8.8,40.4,"12.2388,109.1967",92.7
2024-01-11 20:51:00,VIN-C0217,58.2,91.6,"16.0544,108.2022",75.4
2024-01-11 20:54:00,VIN-C0218,6.1,29.4,"20.8449,106.6881",77.4
2024-01-11 20:57:00,VIN-C0219,115.3,58.5,"16.0544,108.2022",70.4
2024-01-11 21:00:00,VIN-C0220,50.0,11.9,"10.9460,108.4419",107.9
2024-01-11 21:03:00,VIN-C0221,68.3,43.8,"10.0452,105.7469",105.7
2024-01-11 21:06:00,VIN-C0222,45.2,98.6,"16.0544,108.2022",93.5
2024-01-11 21:09:00,VIN-C0223,88.5,80.2,"10.0452,105.7469",78.6
2024-01-11 21:12:00,VIN-C0224,90.2,74.8,"20.8449,106.6881",92.2
2024-01-11 21:15:00,VIN-C0225,55.7,52.1,"16.0544,108.2022",84.9
2024-01-11 21:18:00,VIN-C0226,93.7,6.2,"21.0285,105.8542",79.9
2024-01-11 21:21:00,VIN-C0227,63.0,9.6,"12.2388,109.1967",105.8
2024-01-11 21:24:00,VIN-C0228,97.6,14.1,"10.0452,105.7469",94.1
2024-01-11 21:27:00,VIN-C0229,89.5,97.7,"21.0285,105.8542",76.2
2024-01-11 21:30:00,VIN-C0230,15.1,5.9,"10.8231,106.6297",105.9
2024-01-11 21:33:00,VIN-C0231,34.8,9.7,"10.9460,108.4419",107.2
2024-01-11 21:36:00,VIN-C0232,17.6,63.6,"21.0285,105.8542",108.3
2024-01-11 21:39:00,VIN-C0233,36.6,66.9,"10.0452,105.7469",104.1
2024-01-11 21:42:00,VIN-C0234,104.5,74.5,"21.0285,105.8542",78.7
2024-01-11 21:45:00,VIN-C0235,14.2,24.4,"10.9460,108.4419",82.9
2024-01-11 21:48:00,VIN-C0236,108.1,85.1,"10.9460,108.4419",75.3
2024-01-11 21:51:00,VIN-C0237,71.0,56.3,"11.9404,108.4583",103.3
2024-01-11 21:54:00,VIN-C0238,46.0,20.2,"16.0544,108.2022",81.9
2024-01-11 21:57:00,VIN-C0239,1.4,64.0,"16.0544,108.2022",72.2
2024-01-11 22:00:00,VIN-C0240,21.9,37.0,"10.0452,105.7469",71.2
2024-01-11 22:03:00,VIN-C0241,111.9,99.4,"20.8449,106.6881",94.3
2024-01-11 22:06:00,VIN-C0242,96.0,64.1,"12.2388,109.1967",92.3
2024-01-11 22:09:00,VIN-C0243,74.5,16.9,"10.8231,106.6297",96.0
2024-01-11 22:12:00,VIN-C0244,102.9,43.2,"16.0544,108.2022",105.2
2024-01-11 22:15:00,VIN-C0245,10.2,67.6,"10.0452,105.7469",95.1
2024-01-11 22:18:00,VIN-C0246,0.3,63.5,"20.8449,106.6881",74.0
2024-01-11 22:21:00,VIN-C0247,63.1,59.3,"10.9460,108.4419",76.1
2024-01-11 22:24:00,VIN-C0248,91.7,92.0,"12.2388,109.1967",104.0
2024-01-11 22:27:00,VIN-C0249,0.8,28.6,"12.2388,109.1967",89.6
2024-01-11 22:30:00,VIN-C0250,14.5,20.5,"10.0452,105.7469",108.6
2024-01-11 22:33:00,VIN-C0251,78.8,50.8,"11.9404,108.4583",104.0
2024-01-11 22:36:00,VIN-C0252,11.6,9.9,"10.9460,108.4419",89.8
2024-01-11 22:39:00,VIN-C0253,77.1,12.0,"11.9404,108.4583",72.5
2024-01-11 22:42:00,VIN-C0254,50.3,77.0,"16.0544,108.2022",108.6
2024-01-11 22:45:00,VIN-C0255,17.6,36.7,"21.0285,105.8542",93.6
2024-01-11 22:48:00,VIN-C0256,61.9,23.4,"10.9460,108.4419",71.6
2024-01-11 22:51:00,VIN-C0257,35.8,22.5,"12.2388,109.1967",104.1
2024-01-11 22:54:00,VIN-C0258,37.3,85.4,"12.2388,109.1967",92.0
2024-01-11 22:57:00,VIN-C0259,0.0,30.7,"20.8449,106.6881",71.0
2024-01-11 23:00:00,VIN-C0260,90.0,55.8,"16.0544,108.2022",101.0
2024-01-11 23:03:00,VIN-C0261,37.8,11.2,"10.8231,106.6297",97.7
2024-01-11 23:06:00,VIN-C0262,56.5,35.5,"21.0285,105.8542",101.5
2024-01-11 23:09:00,VIN-C0263,75.6,97.9,"11.9404,108.4583",73.6
2024-01-11 23:12:00,VIN-C0264,83.4,96.3,"16.0544,108.2022",104.6
2024-01-11 23:15:00,VIN-C0265,71.2,12.5,"11.9404,108.4583",85.3
2024-01-11 23:18:00,VIN-C0266,116.6,8.5,"21.0285,105.8542",92.3
2024-01-11 23:21:00,VIN-C0267,42.5,5.1,"11.9404,108.4583",91.8
2024-01-11 23:24:00,VIN-C0268,9.5,75.0,"21.0285,105.8542",82.8
2024-01-11 23:27:00,VIN-C0269,100.2,29.8,"20.8449,106.6881",96.8
2024-01-11 23:30:00,VIN-C0270,29.9,68.3,"20.8449,106.6881",71.9
2024-01-11 23:33:00,VIN-C0271,59.0,49.9,"10.8231,106.6297",81.4
2024-01-11 23:36:00,VIN-C0272,70.5,89.8,"10.8231,106.6297",98.7
2024-01-11 23:39:00,VIN-C0273,38.3,34.6,"12.2388,109.1967",109.4
2024-01-11 23:42:00,VIN-C0274,119.3,28.6,"16.0544,108.2022",77.1
2024-01-11 23:45:00,VIN-C0275,96.5,7.3,"10.0452,105.7469",93.5
2024-01-11 23:48:00,VIN-C0276,47.2,20.2,"10.8231,106.6297",79.5
2024-01-11 23:51:00,VIN-C0277,44.6,83.0,"20.8449,106.6881",97.4
2024-01-11 23:54:00,VIN-C0278,33.4,97.3,"10.8231,106.6297",96.4
2024-01-11 23:57:00,VIN-C0279,64.1,6.2,"20.8449,106.6881",82.9
2024-01-12 00:00:00,VIN-C0280,73.0,37.1,"20.8449,106.6881",81.3
2024-01-12 00:03:00,VIN-C0281,52.5,62.0,"10.0452,105.7469",98.9
2024-01-12 00:06:00,VIN-C0282,41.1,44.7,"10.0452,105.7469",72.2
2024-01-12 00:09:00,VIN-C0283,22.8,98.6,"12.2388,109.1967",80.5
2024-01-12 00:12:00,VIN-C0284,2.5,91.2,"10.8231,106.6297",100.5
2024-01-12 00:15:00,VIN-C0285,100.9,51.3,"10.9460,108.4419",109.7
2024-01-12 00:18:00,VIN-C0286,5.1,21.0,"21.0285,105.8542",94.0
2024-01-12 00:21:00,VIN-C0287,73.8,56.4,"12.2388,109.1967",104.6
2024-01-12 00:24:00,VIN-C0288,9.5,24.0,"16.0544,108.2022",102.4
2024-01-12 00:27:00,VIN-C0289,45.4,14.1,"12.2388,109.1967",92.1
2024-01-12 00:30:00,VIN-C0290,67.3,37.6,"20.8449,106.6881",79.6
2024-01-12 00:33:00,VIN-C0291,79.0,15.6,"20.8449,106.6881",71.3
2024-01-12 00:36:00,VIN-C0292,119.3,80.9,"16.0544,108.2022",75.9
2024-01-12 00:39:00,VIN-C0293,37.6,62.1,"10.9460,108.4419",97.1
2024-01-12 00:42:00,VIN-C0294,57.1,95.4,"11.9404,108.4583",98.4
2024-01-12 00:45:00,VIN-C0295,35.6,74.0,"10.8231,106.6297",104.5
2024-01-12 00:48:00,VIN-C0296,81.5,69.5,"16.0544,108.2022",106.7
2024-01-12 00:51:00,VIN-C0297,107.4,12.6,"21.0285,105.8542",81.6
2024-01-12 00:54:00,VIN-C0298,89.5,83.2,"11.9404,108.4583",99.2
2024-01-12 00:57:00,VIN-C0299,69.2,45.0,"10.9460,108.4419",102.2
2024-01-12 01:00:00,VIN-C0300,119.7,17.6,"20.8449,106.6881",77.2
2024-01-12 01:03:00,VIN-C0301,39.2,77.1,"20.8449,106.6881",106.9
2024-01-12 01:06:00,VIN-C0302,43.6,97.7,"16.0544,108.2022",100.0
2024-01-12 01:09:00,VIN-C0303,8.8,55.8,"10.8231,106.6297",75.2
2024-01-12 01:12:00,VIN-C0304,58.3,57.8,"10.9460,108.4419",70.2
2024-01-12 01:15:00,VIN-C0305,108.8,54.1,"10.8231,106.6297",83.2
2024-01-12 01:18:00,VIN-C0306,97.5,42.4,"10.8231,106.6297",85.8
2024-01-12 01:21:00,VIN-C0307,28.6,83.8,"11.9404,108.4583",71.8
2024-01-12 01:24:00,VIN-C0308,87.7,89.3,"21.0285,105.8542",95.9
2024-01-12 01:27:00,VIN-C0309,51.5,84.6,"21.0285,105.8542",70.4
2024-01-12 01:30:00,VIN-C0310,26.0,9.2,"21.0285,105.8542",109.5
2024-01-12 01:33:00,VIN-C0311,7.0,75.4,"10.8231,106.6297",75.7
2024-01-12 01:36:00,VIN-C0312,16.2,62.8,"11.9404,108.4583",76.3
2024-01-12 01:39:00,VIN-C0313,24.0,94.6,"11.9404,108.4583",92.7
2024-01-12 01:42:00,VIN-C0314,83.5,39.8,"21.0285,105.8542",93.0
2024-01-12 01:45:00,VIN-C0315,98.9,97.1,"10.8231,106.6297",72.0
2024-01-12 01:48:00,VIN-C0316,86.0,45.9,"16.0544,108.2022",104.5
2024-01-12 01:51:00,VIN-C0317,55.6,92.1,"10.9460,108.4419",107.4
2024-01-12 01:54:00,VIN-C0318,79.4,29.5,"12.2388,109.1967",109.3
2024-01-12 01:57:00,VIN-C0319,70.9,18.0,"11.9404,108.4583",81.4
2024-01-12 02:00:00,VIN-C0320,66.8,62.5,"12.2388,109.1967",107.0
2024-01-12 02:03:00,VIN-C0321,27.0,13.6,"10.8231,106.6297",95.2
2024-01-12 02:06:00,VIN-C0322,14.5,57.1,"20.8449,106.6881",83.9
2024-01-12 02:09:00,VIN-C0323,42.0,25.1,"12.2388,109.1967",100.5
2024-01-12 02:12:00,VIN-C0324,47.8,43.6,"16.0544,108.2022",93.9
2024-01-12 02:15:00,VIN-C0325,82.3,19.2,"10.9460,108.4419",94.7
2024-01-12 02:18:00,VIN-C0326,6.3,71.4,"20.8449,106.6881",70.5
2024-01-12 02:21:00,VIN-C0327,116.3,43.8,"20.8449,106.6881",103.6
2024-01-12 02:24:00,VIN-C0328,37.2,45.2,"10.9460,108.4419",70.4
2024-01-12 02:27:00,VIN-C0329,53.9,65.8,"20.8449,106.6881",106.1
2024-01-12 02:30:00,VIN-C0330,48.7,17.5,"11.9404,108.4583",102.0
2024-01-12 02:33:00,VIN-C0331,7.5,52.9,"10.8231,106.6297",72.8
2024-01-12 02:36:00,VIN-C0332,114.6,69.7,"21.0285,105.8542",87.6
2024-01-12 02:39:00,VIN-C0333,81.5,65.3,"21.0285,105.8542",86.9
2024-01-12 02:42:00,VIN-C0334,97.1,35.0,"10.8231,106.6297",83.9
2024-01-12 02:45:00,VIN-C0335,52.8,10.9,"16.0544,108.2022",77.2
2024-01-12 02:48:00,VIN-C0336,36.3,24.9,"11.9404,108.4583",82.3
2024-01-12 02:51:00,VIN-C0337,68.1,10.4,"20.8449,106.6881",108.7
2024-01-12 02:54:00,VIN-C0338,87.8,39.7,"21.0285,105.8542",97.2
2024-01-12 02:57:00,VIN-C0339,38.4,94.2,"10.9460,108.4419",93.3
2024-01-12 03:00:00,VIN-C0340,38.3,48.7,"21.0285,105.8542",100.3
2024-01-12 03:03:00,VIN-C0341,111.9,65.5,"20.8449,106.6881",87.4
2024-01-12 03:06:00,VIN-C0342,89.2,33.5,"20.8449,106.6881",93.2
2024-01-12 03:09:00,VIN-C0343,51.6,41.9,"21.0285,105.8542",92.1
2024-01-12 03:12:00,VIN-C0344,23.4,35.6,"10.9460,108.4419",80.6
2024-01-12 03:15:00,VIN-C0345,80.5,48.7,"10.8231,106.6297",85.0
2024-01-12 03:18:00,VIN-C0346,56.2,78.3,"10.0452,105.7469",109.8
2024-01-12 03:21:00,VIN-C0347,83.3,85.5,"21.0285,105.8542",91.7
2024-01-12 03:24:00,VIN-C0348,29.3,5.6,"21.0285,105.8542",92.5
2024-01-12 03:27:00,VIN-C0349,19.7,62.3,"20.8449,106.6881",89.6
2024-01-12 03:30:00,VIN-C0350,26.0,85.8,"16.0544,108.2022",97.6
2024-01-12 03:33:00,VIN-C0351,72.4,50.5,"16.0544,108.2022",78.4
2024-01-12 03:36:00,VIN-C0352,119.8,43.5,"12.2388,109.1967",71.6
2024-01-12 03:39:00,VIN-C0353,104.2,92.5,"11.9404,108.4583",79.6
2024-01-12 03:42:00,VIN-C0354,19.7,42.5,"10.9460,108.4419",85.0
2024-01-12 03:45:00,VIN-C0355,103.1,67.0,"12.2388,109.1967",76.6
2024-01-12 03:48:00,VIN-C0356,56.8,27.5,"16.0544,108.2022",79.0
2024-01-12 03:51:00,VIN-C0357,64.2,37.1,"16.0544,108.2022",71.9
2024-01-12 03:54:00,VIN-C0358,28.6,22.3,"21.0285,105.8542",80.1
2024-01-12 03:57:00,VIN-C0359,119.0,11.2,"10.0452,105.7469",79.1
2024-01-12 04:00:00,VIN-C0360,95.8,54.0,"12.2388,109.1967",75.5
2024-01-12 04:03:00,VIN-C0361,115.4,52.0,"21.0285,105.8542",94.2
2024-01-12 04:06:00,VIN-C0362,63.0,89.5,"10.8231,106.6297",102.0
2024-01-12 04:09:00,VIN-C0363,58.0,82.9,"21.0285,105.8542",83.1
2024-01-12 04:12:00,VIN-C0364,32.2,37.5,"20.8449,106.6881",72.3
2024-01-12 04:15:00,VIN-C0365,111.1,35.7,"21.0285,105.8542",78.1
2024-01-12 04:18:00,VIN-C0366,115.1,16.8,"10.8231,106.6297",98.7
2024-01-12 04:21:00,VIN-C0367,47.2,32.0,"10.0452,105.7469",78.5
2024-01-12 04:24:00,VIN-C0368,18.6,78.5,"20.8449,106.6881",109.7
2024-01-12 04:27:00,VIN-C0369,87.0,19.3,"16.0544,108.2022",89.7
2024-01-12 04:30:00,VIN-C0370,56.1,25.7,"21.0285,105.8542",86.6
2024-01-12 04:33:00,VIN-C0371,87.1,71.5,"10.8231,106.6297",108.2
2024-01-12 04:36:00,VIN-C0372,48.2,33.4,"10.9460,108.4419",71.1
2024-01-12 04:39:00,VIN-C0373,96.3,5.3,"11.9404,108.4583",72.1
2024-01-12 04:42:00,VIN-C0374,45.4,8.3,"11.9404,108.4583",76.8
2024-01-12 04:45:00,VIN-C0375,60.4,33.9,"12.2388,109.1967",73.4
2024-01-12 04:48:00,VIN-C0376,98.9,65.8,"12.2388,109.1967",99.1
2024-01-12 04:51:00,VIN-C0377,15.9,52.1,"10.8231,106.6297",97.0
2024-01-12 04:54:00,VIN-C0378,104.2,50.0,"11.9404,108.4583",90.3
2024-01-12 04:57:00,VIN-C0379,51.4,44.9,"11.9404,108.4583",92.8
2024-01-12 05:00:00,VIN-C0380,0.3,93.0,"16.0544,108.2022",70.6
2024-01-12 05:03:00,VIN-C0381,4.8,72.1,"10.0452,105.7469",102.2
2024-01-12 05:06:00,VIN-C0382,79.5,38.9,"20.8449,106.6881",105.3
2024-01-12 05:09:00,VIN-C0383,95.5,94.9,"21.0285,105.8542",81.3
2024-01-12 05:12:00,VIN-C0384,53.7,34.9,"10.9460,108.4419",95.8
2024-01-12 05:15:00,VIN-C0385,25.1,54.7,"10.0452,105.7469",109.2
2024-01-12 05:18:00,VIN-C0386,83.9,59.2,"10.9460,108.4419",99.9
2024-01-12 05:21:00,VIN-C0387,100.6,72.3,"21.0285,105.8542",80.3
2024-01-12 05:24:00,VIN-C0388,109.7,53.1,"10.8231,106.6297",93.6
2024-01-12 05:27:00,VIN-C0389,74.4,34.9,"11.9404,108.4583",70.6
2024-01-12 05:30:00,VIN-C0390,33.9,71.7,"10.0452,105.7469",75.7
2024-01-12 05:33:00,VIN-C0391,50.0,87.9,"12.2388,109.1967",78.7
2024-01-12 05:36:00,VIN-C0392,15.8,26.1,"12.2388,109.1967",105.7
2024-01-12 05:39:00,VIN-C0393,12.2,14.6,"21.0285,105.8542",96.4
2024-01-12 05:42:00,VIN-C0394,109.2,36.3,"12.2388,109.1967",92.5
2024-01-12 05:45:00,VIN-C0395,40.7,28.9,"10.8231,106.6297",98.0
2024-01-12 05:48:00,VIN-C0396,21.9,47.8,"16.0544,108.2022",75.5
2024-01-12 05:51:00,VIN-C0397,23.2,61.2,"12.2388,109.1967",107.6
2024-01-12 05:54:00,VIN-C0398,36.0,83.5,"16.0544,108.2022",83.6
2024-01-12 05:57:00,VIN-C0399,85.8,75.9,"10.9460,108.4419",72.6
2024-01-12 06:00:00,VIN-C0400,61.6,52.6,"16.0544,108.2022",106.4
2024-01-12 06:03:00,VIN-C0401,15.5,47.8,"10.9460,108.4419",72.3
2024-01-12 06:06:00,VIN-C0402,78.9,97.4,"12.2388,109.1967",72.7
2024-01-12 06:09:00,VIN-C0403,62.7,41.5,"21.0285,105.8542",109.5
2024-01-12 06:12:00,VIN-C0404,24.0,73.7,"11.9404,108.4583",86.0
2024-01-12 06:15:00,VIN-C0405,56.1,98.1,"12.2388,109.1967",85.7
2024-01-12 06:18:00,VIN-C0406,90.4,35.8,"20.8449,106.6881",97.5
2024-01-12 06:21:00,VIN-C0407,74.8,58.9,"20.8449,106.6881",77.7
2024-01-12 06:24:00,VIN-C0408,81.4,27.9,"10.8231,106.6297",104.3
2024-01-12 06:27:00,VIN-C0409,103.0,47.3,"10.0452,105.7469",85.8
2024-01-12 06:30:00,VIN-C0410,14.3,84.7,"10.8231,106.6297",93.0
2024-01-12 06:33:00,VIN-C0411,16.9,12.9,"20.8449,106.6881",75.3
2024-01-12 06:36:00,VIN-C0412,11.9,35.7,"11.9404,108.4583",99.3
2024-01-12 06:39:00,VIN-C0413,82.1,43.6,"12.2388,109.1967",83.2
2024-01-12 06:42:00,VIN-C0414,79.9,54.7,"20.8449,106.6881",82.9
2024-01-12 06:45:00,VIN-C0415,90.2,39.1,"10.9460,108.4419",84.1
2024-01-12 06:48:00,VIN-C0416,118.9,21.4,"10.9460,108.4419",87.2
2024-01-12 06:51:00,VIN-C0417,0.7,10.0,"10.9460,108.4419",83.5
2024-01-12 06:54:00,VIN-C0418,94.4,44.4,"16.0544,108.2022",81.6
2024-01-12 06:57:00,VIN-C0419,6.9,11.8,"20.8449,106.6881",84.1
2024-01-12 07:00:00,VIN-C0420,39.0,19.6,"12.2388,109.1967",104.5
2024-01-12 07:03:00,VIN-C0421,31.2,78.1,"10.9460,108.4419",107.3
2024-01-12 07:06:00,VIN-C0422,0.6,81.2,"10.0452,105.7469",78.1
2024-01-12 07:09:00,VIN-C0423,48.8,55.8,"20.8449,106.6881",70.7
2024-01-12 07:12:00,VIN-C0424,93.1,84.5,"10.9460,108.4419",104.7
2024-01-12 07:15:00,VIN-C0425,87.6,48.0,"10.0452,105.7469",86.3
2024-01-12 07:18:00,VIN-C0426,5.5,64.1,"12.2388,109.1967",76.2
2024-01-12 07:21:00,VIN-C0427,25.5,66.1,"10.8231,106.6297",76.9
2024-01-12 07:24:00,VIN-C0428,95.7,36.6,"10.8231,106.6297",91.6
2024-01-12 07:27:00,VIN-C0429,88.3,26.2,"12.2388,109.1967",99.9
2024-01-12 07:30:00,VIN-C0430,25.5,68.5,"10.8231,106.6297",93.4
2024-01-12 07:33:00,VIN-C0431,52.0,11.3,"10.9460,108.4419",93.9
2024-01-12 07:36:00,VIN-C0432,104.2,92.3,"10.9460,108.4419",75.4
2024-01-12 07:39:00,VIN-C0433,32.7,99.1,"12.2388,109.1967",74.4
2024-01-12 07:42:00,VIN-C0434,43.5,62.9,"10.8231,106.6297",82.0
2024-01-12 07:45:00,VIN-C0435,109.7,49.1,"11.9404,108.4583",100.1
2024-01-12 07:48:00,VIN-C0436,45.3,70.7,"12.2388,109.1967",109.5
2024-01-12 07:51:00,VIN-C0437,116.8,6.3,"11.9404,108.4583",89.9
2024-01-12 07:54:00,VIN-C0438,76.7,26.2,"12.2388,109.1967",97.1
2024-01-12 07:57:00,VIN-C0439,106.6,60.5,"10.8231,106.6297",75.6
2024-01-12 08:00:00,VIN-C0440,117.9,5.1,"12.2388,109.1967",80.8
2024-01-12 08:03:00,VIN-C0441,78.1,81.8,"10.8231,106.6297",102.1
2024-01-12 08:06:00,VIN-C0442,116.3,38.6,"16.0544,108.2022",83.3
2024-01-12 08:09:00,VIN-C0443,33.6,84.9,"10.8231,106.6297",88.7
2024-01-12 08:12:00,VIN-C0444,101.3,19.6,"10.0452,105.7469",73.9
2024-01-12 08:15:00,VIN-C0445,89.3,68.2,"10.9460,108.4419",81.4
2024-01-12 08:18:00,VIN-C0446,52.4,39.4,"11.9404,108.4583",108.2
2024-01-12 08:21:00,VIN-C0447,13.6,34.3,"20.8449,106.6881",99.5
2024-01-12 08:24:00,VIN-C0448,119.2,70.2,"16.0544,108.2022",78.1
2024-01-12 08:27:00,VIN-C0449,60.1,76.7,"16.0544,108.2022",103.6
2024-01-12 08:30:00,VIN-C0450,38.4,65.9,"20.8449,106.6881",97.9
2024-01-12 08:33:00,VIN-C0451,96.7,31.3,"20.8449,106.6881",76.4
2024-01-12 08:36:00,VIN-C0452,77.6,25.9,"20.8449,106.6881",71.2
2024-01-12 08:39:00,VIN-C0453,77.1,73.6,"20.8449,106.6881",98.7
2024-01-12 08:42:00,VIN-C0454,90.8,20.7,"20.8449,106.6881",103.5
2024-01-12 08:45:00,VIN-C0455,35.1,54.1,"21.0285,105.8542",104.0
2024-01-12 08:48:00,VIN-C0456,53.2,71.5,"20.8449,106.6881",86.1
2024-01-12 08:51:00,VIN-C0457,101.2,25.3,"21.0285,105.8542",84.9
2024-01-12 08:54:00,VIN-C0458,117.8,55.3,"21.0285,105.8542",88.7
2024-01-12 08:57:00,VIN-C0459,60.1,33.0,"16.0544,108.2022",105.5
2024-01-12 09:00:00,VIN-C0460,98.8,83.1,"12.2388,109.1967",86.6
2024-01-12 09:03:00,VIN-C0461,65.9,84.4,"20.8449,106.6881",107.1
2024-01-12 09:06:00,VIN-C0462,28.3,48.7,"16.0544,108.2022",78.8
2024-01-12 09:09:00,VIN-C0463,56.9,47.8,"10.8231,106.6297",109.2
2024-01-12 09:12:00,VIN-C0464,106.1,26.7,"10.8231,106.6297",71.4
2024-01-12 09:15:00,VIN-C0465,97.5,77.5,"20.8449,106.6881",82.7
2024-01-12 09:18:00,VIN-C0466,32.7,80.9,"10.9460,108.4419",72.2
2024-01-12 09:21:00,VIN-C0467,106.6,31.7,"10.9460,108.4419",109.4
2024-01-12 09:24:00,VIN-C0468,69.7,71.8,"21.0285,105.8542",95.1
2024-01-12 09:27:00,VIN-C0469,53.4,52.2,"11.9404,108.4583",78.1
2024-01-12 09:30:00,VIN-C0470,63.0,98.9,"10.8231,106.6297",103.7
2024-01-12 09:33:00,VIN-C0471,89.9,49.0,"21.0285,105.8542",84.1
2024-01-12 09:36:00,VIN-C0472,7.8,51.9,"10.8231,106.6297",92.3
2024-01-12 09:39:00,VIN-C0473,36.3,53.4,"20.8449,106.6881",76.7
2024-01-12 09:42:00,VIN-C0474,99.2,25.0,"12.2388,109.1967",92.0
2024-01-12 09:45:00,VIN-C0475,53.2,24.5,"10.8231,106.6297",104.4
2024-01-12 09:48:00,VIN-C0476,115.1,70.1,"20.8449,106.6881",73.2
2024-01-12 09:51:00,VIN-C0477,28.5,42.9,"21.0285,105.8542",77.2
2024-01-12 09:54:00,VIN-C0478,112.3,79.7,"10.8231,106.6297",95.3
2024-01-12 09:57:00,VIN-C0479,40.0,13.4,"21.0285,105.8542",76.2
2024-01-12 10:00:00,VIN-C0480,68.0,80.0,"20.8449,106.6881",103.9
2024-01-12 10:03:00,VIN-C0481,94.1,14.3,"16.0544,108.2022",102.6
2024-01-12 10:06:00,VIN-C0482,3.2,83.6,"10.8231,106.6297",106.6
2024-01-12 10:09:00,VIN-C0483,46.6,77.2,"10.8231,106.6297",104.9
2024-01-12 10:12:00,VIN-C0484,5.6,60.7,"10.0452,105.7469",89.2
2024-01-12 10:15:00,VIN-C0485,17.6,57.7,"20.8449,106.6881",92.1
2024-01-12 10:18:00,VIN-C0486,107.2,26.3,"20.8449,106.6881",96.5
2024-01-12 10:21:00,VIN-C0487,72.9,48.1,"10.8231,106.6297",79.7
2024-01-12 10:24:00,VIN-C0488,37.9,45.0,"11.9404,108.4583",88.4
2024-01-12 10:27:00,VIN-C0489,73.7,86.9,"10.0452,105.7469",109.9
2024-01-12 10:30:00,VIN-C0490,22.9,38.7,"10.9460,108.4419",70.5
2024-01-12 10:33:00,VIN-C0491,58.4,27.4,"21.0285,105.8542",100.6
2024-01-12 10:36:00,VIN-C0492,100.8,67.5,"10.0452,105.7469",74.0
2024-01-12 10:39:00,VIN-C0493,39.5,65.1,"11.9404,108.4583",87.6
2024-01-12 10:42:00,VIN-C0494,108.6,39.0,"21.0285,105.8542",91.0
2024-01-12 10:45:00,VIN-C0495,74.1,69.2,"10.0452,105.7469",90.7
2024-01-12 10:48:00,VIN-C0496,85.3,31.6,"10.8231,106.6297",82.4
2024-01-12 10:51:00,VIN-C0497,117.8,56.1,"21.0285,105.8542",108.9
2024-01-12 10:54:00,VIN-C0498,37.4,34.3,"10.9460,108.4419",108.0
2024-01-12 10:57:00,VIN-C0499,78.2,71.6,"16.0544,108.2022",107.4
2024-01-12 11:00:00,VIN-C0500,117.3,80.4,"10.8231,106.6297",77.9
2024-01-12 11:03:00,VIN-C0501,64.3,47.2,"11.9404,108.4583",95.1
2024-01-12 11:06:00,VIN-C0502,47.2,93.8,"21.0285,105.8542",99.7
2024-01-12 11:09:00,VIN-C0503,69.9,46.6,"10.9460,108.4419",94.7
2024-01-12 11:12:00,VIN-C0504,64.5,88.0,"16.0544,108.2022",79.3
2024-01-12 11:15:00,VIN-C0505,116.8,81.4,"12.2388,109.1967",84.3
2024-01-12 11:18:00,VIN-C0506,61.5,30.0,"10.9460,108.4419",93.0
2024-01-12 11:21:00,VIN-C0507,35.2,91.9,"10.0452,105.7469",102.8
2024-01-12 11:24:00,VIN-C0508,50.8,86.3,"12.2388,109.1967",102.6
2024-01-12 11:27:00,VIN-C0509,8.0,25.7,"16.0544,108.2022",94.5
2024-01-12 11:30:00,VIN-C0510,57.6,77.0,"10.0452,105.7469",104.7
2024-01-12 11:33:00,VIN-C0511,42.6,94.8,"11.9404,108.4583",88.1
2024-01-12 11:36:00,VIN-C0512,110.0,62.1,"16.0544,108.2022",96.5
2024-01-12 11:39:00,VIN-C0513,28.0,53.4,"10.0452,105.7469",98.4
2024-01-12 11:42:00,VIN-C0514,16.4,83.8,"11.9404,108.4583",92.4
2024-01-12 11:45:00,VIN-C0515,110.6,67.9,"16.0544,108.2022",109.8
2024-01-12 11:48:00,VIN-C0516,27.2,21.6,"21.0285,105.8542",85.0
2024-01-12 11:51:00,VIN-C0517,119.1,40.4,"11.9404,108.4583",95.1
2024-01-12 11:54:00,VIN-C0518,30.5,28.5,"20.8449,106.6881",101.9
2024-01-12 11:57:00,VIN-C0519,2.9,49.3,"10.0452,105.7469",82.0
2024-01-12 12:00:00,VIN-C0520,95.4,85.4,"12.2388,109.1967",85.6
2024-01-12 12:03:00,VIN-C0521,87.3,37.8,"11.9404,108.4583",91.8
2024-01-12 12:06:00,VIN-C0522,78.0,92.5,"10.9460,108.4419",80.7
2024-01-12 12:09:00,VIN-C0523,111.8,93.3,"21.0285,105.8542",87.0
2024-01-12 12:12:00,VIN-C0524,53.0,37.0,"16.0544,108.2022",105.9
2024-01-12 12:15:00,VIN-C0525,9.2,68.1,"20.8449,106.6881",92.6
2024-01-12 12:18:00,VIN-C0526,8.6,84.2,"12.2388,109.1967",105.6
2024-01-12 12:21:00,VIN-C0527,11.9,79.8,"12.2388,109.1967",103.5
2024-01-12 12:24:00,VIN-C0528,80.1,41.7,"10.8231,106.6297",98.2
2024-01-12 12:27:00,VIN-C0529,30.6,58.4,"10.9460,108.4419",102.4
2024-01-12 12:30:00,VIN-C0530,34.5,74.9,"16.0544,108.2022",93.7
2024-01-12 12:33:00,VIN-C0531,86.3,16.9,"20.8449,106.6881",81.5
2024-01-12 12:36:00,VIN-C0532,76.4,27.9,"10.0452,105.7469",100.8
2024-01-12 12:39:00,VIN-C0533,3.4,19.4,"11.9404,108.4583",108.8
2024-01-12 12:42:00,VIN-C0534,89.9,59.6,"20.8449,106.6881",98.3
2024-01-12 12:45:00,VIN-C0535,22.5,58.0,"10.0452,105.7469",86.6
2024-01-12 12:48:00,VIN-C0536,54.3,16.7,"20.8449,106.6881",109.6
2024-01-12 12:51:00,VIN-C0537,49.7,95.5,"10.8231,106.6297",75.6
2024-01-12 12:54:00,VIN-C0538,37.6,42.4,"10.0452,105.7469",81.1
2024-01-12 12:57:00,VIN-C0539,97.4,92.6,"16.0544,108.2022",101.7
2024-01-12 13:00:00,VIN-C0540,100.6,17.7,"10.0452,105.7469",80.7
2024-01-12 13:03:00,VIN-C0541,70.6,8.8,"10.0452,105.7469",99.0
2024-01-12 13:06:00,VIN-C0542,116.6,57.6,"20.8449,106.6881",89.5
2024-01-12 13:09:00,VIN-C0543,74.1,6.5,"10.9460,108.4419",104.6
2024-01-12 13:12:00,VIN-C0544,73.7,36.1,"12.2388,109.1967",81.0
2024-01-12 13:15:00,VIN-C0545,48.4,31.1,"10.8231,106.6297",94.7
2024-01-12 13:18:00,VIN-C0546,25.4,78.8,"11.9404,108.4583",72.5
2024-01-12 13:21:00,VIN-C0547,36.5,42.6,"11.9404,108.4583",87.4
2024-01-12 13:24:00,VIN-C0548,36.9,87.5,"20.8449,106.6881",102.5
2024-01-12 13:27:00,VIN-C0549,13.2,41.5,"10.9460,108.4419",100.1
2024-01-12 13:30:00,VIN-C0550,45.6,11.3,"11.9404,108.4583",99.4
2024-01-12 13:33:00,VIN-C0551,77.1,89.9,"11.9404,108.4583",84.2
2024-01-12 13:36:00,VIN-C0552,91.0,65.7,"10.9460,108.4419",97.4
2024-01-12 13:39:00,VIN-C0553,45.1,88.7,"21.0285,105.8542",81.9
2024-01-12 13:42:00,VIN-C0554,5.4,25.6,"11.9404,108.4583",70.1
2024-01-12 13:45:00,VIN-C0555,21.5,81.2,"11.9404,108.4583",72.5
2024-01-12 13:48:00,VIN-C0556,86.6,24.8,"12.2388,109.1967",101.2
2024-01-12 13:51:00,VIN-C0557,111.0,29.3,"20.8449,106.6881",89.2
2024-01-12 13:54:00,VIN-C0558,21.7,91.5,"10.0452,105.7469",92.9
2024-01-12 13:57:00,VIN-C0559,36.1,76.7,"10.0452,105.7469",72.6
2024-01-12 14:00:00,VIN-C0560,111.0,31.2,"21.0285,105.8542",85.0
2024-01-12 14:03:00,VIN-C0561,57.9,60.1,"10.0452,105.7469",76.0
2024-01-12 14:06:00,VIN-C0562,11.1,29.8,"10.9460,108.4419",91.0
2024-01-12 14:09:00,VIN-C0563,56.0,83.3,"10.0452,105.7469",72.5
2024-01-12 14:12:00,VIN-C0564,105.0,5.8,"10.8231,106.6297",93.3
2024-01-12 14:15:00,VIN-C0565,34.2,46.9,"20.8449,106.6881",87.0
2024-01-12 14:18:00,VIN-C0566,61.7,9.9,"11.9404,108.4583",90.1
2024-01-12 14:21:00,VIN-C0567,7.2,73.7,"10.9460,108.4419",108.6
2024-01-12 14:24:00,VIN-C0568,10.3,24.6,"21.0285,105.8542",83.0
2024-01-12 14:27:00,VIN-C0569,112.6,28.8,"20.8449,106.6881",89.3
2024-01-12 14:30:00,VIN-C0570,49.5,65.0,"10.8231,106.6297",89.4
2024-01-12 14:33:00,VIN-C0571,65.8,57.1,"21.0285,105.8542",71.8
2024-01-12 14:36:00,VIN-C0572,80.6,64.9,"11.9404,108.4583",86.9
2024-01-12 14:39:00,VIN-C0573,15.5,77.3,"10.8231,106.6297",86.3
2024-01-12 14:42:00,VIN-C0574,65.7,84.6,"16.0544,108.2022",104.5
2024-01-12 14:45:00,VIN-C0575,98.6,67.4,"10.0452,105.7469",107.0
2024-01-12 14:48:00,VIN-C0576,86.6,40.4,"12.2388,109.1967",77.2
2024-01-12 14:51:00,VIN-C0577,89.2,6.2,"10.8231,106.6297",72.1
2024-01-12 14:54:00,VIN-C0578,23.4,22.6,"20.8449,106.6881",105.0
2024-01-12 14:57:00,VIN-C0579,117.2,70.7,"11.9404,108.4583",106.4
2024-01-12 15:00:00,VIN-C0580,2.3,36.0,"16.0544,108.2022",76.7
2024-01-12 15:03:00,VIN-C0581,88.9,14.1,"16.0544,108.2022",71.1
2024-01-12 15:06:00,VIN-C0582,49.1,8.5,"11.9404,108.4583",73.0
2024-01-12 15:09:00,VIN-C0583,38.4,60.9,"16.0544,108.2022",70.8
2024-01-12 15:12:00,VIN-C0584,118.0,43.2,"10.0452,105.7469",78.2
2024-01-12 15:15:00,VIN-C0585,88.8,18.4,"16.0544,108.2022",104.1
2024-01-12 15:18:00,VIN-C0586,33.3,8.0,"11.9404,108.4583",79.3
2024-01-12 15:21:00,VIN-C0587,117.3,17.4,"16.0544,108.2022",71.9
2024-01-12 15:24:00,VIN-C0588,45.3,67.2,"21.0285,105.8542",108.4
2024-01-12 15:27:00,VIN-C0589,88.7,77.0,"21.0285,105.8542",74.6
2024-01-12 15:30:00,VIN-C0590,24.9,55.7,"10.0452,105.7469",78.9
2024-01-12 15:33:00,VIN-C0591,12.1,26.6,"16.0544,108.2022",84.5
2024-01-12 15:36:00,VIN-C0592,62.0,95.8,"21.0285,105.8542",101.9
2024-01-12 15:39:00,VIN-C0593,19.0,74.6,"12.2388,109.1967",83.4
2024-01-12 15:42:00,VIN-C0594,103.2,69.5,"11.9404,108.4583",75.0
2024-01-12 15:45:00,VIN-C0595,36.5,52.6,"12.2388,109.1967",100.9
2024-01-12 15:48:00,VIN-C0596,35.8,47.1,"10.8231,106.6297",76.9
2024-01-12 15:51:00,VIN-C0597,70.0,45.9,"10.0452,105.7469",80.7
2024-01-12 15:54:00,VIN-C0598,89.5,74.3,"11.9404,108.4583",79.9
2024-01-12 15:57:00,VIN-C0599,90.0,65.5,"10.9460,108.4419",95.0
2024-01-12 16:00:00,VIN-C0600,104.0,28.0,"11.9404,108.4583",77.1
2024-01-12 16:03:00,VIN-C0601,56.6,27.0,"20.8449,106.6881",103.4
2024-01-12 16:06:00,VIN-C0602,11.1,70.4,"20.8449,106.6881",109.3
2024-01-12 16:09:00,VIN-C0603,48.5,82.3,"21.0285,105.8542",80.7
2024-01-12 16:12:00,VIN-C0604,91.7,42.1,"16.0544,108.2022",84.8
2024-01-12 16:15:00,VIN-C0605,29.6,65.8,"10.8231,106.6297",94.8
2024-01-12 16:18:00,VIN-C0606,50.0,33.5,"12.2388,109.1967",88.9
2024-01-12 16:21:00,VIN-C0607,119.1,25.8,"20.8449,106.6881",104.0
2024-01-12 16:24:00,VIN-C0608,83.8,20.1,"10.9460,108.4419",101.1
2024-01-12 16:27:00,VIN-C0609,113.9,92.8,"20.8449,106.6881",87.4
2024-01-12 16:30:00,VIN-C0610,38.1,27.2,"10.0452,105.7469",92.4
2024-01-12 16:33:00,VIN-C0611,83.8,71.5,"20.8449,106.6881",75.1
2024-01-12 16:36:00,VIN-C0612,76.1,77.8,"11.9404,108.4583",99.9
2024-01-12 16:39:00,VIN-C0613,18.5,24.2,"20.8449,106.6881",89.8
2024-01-12 16:42:00,VIN-C0614,71.1,33.3,"11.9404,108.4583",89.0
2024-01-12 16:45:00,VIN-C0615,18.8,48.5,"20.8449,106.6881",108.0
2024-01-12 16:48:00,VIN-C0616,89.4,57.0,"10.0452,105.7469",83.0
2024-01-12 16:51:00,VIN-C0617,25.5,67.6,"20.8449,106.6881",91.9
2024-01-12 16:54:00,VIN-C0618,60.0,45.8,"10.8231,106.6297",86.5
2024-01-12 16:57:00,VIN-C0619,12.2,74.4,"16.0544,108.2022",81.8
2024-01-12 17:00:00,VIN-C0620,56.4,65.7,"21.0285,105.8542",86.6
2024-01-12 17:03:00,VIN-C0621,42.5,26.3,"21.0285,105.8542",74.1
2024-01-12 17:06:00,VIN-C0622,107.6,54.0,"10.0452,105.7469",97.8
2024-01-12 17:09:00,VIN-C0623,10.6,28.3,"10.9460,108.4419",102.3
2024-01-12 17:12:00,VIN-C0624,56.9,41.1,"10.9460,108.4419",97.6
2024-01-12 17:15:00,VIN-C0625,93.0,78.5,"21.0285,105.8542",81.0
2024-01-12 17:18:00,VIN-C0626,73.6,82.4,"10.8231,106.6297",92.2
2024-01-12 17:21:00,VIN-C0627,16.8,74.5,"10.0452,105.7469",74.7
2024-01-12 17:24:00,VIN-C0628,117.5,98.0,"20.8449,106.6881",101.4
2024-01-12 17:27:00,VIN-C0629,71.1,33.3,"10.9460,108.4419",85.9
2024-01-12 17:30:00,VIN-C0630,38.8,31.4,"16.0544,108.2022",99.9
2024-01-12 17:33:00,VIN-C0631,119.0,65.1,"20.8449,106.6881",103.7
2024-01-12 17:36:00,VIN-C0632,35.6,76.3,"10.0452,105.7469",106.7
2024-01-12 17:39:00,VIN-C0633,23.0,15.3,"16.0544,108.2022",99.9
2024-01-12 17:42:00,VIN-C0634,70.2,81.6,"12.2388,109.1967",70.5
2024-01-12 17:45:00,VIN-C0635,47.4,59.4,"21.0285,105.8542",109.7
2024-01-12 17:48:00,VIN-C0636,13.2,66.0,"20.8449,106.6881",98.7
2024-01-12 17:51:00,VIN-C0637,68.1,13.4,"20.8449,106.6881",88.1
2024-01-12 17:54:00,VIN-C0638,80.7,44.1,"10.0452,105.7469",78.7
2024-01-12 17:57:00,VIN-C0639,26.5,15.5,"21.0285,105.8542",108.2
2024-01-12 18:00:00,VIN-C0640,12.9,38.2,"10.8231,106.6297",74.5
2024-01-12 18:03:00,VIN-C0641,93.1,28.5,"12.2388,109.1967",99.3
2024-01-12 18:06:00,VIN-C0642,4.1,76.7,"10.0452,105.7469",79.1
2024-01-12 18:09:00,VIN-C0643,32.7,30.8,"10.9460,108.4419",106.7
2024-01-12 18:12:00,VIN-C0644,50.3,50.8,"10.0452,105.7469",108.3
2024-01-12 18:15:00,VIN-C0645,32.8,80.5,"12.2388,109.1967",71.8
2024-01-12 18:18:00,VIN-C0646,67.6,80.7,"12.2388,109.1967",73.5
2024-01-12 18:21:00,VIN-C0647,7.4,11.8,"20.8449,106.6881",89.7
2024-01-12 18:24:00,VIN-C0648,26.0,12.0,"12.2388,109.1967",106.3
2024-01-12 18:27:00,VIN-C0649,10.9,43.0,"12.2388,109.1967",93.1
2024-01-12 18:30:00,VIN-C0650,85.2,68.0,"21.0285,105.8542",100.9
2024-01-12 18:33:00,VIN-C0651,5.7,34.6,"16.0544,108.2022",105.7
2024-01-12 18:36:00,VIN-C0652,4.6,55.3,"20.8449,106.6881",104.1
2024-01-12 18:39:00,VIN-C0653,111.1,43.4,"10.8231,106.6297",99.9
2024-01-12 18:42:00,VIN-C0654,8.7,64.0,"10.8231,106.6297",79.9
2024-01-12 18:45:00,VIN-C0655,17.3,95.7,"10.0452,105.7469",80.3
2024-01-12 18:48:00,VIN-C0656,107.4,93.8,"12.2388,109.1967",92.1
2024-01-12 18:51:00,VIN-C0657,106.6,99.7,"10.0452,105.7469",82.8
2024-01-12 18:54:00,VIN-C0658,9.0,10.8,"10.9460,108.4419",92.6
2024-01-12 18:57:00,VIN-C0659,80.6,51.1,"21.0285,105.8542",78.2
2024-01-12 19:00:00,VIN-C0660,65.2,10.6,"11.9404,108.4583",101.5
2024-01-12 19:03:00,VIN-C0661,11.9,71.7,"21.0285,105.8542",101.6
2024-01-12 19:06:00,VIN-C0662,13.9,88.3,"21.0285,105.8542",93.3
2024-01-12 19:09:00,VIN-C0663,37.1,85.5,"10.8231,106.6297",109.9
2024-01-12 19:12:00,VIN-C0664,36.4,49.1,"10.8231,106.6297",76.5
2024-01-12 19:15:00,VIN-C0665,111.9,57.8,"21.0285,105.8542",81.6
2024-01-12 19:18:00,VIN-C0666,14.3,84.8,"10.9460,108.4419",104.0
2024-01-12 19:21:00,VIN-C0667,35.9,18.0,"10.9460,108.4419",107.4
2024-01-12 19:24:00,VIN-C0668,9.0,93.3,"10.0452,105.7469",108.8
2024-01-12 19:27:00,VIN-C0669,57.2,53.5,"10.9460,108.4419",85.2
2024-01-12 19:30:00,VIN-C0670,103.2,22.8,"21.0285,105.8542",79.6
2024-01-12 19:33:00,VIN-C0671,94.6,12.6,"10.9460,108.4419",82.1
2024-01-12 19:36:00,VIN-C0672,116.5,67.5,"20.8449,106.6881",74.9
2024-01-12 19:39:00,VIN-C0673,69.3,32.2,"10.0452,105.7469",95.7
2024-01-12 19:42:00,VIN-C0674,14.3,32.0,"10.8231,106.6297",73.0
2024-01-12 19:45:00,VIN-C0675,28.5,92.4,"10.0452,105.7469",83.3
2024-01-12 19:48:00,VIN-C0676,49.3,68.0,"16.0544,108.2022",85.5
2024-01-12 19:51:00,VIN-C0677,48.8,29.1,"11.9404,108.4583",83.5
2024-01-12 19:54:00,VIN-C0678,119.8,21.7,"10.9460,108.4419",99.6
2024-01-12 19:57:00,VIN-C0679,107.2,5.2,"11.9404,108.4583",81.3
2024-01-12 20:00:00,VIN-C0680,86.5,11.2,"10.9460,108.4419",93.3
2024-01-12 20:03:00,VIN-C0681,71.7,63.3,"11.9404,108.4583",87.0
2024-01-12 20:06:00,VIN-C0682,72.5,53.1,"10.0452,105.7469",109.2
2024-01-12 20:09:00,VIN-C0683,3.7,15.1,"11.9404,108.4583",87.3
2024-01-12 20:12:00,VIN-C0684,41.7,68.0,"20.8449,106.6881",78.3
2024-01-12 20:15:00,VIN-C0685,43.7,53.0,"16.0544,108.2022",104.1
2024-01-12 20:18:00,VIN-C0686,22.1,65.6,"21.0285,105.8542",88.2
2024-01-12 20:21:00,VIN-C0687,46.8,17.7,"11.9404,108.4583",86.2
2024-01-12 20:24:00,VIN-C0688,3.1,41.4,"10.8231,106.6297",89.1
2024-01-12 20:27:00,VIN-C0689,79.6,12.9,"12.2388,109.1967",74.4
2024-01-12 20:30:00,VIN-C0690,26.7,98.7,"20.8449,106.6881",90.4
2024-01-12 20:33:00,VIN-C0691,114.7,45.0,"16.0544,108.2022",80.4
2024-01-12 20:36:00,VIN-C0692,94.5,53.6,"21.0285,105.8542",105.1
2024-01-12 20:39:00,VIN-C0693,0.4,65.6,"20.8449,106.6881",86.4
2024-01-12 20:42:00,VIN-C0694,71.9,68.9,"21.0285,105.8542",89.4
2024-01-12 20:45:00,VIN-C0695,64.4,5.7,"20.8449,106.6881",76.7
2024-01-12 20:48:00,VIN-C0696,60.2,15.6,"11.9404,108.4583",104.8
2024-01-12 20:51:00,VIN-C0697,79.2,18.3,"16.0544,108.2022",92.1
2024-01-12 20:54:00,VIN-C0698,21.7,57.8,"12.2388,109.1967",70.5
2024-01-12 20:57:00,VIN-C0699,33.3,36.0,"16.0544,108.2022",91.0
2024-01-12 21:00:00,VIN-C0700,42.9,62.6,"12.2388,109.1967",71.3
2024-01-12 21:03:00,VIN-C0701,32.8,8.7,"12.2388,109.1967",88.1
2024-01-12 21:06:00,VIN-C0702,96.3,26.7,"21.0285,105.8542",98.2
2024-01-12 21:09:00,VIN-C0703,112.3,38.0,"10.8231,106.6297",103.0
2024-01-12 21:12:00,VIN-C0704,113.5,34.9,"11.9404,108.4583",108.7
2024-01-12 21:15:00,VIN-C0705,113.2,93.1,"16.0544,108.2022",100.6
2024-01-12 21:18:00,VIN-C0706,63.7,17.5,"10.8231,106.6297",101.7
2024-01-12 21:21:00,VIN-C0707,52.4,16.2,"11.9404,108.4583",108.3
2024-01-12 21:24:00,VIN-C0708,66.8,8.9,"10.9460,108.4419",91.0
2024-01-12 21:27:00,VIN-C0709,3.5,93.0,"10.8231,106.6297",104.1
2024-01-12 21:30:00,VIN-C0710,2.8,33.5,"12.2388,109.1967",106.4
2024-01-12 21:33:00,VIN-C0711,85.5,36.3,"12.2388,109.1967",73.1
2024-01-12 21:36:00,VIN-C0712,39.9,77.1,"21.0285,105.8542",107.2
2024-01-12 21:39:00,VIN-C0713,31.5,49.6,"20.8449,106.6881",102.0
2024-01-12 21:42:00,VIN-C0714,34.5,89.0,"16.0544,108.2022",92.0
2024-01-12 21:45:00,VIN-C0715,21.0,65.9,"10.0452,105.7469",70.9
2024-01-12 21:48:00,VIN-C0716,26.6,37.7,"10.8231,106.6297",96.9
2024-01-12 21:51:00,VIN-C0717,27.3,58.0,"21.0285,105.8542",96.7
2024-01-12 21:54:00,VIN-C0718,11.7,83.3,"10.9460,108.4419",80.0
2024-01-12 21:57:00,VIN-C0719,110.1,27.8,"20.8449,106.6881",93.9
2024-01-12 22:00:00,VIN-C0720,1.6,82.4,"11.9404,108.4583",108.3
2024-01-12 22:03:00,VIN-C0721,109.8,79.5,"12.2388,109.1967",97.9
2024-01-12 22:06:00,VIN-C0722,2.5,77.2,"16.0544,108.2022",93.0
2024-01-12 22:09:00,VIN-C0723,88.4,84.2,"20.8449,106.6881",92.7
2024-01-12 22:12:00,VIN-C0724,5.9,33.3,"16.0544,108.2022",90.8
2024-01-12 22:15:00,VIN-C0725,96.1,45.8,"20.8449,106.6881",72.7
2024-01-12 22:18:00,VIN-C0726,5.8,36.5,"10.9460,108.4419",79.6
2024-01-12 22:21:00,VIN-C0727,54.3,31.0,"10.9460,108.4419",105.7
2024-01-12 22:24:00,VIN-C0728,10.0,35.2,"10.9460,108.4419",86.6
2024-01-12 22:27:00,VIN-C0729,111.2,44.7,"21.0285,105.8542",82.0
2024-01-12 22:30:00,VIN-C0730,107.9,10.6,"11.9404,108.4583",78.8
2024-01-12 22:33:00,VIN-C0731,2.5,31.6,"10.9460,108.4419",98.9
2024-01-12 22:36:00,VIN-C0732,73.9,20.3,"20.8449,106.6881",81.8
2024-01-12 22:39:00,VIN-C0733,36.2,78.5,"10.9460,108.4419",104.4
2024-01-12 22:42:00,VIN-C0734,21.6,81.3,"10.8231,106.6297",91.3
2024-01-12 22:45:00,VIN-C0735,81.0,27.8,"16.0544,108.2022",106.0
2024-01-12 22:48:00,VIN-C0736,20.9,33.6,"10.8231,106.6297",100.7
2024-01-12 22:51:00,VIN-C0737,32.9,48.2,"16.0544,108.2022",82.3
2024-01-12 22:54:00,VIN-C0738,86.4,37.5,"20.8449,106.6881",94.0
2024-01-12 22:57:00,VIN-C0739,39.3,37.1,"10.9460,108.4419",81.3
2024-01-12 23:00:00,VIN-C0740,114.8,93.2,"20.8449,106.6881",77.0
2024-01-12 23:03:00,VIN-C0741,59.9,81.9,"10.8231,106.6297",76.5
2024-01-12 23:06:00,VIN-C0742,19.7,48.0,"10.0452,105.7469",109.9
2024-01-12 23:09:00,VIN-C0743,25.5,67.4,"11.9404,108.4583",97.0
2024-01-12 23:12:00,VIN-C0744,34.9,22.2,"10.0452,105.7469",103.9
2024-01-12 23:15:00,VIN-C0745,38.7,56.1,"16.0544,108.2022",91.0
2024-01-12 23:18:00,VIN-C0746,27.2,31.6,"16.0544,108.2022",94.2
2024-01-12 23:21:00,VIN-C0747,47.1,91.0,"21.0285,105.8542",87.7
2024-01-12 23:24:00,VIN-C0748,11.9,33.1,"16.0544,108.2022",94.0
2024-01-12 23:27:00,VIN-C0749,99.5,7.5,"21.0285,105.8542",86.3
2024-01-12 23:30:00,VIN-C0750,65.0,78.1,"21.0285,105.8542",84.4
2024-01-12 23:33:00,VIN-C0751,28.9,21.7,"20.8449,106.6881",85.3
2024-01-12 23:36:00,VIN-C0752,25.2,86.6,"10.8231,106.6297",85.8
2024-01-12 23:39:00,VIN-C0753,118.3,82.8,"10.8231,106.6297",108.8
2024-01-12 23:42:00,VIN-C0754,14.5,26.9,"16.0544,108.2022",90.0
2024-01-12 23:45:00,VIN-C0755,36.2,79.1,"11.9404,108.4583",70.3
2024-01-12 23:48:00,VIN-C0756,18.1,44.7,"10.8231,106.6297",74.2
2024-01-12 23:51:00,VIN-C0757,28.7,28.1,"11.9404,108.4583",94.8
2024-01-12 23:54:00,VIN-C0758,58.7,51.3,"10.8231,106.6297",70.1
2024-01-12 23:57:00,VIN-C0759,77.5,22.5,"11.9404,108.4583",87.2
2024-01-13 00:00:00,VIN-C0760,45.2,22.5,"11.9404,108.4583",85.1
2024-01-13 00:03:00,VIN-C0761,86.2,31.7,"10.9460,108.4419",72.6
2024-01-13 00:06:00,VIN-C0762,88.8,38.6,"12.2388,109.1967",70.1
2024-01-13 00:09:00,VIN-C0763,53.9,99.8,"16.0544,108.2022",79.1
2024-01-13 00:12:00,VIN-C0764,34.3,79.1,"10.0452,105.7469",75.5
2024-01-13 00:15:00,VIN-C0765,28.1,96.4,"10.9460,108.4419",88.6
2024-01-13 00:18:00,VIN-C0766,93.8,78.0,"12.2388,109.1967",83.3
2024-01-13 00:21:00,VIN-C0767,34.8,74.7,"10.0452,105.7469",87.8
2024-01-13 00:24:00,VIN-C0768,93.9,16.2,"12.2388,109.1967",107.8
2024-01-13 00:27:00,VIN-C0769,42.3,69.4,"21.0285,105.8542",106.8
2024-01-13 00:30:00,VIN-C0770,80.4,97.5,"20.8449,106.6881",108.8
2024-01-13 00:33:00,VIN-C0771,85.4,37.3,"11.9404,108.4583",77.1
2024-01-13 00:36:00,VIN-C0772,56.5,90.2,"20.8449,106.6881",72.7
2024-01-13 00:39:00,VIN-C0773,3.2,59.7,"21.0285,105.8542",102.9
2024-01-13 00:42:00,VIN-C0774,77.8,50.3,"10.8231,106.6297",86.3
2024-01-13 00:45:00,VIN-C0775,8.9,73.5,"10.8231,106.6297",76.2
2024-01-13 00:48:00,VIN-C0776,29.5,69.1,"20.8449,106.6881",89.1
2024-01-13 00:51:00,VIN-C0777,65.7,93.1,"10.8231,106.6297",85.5
2024-01-13 00:54:00,VIN-C0778,99.1,65.1,"10.0452,105.7469",83.4
2024-01-13 00:57:00,VIN-C0779,16.3,23.9,"10.9460,108.4419",74.9
2024-01-13 01:00:00,VIN-C0780,42.7,19.8,"16.0544,108.2022",85.1
2024-01-13 01:03:00,VIN-C0781,76.3,73.4,"11.9404,108.4583",86.6
2024-01-13 01:06:00,VIN-C0782,109.4,13.0,"12.2388,109.1967",103.8
2024-01-13 01:09:00,VIN-C0783,72.8,23.3,"10.8231,106.6297",71.2
2024-01-13 01:12:00,VIN-C0784,89.6,48.1,"11.9404,108.4583",100.9
2024-01-13 01:15:00,VIN-C0785,29.5,76.5,"16.0544,108.2022",104.9
2024-01-13 01:18:00,VIN-C0786,84.4,11.9,"16.0544,108.2022",80.4
2024-01-13 01:21:00,VIN-C0787,41.3,67.6,"20.8449,106.6881",85.2
2024-01-13 01:24:00,VIN-C0788,25.0,97.2,"12.2388,109.1967",74.1
2024-01-13 01:27:00,VIN-C0789,79.1,24.2,"10.9460,108.4419",86.5
2024-01-13 01:30:00,VIN-C0790,68.4,88.8,"11.9404,108.4583",105.8
2024-01-13 01:33:00,VIN-C0791,110.3,18.2,"21.0285,105.8542",73.9
2024-01-13 01:36:00,VIN-C0792,33.0,87.7,"20.8449,106.6881",102.2
2024-01-13 01:39:00,VIN-C0793,19.6,45.7,"12.2388,109.1967",77.4
2024-01-13 01:42:00,VIN-C0794,53.4,80.3,"10.0452,105.7469",104.9
2024-01-13 01:45:00,VIN-C0795,44.3,81.5,"10.9460,108.4419",77.3
2024-01-13 01:48:00,VIN-C0796,33.6,94.6,"10.0452,105.7469",108.5
2024-01-13 01:51:00,VIN-C0797,109.2,51.5,"11.9404,108.4583",96.9
2024-01-13 01:54:00,VIN-C0798,37.7,76.4,"10.9460,108.4419",109.1
2024-01-13 01:57:00,VIN-C0799,31.2,46.9,"12.2388,109.1967",93.5
2024-01-13 02:00:00,VIN-C0800,19.2,31.5,"12.2388,109.1967",98.3
2024-01-13 02:03:00,VIN-C0801,99.7,7.1,"20.8449,106.6881",95.0
2024-01-13 02:06:00,VIN-C0802,37.8,96.1,"16.0544,108.2022",108.8
2024-01-13 02:09:00,VIN-C0803,50.3,41.4,"11.9404,108.4583",104.3
2024-01-13 02:12:00,VIN-C0804,17.2,68.9,"20.8449,106.6881",100.6
2024-01-13 02:15:00,VIN-C0805,90.1,88.2,"10.9460,108.4419",77.2
2024-01-13 02:18:00,VIN-C0806,113.4,75.3,"10.8231,106.6297",94.6
2024-01-13 02:21:00,VIN-C0807,70.1,25.5,"12.2388,109.1967",104.7
2024-01-13 02:24:00,VIN-C0808,8.8,59.7,"12.2388,109.1967",87.5
2024-01-13 02:27:00,VIN-C0809,93.9,40.3,"10.8231,106.6297",77.4
2024-01-13 02:30:00,VIN-C0810,94.5,32.8,"10.9460,108.4419",88.5
2024-01-13 02:33:00,VIN-C0811,118.1,70.5,"10.8231,106.6297",81.5
2024-01-13 02:36:00,VIN-C0812,41.4,51.8,"10.9460,108.4419",104.3
2024-01-13 02:39:00,VIN-C0813,16.4,16.0,"12.2388,109.1967",97.9
2024-01-13 02:42:00,VIN-C0814,6.2,7.3,"10.0452,105.7469",96.0
2024-01-13 02:45:00,VIN-C0815,63.6,13.9,"10.9460,108.4419",92.2
2024-01-13 02:48:00,VIN-C0816,100.9,94.7,"16.0544,108.2022",101.0
2024-01-13 02:51:00,VIN-C0817,23.2,66.3,"16.0544,108.2022",97.7
2024-01-13 02:54:00,VIN-C0818,111.2,71.4,"12.2388,109.1967",82.7
2024-01-13 02:57:00,VIN-C0819,86.1,42.5,"20.8449,106.6881",100.6
2024-01-13 03:00:00,VIN-C0820,53.4,42.6,"20.8449,106.6881",95.2
2024-01-13 03:03:00,VIN-C0821,80.5,85.6,"20.8449,106.6881",78.0
2024-01-13 03:06:00,VIN-C0822,13.5,98.9,"16.0544,108.2022",71.1
2024-01-13 03:09:00,VIN-C0823,113.9,9.7,"12.2388,109.1967",90.1
2024-01-13 03:12:00,VIN-C0824,32.2,41.8,"12.2388,109.1967",100.9
2024-01-13 03:15:00,VIN-C0825,104.4,24.3,"10.0452,105.7469",86.9
2024-01-13 03:18:00,VIN-C0826,54.2,59.7,"10.8231,106.6297",107.9
2024-01-13 03:21:00,VIN-C0827,61.1,94.2,"20.8449,106.6881",90.0
2024-01-13 03:24:00,VIN-C0828,88.8,13.2,"10.0452,105.7469",85.2
2024-01-13 03:27:00,VIN-C0829,102.2,65.8,"12.2388,109.1967",94.3
2024-01-13 03:30:00,VIN-C0830,34.3,46.3,"16.0544,108.2022",71.0
2024-01-13 03:33:00,VIN-C0831,118.2,92.1,"12.2388,109.1967",92.7
2024-01-13 03:36:00,VIN-C0832,100.1,15.8,"10.0452,105.7469",75.8
2024-01-13 03:39:00,VIN-C0833,74.6,77.5,"21.0285,105.8542",106.3
2024-01-13 03:42:00,VIN-C0834,111.7,40.5,"10.8231,106.6297",73.1
2024-01-13 03:45:00,VIN-C0835,107.9,32.7,"21.0285,105.8542",89.0
2024-01-13 03:48:00,VIN-C0836,94.4,55.4,"10.8231,106.6297",91.6
2024-01-13 03:51:00,VIN-C0837,5.9,95.4,"10.8231,106.6297",81.4
2024-01-13 03:54:00,VIN-C0838,76.6,10.8,"10.8231,106.6297",80.9
2024-01-13 03:57:00,VIN-C0839,7.7,43.5,"11.9404,108.4583",73.0
2024-01-13 04:00:00,VIN-C0840,25.6,36.4,"21.0285,105.8542",81.0
2024-01-13 04:03:00,VIN-C0841,77.5,50.3,"10.9460,108.4419",82.8
2024-01-13 04:06:00,VIN-C0842,60.7,23.7,"10.8231,106.6297",74.1
2024-01-13 04:09:00,VIN-C0843,48.4,93.5,"20.8449,106.6881",81.3
2024-01-13 04:12:00,VIN-C0844,13.2,84.9,"10.9460,108.4419",92.0
2024-01-13 04:15:00,VIN-C0845,4.3,96.4,"10.8231,106.6297",76.2
2024-01-13 04:18:00,VIN-C0846,55.5,91.6,"21.0285,105.8542",86.2
2024-01-13 04:21:00,VIN-C0847,72.8,70.9,"10.0452,105.7469",89.3
2024-01-13 04:24:00,VIN-C0848,12.3,13.9,"11.9404,108.4583",90.6
2024-01-13 04:27:00,VIN-C0849,46.7,98.2,"20.8449,106.6881",74.5
2024-01-13 04:30:00,VIN-C0850,68.3,49.7,"20.8449,106.6881",87.5
2024-01-13 04:33:00,VIN-C0851,69.5,72.7,"10.0452,105.7469",96.6
2024-01-13 04:36:00,VIN-C0852,19.2,11.2,"10.8231,106.6297",98.8
2024-01-13 04:39:00,VIN-C0853,103.8,36.6,"10.0452,105.7469",85.0
2024-01-13 04:42:00,VIN-C0854,30.7,66.1,"21.0285,105.8542",93.5
2024-01-13 04:45:00,VIN-C0855,50.6,46.8,"16.0544,108.2022",91.8
2024-01-13 04:48:00,VIN-C0856,29.6,95.4,"10.0452,105.7469",93.1
2024-01-13 04:51:00,VIN-C0857,71.2,77.3,"16.0544,108.2022",81.3
2024-01-13 04:54:00,VIN-C0858,46.5,67.6,"21.0285,105.8542",88.7
2024-01-13 04:57:00,VIN-C0859,93.2,50.8,"10.8231,106.6297",72.7
2024-01-13 05:00:00,VIN-C0860,39.6,82.4,"20.8449,106.6881",87.1
2024-01-13 05:03:00,VIN-C0861,58.2,87.6,"10.8231,106.6297",102.6
2024-01-13 05:06:00,VIN-C0862,93.2,5.6,"11.9404,108.4583",78.2
2024-01-13 05:09:00,VIN-C0863,108.1,48.9,"10.9460,108.4419",100.2
2024-01-13 05:12:00,VIN-C0864,51.6,58.2,"10.0452,105.7469",80.2
2024-01-13 05:15:00,VIN-C0865,8.4,40.2,"10.8231,106.6297",76.6
2024-01-13 05:18:00,VIN-C0866,15.1,54.2,"12.2388,109.1967",87.1
2024-01-13 05:21:00,VIN-C0867,116.2,5.4,"10.9460,108.4419",102.7
2024-01-13 05:24:00,VIN-C0868,113.0,5.7,"10.9460,108.4419",75.0
2024-01-13 05:27:00,VIN-C0869,86.6,5.8,"10.9460,108.4419",100.6
2024-01-13 05:30:00,VIN-C0870,26.9,87.2,"16.0544,108.2022",108.0
2024-01-13 05:33:00,VIN-C0871,95.2,49.6,"21.0285,105.8542",74.8
2024-01-13 05:36:00,VIN-C0872,91.2,32.8,"11.9404,108.4583",75.1
2024-01-13 05:39:00,VIN-C0873,87.9,67.0,"20.8449,106.6881",77.9
2024-01-13 05:42:00,VIN-C0874,93.6,10.8,"10.9460,108.4419",106.3
2024-01-13 05:45:00,VIN-C0875,17.6,9.6,"16.0544,108.2022",98.7
2024-01-13 05:48:00,VIN-C0876,33.4,23.4,"12.2388,109.1967",89.6
2024-01-13 05:51:00,VIN-C0877,106.6,96.6,"11.9404,108.4583",99.6
2024-01-13 05:54:00,VIN-C0878,58.0,83.1,"10.9460,108.4419",109.4
2024-01-13 05:57:00,VIN-C0879,11.3,63.8,"20.8449,106.6881",107.4
2024-01-13 06:00:00,VIN-C0880,81.3,60.3,"10.9460,108.4419",74.3
2024-01-13 06:03:00,VIN-C0881,43.8,62.9,"11.9404,108.4583",100.9
2024-01-13 06:06:00,VIN-C0882,48.3,48.2,"12.2388,109.1967",71.6
2024-01-13 06:09:00,VIN-C0883,73.1,69.7,"10.0452,105.7469",77.8
2024-01-13 06:12:00,VIN-C0884,93.5,6.5,"11.9404,108.4583",76.1
2024-01-13 06:15:00,VIN-C0885,112.3,84.8,"16.0544,108.2022",109.5
2024-01-13 06:18:00,VIN-C0886,45.6,72.7,"10.0452,105.7469",101.2
2024-01-13 06:21:00,VIN-C0887,74.9,95.9,"16.0544,108.2022",75.1
2024-01-13 06:24:00,VIN-C0888,10.6,12.2,"12.2388,109.1967",79.8
2024-01-13 06:27:00,VIN-C0889,74.9,6.3,"10.8231,106.6297",84.5
2024-01-13 06:30:00,VIN-C0890,34.1,68.8,"20.8449,106.6881",72.0
2024-01-13 06:33:00,VIN-C0891,13.7,51.8,"21.0285,105.8542",73.3
2024-01-13 06:36:00,VIN-C0892,113.4,8.5,"21.0285,105.8542",71.8
2024-01-13 06:39:00,VIN-C0893,47.6,83.7,"16.0544,108.2022",86.8
2024-01-13 06:42:00,VIN-C0894,3.7,8.1,"20.8449,106.6881",83.9
2024-01-13 06:45:00,VIN-C0895,68.6,24.8,"12.2388,109.1967",103.8
2024-01-13 06:48:00,VIN-C0896,109.2,61.8,"10.0452,105.7469",78.8
2024-01-13 06:51:00,VIN-C0897,34.7,52.5,"10.0452,105.7469",84.3
2024-01-13 06:54:00,VIN-C0898,107.3,62.0,"21.0285,105.8542",81.3
2024-01-13 06:57:00,VIN-C0899,48.4,59.2,"12.2388,109.1967",85.4
2024-01-13 07:00:00,VIN-C0900,116.4,72.5,"20.8449,106.6881",109.4
2024-01-13 07:03:00,VIN-C0901,46.5,31.9,"10.0452,105.7469",102.5
2024-01-13 07:06:00,VIN-C0902,2.8,24.7,"10.9460,108.4419",97.7
2024-01-13 07:09:00,VIN-C0903,98.1,43.7,"11.9404,108.4583",75.9
2024-01-13 07:12:00,VIN-C0904,62.2,34.5,"11.9404,108.4583",80.6
2024-01-13 07:15:00,VIN-C0905,106.7,90.7,"10.9460,108.4419",96.8
2024-01-13 07:18:00,VIN-C0906,34.8,8.7,"10.8231,106.6297",97.6
2024-01-13 07:21:00,VIN-C0907,88.2,67.5,"10.8231,106.6297",91.8
2024-01-13 07:24:00,VIN-C0908,79.7,13.2,"20.8449,106.6881",101.6
2024-01-13 07:27:00,VIN-C0909,38.4,61.0,"11.9404,108.4583",81.2
2024-01-13 07:30:00,VIN-C0910,98.9,52.1,"21.0285,105.8542",86.0
2024-01-13 07:33:00,VIN-C0911,78.2,74.3,"10.0452,105.7469",109.5
2024-01-13 07:36:00,VIN-C0912,38.4,45.0,"10.0452,105.7469",85.3
2024-01-13 07:39:00,VIN-C0913,85.5,84.1,"10.0452,105.7469",102.5
2024-01-13 07:42:00,VIN-C0914,10.7,10.5,"10.8231,106.6297",93.6
2024-01-13 07:45:00,VIN-C0915,63.2,61.5,"10.0452,105.7469",72.6
2024-01-13 07:48:00,VIN-C0916,53.2,15.8,"10.8231,106.6297",102.4
2024-01-13 07:51:00,VIN-C0917,37.2,83.3,"10.8231,106.6297",76.9
2024-01-13 07:54:00,VIN-C0918,77.2,95.1,"11.9404,108.4583",98.0
2024-01-13 07:57:00,VIN-C0919,33.4,36.8,"16.0544,108.2022",95.0
2024-01-13 08:00:00,VIN-C0920,6.1,75.3,"10.8231,106.6297",106.9
2024-01-13 08:03:00,VIN-C0921,84.8,65.2,"20.8449,106.6881",87.0
2024-01-13 08:06:00,VIN-C0922,29.1,44.7,"16.0544,108.2022",91.4
2024-01-13 08:09:00,VIN-C0923,77.1,53.6,"21.0285,105.8542",75.6
2024-01-13 08:12:00,VIN-C0924,16.5,65.3,"21.0285,105.8542",84.0
2024-01-13 08:15:00,VIN-C0925,118.1,77.3,"12.2388,109.1967",101.2
2024-01-13 08:18:00,VIN-C0926,107.3,98.2,"10.9460,108.4419",103.9
2024-01-13 08:21:00,VIN-C0927,104.6,91.6,"10.0452,105.7469",72.9
2024-01-13 08:24:00,VIN-C0928,99.4,99.8,"10.8231,106.6297",109.2
2024-01-13 08:27:00,VIN-C0929,81.7,95.0,"10.0452,105.7469",70.3
2024-01-13 08:30:00,VIN-C0930,73.5,52.2,"10.0452,105.7469",94.2
2024-01-13 08:33:00,VIN-C0931,74.2,32.6,"16.0544,108.2022",73.8
2024-01-13 08:36:00,VIN-C0932,70.1,16.9,"12.2388,109.1967",75.6
2024-01-13 08:39:00,VIN-C0933,50.7,27.1,"20.8449,106.6881",99.3
2024-01-13 08:42:00,VIN-C0934,42.7,7.7,"21.0285,105.8542",86.2
2024-01-13 08:45:00,VIN-C0935,58.3,50.5,"21.0285,105.8542",90.4
2024-01-13 08:48:00,VIN-C0936,57.4,87.6,"16.0544,108.2022",96.3
2024-01-13 08:51:00,VIN-C0937,65.1,96.0,"20.8449,106.6881",107.1
2024-01-13 08:54:00,VIN-C0938,51.9,55.0,"11.9404,108.4583",71.0
2024-01-13 08:57:00,VIN-C0939,87.4,42.7,"16.0544,108.2022",88.4
2024-01-13 09:00:00,VIN-C0940,48.2,61.3,"16.0544,108.2022",87.0
2024-01-13 09:03:00,VIN-C0941,52.2,53.9,"10.8231,106.6297",92.8
2024-01-13 09:06:00,VIN-C0942,82.5,47.5,"20.8449,106.6881",73.4
2024-01-13 09:09:00,VIN-C0943,47.4,82.6,"16.0544,108.2022",77.5
2024-01-13 09:12:00,VIN-C0944,110.0,62.2,"10.8231,106.6297",88.6
2024-01-13 09:15:00,VIN-C0945,69.7,28.0,"11.9404,108.4583",92.6
2024-01-13 09:18:00,VIN-C0946,12.7,35.7,"10.9460,108.4419",89.2
2024-01-13 09:21:00,VIN-C0947,18.3,35.7,"10.9460,108.4419",85.2
2024-01-13 09:24:00,VIN-C0948,3.0,84.7,"11.9404,108.4583",108.4
2024-01-13 09:27:00,VIN-C0949,63.9,35.1,"21.0285,105.8542",106.7
2024-01-13 09:30:00,VIN-C0950,112.9,32.6,"10.9460,108.4419",74.4
2024-01-13 09:33:00,VIN-C0951,113.7,41.8,"10.9460,108.4419",92.1
2024-01-13 09:36:00,VIN-C0952,22.6,11.6,"16.0544,108.2022",93.6
2024-01-13 09:39:00,VIN-C0953,113.9,38.5,"20.8449,106.6881",84.0
2024-01-13 09:42:00,VIN-C0954,11.1,55.6,"21.0285,105.8542",95.9
2024-01-13 09:45:00,VIN-C0955,101.0,34.3,"20.8449,106.6881",71.6
2024-01-13 09:48:00,VIN-C0956,104.8,39.3,"10.8231,106.6297",70.2
2024-01-13 09:51:00,VIN-C0957,72.4,29.9,"16.0544,108.2022",90.9
2024-01-13 09:54:00,VIN-C0958,53.7,84.4,"10.9460,108.4419",84.0
2024-01-13 09:57:00,VIN-C0959,55.6,9.7,"10.0452,105.7469",95.7
2024-01-13 10:00:00,VIN-C0960,92.9,61.0,"10.8231,106.6297",74.9
2024-01-13 10:03:00,VIN-C0961,87.7,19.2,"10.8231,106.6297",72.6
2024-01-13 10:06:00,VIN-C0962,60.9,84.4,"10.8231,106.6297",89.7
2024-01-13 10:09:00,VIN-C0963,20.5,76.7,"10.8231,106.6297",86.1
2024-01-13 10:12:00,VIN-C0964,77.2,37.7,"16.0544,108.2022",76.5
2024-01-13 10:15:00,VIN-C0965,102.1,43.8,"10.0452,105.7469",102.8
2024-01-13 10:18:00,VIN-C0966,76.1,6.5,"16.0544,108.2022",105.5
2024-01-13 10:21:00,VIN-C0967,1.6,95.5,"10.0452,105.7469",70.8
2024-01-13 10:24:00,VIN-C0968,16.3,29.9,"16.0544,108.2022",106.2
2024-01-13 10:27:00,VIN-C0969,78.1,45.2,"12.2388,109.1967",98.1
2024-01-13 10:30:00,VIN-C0970,68.9,39.5,"10.9460,108.4419",107.8
2024-01-13 10:33:00,VIN-C0971,88.2,32.4,"10.8231,106.6297",97.9
2024-01-13 10:36:00,VIN-C0972,39.2,89.0,"21.0285,105.8542",102.3
2024-01-13 10:39:00,VIN-C0973,91.5,34.0,"11.9404,108.4583",106.1
2024-01-13 10:42:00,VIN-C0974,81.4,91.3,"12.2388,109.1967",72.0
2024-01-13 10:45:00,VIN-C0975,45.7,90.8,"10.0452,105.7469",84.5
2024-01-13 10:48:00,VIN-C0976,36.5,94.3,"10.0452,105.7469",80.2
2024-01-13 10:51:00,VIN-C0977,86.9,31.7,"20.8449,106.6881",105.9
2024-01-13 10:54:00,VIN-C0978,117.0,68.0,"20.8449,106.6881",84.2
2024-01-13 10:57:00,VIN-C0979,104.9,23.9,"12.2388,109.1967",90.3
2024-01-13 11:00:00,VIN-C0980,94.4,58.3,"10.0452,105.7469",96.5
2024-01-13 11:03:00,VIN-C0981,111.2,67.2,"20.8449,106.6881",95.2
2024-01-13 11:06:00,VIN-C0982,102.6,84.1,"10.0452,105.7469",87.4
2024-01-13 11:09:00,VIN-C0983,47.0,33.5,"11.9404,108.4583",79.6
2024-01-13 11:12:00,VIN-C0984,3.5,68.0,"10.9460,108.4419",88.9
2024-01-13 11:15:00,VIN-C0985,62.9,5.4,"12.2388,109.1967",79.7
2024-01-13 11:18:00,VIN-C0986,92.8,66.8,"10.0452,105.7469",96.3
2024-01-13 11:21:00,VIN-C0987,77.9,33.6,"20.8449,106.6881",109.9
2024-01-13 11:24:00,VIN-C0988,82.9,87.3,"10.8231,106.6297",84.2
2024-01-13 11:27:00,VIN-C0989,91.6,80.1,"11.9404,108.4583",102.0
2024-01-13 11:30:00,VIN-C0990,43.3,73.5,"16.0544,108.2022",91.3
2024-01-13 11:33:00,VIN-C0991,48.1,20.7,"10.8231,106.6297",72.0
2024-01-13 11:36:00,VIN-C0992,23.6,21.4,"10.0452,105.7469",92.7
2024-01-13 11:39:00,VIN-C0993,83.6,47.4,"10.9460,108.4419",106.3
2024-01-13 11:42:00,VIN-C0994,101.3,61.1,"12.2388,109.1967",95.4
2024-01-13 11:45:00,VIN-C0995,110.7,68.4,"10.8231,106.6297",79.7
2024-01-13 11:48:00,VIN-C0996,111.0,11.0,"16.0544,108.2022",83.4
2024-01-13 11:51:00,VIN-C0997,119.1,15.4,"10.8231,106.6297",97.1
2024-01-13 11:54:00,VIN-C0998,82.7,65.4,"12.2388,109.1967",109.7
2024-01-13 11:57:00,VIN-C0999,2.8,22.6,"21.0285,105.8542",82.5
2024-01-13 12:00:00,VIN-C1000,41.2,89.0,"16.0544,108.2022",106.4
2024-01-13 12:03:00,VIN-C1001,71.6,78.3,"10.0452,105.7469",103.0
2024-01-13 12:06:00,VIN-C1002,90.1,63.9,"11.9404,108.4583",77.5
2024-01-13 12:09:00,VIN-C1003,95.7,73.9,"21.0285,105.8542",74.5
2024-01-13 12:12:00,VIN-C1004,28.7,38.5,"10.8231,106.6297",81.0
2024-01-13 12:15:00,VIN-C1005,104.3,43.1,"16.0544,108.2022",105.4
2024-01-13 12:18:00,VIN-C1006,98.1,19.2,"20.8449,106.6881",103.6
2024-01-13 12:21:00,VIN-C1007,45.6,22.4,"11.9404,108.4583",74.4
2024-01-13 12:24:00,VIN-C1008,6.1,39.5,"10.0452,105.7469",91.1
2024-01-13 12:27:00,VIN-C1009,66.5,69.3,"11.9404,108.4583",81.7
2024-01-13 12:30:00,VIN-C1010,114.5,29.7,"20.8449,106.6881",109.1
2024-01-13 12:33:00,VIN-C1011,95.8,83.3,"21.0285,105.8542",93.4
2024-01-13 12:36:00,VIN-C1012,38.9,12.4,"12.2388,109.1967",83.8
2024-01-13 12:39:00,VIN-C1013,42.9,76.8,"10.0452,105.7469",97.5
2024-01-13 12:42:00,VIN-C1014,83.8,92.8,"20.8449,106.6881",75.4
2024-01-13 12:45:00,VIN-C1015,22.4,85.3,"20.8449,106.6881",88.2
2024-01-13 12:48:00,VIN-C1016,29.7,28.8,"21.0285,105.8542",109.9
2024-01-13 12:51:00,VIN-C1017,16.8,13.3,"11.9404,108.4583",103.2
2024-01-13 12:54:00,VIN-C1018,44.9,45.2,"16.0544,108.2022",100.4
2024-01-13 12:57:00,VIN-C1019,30.9,14.6,"20.8449,106.6881",71.1
2024-01-13 13:00:00,VIN-C1020,30.9,16.3,"10.9460,108.4419",85.7
2024-01-13 13:03:00,VIN-C1021,1.7,64.0,"10.8231,106.6297",87.0
2024-01-13 13:06:00,VIN-C1022,28.1,62.3,"20.8449,106.6881",79.6
2024-01-13 13:09:00,VIN-C1023,94.8,27.3,"11.9404,108.4583",108.0
2024-01-13 13:12:00,VIN-C1024,52.3,51.9,"10.8231,106.6297",82.4
2024-01-13 13:15:00,VIN-C1025,3.9,36.3,"16.0544,108.2022",106.7
2024-01-13 13:18:00,VIN-C1026,15.0,69.3,"20.8449,106.6881",87.6
2024-01-13 13:21:00,VIN-C1027,81.2,14.5,"16.0544,108.2022",108.1
2024-01-13 13:24:00,VIN-C1028,25.8,79.3,"10.8231,106.6297",82.3
2024-01-13 13:27:00,VIN-C1029,41.3,93.9,"12.2388,109.1967",96.0
2024-01-13 13:30:00,VIN-C1030,6.9,40.1,"10.0452,105.7469",86.0
2024-01-13 13:33:00,VIN-C1031,44.0,86.6,"16.0544,108.2022",92.1
2024-01-13 13:36:00,VIN-C1032,94.3,27.6,"10.0452,105.7469",80.2
2024-01-13 13:39:00,VIN-C1033,56.6,77.9,"10.9460,108.4419",85.1
2024-01-13 13:42:00,VIN-C1034,22.2,62.9,"21.0285,105.8542",98.7
2024-01-13 13:45:00,VIN-C1035,35.1,7.3,"12.2388,109.1967",95.1
2024-01-13 13:48:00,VIN-C1036,23.3,13.1,"10.0452,105.7469",95.9
2024-01-13 13:51:00,VIN-C1037,29.8,88.9,"11.9404,108.4583",79.0
2024-01-13 13:54:00,VIN-C1038,95.5,89.2,"16.0544,108.2022",96.6
2024-01-13 13:57:00,VIN-C1039,70.2,50.9,"21.0285,105.8542",82.8
2024-01-13 14:00:00,VIN-C1040,49.0,69.9,"21.0285,105.8542",107.9
2024-01-13 14:03:00,VIN-C1041,112.3,62.5,"20.8449,106.6881",106.1
2024-01-13 14:06:00,VIN-C1042,115.2,81.8,"10.9460,108.4419",78.5
2024-01-13 14:09:00,VIN-C1043,19.4,15.6,"20.8449,106.6881",75.7
2024-01-13 14:12:00,VIN-C1044,73.7,75.6,"10.9460,108.4419",79.1
2024-01-13 14:15:00,VIN-C1045,74.2,19.9,"10.0452,105.7469",85.9
2024-01-13 14:18:00,VIN-C1046,108.0,79.8,"10.9460,108.4419",78.7
2024-01-13 14:21:00,VIN-C1047,55.3,78.9,"21.0285,105.8542",100.9
2024-01-13 14:24:00,VIN-C1048,43.1,58.7,"10.9460,108.4419",89.5
2024-01-13 14:27:00,VIN-C1049,53.0,32.7,"21.0285,105.8542",84.9
2024-01-13 14:30:00,VIN-C1050,23.6,29.2,"11.9404,108.4583",72.0
2024-01-13 14:33:00,VIN-C1051,97.1,21.9,"16.0544,108.2022",101.0
2024-01-13 14:36:00,VIN-C1052,45.3,81.7,"10.0452,105.7469",92.4
2024-01-13 14:39:00,VIN-C1053,66.6,8.3,"10.0452,105.7469",99.8
2024-01-13 14:42:00,VIN-C1054,37.2,37.9,"10.8231,106.6297",76.8
2024-01-13 14:45:00,VIN-C1055,37.9,43.0,"20.8449,106.6881",71.9
2024-01-13 14:48:00,VIN-C1056,77.8,9.5,"10.8231,106.6297",94.2
2024-01-13 14:51:00,VIN-C1057,86.3,24.5,"20.8449,106.6881",97.4
2024-01-13 14:54:00,VIN-C1058,55.1,38.1,"21.0285,105.8542",91.5
2024-01-13 14:57:00,VIN-C1059,86.8,27.8,"20.8449,106.6881",91.7
2024-01-13 15:00:00,VIN-C1060,11.6,12.2,"10.0452,105.7469",103.2
2024-01-13 15:03:00,VIN-C1061,79.8,47.4,"21.0285,105.8542",71.9
2024-01-13 15:06:00,VIN-C1062,90.0,14.5,"10.0452,105.7469",81.2
2024-01-13 15:09:00,VIN-C1063,7.2,56.8,"16.0544,108.2022",76.0
2024-01-13 15:12:00,VIN-C1064,11.8,55.9,"16.0544,108.2022",84.5
2024-01-13 15:15:00,VIN-C1065,28.3,8.0,"10.0452,105.7469",97.4
2024-01-13 15:18:00,VIN-C1066,9.2,76.5,"20.8449,106.6881",90.9
2024-01-13 15:21:00,VIN-C1067,86.8,65.5,"10.0452,105.7469",86.6
2024-01-13 15:24:00,VIN-C1068,1.1,56.1,"21.0285,105.8542",95.9
2024-01-13 15:27:00,VIN-C1069,84.2,99.1,"20.8449,106.6881",94.0
2024-01-13 15:30:00,VIN-C1070,55.9,53.5,"12.2388,109.1967",95.9
2024-01-13 15:33:00,VIN-C1071,51.4,22.5,"10.8231,106.6297",70.9
2024-01-13 15:36:00,VIN-C1072,15.5,29.4,"21.0285,105.8542",101.2
2024-01-13 15:39:00,VIN-C1073,116.0,91.8,"10.9460,108.4419",74.6
2024-01-13 15:42:00,VIN-C1074,29.0,58.3,"10.8231,106.6297",101.8
2024-01-13 15:45:00,VIN-C1075,80.6,84.6,"11.9404,108.4583",74.2
2024-01-13 15:48:00,VIN-C1076,26.0,5.6,"11.9404,108.4583",73.2
2024-01-13 15:51:00,VIN-C1077,13.2,79.2,"21.0285,105.8542",94.9
2024-01-13 15:54:00,VIN-C1078,95.8,33.9,"12.2388,109.1967",107.4
2024-01-13 15:57:00,VIN-C1079,50.4,49.9,"20.8449,106.6881",83.8
2024-01-13 16:00:00,VIN-C1080,46.7,15.9,"16.0544,108.2022",88.1
2024-01-13 16:03:00,VIN-C1081,59.8,27.5,"10.9460,108.4419",99.4
2024-01-13 16:06:00,VIN-C1082,97.3,70.4,"20.8449,106.6881",100.0
2024-01-13 16:09:00,VIN-C1083,101.6,27.8,"11.9404,108.4583",86.0
2024-01-13 16:12:00,VIN-C1084,16.1,43.2,"20.8449,106.6881",106.9
2024-01-13 16:15:00,VIN-C1085,52.9,25.8,"10.8231,106.6297",84.9
2024-01-13 16:18:00,VIN-C1086,59.3,48.6,"10.0452,105.7469",91.8
2024-01-13 16:21:00,VIN-C1087,102.2,50.4,"12.2388,109.1967",102.9
2024-01-13 16:24:00,VIN-C1088,5.6,74.3,"10.0452,105.7469",97.5
2024-01-13 16:27:00,VIN-C1089,111.3,77.3,"12.2388,109.1967",96.7
2024-01-13 16:30:00,VIN-C1090,115.4,33.7,"20.8449,106.6881",105.4
2024-01-13 16:33:00,VIN-C1091,21.1,45.3,"10.0452,105.7469",70.0
2024-01-13 16:36:00,VIN-C1092,114.2,15.5,"10.9460,108.4419",86.6
2024-01-13 16:39:00,VIN-C1093,11.6,33.3,"21.0285,105.8542",85.0
2024-01-13 16:42:00,VIN-C1094,35.5,26.5,"20.8449,106.6881",109.6
2024-01-13 16:45:00,VIN-C1095,88.5,24.7,"20.8449,106.6881",80.5
2024-01-13 16:48:00,VIN-C1096,3.3,28.8,"11.9404,108.4583",85.1
2024-01-13 16:51:00,VIN-C1097,117.2,41.8,"10.9460,108.4419",107.1
2024-01-13 16:54:00,VIN-C1098,26.0,57.4,"10.0452,105.7469",70.1
2024-01-13 16:57:00,VIN-C1099,33.4,25.9,"10.0452,105.7469",86.1
2024-01-13 17:00:00,VIN-C1100,27.2,85.1,"11.9404,108.4583",93.1
2024-01-13 17:03:00,VIN-C1101,21.7,95.4,"21.0285,105.8542",96.5
2024-01-13 17:06:00,VIN-C1102,20.1,93.8,"20.8449,106.6881",83.2
2024-01-13 17:09:00,VIN-C1103,26.8,11.1,"12.2388,109.1967",72.0
2024-01-13 17:12:00,VIN-C1104,89.1,70.1,"21.0285,105.8542",73.3
2024-01-13 17:15:00,VIN-C1105,54.2,17.2,"16.0544,108.2022",81.2
2024-01-13 17:18:00,VIN-C1106,14.9,23.3,"21.0285,105.8542",91.5
2024-01-13 17:21:00,VIN-C1107,53.6,60.4,"20.8449,106.6881",96.1
2024-01-13 17:24:00,VIN-C1108,101.8,50.6,"10.9460,108.4419",91.0
2024-01-13 17:27:00,VIN-C1109,87.5,84.5,"12.2388,109.1967",103.3
2024-01-13 17:30:00,VIN-C1110,57.2,32.1,"10.9460,108.4419",95.0
2024-01-13 17:33:00,VIN-C1111,6.8,20.3,"16.0544,108.2022",74.3
2024-01-13 17:36:00,VIN-C1112,14.9,31.5,"20.8449,106.6881",101.6
2024-01-13 17:39:00,VIN-C1113,118.5,38.8,"21.0285,105.8542",92.1
2024-01-13 17:42:00,VIN-C1114,64.1,14.7,"10.8231,106.6297",87.3
2024-01-13 17:45:00,VIN-C1115,59.1,65.0,"11.9404,108.4583",86.3
2024-01-13 17:48:00,VIN-C1116,29.2,99.3,"10.0452,105.7469",103.2
2024-01-13 17:51:00,VIN-C1117,20.2,48.8,"11.9404,108.4583",103.3
2024-01-13 17:54:00,VIN-C1118,53.8,21.9,"20.8449,106.6881",74.1
2024-01-13 17:57:00,VIN-C1119,71.6,62.8,"10.0452,105.7469",89.5
2024-01-13 18:00:00,VIN-C1120,67.3,11.7,"10.0452,105.7469",91.0
2024-01-13 18:03:00,VIN-C1121,82.8,61.0,"10.8231,106.6297",85.7
2024-01-13 18:06:00,VIN-C1122,117.4,20.8,"10.8231,106.6297",74.6
2024-01-13 18:09:00,VIN-C1123,24.9,83.2,"10.9460,108.4419",73.1
2024-01-13 18:12:00,VIN-C1124,118.9,38.1,"16.0544,108.2022",74.6
2024-01-13 18:15:00,VIN-C1125,26.6,98.4,"10.0452,105.7469",86.9
2024-01-13 18:18:00,VIN-C1126,14.5,84.6,"21.0285,105.8542",88.8
2024-01-13 18:21:00,VIN-C1127,103.3,36.3,"10.8231,106.6297",100.2
2024-01-13 18:24:00,VIN-C1128,5.4,70.5,"10.8231,106.6297",79.7
2024-01-13 18:27:00,VIN-C1129,80.7,62.1,"12.2388,109.1967",84.9
2024-01-13 18:30:00,VIN-C1130,93.2,52.8,"11.9404,108.4583",97.8
2024-01-13 18:33:00,VIN-C1131,108.5,82.9,"10.0452,105.7469",97.2
2024-01-13 18:36:00,VIN-C1132,110.0,57.1,"21.0285,105.8542",76.1
2024-01-13 18:39:00,VIN-C1133,102.1,99.9,"10.0452,105.7469",94.2
2024-01-13 18:42:00,VIN-C1134,18.5,91.5,"11.9404,108.4583",74.2
2024-01-13 18:45:00,VIN-C1135,97.0,11.6,"16.0544,108.2022",82.9
2024-01-13 18:48:00,VIN-C1136,105.7,11.3,"12.2388,109.1967",103.3
2024-01-13 18:51:00,VIN-C1137,104.1,90.3,"21.0285,105.8542",102.8
2024-01-13 18:54:00,VIN-C1138,119.0,72.1,"20.8449,106.6881",102.4
2024-01-13 18:57:00,VIN-C1139,14.6,56.5,"10.0452,105.7469",92.9
2024-01-13 19:00:00,VIN-C1140,31.3,29.5,"10.0452,105.7469",98.9
2024-01-13 19:03:00,VIN-C1141,66.6,35.2,"21.0285,105.8542",82.6
2024-01-13 19:06:00,VIN-C1142,26.1,10.0,"10.0452,105.7469",70.3
2024-01-13 19:09:00,VIN-C1143,92.6,49.7,"20.8449,106.6881",90.9
2024-01-13 19:12:00,VIN-C1144,88.4,78.6,"10.8231,106.6297",96.0
2024-01-13 19:15:00,VIN-C1145,51.4,67.9,"11.9404,108.4583",105.3
2024-01-13 19:18:00,VIN-C1146,69.5,49.2,"12.2388,109.1967",106.6
2024-01-13 19:21:00,VIN-C1147,3.9,98.6,"16.0544,108.2022",98.1
2024-01-13 19:24:00,VIN-C1148,55.3,65.4,"10.0452,105.7469",83.1
2024-01-13 19:27:00,VIN-C1149,113.5,92.9,"20.8449,106.6881",86.0
2024-01-13 19:30:00,VIN-C1150,7.7,88.3,"10.0452,105.7469",108.5
2024-01-13 19:33:00,VIN-C1151,56.5,93.8,"10.9460,108.4419",71.2
2024-01-13 19:36:00,VIN-C1152,83.1,16.5,"10.0452,105.7469",98.3
2024-01-13 19:39:00,VIN-C1153,117.0,72.1,"16.0544,108.2022",82.2
2024-01-13 19:42:00,VIN-C1154,78.1,66.4,"12.2388,109.1967",73.8
2024-01-13 19:45:00,VIN-C1155,74.0,88.6,"10.0452,105.7469",102.4
2024-01-13 19:48:00,VIN-C1156,7.4,69.0,"10.0452,105.7469",77.4
2024-01-13 19:51:00,VIN-C1157,28.2,34.7,"10.8231,106.6297",73.8
2024-01-13 19:54:00,VIN-C1158,65.3,66.6,"12.2388,109.1967",81.6
2024-01-13 19:57:00,VIN-C1159,20.2,77.3,"12.2388,109.1967",76.2
2024-01-13 20:00:00,VIN-C1160,118.2,7.9,"12.2388,109.1967",79.8
2024-01-13 20:03:00,VIN-C1161,100.4,39.9,"12.2388,109.1967",87.6
2024-01-13 20:06:00,VIN-C1162,42.1,90.0,"21.0285,105.8542",74.7
2024-01-13 20:09:00,VIN-C1163,88.3,45.5,"21.0285,105.8542",109.2
2024-01-13 20:12:00,VIN-C1164,50.0,31.0,"12.2388,109.1967",74.1
2024-01-13 20:15:00,VIN-C1165,59.4,23.3,"21.0285,105.8542",105.9
2024-01-13 20:18:00,VIN-C1166,56.1,35.4,"16.0544,108.2022",82.0
2024-01-13 20:21:00,VIN-C1167,39.0,13.9,"10.8231,106.6297",90.3
2024-01-13 20:24:00,VIN-C1168,99.0,41.6,"21.0285,105.8542",96.7
2024-01-13 20:27:00,VIN-C1169,98.6,11.7,"10.0452,105.7469",82.7
2024-01-13 20:30:00,VIN-C1170,38.3,30.4,"16.0544,108.2022",71.4
2024-01-13 20:33:00,VIN-C1171,114.8,28.0,"20.8449,106.6881",98.4
2024-01-13 20:36:00,VIN-C1172,51.9,68.1,"20.8449,106.6881",94.0
2024-01-13 20:39:00,VIN-C1173,93.0,59.1,"10.0452,105.7469",79.3
2024-01-13 20:42:00,VIN-C1174,46.0,59.0,"21.0285,105.8542",103.4
2024-01-13 20:45:00,VIN-C1175,75.0,56.5,"10.0452,105.7469",94.4
2024-01-13 20:48:00,VIN-C1176,1.9,64.0,"10.0452,105.7469",101.3
2024-01-13 20:51:00,VIN-C1177,36.7,31.6,"16.0544,108.2022",81.8
2024-01-13 20:54:00,VIN-C1178,45.4,69.0,"10.0452,105.7469",80.8
2024-01-13 20:57:00,VIN-C1179,23.0,81.6,"10.0452,105.7469",108.1
2024-01-13 21:00:00,VIN-C1180,30.9,49.9,"21.0285,105.8542",107.6
2024-01-13 21:03:00,VIN-C1181,88.5,41.2,"12.2388,109.1967",99.3
2024-01-13 21:06:00,VIN-C1182,60.9,78.7,"11.9404,108.4583",102.5
2024-01-13 21:09:00,VIN-C1183,21.1,28.7,"16.0544,108.2022",85.3
2024-01-13 21:12:00,VIN-C1184,74.4,17.7,"11.9404,108.4583",83.7
2024-01-13 21:15:00,VIN-C1185,54.0,24.4,"10.8231,106.6297",93.1
2024-01-13 21:18:00,VIN-C1186,41.7,97.5,"11.9404,108.4583",94.4
2024-01-13 21:21:00,VIN-C1187,105.5,92.5,"10.8231,106.6297",79.9
2024-01-13 21:24:00,VIN-C1188,51.2,90.9,"20.8449,106.6881",81.3
2024-01-13 21:27:00,VIN-C1189,25.1,62.1,"10.9460,108.4419",86.2
2024-01-13 21:30:00,VIN-C1190,5.4,48.5,"10.0452,105.7469",70.2
2024-01-13 21:33:00,VIN-C1191,91.4,80.8,"11.9404,108.4583",81.0
2024-01-13 21:36:00,VIN-C1192,66.1,95.2,"10.0452,105.7469",107.4
2024-01-13 21:39:00,VIN-C1193,118.3,75.3,"20.8449,106.6881",96.7
2024-01-13 21:42:00,VIN-C1194,62.0,46.2,"10.9460,108.4419",93.6
2024-01-13 21:45:00,VIN-C1195,73.4,29.5,"10.8231,106.6297",86.3
2024-01-13 21:48:00,VIN-C1196,12.8,71.5,"10.8231,106.6297",104.9
2024-01-13 21:51:00,VIN-C1197,104.0,46.2,"10.8231,106.6297",73.4
2024-01-13 21:54:00,VIN-C1198,31.3,46.8,"21.0285,105.8542",73.2
2024-01-13 21:57:00,VIN-C1199,115.6,25.4,"12.2388,109.1967",101.8
2024-01-13 22:00:00,VIN-C1200,114.1,93.6,"10.9460,108.4419",74.1
2024-01-13 22:03:00,VIN-C1201,47.1,83.8,"20.8449,106.6881",87.3
2024-01-13 22:06:00,VIN-C1202,39.1,67.0,"21.0285,105.8542",91.7
2024-01-13 22:09:00,VIN-C1203,60.6,94.6,"21.0285,105.8542",85.4
2024-01-13 22:12:00,VIN-C1204,79.5,29.8,"16.0544,108.2022",78.2
2024-01-13 22:15:00,VIN-C1205,83.3,97.1,"11.9404,108.4583",94.4
2024-01-13 22:18:00,VIN-C1206,76.8,46.3,"11.9404,108.4583",70.7
2024-01-13 22:21:00,VIN-C1207,117.2,93.0,"11.9404,108.4583",100.4
2024-01-13 22:24:00,VIN-C1208,2.0,36.8,"20.8449,106.6881",86.3
2024-01-13 22:27:00,VIN-C1209,84.9,80.1,"10.0452,105.7469",89.4
2024-01-13 22:30:00,VIN-C1210,37.3,17.9,"12.2388,109.1967",106.0
2024-01-13 22:33:00,VIN-C1211,95.4,46.3,"10.9460,108.4419",103.3
2024-01-13 22:36:00,VIN-C1212,64.4,20.9,"11.9404,108.4583",102.1
2024-01-13 22:39:00,VIN-C1213,14.9,96.1,"16.0544,108.2022",83.2
2024-01-13 22:42:00,VIN-C1214,117.6,69.8,"10.0452,105.7469",91.6
2024-01-13 22:45:00,VIN-C1215,104.6,99.9,"20.8449,106.6881",99.8
2024-01-13 22:48:00,VIN-C1216,90.7,88.1,"12.2388,109.1967",90.6
2024-01-13 22:51:00,VIN-C1217,94.8,64.8,"10.0452,105.7469",90.7
2024-01-13 22:54:00,VIN-C1218,34.5,28.2,"20.8449,106.6881",104.4
2024-01-13 22:57:00,VIN-C1219,104.2,68.8,"10.0452,105.7469",82.9
2024-01-13 23:00:00,VIN-C1220,42.1,6.8,"21.0285,105.8542",70.9
2024-01-13 23:03:00,VIN-C1221,9.5,77.6,"10.9460,108.4419",92.0
2024-01-13 23:06:00,VIN-C1222,45.3,36.7,"10.0452,105.7469",70.1
2024-01-13 23:09:00,VIN-C1223,35.3,92.5,"11.9404,108.4583",75.9
2024-01-13 23:12:00,VIN-C1224,104.2,72.3,"10.9460,108.4419",84.0
2024-01-13 23:15:00,VIN-C1225,45.1,50.1,"10.0452,105.7469",85.5
2024-01-13 23:18:00,VIN-C1226,49.8,9.9,"10.0452,105.7469",99.9
2024-01-13 23:21:00,VIN-C1227,25.9,33.9,"12.2388,109.1967",78.5
2024-01-13 23:24:00,VIN-C1228,71.4,43.3,"20.8449,106.6881",99.9
2024-01-13 23:27:00,VIN-C1229,86.2,27.1,"21.0285,105.8542",97.0
2024-01-13 23:30:00,VIN-C1230,18.1,26.1,"10.9460,108.4419",97.2
2024-01-13 23:33:00,VIN-C1231,10.7,72.8,"10.8231,106.6297",87.9
2024-01-13 23:36:00,VIN-C1232,26.4,16.8,"10.9460,108.4419",82.1
2024-01-13 23:39:00,VIN-C1233,104.0,48.8,"20.8449,106.6881",76.9
2024-01-13 23:42:00,VIN-C1234,49.6,17.9,"10.0452,105.7469",107.7
2024-01-13 23:45:00,VIN-C1235,53.3,34.8,"10.8231,106.6297",90.4
2024-01-13 23:48:00,VIN-C1236,108.2,57.7,"10.9460,108.4419",102.5
2024-01-13 23:51:00,VIN-C1237,31.8,52.1,"11.9404,108.4583",94.5
2024-01-13 23:54:00,VIN-C1238,82.1,66.8,"12.2388,109.1967",103.6
2024-01-13 23:57:00,VIN-C1239,85.5,18.1,"11.9404,108.4583",103.9
2024-01-14 00:00:00,VIN-C1240,53.5,48.7,"12.2388,109.1967",105.1
2024-01-14 00:03:00,VIN-C1241,104.3,96.4,"10.0452,105.7469",89.0
2024-01-14 00:06:00,VIN-C1242,55.9,58.0,"12.2388,109.1967",71.0
2024-01-14 00:09:00,VIN-C1243,104.7,7.1,"10.9460,108.4419",86.9
2024-01-14 00:12:00,VIN-C1244,42.6,34.3,"10.9460,108.4419",84.0
2024-01-14 00:15:00,VIN-C1245,35.8,12.2,"10.9460,108.4419",100.7
2024-01-14 00:18:00,VIN-C1246,78.2,24.8,"10.8231,106.6297",101.6
2024-01-14 00:21:00,VIN-C1247,77.2,9.4,"12.2388,109.1967",99.5
2024-01-14 00:24:00,VIN-C1248,95.6,40.4,"11.9404,108.4583",99.0
2024-01-14 00:27:00,VIN-C1249,18.0,75.8,"12.2388,109.1967",83.7
2024-01-14 00:30:00,VIN-C1250,63.0,96.1,"11.9404,108.4583",96.2
2024-01-14 00:33:00,VIN-C1251,50.7,28.4,"16.0544,108.2022",106.6
2024-01-14 00:36:00,VIN-C1252,103.8,17.4,"20.8449,106.6881",87.2
2024-01-14 00:39:00,VIN-C1253,3.8,69.9,"10.8231,106.6297",104.5
2024-01-14 00:42:00,VIN-C1254,4.4,49.3,"21.0285,105.8542",72.8
2024-01-14 00:45:00,VIN-C1255,88.3,82.4,"11.9404,108.4583",103.0
2024-01-14 00:48:00,VIN-C1256,9.3,62.0,"20.8449,106.6881",103.3
2024-01-14 00:51:00,VIN-C1257,119.2,13.2,"21.0285,105.8542",97.3
2024-01-14 00:54:00,VIN-C1258,38.2,25.4,"10.9460,108.4419",101.5
2024-01-14 00:57:00,VIN-C1259,33.2,45.5,"12.2388,109.1967",99.2
2024-01-14 01:00:00,VIN-C1260,56.4,45.4,"21.0285,105.8542",90.4
2024-01-14 01:03:00,VIN-C1261,91.7,43.8,"10.9460,108.4419",96.8
2024-01-14 01:06:00,VIN-C1262,33.7,48.8,"20.8449,106.6881",86.0
2024-01-14 01:09:00,VIN-C1263,78.1,79.3,"20.8449,106.6881",91.9
2024-01-14 01:12:00,VIN-C1264,17.7,63.3,"11.9404,108.4583",98.5
2024-01-14 01:15:00,VIN-C1265,44.3,37.6,"11.9404,108.4583",70.7
2024-01-14 01:18:00,VIN-C1266,77.0,11.4,"16.0544,108.2022",98.1
2024-01-14 01:21:00,VIN-C1267,83.0,5.3,"16.0544,108.2022",93.0
2024-01-14 01:24:00,VIN-C1268,22.3,45.2,"12.2388,109.1967",104.2
2024-01-14 01:27:00,VIN-C1269,37.9,84.6,"10.0452,105.7469",94.9
2024-01-14 01:30:00,VIN-C1270,50.7,91.9,"21.0285,105.8542",80.1
2024-01-14 01:33:00,VIN-C1271,42.5,25.5,"21.0285,105.8542",91.3
2024-01-14 01:36:00,VIN-C1272,45.1,34.3,"12.2388,109.1967",88.0
2024-01-14 01:39:00,VIN-C1273,29.2,57.4,"21.0285,105.8542",80.1
2024-01-14 01:42:00,VIN-C1274,88.0,52.5,"16.0544,108.2022",80.4
2024-01-14 01:45:00,VIN-C1275,35.9,33.7,"16.0544,108.2022",70.1
2024-01-14 01:48:00,VIN-C1276,39.3,29.9,"21.0285,105.8542",70.7
2024-01-14 01:51:00,VIN-C1277,107.7,88.0,"16.0544,108.2022",106.7
2024-01-14 01:54:00,VIN-C1278,27.1,52.9,"10.0452,105.7469",103.5
2024-01-14 01:57:00,VIN-C1279,119.1,56.0,"20.8449,106.6881",86.5
2024-01-14 02:00:00,VIN-C1280,111.1,87.1,"10.9460,108.4419",82.1
2024-01-14 02:03:00,VIN-C1281,24.5,97.1,"11.9404,108.4583",73.1
2024-01-14 02:06:00,VIN-C1282,80.9,5.8,"11.9404,108.4583",90.6
2024-01-14 02:09:00,VIN-C1283,23.5,90.6,"20.8449,106.6881",100.9
2024-01-14 02:12:00,VIN-C1284,64.1,12.5,"10.0452,105.7469",108.0
2024-01-14 02:15:00,VIN-C1285,112.3,78.7,"11.9404,108.4583",95.5
2024-01-14 02:18:00,VIN-C1286,83.3,51.5,"11.9404,108.4583",83.7
2024-01-14 02:21:00,VIN-C1287,74.7,63.9,"12.2388,109.1967",98.2
2024-01-14 02:24:00,VIN-C1288,81.3,97.5,"16.0544,108.2022",108.8
2024-01-14 02:27:00,VIN-C1289,66.5,40.6,"11.9404,108.4583",102.3
2024-01-14 02:30:00,VIN-C1290,100.7,97.4,"21.0285,105.8542",85.1
2024-01-14 02:33:00,VIN-C1291,41.4,64.0,"10.0452,105.7469",91.5
2024-01-14 02:36:00,VIN-C1292,113.1,14.2,"10.0452,105.7469",82.4
2024-01-14 02:39:00,VIN-C1293,91.5,59.3,"10.8231,106.6297",99.3
2024-01-14 02:42:00,VIN-C1294,119.1,96.2,"21.0285,105.8542",102.8
2024-01-14 02:45:00,VIN-C1295,103.9,23.0,"16.0544,108.2022",98.1
2024-01-14 02:48:00,VIN-C1296,117.8,21.4,"16.0544,108.2022",74.1
2024-01-14 02:51:00,VIN-C1297,73.0,40.1,"10.9460,108.4419",99.8
2024-01-14 02:54:00,VIN-C1298,29.1,77.5,"10.8231,106.6297",103.6
2024-01-14 02:57:00,VIN-C1299,88.3,14.7,"21.0285,105.8542",90.6
2024-01-14 03:00:00,VIN-C1300,18.6,90.9,"12.2388,109.1967",73.6
2024-01-14 03:03:00,VIN-C1301,10.5,73.8,"21.0285,105.8542",77.9
2024-01-14 03:06:00,VIN-C1302,10.1,88.9,"11.9404,108.4583",84.5
2024-01-14 03:09:00,VIN-C1303,101.9,95.5,"11.9404,108.4583",78.9
2024-01-14 03:12:00,VIN-C1304,22.8,81.8,"12.2388,109.1967",70.4
2024-01-14 03:15:00,VIN-C1305,52.9,13.4,"21.0285,105.8542",105.7
2024-01-14 03:18:00,VIN-C1306,74.0,89.4,"20.8449,106.6881",84.4
2024-01-14 03:21:00,VIN-C1307,65.9,68.0,"11.9404,108.4583",82.8
2024-01-14 03:24:00,VIN-C1308,48.8,84.7,"20.8449,106.6881",79.5
2024-01-14 03:27:00,VIN-C1309,96.0,35.9,"12.2388,109.1967",74.8
2024-01-14 03:30:00,VIN-C1310,67.0,97.5,"21.0285,105.8542",75.7
2024-01-14 03:33:00,VIN-C1311,112.7,86.5,"12.2388,109.1967",83.6
2024-01-14 03:36:00,VIN-C1312,6.6,34.1,"21.0285,105.8542",107.4
2024-01-14 03:39:00,VIN-C1313,110.1,81.4,"10.8231,106.6297",86.8
2024-01-14 03:42:00,VIN-C1314,12.6,71.0,"20.8449,106.6881",109.3
2024-01-14 03:45:00,VIN-C1315,45.7,63.5,"10.8231,106.6297",72.4
2024-01-14 03:48:00,VIN-C1316,90.5,84.8,"16.0544,108.2022",76.4
2024-01-14 03:51:00,VIN-C1317,30.0,81.0,"21.0285,105.8542",86.2
2024-01-14 03:54:00,VIN-C1318,17.0,83.3,"16.0544,108.2022",76.1
2024-01-14 03:57:00,VIN-C1319,10.0,82.0,"11.9404,108.4583",107.1
2024-01-14 04:00:00,VIN-C1320,48.3,66.8,"20.8449,106.6881",103.4
2024-01-14 04:03:00,VIN-C1321,68.2,41.2,"16.0544,108.2022",71.2
2024-01-14 04:06:00,VIN-C1322,23.2,30.7,"21.0285,105.8542",99.8
2024-01-14 04:09:00,VIN-C1323,1.3,59.0,"16.0544,108.2022",96.5
2024-01-14 04:12:00,VIN-C1324,76.1,92.6,"11.9404,108.4583",89.7
2024-01-14 04:15:00,VIN-C1325,91.2,57.4,"10.9460,108.4419",72.0
2024-01-14 04:18:00,VIN-C1326,24.1,18.8,"10.8231,106.6297",108.4
2024-01-14 04:21:00,VIN-C1327,79.3,91.7,"12.2388,109.1967",92.4
2024-01-14 04:24:00,VIN-C1328,73.9,74.8,"12.2388,109.1967",102.2
2024-01-14 04:27:00,VIN-C1329,66.8,94.2,"16.0544,108.2022",94.4
2024-01-14 04:30:00,VIN-C1330,10.6,36.8,"10.8231,106.6297",83.2
2024-01-14 04:33:00,VIN-C1331,119.5,89.0,"10.8231,106.6297",98.3
2024-01-14 04:36:00,VIN-C1332,17.7,65.0,"20.8449,106.6881",70.6
2024-01-14 04:39:00,VIN-C1333,45.6,32.4,"10.8231,106.6297",76.9
2024-01-14 04:42:00,VIN-C1334,112.2,22.3,"10.8231,106.6297",86.7
2024-01-14 04:45:00,VIN-C1335,43.0,33.5,"10.9460,108.4419",80.5
2024-01-14 04:48:00,VIN-C1336,114.6,42.9,"11.9404,108.4583",71.7
2024-01-14 04:51:00,VIN-C1337,69.5,29.4,"21.0285,105.8542",95.4
2024-01-14 04:54:00,VIN-C1338,116.6,60.5,"11.9404,108.4583",87.4
2024-01-14 04:57:00,VIN-C1339,115.6,29.7,"10.8231,106.6297",73.8
2024-01-14 05:00:00,VIN-C1340,46.7,64.6,"11.9404,108.4583",87.3
2024-01-14 05:03:00,VIN-C1341,16.1,53.9,"10.9460,108.4419",91.2
2024-01-14 05:06:00,VIN-C1342,111.2,47.1,"20.8449,106.6881",83.9
2024-01-14 05:09:00,VIN-C1343,83.7,91.6,"10.0452,105.7469",73.0
2024-01-14 05:12:00,VIN-C1344,46.7,96.1,"20.8449,106.6881",95.9
2024-01-14 05:15:00,VIN-C1345,106.2,18.1,"10.8231,106.6297",105.4
2024-01-14 05:18:00,VIN-C1346,119.1,80.9,"10.0452,105.7469",92.2
2024-01-14 05:21:00,VIN-C1347,1.1,31.5,"12.2388,109.1967",96.6
2024-01-14 05:24:00,VIN-C1348,53.7,88.8,"10.8231,106.6297",78.6
2024-01-14 05:27:00,VIN-C1349,2.0,36.3,"12.2388,109.1967",104.3
2024-01-14 05:30:00,VIN-C1350,62.5,80.8,"11.9404,108.4583",99.2
2024-01-14 05:33:00,VIN-C1351,67.2,95.3,"12.2388,109.1967",82.3
2024-01-14 05:36:00,VIN-C1352,70.7,76.6,"12.2388,109.1967",88.4
2024-01-14 05:39:00,VIN-C1353,67.6,9.5,"11.9404,108.4583",79.3
2024-01-14 05:42:00,VIN-C1354,52.9,58.3,"11.9404,108.4583",105.3
2024-01-14 05:45:00,VIN-C1355,114.9,43.8,"10.0452,105.7469",95.6
2024-01-14 05:48:00,VIN-C1356,98.4,36.5,"10.0452,105.7469",75.0
2024-01-14 05:51:00,VIN-C1357,87.6,51.9,"12.2388,109.1967",104.6
2024-01-14 05:54:00,VIN-C1358,91.1,43.4,"20.8449,106.6881",103.4
2024-01-14 05:57:00,VIN-C1359,39.8,70.4,"16.0544,108.2022",93.7
2024-01-14 06:00:00,VIN-C1360,20.0,78.6,"16.0544,108.2022",104.9
2024-01-14 06:03:00,VIN-C1361,19.1,91.1,"10.8231,106.6297",100.4
2024-01-14 06:06:00,VIN-C1362,13.3,25.7,"10.0452,105.7469",84.9
2024-01-14 06:09:00,VIN-C1363,5.0,90.3,"11.9404,108.4583",87.1
2024-01-14 06:12:00,VIN-C1364,87.3,69.7,"20.8449,106.6881",89.4
2024-01-14 06:15:00,VIN-C1365,49.1,52.0,"10.8231,106.6297",94.4
2024-01-14 06:18:00,VIN-C1366,47.9,35.8,"10.0452,105.7469",89.2
2024-01-14 06:21:00,VIN-C1367,32.3,31.7,"11.9404,108.4583",103.2
2024-01-14 06:24:00,VIN-C1368,57.0,18.9,"10.0452,105.7469",84.3
2024-01-14 06:27:00,VIN-C1369,24.1,94.1,"11.9404,108.4583",105.9
2024-01-14 06:30:00,VIN-C1370,82.0,72.4,"16.0544,108.2022",107.0
2024-01-14 06:33:00,VIN-C1371,84.0,51.4,"10.9460,108.4419",108.6
2024-01-14 06:36:00,VIN-C1372,10.4,70.2,"12.2388,109.1967",108.8
2024-01-14 06:39:00,VIN-C1373,46.3,89.3,"16.0544,108.2022",87.1
2024-01-14 06:42:00,VIN-C1374,38.8,16.4,"21.0285,105.8542",101.6
2024-01-14 06:45:00,VIN-C1375,74.3,45.3,"11.9404,108.4583",79.0
2024-01-14 06:48:00,VIN-C1376,73.6,38.8,"11.9404,108.4583",72.9
2024-01-14 06:51:00,VIN-C1377,43.0,65.9,"12.2388,109.1967",105.5
2024-01-14 06:54:00,VIN-C1378,73.4,46.9,"20.8449,106.6881",79.5
2024-01-14 06:57:00,VIN-C1379,86.7,91.8,"10.8231,106.6297",92.6
2024-01-14 07:00:00,VIN-C1380,24.8,75.0,"16.0544,108.2022",72.4
2024-01-14 07:03:00,VIN-C1381,13.2,79.5,"10.8231,106.6297",73.4
2024-01-14 07:06:00,VIN-C1382,88.4,59.7,"16.0544,108.2022",76.9
2024-01-14 07:09:00,VIN-C1383,33.7,17.0,"12.2388,109.1967",100.4
2024-01-14 07:12:00,VIN-C1384,95.0,25.4,"16.0544,108.2022",89.2
2024-01-14 07:15:00,VIN-C1385,49.2,9.6,"12.2388,109.1967",87.4
2024-01-14 07:18:00,VIN-C1386,83.3,95.7,"10.8231,106.6297",81.0
2024-01-14 07:21:00,VIN-C1387,95.2,23.7,"12.2388,109.1967",92.1
2024-01-14 07:24:00,VIN-C1388,8.6,86.2,"10.0452,105.7469",87.5
2024-01-14 07:27:00,VIN-C1389,29.0,80.5,"20.8449,106.6881",86.0
2024-01-14 07:30:00,VIN-C1390,89.6,14.9,"11.9404,108.4583",83.1
2024-01-14 07:33:00,VIN-C1391,32.7,88.7,"11.9404,108.4583",79.8
2024-01-14 07:36:00,VIN-C1392,18.5,42.3,"20.8449,106.6881",89.4
2024-01-14 07:39:00,VIN-C1393,32.1,76.0,"20.8449,106.6881",95.3
2024-01-14 07:42:00,VIN-C1394,16.5,17.9,"11.9404,108.4583",100.0
2024-01-14 07:45:00,VIN-C1395,47.4,71.2,"12.2388,109.1967",95.0
2024-01-14 07:48:00,VIN-C1396,7.6,61.9,"16.0544,108.2022",98.4
2024-01-14 07:51:00,VIN-C1397,98.5,38.2,"10.9460,108.4419",99.6
2024-01-14 07:54:00,VIN-C1398,111.1,19.6,"11.9404,108.4583",99.5
2024-01-14 07:57:00,VIN-C1399,20.5,13.1,"11.9404,108.4583",108.8
2024-01-14 08:00:00,VIN-C1400,86.7,85.7,"10.0452,105.7469",92.3
2024-01-14 08:03:00,VIN-C1401,103.3,69.0,"10.9460,108.4419",83.6
2024-01-14 08:06:00,VIN-C1402,38.4,18.2,"16.0544,108.2022",85.5
2024-01-14 08:09:00,VIN-C1403,50.0,25.7,"11.9404,108.4583",85.9
2024-01-14 08:12:00,VIN-C1404,77.0,30.4,"20.8449,106.6881",70.1
2024-01-14 08:15:00,VIN-C1405,67.3,78.8,"10.8231,106.6297",103.2
2024-01-14 08:18:00,VIN-C1406,99.6,12.8,"21.0285,105.8542",94.3
2024-01-14 08:21:00,VIN-C1407,7.8,50.9,"11.9404,108.4583",72.7
2024-01-14 08:24:00,VIN-C1408,68.7,70.4,"12.2388,109.1967",73.8
2024-01-14 08:27:00,VIN-C1409,36.8,79.2,"11.9404,108.4583",78.2
2024-01-14 08:30:00,VIN-C1410,12.0,92.2,"16.0544,108.2022",90.8
2024-01-14 08:33:00,VIN-C1411,80.8,28.2,"11.9404,108.4583",96.5
2024-01-14 08:36:00,VIN-C1412,57.1,46.8,"20.8449,106.6881",84.0
2024-01-14 08:39:00,VIN-C1413,93.6,60.3,"10.8231,106.6297",89.3
2024-01-14 08:42:00,VIN-C1414,43.4,33.8,"12.2388,109.1967",95.9
2024-01-14 08:45:00,VIN-C1415,85.0,65.7,"12.2388,109.1967",78.9
2024-01-14 08:48:00,VIN-C1416,91.9,56.0,"10.9460,108.4419",74.1
2024-01-14 08:51:00,VIN-C1417,103.2,81.1,"16.0544,108.2022",108.0
2024-01-14 08:54:00,VIN-C1418,87.1,83.9,"12.2388,109.1967",100.7
2024-01-14 08:57:00,VIN-C1419,103.0,10.1,"20.8449,106.6881",107.9
2024-01-14 09:00:00,VIN-C1420,83.3,33.4,"21.0285,105.8542",83.8
2024-01-14 09:03:00,VIN-C1421,43.2,49.1,"21.0285,105.8542",109.8
2024-01-14 09:06:00,VIN-C1422,79.7,15.4,"11.9404,108.4583",95.7
2024-01-14 09:09:00,VIN-C1423,55.5,86.6,"12.2388,109.1967",94.6
2024-01-14 09:12:00,VIN-C1424,31.5,68.0,"12.2388,109.1967",97.8
2024-01-14 09:15:00,VIN-C1425,58.1,21.4,"11.9404,108.4583",88.7
2024-01-14 09:18:00,VIN-C1426,60.1,43.1,"21.0285,105.8542",78.9
2024-01-14 09:21:00,VIN-C1427,32.4,96.8,"10.9460,108.4419",82.4
2024-01-14 09:24:00,VIN-C1428,47.2,36.2,"11.9404,108.4583",88.7
2024-01-14 09:27:00,VIN-C1429,74.3,34.8,"10.0452,105.7469",104.4
2024-01-14 09:30:00,VIN-C1430,64.4,96.8,"11.9404,108.4583",92.1
2024-01-14 09:33:00,VIN-C1431,100.1,69.0,"11.9404,108.4583",89.4
2024-01-14 09:36:00,VIN-C1432,71.7,84.1,"11.9404,108.4583",107.1
2024-01-14 09:39:00,VIN-C1433,11.7,43.8,"10.8231,106.6297",76.2
2024-01-14 09:42:00,VIN-C1434,107.8,55.4,"12.2388,109.1967",95.1
2024-01-14 09:45:00,VIN-C1435,14.1,23.4,"16.0544,108.2022",79.5
2024-01-14 09:48:00,VIN-C1436,89.0,67.2,"12.2388,109.1967",87.8
2024-01-14 09:51:00,VIN-C1437,36.1,49.2,"12.2388,109.1967",86.0
2024-01-14 09:54:00,VIN-C1438,71.1,97.7,"21.0285,105.8542",80.2
2024-01-14 09:57:00,VIN-C1439,117.5,68.6,"10.9460,108.4419",98.8
2024-01-14 10:00:00,VIN-C1440,96.8,70.9,"12.2388,109.1967",75.0
2024-01-14 10:03:00,VIN-C1441,41.9,35.3,"11.9404,108.4583",109.8
2024-01-14 10:06:00,VIN-C1442,62.2,25.6,"12.2388,109.1967",84.9
2024-01-14 10:09:00,VIN-C1443,92.0,8.5,"10.9460,108.4419",71.0
2024-01-14 10:12:00,VIN-C1444,73.0,41.9,"10.8231,106.6297",73.1
2024-01-14 10:15:00,VIN-C1445,41.8,69.4,"10.8231,106.6297",100.3
2024-01-14 10:18:00,VIN-C1446,52.6,8.4,"20.8449,106.6881",88.4
2024-01-14 10:21:00,VIN-C1447,94.9,30.6,"10.8231,106.6297",89.6
2024-01-14 10:24:00,VIN-C1448,51.9,61.8,"11.9404,108.4583",82.6
2024-01-14 10:27:00,VIN-C1449,11.7,90.9,"16.0544,108.2022",74.4
2024-01-14 10:30:00,VIN-C1450,95.8,59.9,"10.0452,105.7469",96.6
2024-01-14 10:33:00,VIN-C1451,92.5,92.7,"20.8449,106.6881",87.8
2024-01-14 10:36:00,VIN-C1452,81.2,38.5,"10.0452,105.7469",101.6
2024-01-14 10:39:00,VIN-C1453,58.4,27.8,"11.9404,108.4583",98.1
2024-01-14 10:42:00,VIN-C1454,71.3,9.3,"10.8231,106.6297",88.2
2024-01-14 10:45:00,VIN-C1455,15.9,56.1,"12.2388,109.1967",101.2
2024-01-14 10:48:00,VIN-C1456,116.0,26.9,"11.9404,108.4583",102.8
2024-01-14 10:51:00,VIN-C1457,90.4,63.1,"21.0285,105.8542",80.9
2024-01-14 10:54:00,VIN-C1458,5.7,49.5,"12.2388,109.1967",76.6
2024-01-14 10:57:00,VIN-C1459,76.2,97.7,"10.0452,105.7469",87.3
2024-01-14 11:00:00,VIN-C1460,102.1,92.7,"11.9404,108.4583",89.2
2024-01-14 11:03:00,VIN-C1461,92.6,58.9,"10.9460,108.4419",100.7
2024-01-14 11:06:00,VIN-C1462,106.1,95.3,"12.2388,109.1967",90.8
2024-01-14 11:09:00,VIN-C1463,2.7,71.8,"10.8231,106.6297",96.6
2024-01-14 11:12:00,VIN-C1464,109.7,69.0,"10.0452,105.7469",102.2
2024-01-14 11:15:00,VIN-C1465,92.9,46.5,"11.9404,108.4583",92.4
2024-01-14 11:18:00,VIN-C1466,18.4,83.3,"16.0544,108.2022",109.0
2024-01-14 11:21:00,VIN-C1467,41.1,95.1,"20.8449,106.6881",79.5
2024-01-14 11:24:00,VIN-C1468,87.5,81.9,"12.2388,109.1967",98.3
2024-01-14 11:27:00,VIN-C1469,96.0,18.4,"20.8449,106.6881",87.2
2024-01-14 11:30:00,VIN-C1470,70.0,13.4,"16.0544,108.2022",96.9
2024-01-14 11:33:00,VIN-C1471,114.8,80.7,"16.0544,108.2022",73.0
2024-01-14 11:36:00,VIN-C1472,75.2,20.8,"16.0544,108.2022",102.2
2024-01-14 11:39:00,VIN-C1473,9.9,15.3,"10.9460,108.4419",101.6
2024-01-14 11:42:00,VIN-C1474,65.6,81.6,"16.0544,108.2022",103.7
2024-01-14 11:45:00,VIN-C1475,97.2,87.2,"20.8449,106.6881",109.1
2024-01-14 11:48:00,VIN-C1476,91.1,47.9,"12.2388,109.1967",95.2
2024-01-14 11:51:00,VIN-C1477,32.7,91.9,"10.0452,105.7469",77.2
2024-01-14 11:54:00,VIN-C1478,82.4,35.1,"12.2388,109.1967",107.0
2024-01-14 11:57:00,VIN-C1479,13.1,14.3,"11.9404,108.4583",73.4
2024-01-14 12:00:00,VIN-C1480,45.8,47.8,"10.8231,106.6297",97.5
2024-01-14 12:03:00,VIN-C1481,17.3,24.6,"21.0285,105.8542",97.6
2024-01-14 12:06:00,VIN-C1482,26.0,84.6,"20.8449,106.6881",90.5
2024-01-14 12:09:00,VIN-C1483,93.6,56.0,"12.2388,109.1967",104.5
2024-01-14 12:12:00,VIN-C1484,112.7,29.7,"16.0544,108.2022",76.6
2024-01-14 12:15:00,VIN-C1485,113.5,29.8,"10.0452,105.7469",77.9
2024-01-14 12:18:00,VIN-C1486,38.8,97.6,"21.0285,105.8542",74.5
2024-01-14 12:21:00,VIN-C1487,53.1,56.5,"20.8449,106.6881",70.5
2024-01-14 12:24:00,VIN-C1488,0.2,50.8,"20.8449,106.6881",106.8
2024-01-14 12:27:00,VIN-C1489,56.2,50.9,"10.8231,106.6297",109.7
2024-01-14 12:30:00,VIN-C1490,79.4,50.9,"21.0285,105.8542",108.9
2024-01-14 12:33:00,VIN-C1491,28.5,49.2,"16.0544,108.2022",99.6
2024-01-14 12:36:00,VIN-C1492,44.8,50.9,"10.9460,108.4419",97.6
2024-01-14 12:39:00,VIN-C1493,7.9,44.5,"21.0285,105.8542",90.0
2024-01-14 12:42:00,VIN-C1494,5.0,56.8,"20.8449,106.6881",92.4
2024-01-14 12:45:00,VIN-C1495,78.8,14.8,"20.8449,106.6881",102.6
2024-01-14 12:48:00,VIN-C1496,26.7,26.5,"16.0544,108.2022",85.5
2024-01-14 12:51:00,VIN-C1497,35.7,36.2,"20.8449,106.6881",80.3
2024-01-14 12:54:00,VIN-C1498,51.5,33.4,"21.0285,105.8542",86.1
2024-01-14 12:57:00,VIN-C1499,38.7,91.1,"10.0452,105.7469",94.4
2024-01-14 13:00:00,VIN-C1500,2.5,79.5,"12.2388,109.1967",101.8
2024-01-14 13:03:00,VIN-C1501,68.3,96.7,"10.9460,108.4419",95.8
2024-01-14 13:06:00,VIN-C1502,27.5,17.4,"21.0285,105.8542",98.2
2024-01-14 13:09:00,VIN-C1503,71.5,69.9,"21.0285,105.8542",92.1
2024-01-14 13:12:00,VIN-C1504,88.5,40.5,"21.0285,105.8542",77.5
2024-01-14 13:15:00,VIN-C1505,119.2,18.5,"20.8449,106.6881",88.6
2024-01-14 13:18:00,VIN-C1506,1.3,31.3,"21.0285,105.8542",108.4
2024-01-14 13:21:00,VIN-C1507,110.7,11.4,"10.0452,105.7469",95.5
2024-01-14 13:24:00,VIN-C1508,47.8,18.2,"11.9404,108.4583",108.1
2024-01-14 13:27:00,VIN-C1509,48.2,5.3,"16.0544,108.2022",74.5
2024-01-14 13:30:00,VIN-C1510,68.6,93.3,"10.8231,106.6297",92.0
2024-01-14 13:33:00,VIN-C1511,61.2,39.8,"12.2388,109.1967",90.6
2024-01-14 13:36:00,VIN-C1512,17.0,85.1,"10.0452,105.7469",78.0
2024-01-14 13:39:00,VIN-C1513,119.2,56.8,"12.2388,109.1967",77.7
2024-01-14 13:42:00,VIN-C1514,100.7,65.7,"10.8231,106.6297",86.3
2024-01-14 13:45:00,VIN-C1515,53.8,89.1,"11.9404,108.4583",104.1
2024-01-14 13:48:00,VIN-C1516,57.6,37.1,"12.2388,109.1967",85.1
2024-01-14 13:51:00,VIN-C1517,26.1,70.6,"11.9404,108.4583",74.9
2024-01-14 13:54:00,VIN-C1518,105.1,74.8,"12.2388,109.1967",71.9
2024-01-14 13:57:00,VIN-C1519,96.9,13.4,"10.0452,105.7469",77.6
2024-01-14 14:00:00,VIN-C1520,68.6,39.9,"10.9460,108.4419",92.7
2024-01-14 14:03:00,VIN-C1521,1.4,26.0,"10.9460,108.4419",74.0
2024-01-14 14:06:00,VIN-C1522,111.5,12.7,"10.9460,108.4419",98.0
2024-01-14 14:09:00,VIN-C1523,23.1,37.8,"10.9460,108.4419",106.3
2024-01-14 14:12:00,VIN-C1524,107.2,33.8,"16.0544,108.2022",80.1
2024-01-14 14:15:00,VIN-C1525,111.9,41.3,"11.9404,108.4583",73.7
2024-01-14 14:18:00,VIN-C1526,47.1,56.4,"10.0452,105.7469",100.4
2024-01-14 14:21:00,VIN-C1527,75.7,61.1,"10.0452,105.7469",79.6
2024-01-14 14:24:00,VIN-C1528,46.2,29.6,"10.9460,108.4419",100.6
2024-01-14 14:27:00,VIN-C1529,48.4,49.2,"20.8449,106.6881",104.3
2024-01-14 14:30:00,VIN-C1530,1.1,31.6,"12.2388,109.1967",83.0
2024-01-14 14:33:00,VIN-C1531,114.5,85.1,"10.9460,108.4419",97.1
2024-01-14 14:36:00,VIN-C1532,80.2,27.2,"21.0285,105.8542",95.6
2024-01-14 14:39:00,VIN-C1533,56.7,27.5,"10.0452,105.7469",79.0
2024-01-14 14:42:00,VIN-C1534,31.7,80.2,"10.9460,108.4419",83.3
2024-01-14 14:45:00,VIN-C1535,90.6,52.5,"12.2388,109.1967",109.8
2024-01-14 14:48:00,VIN-C1536,40.8,79.1,"12.2388,109.1967",91.7
2024-01-14 14:51:00,VIN-C1537,107.6,86.6,"12.2388,109.1967",98.0
2024-01-14 14:54:00,VIN-C1538,118.0,73.9,"10.0452,105.7469",103.7
2024-01-14 14:57:00,VIN-C1539,65.0,99.1,"20.8449,106.6881",70.8
2024-01-14 15:00:00,VIN-C1540,40.9,32.5,"10.9460,108.4419",72.1
2024-01-14 15:03:00,VIN-C1541,71.3,85.6,"11.9404,108.4583",102.7
2024-01-14 15:06:00,VIN-C1542,86.2,33.4,"10.9460,108.4419",86.5
2024-01-14 15:09:00,VIN-C1543,14.1,15.2,"10.9460,108.4419",108.1
2024-01-14 15:12:00,VIN-C1544,69.1,42.3,"10.9460,108.4419",84.5
2024-01-14 15:15:00,VIN-C1545,80.8,38.4,"11.9404,108.4583",88.5
2024-01-14 15:18:00,VIN-C1546,61.4,80.1,"16.0544,108.2022",76.7
2024-01-14 15:21:00,VIN-C1547,82.0,25.0,"11.9404,108.4583",80.7
2024-01-14 15:24:00,VIN-C1548,118.7,7.3,"10.0452,105.7469",93.2
2024-01-14 15:27:00,VIN-C1549,73.1,29.5,"20.8449,106.6881",91.1
2024-01-14 15:30:00,VIN-C1550,41.9,44.6,"20.8449,106.6881",85.2
2024-01-14 15:33:00,VIN-C1551,70.8,61.8,"20.8449,106.6881",72.7
2024-01-14 15:36:00,VIN-C1552,62.3,93.5,"10.9460,108.4419",71.4
2024-01-14 15:39:00,VIN-C1553,92.1,47.1,"10.9460,108.4419",105.6
2024-01-14 15:42:00,VIN-C1554,52.7,40.6,"10.8231,106.6297",100.3
2024-01-14 15:45:00,VIN-C1555,24.6,58.7,"20.8449,106.6881",75.8
2024-01-14 15:48:00,VIN-C1556,26.7,49.5,"16.0544,108.2022",105.2
2024-01-14 15:51:00,VIN-C1557,96.9,92.7,"21.0285,105.8542",96.8
2024-01-14 15:54:00,VIN-C1558,10.2,94.9,"10.0452,105.7469",109.5
2024-01-14 15:57:00,VIN-C1559,14.8,57.6,"20.8449,106.6881",76.9
2024-01-14 16:00:00,VIN-C1560,79.3,8.1,"16.0544,108.2022",81.5
2024-01-14 16:03:00,VIN-C1561,19.7,23.3,"10.0452,105.7469",72.1
2024-01-14 16:06:00,VIN-C1562,17.2,63.6,"10.0452,105.7469",80.1
2024-01-14 16:09:00,VIN-C1563,45.5,79.8,"10.8231,106.6297",103.4
2024-01-14 16:12:00,VIN-C1564,114.2,40.9,"12.2388,109.1967",98.3
2024-01-14 16:15:00,VIN-C1565,81.6,5.2,"11.9404,108.4583",96.2
2024-01-14 16:18:00,VIN-C1566,22.9,46.6,"20.8449,106.6881",82.9
2024-01-14 16:21:00,VIN-C1567,16.9,34.0,"16.0544,108.2022",90.2
2024-01-14 16:24:00,VIN-C1568,29.1,73.0,"10.8231,106.6297",71.3
2024-01-14 16:27:00,VIN-C1569,45.9,94.3,"12.2388,109.1967",91.2
2024-01-14 16:30:00,VIN-C1570,99.4,37.0,"10.9460,108.4419",101.2
2024-01-14 16:33:00,VIN-C1571,40.9,15.1,"10.8231,106.6297",80.2
2024-01-14 16:36:00,VIN-C1572,43.5,96.5,"16.0544,108.2022",91.2
2024-01-14 16:39:00,VIN-C1573,0.8,28.5,"10.9460,108.4419",86.4
2024-01-14 16:42:00,VIN-C1574,119.2,97.2,"11.9404,108.4583",83.3
2024-01-14 16:45:00,VIN-C1575,3.6,57.9,"20.8449,106.6881",92.0
2024-01-14 16:48:00,VIN-C1576,76.5,47.4,"20.8449,106.6881",71.1
2024-01-14 16:51:00,VIN-C1577,21.7,26.7,"16.0544,108.2022",76.8
2024-01-14 16:54:00,VIN-C1578,29.9,12.1,"10.9460,108.4419",71.4
2024-01-14 16:57:00,VIN-C1579,107.9,64.0,"11.9404,108.4583",92.4
2024-01-14 17:00:00,VIN-C1580,115.7,92.6,"16.0544,108.2022",91.6
2024-01-14 17:03:00,VIN-C1581,56.6,54.8,"10.9460,108.4419",76.4
2024-01-14 17:06:00,VIN-C1582,106.3,52.2,"21.0285,105.8542",80.1
2024-01-14 17:09:00,VIN-C1583,18.9,34.4,"11.9404,108.4583",101.9
2024-01-14 17:12:00,VIN-C1584,20.8,82.7,"10.9460,108.4419",106.6
2024-01-14 17:15:00,VIN-C1585,69.3,34.4,"21.0285,105.8542",87.1
2024-01-14 17:18:00,VIN-C1586,28.1,77.2,"10.8231,106.6297",88.8
2024-01-14 17:21:00,VIN-C1587,2.3,12.5,"10.8231,106.6297",77.2
2024-01-14 17:24:00,VIN-C1588,58.5,37.2,"21.0285,105.8542",76.0
2024-01-14 17:27:00,VIN-C1589,2.5,69.7,"10.8231,106.6297",73.3
2024-01-14 17:30:00,VIN-C1590,106.5,39.3,"11.9404,108.4583",107.9
2024-01-14 17:33:00,VIN-C1591,8.0,31.2,"10.9460,108.4419",94.8
2024-01-14 17:36:00,VIN-C1592,79.0,71.1,"10.8231,106.6297",104.7
2024-01-14 17:39:00,VIN-C1593,32.3,44.4,"10.9460,108.4419",82.8
2024-01-14 17:42:00,VIN-C1594,88.8,79.1,"11.9404,108.4583",76.8
2024-01-14 17:45:00,VIN-C1595,81.7,59.3,"12.2388,109.1967",81.0
2024-01-14 17:48:00,VIN-C1596,99.0,26.8,"20.8449,106.6881",72.2
2024-01-14 17:51:00,VIN-C1597,64.1,77.9,"12.2388,109.1967",99.4
2024-01-14 17:54:00,VIN-C1598,111.8,81.5,"10.0452,105.7469",70.5
2024-01-14 17:57:00,VIN-C1599,116.1,53.2,"10.9460,108.4419",75.7
2024-01-14 18:00:00,VIN-C1600,28.5,57.8,"20.8449,106.6881",91.4
2024-01-14 18:03:00,VIN-C1601,77.3,45.5,"21.0285,105.8542",104.6
2024-01-14 18:06:00,VIN-C1602,40.3,97.9,"16.0544,108.2022",79.2
2024-01-14 18:09:00,VIN-C1603,48.2,12.2,"11.9404,108.4583",90.0
2024-01-14 18:12:00,VIN-C1604,12.0,65.3,"10.8231,106.6297",73.8
2024-01-14 18:15:00,VIN-C1605,5.3,15.2,"20.8449,106.6881",89.9
2024-01-14 18:18:00,VIN-C1606,117.7,97.7,"16.0544,108.2022",71.1
2024-01-14 18:21:00,VIN-C1607,15.5,12.0,"16.0544,108.2022",71.8
2024-01-14 18:24:00,VIN-C1608,101.8,19.7,"11.9404,108.4583",75.1
2024-01-14 18:27:00,VIN-C1609,27.2,19.2,"10.9460,108.4419",103.7
2024-01-14 18:30:00,VIN-C1610,99.8,59.7,"10.0452,105.7469",100.2
2024-01-14 18:33:00,VIN-C1611,70.3,53.0,"21.0285,105.8542",83.7
2024-01-14 18:36:00,VIN-C1612,115.8,65.0,"11.9404,108.4583",106.6
2024-01-14 18:39:00,VIN-C1613,97.3,12.3,"10.0452,105.7469",102.1
2024-01-14 18:42:00,VIN-C1614,77.5,12.9,"16.0544,108.2022",108.9
2024-01-14 18:45:00,VIN-C1615,108.5,49.3,"10.9460,108.4419",82.1
2024-01-14 18:48:00,VIN-C1616,103.1,99.5,"12.2388,109.1967",106.6
2024-01-14 18:51:00,VIN-C1617,35.9,82.0,"10.0452,105.7469",93.3
2024-01-14 18:54:00,VIN-C1618,19.0,17.4,"21.0285,105.8542",90.7
2024-01-14 18:57:00,VIN-C1619,65.4,70.8,"16.0544,108.2022",82.0
2024-01-14 19:00:00,VIN-C1620,69.0,97.8,"10.9460,108.4419",99.1
2024-01-14 19:03:00,VIN-C1621,28.3,92.8,"20.8449,106.6881",98.3
2024-01-14 19:06:00,VIN-C1622,55.3,21.3,"12.2388,109.1967",81.9
2024-01-14 19:09:00,VIN-C1623,76.2,23.8,"11.9404,108.4583",104.4
2024-01-14 19:12:00,VIN-C1624,74.7,48.9,"10.9460,108.4419",76.6
2024-01-14 19:15:00,VIN-C1625,116.9,40.8,"10.9460,108.4419",74.4
2024-01-14 19:18:00,VIN-C1626,108.5,76.5,"12.2388,109.1967",78.9
2024-01-14 19:21:00,VIN-C1627,62.2,69.3,"10.8231,106.6297",103.4
2024-01-14 19:24:00,VIN-C1628,73.6,59.3,"10.0452,105.7469",80.8
2024-01-14 19:27:00,VIN-C1629,64.1,6.8,"12.2388,109.1967",75.0
2024-01-14 19:30:00,VIN-C1630,56.5,87.1,"10.8231,106.6297",95.1
2024-01-14 19:33:00,VIN-C1631,86.5,58.9,"10.8231,106.6297",94.1
2024-01-14 19:36:00,VIN-C1632,50.3,38.7,"10.0452,105.7469",89.1
2024-01-14 19:39:00,VIN-C1633,15.3,88.5,"20.8449,106.6881",85.3
2024-01-14 19:42:00,VIN-C1634,93.5,70.9,"16.0544,108.2022",75.0
2024-01-14 19:45:00,VIN-C1635,31.4,19.6,"10.8231,106.6297",78.8
2024-01-14 19:48:00,VIN-C1636,93.8,26.9,"21.0285,105.8542",98.7
2024-01-14 19:51:00,VIN-C1637,32.2,83.9,"10.8231,106.6297",106.5
2024-01-14 19:54:00,VIN-C1638,81.5,19.1,"10.0452,105.7469",74.3
2024-01-14 19:57:00,VIN-C1639,85.3,76.5,"16.0544,108.2022",102.8
2024-01-14 20:00:00,VIN-C1640,47.5,91.6,"12.2388,109.1967",89.7
2024-01-14 20:03:00,VIN-C1641,104.0,45.0,"10.8231,106.6297",105.2
2024-01-14 20:06:00,VIN-C1642,76.1,54.6,"16.0544,108.2022",106.7
2024-01-14 20:09:00,VIN-C1643,95.7,25.7,"11.9404,108.4583",94.4
2024-01-14 20:12:00,VIN-C1644,118.2,30.9,"12.2388,109.1967",76.5
2024-01-14 20:15:00,VIN-C1645,69.0,65.6,"11.9404,108.4583",94.7
2024-01-14 20:18:00,VIN-C1646,82.1,91.6,"10.9460,108.4419",101.5
2024-01-14 20:21:00,VIN-C1647,95.7,12.8,"11.9404,108.4583",80.0
2024-01-14 20:24:00,VIN-C1648,71.4,80.0,"16.0544,108.2022",87.3
2024-01-14 20:27:00,VIN-C1649,109.5,75.5,"10.9460,108.4419",99.1
2024-01-14 20:30:00,VIN-C1650,28.4,35.8,"10.8231,106.6297",98.8
2024-01-14 20:33:00,VIN-C1651,17.2,58.5,"10.8231,106.6297",98.1
2024-01-14 20:36:00,VIN-C1652,76.3,46.1,"10.9460,108.4419",86.3
2024-01-14 20:39:00,VIN-C1653,103.8,66.3,"12.2388,109.1967",75.8
2024-01-14 20:42:00,VIN-C1654,60.4,28.7,"11.9404,108.4583",82.7
2024-01-14 20:45:00,VIN-C1655,79.0,10.0,"12.2388,109.1967",77.0
2024-01-14 20:48:00,VIN-C1656,29.8,43.1,"10.9460,108.4419",93.9
2024-01-14 20:51:00,VIN-C1657,86.9,76.2,"20.8449,106.6881",87.7
2024-01-14 20:54:00,VIN-C1658,43.6,87.0,"10.0452,105.7469",94.9
2024-01-14 20:57:00,VIN-C1659,36.7,27.0,"20.8449,106.6881",93.5
2024-01-14 21:00:00,VIN-C1660,33.3,86.1,"16.0544,108.2022",101.6
2024-01-14 21:03:00,VIN-C1661,82.7,21.6,"10.9460,108.4419",92.3
2024-01-14 21:06:00,VIN-C1662,26.7,48.4,"10.0452,105.7469",103.1
2024-01-14 21:09:00,VIN-C1663,99.1,14.4,"10.0452,105.7469",79.9
2024-01-14 21:12:00,VIN-C1664,112.1,27.1,"11.9404,108.4583",79.9
2024-01-14 21:15:00,VIN-C1665,107.8,69.5,"10.8231,106.6297",77.2
2024-01-14 21:18:00,VIN-C1666,27.6,34.5,"16.0544,108.2022",76.1
2024-01-14 21:21:00,VIN-C1667,91.0,93.7,"10.8231,106.6297",95.3
2024-01-14 21:24:00,VIN-C1668,64.6,23.1,"10.9460,108.4419",76.3
2024-01-14 21:27:00,VIN-C1669,29.0,37.9,"11.9404,108.4583",106.6
2024-01-14 21:30:00,VIN-C1670,48.0,16.9,"16.0544,108.2022",83.1
2024-01-14 21:33:00,VIN-C1671,98.3,51.3,"21.0285,105.8542",84.6
2024-01-14 21:36:00,VIN-C1672,42.8,55.8,"10.9460,108.4419",72.2
2024-01-14 21:39:00,VIN-C1673,70.5,96.8,"10.8231,106.6297",80.9
2024-01-14 21:42:00,VIN-C1674,18.3,66.5,"12.2388,109.1967",107.9
2024-01-14 21:45:00,VIN-C1675,47.2,11.8,"16.0544,108.2022",84.9
2024-01-14 21:48:00,VIN-C1676,44.7,13.3,"11.9404,108.4583",79.3
2024-01-14 21:51:00,VIN-C1677,96.1,8.4,"10.9460,108.4419",100.8
2024-01-14 21:54:00,VIN-C1678,9.0,13.7,"10.0452,105.7469",102.9
2024-01-14 21:57:00,VIN-C1679,87.9,89.2,"10.8231,106.6297",84.0
2024-01-14 22:00:00,VIN-C1680,89.2,74.3,"12.2388,109.1967",94.4
2024-01-14 22:03:00,VIN-C1681,30.5,77.4,"21.0285,105.8542",94.7
2024-01-14 22:06:00,VIN-C1682,104.9,15.5,"10.9460,108.4419",104.3
2024-01-14 22:09:00,VIN-C1683,37.7,52.1,"21.0285,105.8542",105.8
2024-01-14 22:12:00,VIN-C1684,47.1,80.8,"16.0544,108.2022",108.4
2024-01-14 22:15:00,VIN-C1685,75.8,17.5,"12.2388,109.1967",86.4
2024-01-14 22:18:00,VIN-C1686,2.1,79.5,"21.0285,105.8542",99.8
2024-01-14 22:21:00,VIN-C1687,16.1,85.9,"11.9404,108.4583",105.7
2024-01-14 22:24:00,VIN-C1688,85.9,27.6,"16.0544,108.2022",70.4
2024-01-14 22:27:00,VIN-C1689,93.5,48.5,"21.0285,105.8542",82.5
2024-01-14 22:30:00,VIN-C1690,34.7,10.2,"20.8449,106.6881",90.0
2024-01-14 22:33:00,VIN-C1691,43.0,67.0,"10.9460,108.4419",88.4
2024-01-14 22:36:00,VIN-C1692,9.3,23.0,"10.0452,105.7469",97.7
2024-01-14 22:39:00,VIN-C1693,50.7,91.7,"10.8231,106.6297",99.8
2024-01-14 22:42:00,VIN-C1694,71.1,15.4,"21.0285,105.8542",106.7
2024-01-14 22:45:00,VIN-C1695,91.8,44.7,"21.0285,105.8542",104.0
2024-01-14 22:48:00,VIN-C1696,87.9,62.0,"10.9460,108.4419",103.2
2024-01-14 22:51:00,VIN-C1697,62.9,57.9,"10.0452,105.7469",71.5
2024-01-14 22:54:00,VIN-C1698,95.9,90.1,"21.0285,105.8542",85.4
2024-01-14 22:57:00,VIN-C1699,29.2,54.7,"20.8449,106.6881",108.7
2024-01-14 23:00:00,VIN-C1700,56.8,55.9,"11.9404,108.4583",73.5
2024-01-14 23:03:00,VIN-C1701,98.1,38.6,"20.8449,106.6881",107.2
2024-01-14 23:06:00,VIN-C1702,5.5,38.3,"10.8231,106.6297",96.4
2024-01-14 23:09:00,VIN-C1703,45.8,99.4,"16.0544,108.2022",85.2
2024-01-14 23:12:00,VIN-C1704,21.1,8.3,"10.9460,108.4419",108.0
2024-01-14 23:15:00,VIN-C1705,85.7,19.9,"10.8231,106.6297",99.0
2024-01-14 23:18:00,VIN-C1706,118.0,15.7,"12.2388,109.1967",87.9
2024-01-14 23:21:00,VIN-C1707,75.9,48.5,"11.9404,108.4583",86.8
2024-01-14 23:24:00,VIN-C1708,2.1,54.0,"10.8231,106.6297",108.4
2024-01-14 23:27:00,VIN-C1709,26.6,78.0,"10.9460,108.4419",108.1
2024-01-14 23:30:00,VIN-C1710,62.5,61.8,"11.9404,108.4583",74.1
2024-01-14 23:33:00,VIN-C1711,30.6,97.8,"10.0452,105.7469",86.5
2024-01-14 23:36:00,VIN-C1712,107.0,29.7,"10.9460,108.4419",80.5
2024-01-14 23:39:00,VIN-C1713,4.2,46.3,"20.8449,106.6881",88.0
2024-01-14 23:42:00,VIN-C1714,8.2,58.3,"10.9460,108.4419",105.7
2024-01-14 23:45:00,VIN-C1715,10.1,33.9,"20.8449,106.6881",71.8
2024-01-14 23:48:00,VIN-C1716,80.3,80.6,"20.8449,106.6881",78.3
2024-01-14 23:51:00,VIN-C1717,36.4,93.0,"21.0285,105.8542",90.2
2024-01-14 23:54:00,VIN-C1718,109.9,67.3,"10.0452,105.7469",93.5
2024-01-14 23:57:00,VIN-C1719,17.6,73.4,"16.0544,108.2022",84.0
2024-01-15 00:00:00,VIN-C1720,100.2,37.9,"11.9404,108.4583",100.3
2024-01-15 00:03:00,VIN-C1721,25.7,78.2,"10.9460,108.4419",89.3
2024-01-15 00:06:00,VIN-C1722,29.0,69.3,"21.0285,105.8542",85.1
2024-01-15 00:09:00,VIN-C1723,82.5,50.7,"16.0544,108.2022",103.6
2024-01-15 00:12:00,VIN-C1724,12.9,31.9,"10.9460,108.4419",96.9
2024-01-15 00:15:00,VIN-C1725,1.5,14.8,"12.2388,109.1967",96.6
2024-01-15 00:18:00,VIN-C1726,16.6,40.6,"12.2388,109.1967",83.5
2024-01-15 00:21:00,VIN-C1727,2.9,10.5,"11.9404,108.4583",81.8
2024-01-15 00:24:00,VIN-C1728,119.1,53.2,"10.8231,106.6297",96.6
2024-01-15 00:27:00,VIN-C1729,70.3,57.3,"10.0452,105.7469",92.7
2024-01-15 00:30:00,VIN-C1730,59.5,65.0,"10.0452,105.7469",90.8
2024-01-15 00:33:00,VIN-C1731,57.4,34.4,"21.0285,105.8542",85.7
2024-01-15 00:36:00,VIN-C1732,1.6,80.8,"12.2388,109.1967",79.9
2024-01-15 00:39:00,VIN-C1733,26.4,68.8,"10.8231,106.6297",71.2
2024-01-15 00:42:00,VIN-C1734,9.5,26.2,"16.0544,108.2022",94.6
2024-01-15 00:45:00,VIN-C1735,74.2,26.5,"10.8231,106.6297",89.7
2024-01-15 00:48:00,VIN-C1736,116.8,31.4,"10.9460,108.4419",109.7
2024-01-15 00:51:00,VIN-C1737,68.0,66.2,"11.9404,108.4583",109.6
2024-01-15 00:54:00,VIN-C1738,49.6,41.8,"10.9460,108.4419",97.7
2024-01-15 00:57:00,VIN-C1739,43.1,54.6,"20.8449,106.6881",76.3
2024-01-15 01:00:00,VIN-C1740,40.4,48.0,"11.9404,108.4583",95.3
2024-01-15 01:03:00,VIN-C1741,6.7,20.8,"10.0452,105.7469",71.5
2024-01-15 01:06:00,VIN-C1742,26.9,95.6,"10.8231,106.6297",84.9
2024-01-15 01:09:00,VIN-C1743,89.2,47.9,"21.0285,105.8542",77.4
2024-01-15 01:12:00,VIN-C1744,9.5,40.1,"10.8231,106.6297",103.0
2024-01-15 01:15:00,VIN-C1745,12.3,54.1,"16.0544,108.2022",100.9
2024-01-15 01:18:00,VIN-C1746,60.8,91.3,"11.9404,108.4583",72.8
2024-01-15 01:21:00,VIN-C1747,48.3,9.1,"21.0285,105.8542",104.0
2024-01-15 01:24:00,VIN-C1748,26.1,17.1,"12.2388,109.1967",100.9
2024-01-15 01:27:00,VIN-C1749,58.3,63.4,"20.8449,106.6881",102.0
2024-01-15 01:30:00,VIN-C1750,50.0,36.0,"10.9460,108.4419",85.6
2024-01-15 01:33:00,VIN-C1751,38.8,57.4,"12.2388,109.1967",82.1
2024-01-15 01:36:00,VIN-C1752,18.6,18.8,"12.2388,109.1967",97.8
2024-01-15 01:39:00,VIN-C1753,17.9,56.0,"20.8449,106.6881",77.7
2024-01-15 01:42:00,VIN-C1754,8.5,87.5,"10.0452,105.7469",88.5
2024-01-15 01:45:00,VIN-C1755,36.0,8.9,"21.0285,105.8542",103.5
2024-01-15 01:48:00,VIN-C1756,104.6,91.8,"10.8231,106.6297",97.8
2024-01-15 01:51:00,VIN-C1757,45.6,41.2,"21.0285,105.8542",106.8
2024-01-15 01:54:00,VIN-C1758,94.6,62.4,"10.0452,105.7469",96.8
2024-01-15 01:57:00,VIN-C1759,49.1,41.4,"10.8231,106.6297",80.5
2024-01-15 02:00:00,VIN-C1760,111.7,79.9,"21.0285,105.8542",103.2
2024-01-15 02:03:00,VIN-C1761,97.7,81.4,"16.0544,108.2022",99.3
2024-01-15 02:06:00,VIN-C1762,101.6,40.9,"16.0544,108.2022",105.5
2024-01-15 02:09:00,VIN-C1763,87.2,43.9,"10.0452,105.7469",81.6
2024-01-15 02:12:00,VIN-C1764,116.3,25.9,"21.0285,105.8542",81.2
2024-01-15 02:15:00,VIN-C1765,23.8,11.6,"21.0285,105.8542",74.4
2024-01-15 02:18:00,VIN-C1766,102.9,86.2,"21.0285,105.8542",82.5
2024-01-15 02:21:00,VIN-C1767,113.9,37.5,"21.0285,105.8542",97.9
2024-01-15 02:24:00,VIN-C1768,27.8,34.9,"21.0285,105.8542",87.8
2024-01-15 02:27:00,VIN-C1769,70.5,5.2,"12.2388,109.1967",88.0
2024-01-15 02:30:00,VIN-C1770,60.3,44.3,"12.2388,109.1967",101.7
2024-01-15 02:33:00,VIN-C1771,96.8,90.8,"10.9460,108.4419",74.0
2024-01-15 02:36:00,VIN-C1772,79.3,52.8,"10.0452,105.7469",72.8
2024-01-15 02:39:00,VIN-C1773,23.8,30.0,"11.9404,108.4583",100.5
2024-01-15 02:42:00,VIN-C1774,46.8,34.9,"16.0544,108.2022",107.9
2024-01-15 02:45:00,VIN-C1775,18.3,36.2,"10.9460,108.4419",94.0
2024-01-15 02:48:00,VIN-C1776,94.9,48.2,"12.2388,109.1967",71.1
2024-01-15 02:51:00,VIN-C1777,25.8,99.3,"10.9460,108.4419",80.6
2024-01-15 02:54:00,VIN-C1778,74.2,60.2,"10.9460,108.4419",70.1
2024-01-15 02:57:00,VIN-C1779,113.1,28.5,"21.0285,105.8542",98.3
2024-01-15 03:00:00,VIN-C1780,47.2,97.1,"12.2388,109.1967",73.6
2024-01-15 03:03:00,VIN-C1781,97.9,43.4,"12.2388,109.1967",72.8
2024-01-15 03:06:00,VIN-C1782,100.0,6.6,"16.0544,108.2022",87.1
2024-01-15 03:09:00,VIN-C1783,97.1,38.3,"21.0285,105.8542",98.1
2024-01-15 03:12:00,VIN-C1784,66.8,38.0,"20.8449,106.6881",79.7
2024-01-15 03:15:00,VIN-C1785,82.3,8.4,"10.8231,106.6297",109.9
2024-01-15 03:18:00,VIN-C1786,72.3,66.2,"12.2388,109.1967",86.3
2024-01-15 03:21:00,VIN-C1787,11.4,35.6,"20.8449,106.6881",71.5
2024-01-15 03:24:00,VIN-C1788,111.7,7.0,"12.2388,109.1967",87.6
2024-01-15 03:27:00,VIN-C1789,114.1,43.0,"12.2388,109.1967",105.1
2024-01-15 03:30:00,VIN-C1790,45.4,65.4,"12.2388,109.1967",90.4
2024-01-15 03:33:00,VIN-C1791,62.0,49.4,"10.0452,105.7469",86.2
2024-01-15 03:36:00,VIN-C1792,12.8,98.9,"10.9460,108.4419",101.9
2024-01-15 03:39:00,VIN-C1793,0.5,11.8,"10.9460,108.4419",108.0
2024-01-15 03:42:00,VIN-C1794,91.8,26.1,"10.9460,108.4419",82.5
2024-01-15 03:45:00,VIN-C1795,108.9,61.6,"10.0452,105.7469",102.6
2024-01-15 03:48:00,VIN-C1796,112.1,47.2,"21.0285,105.8542",74.4
2024-01-15 03:51:00,VIN-C1797,106.2,47.0,"20.8449,106.6881",103.3
2024-01-15 03:54:00,VIN-C1798,119.1,31.4,"10.8231,106.6297",76.8
2024-01-15 03:57:00,VIN-C1799,11.1,32.2,"21.0285,105.8542",107.8
2024-01-15 04:00:00,VIN-C1800,97.2,36.7,"20.8449,106.6881",87.9
2024-01-15 04:03:00,VIN-C1801,27.3,27.2,"12.2388,109.1967",96.5
2024-01-15 04:06:00,VIN-C1802,87.6,98.6,"11.9404,108.4583",85.0
2024-01-15 04:09:00,VIN-C1803,19.4,58.9,"21.0285,105.8542",89.2
2024-01-15 04:12:00,VIN-C1804,81.6,82.8,"10.0452,105.7469",84.4
2024-01-15 04:15:00,VIN-C1805,108.8,88.3,"10.8231,106.6297",82.4
2024-01-15 04:18:00,VIN-C1806,83.4,60.6,"16.0544,108.2022",85.4
2024-01-15 04:21:00,VIN-C1807,48.5,38.1,"20.8449,106.6881",98.7
2024-01-15 04:24:00,VIN-C1808,114.9,63.3,"10.9460,108.4419",79.4
2024-01-15 04:27:00,VIN-C1809,119.3,25.6,"12.2388,109.1967",100.5
2024-01-15 04:30:00,VIN-C1810,83.3,19.7,"10.9460,108.4419",98.7
2024-01-15 04:33:00,VIN-C1811,18.3,92.2,"11.9404,108.4583",103.8
2024-01-15 04:36:00,VIN-C1812,45.1,36.3,"10.0452,105.7469",103.4
2024-01-15 04:39:00,VIN-C1813,18.4,50.5,"20.8449,106.6881",92.1
2024-01-15 04:42:00,VIN-C1814,79.7,29.8,"21.0285,105.8542",109.6
2024-01-15 04:45:00,VIN-C1815,115.1,31.0,"10.0452,105.7469",101.6
2024-01-15 04:48:00,VIN-C1816,107.3,50.8,"20.8449,106.6881",87.6
2024-01-15 04:51:00,VIN-C1817,4.0,5.6,"11.9404,108.4583",92.4
2024-01-15 04:54:00,VIN-C1818,12.2,87.9,"11.9404,108.4583",88.5
2024-01-15 04:57:00,VIN-C1819,15.0,88.7,"21.0285,105.8542",85.5
2024-01-15 05:00:00,VIN-C1820,40.7,42.4,"10.0452,105.7469",107.4
2024-01-15 05:03:00,VIN-C1821,44.5,30.0,"12.2388,109.1967",86.0
2024-01-15 05:06:00,VIN-C1822,98.4,55.8,"10.9460,108.4419",70.6
2024-01-15 05:09:00,VIN-C1823,112.6,67.9,"11.9404,108.4583",84.4
2024-01-15 05:12:00,VIN-C1824,0.6,88.0,"10.0452,105.7469",80.0
2024-01-15 05:15:00,VIN-C1825,15.9,71.1,"21.0285,105.8542",99.0
2024-01-15 05:18:00,VIN-C1826,118.3,42.8,"16.0544,108.2022",84.5
2024-01-15 05:21:00,VIN-C1827,15.1,84.2,"10.8231,106.6297",83.2
2024-01-15 05:24:00,VIN-C1828,74.5,21.5,"10.8231,106.6297",70.3
2024-01-15 05:27:00,VIN-C1829,80.0,79.5,"21.0285,105.8542",96.7
2024-01-15 05:30:00,VIN-C1830,90.0,12.9,"11.9404,108.4583",87.0
2024-01-15 05:33:00,VIN-C1831,49.8,85.4,"10.9460,108.4419",77.7
2024-01-15 05:36:00,VIN-C1832,31.0,29.0,"21.0285,105.8542",75.6
2024-01-15 05:39:00,VIN-C1833,10.5,26.9,"10.8231,106.6297",96.9
2024-01-15 05:42:00,VIN-C1834,66.7,18.3,"10.0452,105.7469",91.2
2024-01-15 05:45:00,VIN-C1835,36.4,97.3,"10.8231,106.6297",100.6
2024-01-15 05:48:00,VIN-C1836,82.4,89.5,"20.8449,106.6881",89.1
2024-01-15 05:51:00,VIN-C1837,23.6,93.6,"21.0285,105.8542",72.5
2024-01-15 05:54:00,VIN-C1838,79.8,55.3,"10.9460,108.4419",97.1
2024-01-15 05:57:00,VIN-C1839,113.3,49.3,"10.0452,105.7469",95.1
2024-01-15 06:00:00,VIN-C1840,49.5,90.6,"11.9404,108.4583",108.8
2024-01-15 06:03:00,VIN-C1841,87.0,11.7,"16.0544,108.2022",75.1
2024-01-15 06:06:00,VIN-C1842,8.6,99.2,"16.0544,108.2022",105.2
2024-01-15 06:09:00,VIN-C1843,2.5,25.3,"21.0285,105.8542",91.1
2024-01-15 06:12:00,VIN-C1844,118.1,83.1,"21.0285,105.8542",89.2
2024-01-15 06:15:00,VIN-C1845,7.6,64.8,"10.0452,105.7469",103.1
2024-01-15 06:18:00,VIN-C1846,18.7,44.3,"21.0285,105.8542",97.6
2024-01-15 06:21:00,VIN-C1847,52.4,27.7,"10.0452,105.7469",82.7
2024-01-15 06:24:00,VIN-C1848,75.1,61.2,"20.8449,106.6881",103.9
2024-01-15 06:27:00,VIN-C1849,52.1,6.4,"10.0452,105.7469",75.9
2024-01-15 06:30:00,VIN-C1850,93.8,68.3,"10.0452,105.7469",96.3
2024-01-15 06:33:00,VIN-C1851,117.3,18.3,"16.0544,108.2022",105.4
2024-01-15 06:36:00,VIN-C1852,76.2,43.2,"10.9460,108.4419",106.5
2024-01-15 06:39:00,VIN-C1853,21.0,89.4,"10.0452,105.7469",88.4
2024-01-15 06:42:00,VIN-C1854,31.2,85.3,"11.9404,108.4583",103.8
2024-01-15 06:45:00,VIN-C1855,19.8,22.7,"16.0544,108.2022",106.3
2024-01-15 06:48:00,VIN-C1856,49.7,29.4,"12.2388,109.1967",97.4
2024-01-15 06:51:00,VIN-C1857,33.4,96.3,"20.8449,106.6881",100.7
2024-01-15 06:54:00,VIN-C1858,87.6,46.3,"21.0285,105.8542",104.9
2024-01-15 06:57:00,VIN-C1859,106.1,12.1,"10.0452,105.7469",78.8
2024-01-15 07:00:00,VIN-C1860,51.1,7.3,"10.8231,106.6297",82.8
2024-01-15 07:03:00,VIN-C1861,60.0,13.1,"11.9404,108.4583",82.7
2024-01-15 07:06:00,VIN-C1862,41.7,69.1,"10.8231,106.6297",100.8
2024-01-15 07:09:00,VIN-C1863,109.2,71.4,"16.0544,108.2022",101.2
2024-01-15 07:12:00,VIN-C1864,63.7,93.3,"10.8231,106.6297",76.9
2024-01-15 07:15:00,VIN-C1865,42.8,14.3,"16.0544,108.2022",70.6
2024-01-15 07:18:00,VIN-C1866,87.6,95.7,"10.0452,105.7469",88.7
2024-01-15 07:21:00,VIN-C1867,13.9,22.0,"20.8449,106.6881",85.8
2024-01-15 07:24:00,VIN-C1868,2.7,18.8,"11.9404,108.4583",90.3
2024-01-15 07:27:00,VIN-C1869,8.7,80.6,"16.0544,108.2022",94.9
2024-01-15 07:30:00,VIN-C1870,41.4,63.8,"10.9460,108.4419",88.7
2024-01-15 07:33:00,VIN-C1871,27.3,48.3,"10.0452,105.7469",94.1
2024-01-15 07:36:00,VIN-C1872,43.1,51.4,"11.9404,108.4583",100.5
2024-01-15 07:39:00,VIN-C1873,8.1,96.4,"16.0544,108.2022",80.2
2024-01-15 07:42:00,VIN-C1874,54.2,69.8,"21.0285,105.8542",72.6
2024-01-15 07:45:00,VIN-C1875,81.0,98.8,"10.9460,108.4419",70.5
2024-01-15 07:48:00,VIN-C1876,85.3,45.4,"11.9404,108.4583",85.7
2024-01-15 07:51:00,VIN-C1877,78.4,87.0,"21.0285,105.8542",74.1
2024-01-15 07:54:00,VIN-C1878,43.8,57.8,"16.0544,108.2022",78.2
2024-01-15 07:57:00,VIN-C1879,3.7,6.4,"10.8231,106.6297",84.5
2024-01-15 08:00:00,VIN-C1880,114.7,8.0,"16.0544,108.2022",93.1
2024-01-15 08:03:00,VIN-C1881,19.9,29.0,"16.0544,108.2022",90.5
2024-01-15 08:06:00,VIN-C1882,26.8,91.4,"16.0544,108.2022",102.0
2024-01-15 08:09:00,VIN-C1883,4.7,49.8,"10.0452,105.7469",73.3
2024-01-15 08:12:00,VIN-C1884,76.4,26.8,"20.8449,106.6881",109.3
2024-01-15 08:15:00,VIN-C1885,91.5,32.6,"11.9404,108.4583",76.0
2024-01-15 08:18:00,VIN-C1886,0.3,17.7,"21.0285,105.8542",94.7
2024-01-15 08:21:00,VIN-C1887,101.4,57.3,"16.0544,108.2022",91.8
2024-01-15 08:24:00,VIN-C1888,30.4,69.0,"20.8449,106.6881",97.3
2024-01-15 08:27:00,VIN-C1889,19.2,63.2,"20.8449,106.6881",100.5
2024-01-15 08:30:00,VIN-C1890,25.1,42.6,"21.0285,105.8542",76.3
2024-01-15 08:33:00,VIN-C1891,87.8,36.1,"11.9404,108.4583",73.7
2024-01-15 08:36:00,VIN-C1892,85.1,6.7,"11.9404,108.4583",105.4
2024-01-15 08:39:00,VIN-C1893,3.9,15.9,"12.2388,109.1967",97.5
2024-01-15 08:42:00,VIN-C1894,92.2,72.5,"16.0544,108.2022",87.2
2024-01-15 08:45:00,VIN-C1895,20.8,70.6,"10.8231,106.6297",78.4
2024-01-15 08:48:00,VIN-C1896,1.3,47.9,"16.0544,108.2022",79.6
2024-01-15 08:51:00,VIN-C1897,4.6,75.9,"10.0452,105.7469",70.1
2024-01-15 08:54:00,VIN-C1898,108.5,68.6,"16.0544,108.2022",105.1
2024-01-15 08:57:00,VIN-C1899,76.8,23.8,"10.9460,108.4419",83.2
2024-01-15 09:00:00,VIN-C1900,24.6,15.9,"20.8449,106.6881",100.7
2024-01-15 09:03:00,VIN-C1901,17.0,95.9,"10.8231,106.6297",104.6
2024-01-15 09:06:00,VIN-C1902,13.4,44.5,"20.8449,106.6881",78.8
2024-01-15 09:09:00,VIN-C1903,50.6,90.5,"20.8449,106.6881",94.5
2024-01-15 09:12:00,VIN-C1904,100.3,49.8,"12.2388,109.1967",70.4
2024-01-15 09:15:00,VIN-C1905,24.8,5.1,"11.9404,108.4583",81.1
2024-01-15 09:18:00,VIN-C1906,30.3,94.6,"20.8449,106.6881",74.0
2024-01-15 09:21:00,VIN-C1907,46.9,60.1,"10.8231,106.6297",71.2
2024-01-15 09:24:00,VIN-C1908,65.6,32.6,"11.9404,108.4583",92.1
2024-01-15 09:27:00,VIN-C1909,12.0,74.2,"21.0285,105.8542",89.6
2024-01-15 09:30:00,VIN-C1910,35.9,60.1,"20.8449,106.6881",103.2
2024-01-15 09:33:00,VIN-C1911,20.4,5.3,"16.0544,108.2022",81.8
2024-01-15 09:36:00,VIN-C1912,14.3,5.6,"10.8231,106.6297",96.2
2024-01-15 09:39:00,VIN-C1913,115.7,43.8,"20.8449,106.6881",73.9
2024-01-15 09:42:00,VIN-C1914,86.3,23.5,"11.9404,108.4583",103.5
2024-01-15 09:45:00,VIN-C1915,85.0,40.4,"10.0452,105.7469",97.9
2024-01-15 09:48:00,VIN-C1916,16.0,80.4,"10.8231,106.6297",83.0
2024-01-15 09:51:00,VIN-C1917,100.5,23.3,"10.9460,108.4419",95.9
2024-01-15 09:54:00,VIN-C1918,76.3,27.3,"12.2388,109.1967",99.6
2024-01-15 09:57:00,VIN-C1919,114.6,85.8,"12.2388,109.1967",89.9
2024-01-15 10:00:00,VIN-C1920,48.6,94.1,"10.0452,105.7469",93.8
2024-01-15 10:03:00,VIN-C1921,5.6,15.1,"21.0285,105.8542",106.6
2024-01-15 10:06:00,VIN-C1922,93.2,82.6,"11.9404,108.4583",90.3
2024-01-15 10:09:00,VIN-C1923,52.2,22.2,"10.9460,108.4419",98.2
2024-01-15 10:12:00,VIN-C1924,66.3,21.8,"10.8231,106.6297",78.8
2024-01-15 10:15:00,VIN-C1925,118.0,31.3,"10.8231,106.6297",108.8
2024-01-15 10:18:00,VIN-C1926,2.4,91.3,"11.9404,108.4583",102.1
2024-01-15 10:21:00,VIN-C1927,64.0,80.8,"10.8231,106.6297",98.3
2024-01-15 10:24:00,VIN-C1928,71.2,16.2,"20.8449,106.6881",72.7
2024-01-15 10:27:00,VIN-C1929,106.7,85.1,"16.0544,108.2022",77.1
2024-01-15 10:30:00,VIN-C1930,119.0,25.9,"11.9404,108.4583",108.4
2024-01-15 10:33:00,VIN-C1931,92.2,67.8,"11.9404,108.4583",93.9
2024-01-15 10:36:00,VIN-C1932,21.7,36.0,"11.9404,108.4583",92.5
2024-01-15 10:39:00,VIN-C1933,53.2,47.3,"21.0285,105.8542",74.3
2024-01-15 10:42:00,VIN-C1934,22.6,47.7,"10.0452,105.7469",70.7
2024-01-15 10:45:00,VIN-C1935,36.7,36.5,"20.8449,106.6881",108.9
2024-01-15 10:48:00,VIN-C1936,53.1,28.8,"21.0285,105.8542",73.5
2024-01-15 10:51:00,VIN-C1937,46.7,57.2,"11.9404,108.4583",108.7
2024-01-15 10:54:00,VIN-C1938,68.5,91.6,"10.8231,106.6297",101.9
2024-01-15 10:57:00,VIN-C1939,13.1,38.1,"16.0544,108.2022",77.3
2024-01-15 11:00:00,VIN-C1940,93.2,24.1,"20.8449,106.6881",72.4
2024-01-15 11:03:00,VIN-C1941,109.8,23.6,"10.9460,108.4419",87.3
2024-01-15 11:06:00,VIN-C1942,89.8,17.3,"10.0452,105.7469",70.3
2024-01-15 11:09:00,VIN-C1943,118.6,52.1,"20.8449,106.6881",106.1
2024-01-15 11:12:00,VIN-C1944,88.9,76.0,"10.9460,108.4419",93.1
2024-01-15 11:15:00,VIN-C1945,103.2,61.5,"10.9460,108.4419",74.2
2024-01-15 11:18:00,VIN-C1946,108.8,36.2,"20.8449,106.6881",107.4
2024-01-15 11:21:00,VIN-C1947,109.5,86.3,"10.0452,105.7469",78.4
2024-01-15 11:24:00,VIN-C1948,81.2,76.1,"11.9404,108.4583",105.3
2024-01-15 11:27:00,VIN-C1949,17.5,39.7,"20.8449,106.6881",90.5
2024-01-15 11:30:00,VIN-C1950,12.6,78.4,"12.2388,109.1967",101.0
2024-01-15 11:33:00,VIN-C1951,116.3,49.4,"10.0452,105.7469",72.0
2024-01-15 11:36:00,VIN-C1952,109.1,59.0,"10.8231,106.6297",88.8
2024-01-15 11:39:00,VIN-C1953,59.6,32.0,"12.2388,109.1967",101.3
2024-01-15 11:42:00,VIN-C1954,37.5,70.0,"12.2388,109.1967",104.8
2024-01-15 11:45:00,VIN-C1955,37.2,15.5,"10.8231,106.6297",88.1
2024-01-15 11:48:00,VIN-C1956,69.8,83.7,"20.8449,106.6881",75.4
2024-01-15 11:51:00,VIN-C1957,76.8,93.0,"12.2388,109.1967",96.2
2024-01-15 11:54:00,VIN-C1958,35.7,47.9,"11.9404,108.4583",109.7
2024-01-15 11:57:00,VIN-C1959,13.1,42.1,"12.2388,109.1967",80.0
2024-01-15 12:00:00,VIN-C1960,69.6,92.4,"10.0452,105.7469",106.8
2024-01-15 12:03:00,VIN-C1961,61.9,95.7,"10.8231,106.6297",88.5
2024-01-15 12:06:00,VIN-C1962,72.7,79.4,"20.8449,106.6881",84.6
2024-01-15 12:09:00,VIN-C1963,102.6,47.8,"10.0452,105.7469",106.9
2024-01-15 12:12:00,VIN-C1964,59.6,44.6,"21.0285,105.8542",85.1
2024-01-15 12:15:00,VIN-C1965,63.1,99.6,"10.0452,105.7469",109.6
2024-01-15 12:18:00,VIN-C1966,81.3,51.4,"10.0452,105.7469",72.3
2024-01-15 12:21:00,VIN-C1967,53.1,68.6,"10.9460,108.4419",88.6
2024-01-15 12:24:00,VIN-C1968,46.6,88.6,"10.0452,105.7469",82.7
2024-01-15 12:27:00,VIN-C1969,3.1,64.5,"10.9460,108.4419",90.3
2024-01-15 12:30:00,VIN-C1970,26.1,60.5,"16.0544,108.2022",77.6
2024-01-15 12:33:00,VIN-C1971,85.9,52.6,"12.2388,109.1967",70.5
2024-01-15 12:36:00,VIN-C1972,108.5,43.8,"11.9404,108.4583",75.2
2024-01-15 12:39:00,VIN-C1973,66.5,69.8,"10.8231,106.6297",99.1
2024-01-15 12:42:00,VIN-C1974,26.9,77.7,"16.0544,108.2022",107.2
2024-01-15 12:45:00,VIN-C1975,82.0,42.3,"10.0452,105.7469",76.3
2024-01-15 12:48:00,VIN-C1976,28.5,71.0,"11.9404,108.4583",102.4
2024-01-15 12:51:00,VIN-C1977,34.2,47.8,"12.2388,109.1967",93.8
2024-01-15 12:54:00,VIN-C1978,6.4,18.3,"16.0544,108.2022",79.8
2024-01-15 12:57:00,VIN-C1979,57.8,12.1,"20.8449,106.6881",101.7
2024-01-15 13:00:00,VIN-C1980,39.6,8.2,"10.0452,105.7469",98.4
2024-01-15 13:03:00,VIN-C1981,37.7,37.7,"10.9460,108.4419",109.5
2024-01-15 13:06:00,VIN-C1982,5.0,98.3,"10.8231,106.6297",71.6
2024-01-15 13:09:00,VIN-C1983,13.6,28.9,"10.0452,105.7469",86.7
2024-01-15 13:12:00,VIN-C1984,37.1,94.0,"11.9404,108.4583",92.5
2024-01-15 13:15:00,VIN-C1985,95.9,80.9,"21.0285,105.8542",100.6
2024-01-15 13:18:00,VIN-C1986,12.9,58.6,"21.0285,105.8542",108.3
2024-01-15 13:21:00,VIN-C1987,17.7,69.3,"10.8231,106.6297",103.7
2024-01-15 13:24:00,VIN-C1988,39.0,46.6,"20.8449,106.6881",74.1
2024-01-15 13:27:00,VIN-C1989,18.5,87.6,"10.0452,105.7469",96.2
2024-01-15 13:30:00,VIN-C1990,75.9,39.6,"12.2388,109.1967",81.3
2024-01-15 13:33:00,VIN-C1991,66.9,38.5,"10.8231,106.6297",107.5
2024-01-15 13:36:00,VIN-C1992,44.5,35.8,"11.9404,108.4583",93.2
2024-01-15 13:39:00,VIN-C1993,6.1,97.1,"10.0452,105.7469",98.2
2024-01-15 13:42:00,VIN-C1994,51.4,52.5,"10.9460,108.4419",100.7
2024-01-15 13:45:00,VIN-C1995,72.7,68.9,"10.0452,105.7469",79.3
2024-01-15 13:48:00,VIN-C1996,16.4,43.9,"10.0452,105.7469",93.1
2024-01-15 13:51:00,VIN-C1997,72.1,30.0,"20.8449,106.6881",71.4
2024-01-15 13:54:00,VIN-C1998,62.3,71.0,"10.0452,105.7469",86.0
2024-01-15 13:57:00,VIN-C1999,45.2,67.8,"16.0544,108.2022",107.9
2024-01-15 14:00:00,VIN-C2000,50.9,93.3,"10.8231,106.6297",77.3
2024-01-15 14:03:00,VIN-C2001,82.3,19.2,"10.9460,108.4419",85.0
2024-01-15 14:06:00,VIN-C2002,40.5,7.2,"21.0285,105.8542",88.3
2024-01-15 14:09:00,VIN-C2003,72.7,46.0,"10.9460,108.4419",71.0
2024-01-15 14:12:00,VIN-C2004,86.6,95.8,"21.0285,105.8542",76.9
2024-01-15 14:15:00,VIN-C2005,6.7,60.5,"10.0452,105.7469",80.1
2024-01-15 14:18:00,VIN-C2006,73.4,48.4,"10.9460,108.4419",105.8
2024-01-15 14:21:00,VIN-C2007,109.5,41.3,"21.0285,105.8542",92.0
2024-01-15 14:24:00,VIN-C2008,23.2,27.6,"10.0452,105.7469",93.5
2024-01-15 14:27:00,VIN-C2009,76.2,84.7,"16.0544,108.2022",93.1
2024-01-15 14:30:00,VIN-C2010,45.4,66.6,"16.0544,108.2022",74.5
2024-01-15 14:33:00,VIN-C2011,102.0,26.3,"10.9460,108.4419",73.4
2024-01-15 14:36:00,VIN-C2012,20.8,44.7,"10.8231,106.6297",105.9
2024-01-15 14:39:00,VIN-C2013,15.1,18.8,"10.0452,105.7469",96.1
2024-01-15 14:42:00,VIN-C2014,53.3,31.6,"10.9460,108.4419",101.2
2024-01-15 14:45:00,VIN-C2015,37.9,63.9,"11.9404,108.4583",89.6
2024-01-15 14:48:00,VIN-C2016,65.0,89.5,"16.0544,108.2022",105.6
2024-01-15 14:51:00,VIN-C2017,112.0,10.9,"10.0452,105.7469",76.0
2024-01-15 14:54:00,VIN-C2018,83.2,54.3,"10.8231,106.6297",108.4
2024-01-15 14:57:00,VIN-C2019,117.7,20.9,"10.8231,106.6297",106.1
2024-01-15 15:00:00,VIN-C2020,31.0,71.9,"11.9404,108.4583",90.1
2024-01-15 15:03:00,VIN-C2021,38.9,75.4,"12.2388,109.1967",89.6
2024-01-15 15:06:00,VIN-C2022,1.6,58.9,"10.8231,106.6297",95.9
2024-01-15 15:09:00,VIN-C2023,106.3,95.3,"10.9460,108.4419",76.2
2024-01-15 15:12:00,VIN-C2024,75.3,92.1,"11.9404,108.4583",77.1
2024-01-15 15:15:00,VIN-C2025,55.3,48.0,"10.9460,108.4419",97.8
2024-01-15 15:18:00,VIN-C2026,56.3,57.0,"12.2388,109.1967",70.6
2024-01-15 15:21:00,VIN-C2027,0.4,71.2,"12.2388,109.1967",86.7
2024-01-15 15:24:00,VIN-C2028,57.4,48.5,"10.8231,106.6297",109.8
2024-01-15 15:27:00,VIN-C2029,10.4,91.0,"10.9460,108.4419",108.1
2024-01-15 15:30:00,VIN-C2030,18.4,34.1,"20.8449,106.6881",90.9
2024-01-15 15:33:00,VIN-C2031,95.5,18.0,"16.0544,108.2022",105.7
2024-01-15 15:36:00,VIN-C2032,82.4,11.8,"20.8449,106.6881",80.3
2024-01-15 15:39:00,VIN-C2033,52.5,5.1,"10.0452,105.7469",104.6
2024-01-15 15:42:00,VIN-C2034,8.9,54.0,"20.8449,106.6881",71.3
2024-01-15 15:45:00,VIN-C2035,46.5,73.1,"10.8231,106.6297",101.8
2024-01-15 15:48:00,VIN-C2036,8.9,84.7,"20.8449,106.6881",85.1
2024-01-15 15:51:00,VIN-C2037,119.9,97.1,"11.9404,108.4583",95.4
2024-01-15 15:54:00,VIN-C2038,17.3,60.4,"10.0452,105.7469",105.9
2024-01-15 15:57:00,VIN-C2039,105.6,77.3,"12.2388,109.1967",75.3
2024-01-15 16:00:00,VIN-C2040,82.2,27.6,"11.9404,108.4583",96.9
2024-01-15 16:03:00,VIN-C2041,32.4,84.7,"10.8231,106.6297",73.4
2024-01-15 16:06:00,VIN-C2042,72.5,97.8,"12.2388,109.1967",92.2
2024-01-15 16:09:00,VIN-C2043,62.7,5.3,"21.0285,105.8542",88.9
2024-01-15 16:12:00,VIN-C2044,83.1,79.0,"20.8449,106.6881",89.4
2024-01-15 16:15:00,VIN-C2045,107.8,39.9,"10.8231,106.6297",89.2
2024-01-15 16:18:00,VIN-C2046,77.9,73.8,"10.8231,106.6297",88.9
2024-01-15 16:21:00,VIN-C2047,34.2,32.1,"10.0452,105.7469",87.0
2024-01-15 16:24:00,VIN-C2048,65.8,40.4,"10.9460,108.4419",93.9
2024-01-15 16:27:00,VIN-C2049,54.4,19.4,"12.2388,109.1967",86.5
2024-01-15 16:30:00,VIN-C2050,80.4,36.1,"21.0285,105.8542",73.7
2024-01-15 16:33:00,VIN-C2051,111.2,59.2,"10.8231,106.6297",72.0
2024-01-15 16:36:00,VIN-C2052,56.3,82.4,"10.9460,108.4419",92.2
2024-01-15 16:39:00,VIN-C2053,43.5,74.0,"10.8231,106.6297",84.9
2024-01-15 16:42:00,VIN-C2054,17.8,68.2,"10.9460,108.4419",76.5
2024-01-15 16:45:00,VIN-C2055,91.5,64.5,"16.0544,108.2022",71.3
2024-01-15 16:48:00,VIN-C2056,1.4,69.1,"10.9460,108.4419",84.6
2024-01-15 16:51:00,VIN-C2057,74.9,62.3,"12.2388,109.1967",95.9
2024-01-15 16:54:00,VIN-C2058,80.9,67.1,"11.9404,108.4583",95.6
2024-01-15 16:57:00,VIN-C2059,104.2,45.1,"10.9460,108.4419",99.9
2024-01-15 17:00:00,VIN-C2060,30.5,77.2,"11.9404,108.4583",76.1
2024-01-15 17:03:00,VIN-C2061,79.6,69.6,"12.2388,109.1967",96.8
2024-01-15 17:06:00,VIN-C2062,19.9,31.7,"20.8449,106.6881",81.4
2024-01-15 17:09:00,VIN-C2063,41.9,73.3,"10.9460,108.4419",81.7
2024-01-15 17:12:00,VIN-C2064,112.9,79.8,"11.9404,108.4583",73.7
2024-01-15 17:15:00,VIN-C2065,107.8,22.8,"10.9460,108.4419",107.5
2024-01-15 17:18:00,VIN-C2066,118.0,77.9,"10.9460,108.4419",101.6
2024-01-15 17:21:00,VIN-C2067,95.5,42.6,"10.9460,108.4419",85.2
2024-01-15 17:24:00,VIN-C2068,13.8,69.2,"20.8449,106.6881",100.7
2024-01-15 17:27:00,VIN-C2069,0.6,55.4,"11.9404,108.4583",89.9
2024-01-15 17:30:00,VIN-C2070,10.6,80.6,"12.2388,109.1967",93.9
2024-01-15 17:33:00,VIN-C2071,5.6,39.5,"12.2388,109.1967",94.6
2024-01-15 17:36:00,VIN-C2072,46.9,53.4,"12.2388,109.1967",80.9
2024-01-15 17:39:00,VIN-C2073,73.5,54.0,"10.0452,105.7469",108.2
2024-01-15 17:42:00,VIN-C2074,95.6,52.8,"16.0544,108.2022",81.3
2024-01-15 17:45:00,VIN-C2075,5.4,38.8,"12.2388,109.1967",80.6
2024-01-15 17:48:00,VIN-C2076,3.2,63.6,"20.8449,106.6881",78.4
2024-01-15 17:51:00,VIN-C2077,31.0,77.7,"11.9404,108.4583",75.8
2024-01-15 17:54:00,VIN-C2078,53.0,61.2,"21.0285,105.8542",106.1
2024-01-15 17:57:00,VIN-C2079,10.9,96.5,"11.9404,108.4583",102.0
2024-01-15 18:00:00,VIN-C2080,103.4,96.4,"12.2388,109.1967",86.4
2024-01-15 18:03:00,VIN-C2081,50.9,53.6,"11.9404,108.4583",93.9
2024-01-15 18:06:00,VIN-C2082,98.2,12.3,"11.9404,108.4583",103.1
2024-01-15 18:09:00,VIN-C2083,49.4,52.5,"10.0452,105.7469",72.1
2024-01-15 18:12:00,VIN-C2084,79.1,73.7,"10.0452,105.7469",96.0
2024-01-15 18:15:00,VIN-C2085,83.2,85.9,"10.8231,106.6297",105.1
2024-01-15 18:18:00,VIN-C2086,4.8,19.8,"20.8449,106.6881",80.6
2024-01-15 18:21:00,VIN-C2087,41.5,96.9,"10.9460,108.4419",96.5
2024-01-15 18:24:00,VIN-C2088,16.1,36.8,"11.9404,108.4583",81.9
2024-01-15 18:27:00,VIN-C2089,99.1,83.2,"10.9460,108.4419",106.9
2024-01-15 18:30:00,VIN-C2090,65.8,14.7,"16.0544,108.2022",108.7
2024-01-15 18:33:00,VIN-C2091,102.5,81.4,"10.9460,108.4419",108.9
2024-01-15 18:36:00,VIN-C2092,30.6,74.2,"12.2388,109.1967",87.9
2024-01-15 18:39:00,VIN-C2093,46.4,33.0,"10.0452,105.7469",107.4
2024-01-15 18:42:00,VIN-C2094,115.0,50.8,"12.2388,109.1967",97.3
2024-01-15 18:45:00,VIN-C2095,118.4,88.6,"21.0285,105.8542",80.5
2024-01-15 18:48:00,VIN-C2096,9.4,22.4,"11.9404,108.4583",91.4
2024-01-15 18:51:00,VIN-C2097,97.0,37.7,"16.0544,108.2022",94.9
2024-01-15 18:54:00,VIN-C2098,107.6,45.3,"20.8449,106.6881",94.8
2024-01-15 18:57:00,VIN-C2099,60.4,66.7,"10.9460,108.4419",93.6
2024-01-15 19:00:00,VIN-C2100,65.0,48.8,"10.9460,108.4419",83.2
2024-01-15 19:03:00,VIN-C2101,33.5,53.7,"10.9460,108.4419",100.3
2024-01-15 19:06:00,VIN-C2102,116.0,27.4,"10.8231,106.6297",74.6
2024-01-15 19:09:00,VIN-C2103,73.2,99.5,"10.0452,105.7469",86.6
2024-01-15 19:12:00,VIN-C2104,106.9,5.3,"11.9404,108.4583",108.5
2024-01-15 19:15:00,VIN-C2105,52.2,71.1,"11.9404,108.4583",96.5
2024-01-15 19:18:00,VIN-C2106,7.7,71.3,"10.0452,105.7469",80.0
2024-01-15 19:21:00,VIN-C2107,107.5,54.0,"10.8231,106.6297",74.4
2024-01-15 19:24:00,VIN-C2108,100.8,84.9,"12.2388,109.1967",101.5
2024-01-15 19:27:00,VIN-C2109,57.4,28.0,"11.9404,108.4583",86.3
2024-01-15 19:30:00,VIN-C2110,110.5,11.6,"11.9404,108.4583",86.4
2024-01-15 19:33:00,VIN-C2111,96.4,17.9,"16.0544,108.2022",98.0
2024-01-15 19:36:00,VIN-C2112,28.8,90.1,"10.9460,108.4419",71.1
2024-01-15 19:39:00,VIN-C2113,50.3,63.3,"10.8231,106.6297",104.7
2024-01-15 19:42:00,VIN-C2114,116.1,14.7,"10.8231,106.6297",75.3
2024-01-15 19:45:00,VIN-C2115,15.7,65.4,"12.2388,109.1967",79.7
2024-01-15 19:48:00,VIN-C2116,6.3,84.5,"16.0544,108.2022",102.3
2024-01-15 19:51:00,VIN-C2117,109.6,73.0,"10.9460,108.4419",72.7
2024-01-15 19:54:00,VIN-C2118,49.7,66.6,"12.2388,109.1967",81.9
2024-01-15 19:57:00,VIN-C2119,104.7,38.5,"10.0452,105.7469",104.5
2024-01-15 20:00:00,VIN-C2120,96.0,15.0,"21.0285,105.8542",78.4
2024-01-15 20:03:00,VIN-C2121,83.8,51.7,"16.0544,108.2022",92.3
2024-01-15 20:06:00,VIN-C2122,58.6,77.0,"10.8231,106.6297",106.2
2024-01-15 20:09:00,VIN-C2123,49.9,35.3,"12.2388,109.1967",83.9
2024-01-15 20:12:00,VIN-C2124,103.4,36.5,"20.8449,106.6881",85.1
2024-01-15 20:15:00,VIN-C2125,42.4,36.0,"12.2388,109.1967",73.2
2024-01-15 20:18:00,VIN-C2126,111.6,20.7,"16.0544,108.2022",83.5
2024-01-15 20:21:00,VIN-C2127,9.1,21.3,"20.8449,106.6881",87.3
2024-01-15 20:24:00,VIN-C2128,5.0,92.9,"12.2388,109.1967",85.6
2024-01-15 20:27:00,VIN-C2129,110.7,62.5,"12.2388,109.1967",77.0
2024-01-15 20:30:00,VIN-C2130,60.2,19.9,"12.2388,109.1967",88.0
2024-01-15 20:33:00,VIN-C2131,4.3,19.6,"10.0452,105.7469",73.2
2024-01-15 20:36:00,VIN-C2132,26.4,69.1,"10.9460,108.4419",73.6
2024-01-15 20:39:00,VIN-C2133,88.0,87.2,"10.0452,105.7469",99.8
2024-01-15 20:42:00,VIN-C2134,110.2,24.8,"20.8449,106.6881",107.8
2024-01-15 20:45:00,VIN-C2135,62.8,98.1,"16.0544,108.2022",101.5
2024-01-15 20:48:00,VIN-C2136,111.5,76.2,"20.8449,106.6881",75.4
2024-01-15 20:51:00,VIN-C2137,113.4,71.7,"11.9404,108.4583",77.4
2024-01-15 20:54:00,VIN-C2138,17.3,49.0,"20.8449,106.6881",109.3
2024-01-15 20:57:00,VIN-C2139,86.7,19.2,"10.9460,108.4419",88.0
2024-01-15 21:00:00,VIN-C2140,27.2,30.5,"21.0285,105.8542",108.3
2024-01-15 21:03:00,VIN-C2141,0.9,22.3,"10.0452,105.7469",103.0
2024-01-15 21:06:00,VIN-C2142,31.9,65.2,"11.9404,108.4583",89.2
2024-01-15 21:09:00,VIN-C2143,41.1,45.4,"10.0452,105.7469",108.2
2024-01-15 21:12:00,VIN-C2144,15.5,81.4,"10.9460,108.4419",90.0
2024-01-15 21:15:00,VIN-C2145,85.7,8.5,"12.2388,109.1967",83.2
2024-01-15 21:18:00,VIN-C2146,40.8,38.9,"10.9460,108.4419",78.7
2024-01-15 21:21:00,VIN-C2147,113.0,78.7,"10.0452,105.7469",99.8
2024-01-15 21:24:00,VIN-C2148,80.3,17.0,"11.9404,108.4583",102.6
2024-01-15 21:27:00,VIN-C2149,97.2,92.7,"10.8231,106.6297",82.5
2024-01-15 21:30:00,VIN-C2150,19.6,29.2,"16.0544,108.2022",83.2
2024-01-15 21:33:00,VIN-C2151,40.5,91.3,"10.0452,105.7469",109.2
2024-01-15 21:36:00,VIN-C2152,95.5,89.8,"10.9460,108.4419",96.0
2024-01-15 21:39:00,VIN-C2153,35.2,14.9,"10.9460,108.4419",108.8
2024-01-15 21:42:00,VIN-C2154,64.5,95.7,"11.9404,108.4583",101.5
2024-01-15 21:45:00,VIN-C2155,50.6,79.5,"12.2388,109.1967",86.0
2024-01-15 21:48:00,VIN-C2156,77.4,27.1,"20.8449,106.6881",103.7
2024-01-15 21:51:00,VIN-C2157,118.4,37.6,"10.8231,106.6297",81.9
2024-01-15 21:54:00,VIN-C2158,115.8,53.9,"12.2388,109.1967",99.8
2024-01-15 21:57:00,VIN-C2159,51.7,75.9,"10.0452,105.7469",77.5
2024-01-15 22:00:00,VIN-C2160,21.4,85.6,"16.0544,108.2022",81.3
2024-01-15 22:03:00,VIN-C2161,72.3,38.5,"10.9460,108.4419",106.7
2024-01-15 22:06:00,VIN-C2162,52.5,6.0,"20.8449,106.6881",105.6
2024-01-15 22:09:00,VIN-C2163,28.7,63.4,"11.9404,108.4583",93.3
2024-01-15 22:12:00,VIN-C2164,71.1,85.0,"16.0544,108.2022",86.9
2024-01-15 22:15:00,VIN-C2165,3.8,44.2,"11.9404,108.4583",78.3
2024-01-15 22:18:00,VIN-C2166,10.2,94.7,"10.8231,106.6297",79.0
2024-01-15 22:21:00,VIN-C2167,114.6,59.7,"10.8231,106.6297",97.8
2024-01-15 22:24:00,VIN-C2168,29.0,94.8,"10.9460,108.4419",73.6
2024-01-15 22:27:00,VIN-C2169,91.1,18.7,"10.0452,105.7469",79.9
2024-01-15 22:30:00,VIN-C2170,50.9,64.3,"11.9404,108.4583",105.6
2024-01-15 22:33:00,VIN-C2171,65.8,99.8,"10.8231,106.6297",91.6
2024-01-15 22:36:00,VIN-C2172,2.0,16.1,"10.0452,105.7469",78.3
2024-01-15 22:39:00,VIN-C2173,33.6,81.8,"11.9404,108.4583",86.1
2024-01-15 22:42:00,VIN-C2174,2.5,65.4,"10.9460,108.4419",89.6
2024-01-15 22:45:00,VIN-C2175,61.4,48.8,"11.9404,108.4583",107.0
2024-01-15 22:48:00,VIN-C2176,43.9,46.0,"11.9404,108.4583",88.5
2024-01-15 22:51:00,VIN-C2177,110.0,68.4,"12.2388,109.1967",84.1
2024-01-15 22:54:00,VIN-C2178,59.4,59.0,"11.9404,108.4583",109.1
2024-01-15 22:57:00,VIN-C2179,3.1,37.5,"10.0452,105.7469",97.5
2024-01-15 23:00:00,VIN-C2180,46.4,58.5,"21.0285,105.8542",87.7
2024-01-15 23:03:00,VIN-C2181,36.0,39.6,"12.2388,109.1967",105.9
2024-01-15 23:06:00,VIN-C2182,67.1,64.3,"16.0544,108.2022",97.6
2024-01-15 23:09:00,VIN-C2183,15.7,86.1,"11.9404,108.4583",75.7
2024-01-15 23:12:00,VIN-C2184,112.0,94.5,"16.0544,108.2022",101.0
2024-01-15 23:15:00,VIN-C2185,8.9,66.8,"21.0285,105.8542",104.9
2024-01-15 23:18:00,VIN-C2186,73.2,72.4,"21.0285,105.8542",82.0
2024-01-15 23:21:00,VIN-C2187,108.9,51.7,"12.2388,109.1967",82.8
2024-01-15 23:24:00,VIN-C2188,7.2,24.4,"16.0544,108.2022",88.9
2024-01-15 23:27:00,VIN-C2189,46.3,64.2,"12.2388,109.1967",88.5
2024-01-15 23:30:00,VIN-C2190,3.1,74.4,"16.0544,108.2022",82.0
2024-01-15 23:33:00,VIN-C2191,6.8,83.1,"11.9404,108.4583",97.3
2024-01-15 23:36:00,VIN-C2192,29.0,73.7,"21.0285,105.8542",101.4
2024-01-15 23:39:00,VIN-C2193,88.5,32.0,"12.2388,109.1967",70.4
2024-01-15 23:42:00,VIN-C2194,84.3,60.4,"20.8449,106.6881",79.3
2024-01-15 23:45:00,VIN-C2195,77.3,80.5,"10.8231,106.6297",93.0
2024-01-15 23:48:00,VIN-C2196,10.8,80.7,"21.0285,105.8542",102.9
2024-01-15 23:51:00,VIN-C2197,108.1,39.4,"16.0544,108.2022",84.1
2024-01-15 23:54:00,VIN-C2198,68.6,60.4,"10.8231,106.6297",98.3
2024-01-15 23:57:00,VIN-C2199,33.9,82.6,"12.2388,109.1967",73.5
2024-01-16 00:00:00,VIN-C2200,96.1,67.3,"16.0544,108.2022",83.0
2024-01-16 00:03:00,VIN-C2201,48.8,13.2,"21.0285,105.8542",108.2
2024-01-16 00:06:00,VIN-C2202,93.8,24.4,"12.2388,109.1967",99.6
2024-01-16 00:09:00,VIN-C2203,87.6,27.2,"11.9404,108.4583",88.9
2024-01-16 00:12:00,VIN-C2204,24.3,62.1,"20.8449,106.6881",97.7
2024-01-16 00:15:00,VIN-C2205,107.1,45.6,"20.8449,106.6881",73.5
2024-01-16 00:18:00,VIN-C2206,59.2,32.6,"16.0544,108.2022",74.6
2024-01-16 00:21:00,VIN-C2207,14.0,7.5,"16.0544,108.2022",94.8
2024-01-16 00:24:00,VIN-C2208,105.9,72.2,"21.0285,105.8542",109.8
2024-01-16 00:27:00,VIN-C2209,4.7,32.5,"12.2388,109.1967",92.4
2024-01-16 00:30:00,VIN-C2210,19.5,54.9,"10.8231,106.6297",92.2
2024-01-16 00:33:00,VIN-C2211,77.4,72.6,"20.8449,106.6881",97.1
2024-01-16 00:36:00,VIN-C2212,36.2,39.2,"10.0452,105.7469",74.7
2024-01-16 00:39:00,VIN-C2213,68.7,69.2,"10.8231,106.6297",90.5
2024-01-16 00:42:00,VIN-C2214,8.4,25.6,"11.9404,108.4583",85.7
2024-01-16 00:45:00,VIN-C2215,67.4,82.6,"10.0452,105.7469",73.8
2024-01-16 00:48:00,VIN-C2216,115.1,27.2,"20.8449,106.6881",105.2
2024-01-16 00:51:00,VIN-C2217,75.1,51.5,"12.2388,109.1967",109.0
2024-01-16 00:54:00,VIN-C2218,85.4,71.1,"21.0285,105.8542",106.5
2024-01-16 00:57:00,VIN-C2219,10.2,86.5,"10.0452,105.7469",97.6
2024-01-16 01:00:00,VIN-C2220,108.2,13.8,"21.0285,105.8542",105.5
2024-01-16 01:03:00,VIN-C2221,95.2,50.5,"10.8231,106.6297",82.8
2024-01-16 01:06:00,VIN-C2222,104.0,15.6,"10.0452,105.7469",101.3
2024-01-16 01:09:00,VIN-C2223,2.8,89.3,"10.0452,105.7469",80.9
2024-01-16 01:12:00,VIN-C2224,95.9,61.3,"20.8449,106.6881",71.1
2024-01-16 01:15:00,VIN-C2225,59.2,29.3,"10.9460,108.4419",100.8
2024-01-16 01:18:00,VIN-C2226,41.4,83.5,"10.9460,108.4419",88.2
2024-01-16 01:21:00,VIN-C2227,90.1,19.6,"10.9460,108.4419",76.1
2024-01-16 01:24:00,VIN-C2228,9.0,40.8,"10.0452,105.7469",74.7
2024-01-16 01:27:00,VIN-C2229,3.1,23.6,"10.9460,108.4419",108.4
2024-01-16 01:30:00,VIN-C2230,60.5,12.3,"10.8231,106.6297",82.6
2024-01-16 01:33:00,VIN-C2231,106.7,76.7,"10.8231,106.6297",108.2
2024-01-16 01:36:00,VIN-C2232,91.2,59.5,"20.8449,106.6881",104.4
2024-01-16 01:39:00,VIN-C2233,24.7,45.3,"10.9460,108.4419",70.9
2024-01-16 01:42:00,VIN-C2234,41.4,62.7,"20.8449,106.6881",106.6
2024-01-16 01:45:00,VIN-C2235,103.5,96.9,"20.8449,106.6881",97.5
2024-01-16 01:48:00,VIN-C2236,29.5,73.0,"10.0452,105.7469",78.7
2024-01-16 01:51:00,VIN-C2237,55.3,7.8,"21.0285,105.8542",99.7
2024-01-16 01:54:00,VIN-C2238,38.2,82.8,"10.8231,106.6297",93.2
2024-01-16 01:57:00,VIN-C2239,104.0,11.2,"10.8231,106.6297",92.4
2024-01-16 02:00:00,VIN-C2240,23.7,22.3,"12.2388,109.1967",78.6
2024-01-16 02:03:00,VIN-C2241,3.7,76.5,"11.9404,108.4583",105.6
2024-01-16 02:06:00,VIN-C2242,93.4,32.8,"10.0452,105.7469",94.9
2024-01-16 02:09:00,VIN-C2243,78.1,28.1,"11.9404,108.4583",94.0
2024-01-16 02:12:00,VIN-C2244,0.6,59.9,"16.0544,108.2022",75.7
2024-01-16 02:15:00,VIN-C2245,102.1,35.9,"16.0544,108.2022",97.4
2024-01-16 02:18:00,VIN-C2246,66.0,37.1,"12.2388,109.1967",84.2
2024-01-16 02:21:00,VIN-C2247,119.9,15.7,"21.0285,105.8542",105.8
2024-01-16 02:24:00,VIN-C2248,114.6,79.3,"10.0452,105.7469",106.8
2024-01-16 02:27:00,VIN-C2249,62.3,20.7,"10.0452,105.7469",87.1
2024-01-16 02:30:00,VIN-C2250,65.1,91.3,"10.9460,108.4419",77.8
2024-01-16 02:33:00,VIN-C2251,105.4,84.9,"10.0452,105.7469",75.8
2024-01-16 02:36:00,VIN-C2252,28.9,6.6,"12.2388,109.1967",97.8
2024-01-16 02:39:00,VIN-C2253,49.3,46.7,"12.2388,109.1967",86.5
2024-01-16 02:42:00,VIN-C2254,107.8,31.0,"20.8449,106.6881",99.5
2024-01-16 02:45:00,VIN-C2255,113.2,30.2,"20.8449,106.6881",79.2
2024-01-16 02:48:00,VIN-C2256,92.0,17.4,"20.8449,106.6881",79.1
2024-01-16 02:51:00,VIN-C2257,54.9,37.8,"16.0544,108.2022",93.0
2024-01-16 02:54:00,VIN-C2258,57.7,8.5,"12.2388,109.1967",84.3
2024-01-16 02:57:00,VIN-C2259,36.2,53.7,"21.0285,105.8542",100.0
2024-01-16 03:00:00,VIN-C2260,32.3,80.9,"11.9404,108.4583",87.6
2024-01-16 03:03:00,VIN-C2261,65.3,72.1,"10.0452,105.7469",98.1
2024-01-16 03:06:00,VIN-C2262,107.0,11.9,"20.8449,106.6881",74.7
2024-01-16 03:09:00,VIN-C2263,36.8,92.2,"10.0452,105.7469",105.1
2024-01-16 03:12:00,VIN-C2264,9.1,54.1,"16.0544,108.2022",86.0
2024-01-16 03:15:00,VIN-C2265,89.8,79.4,"11.9404,108.4583",83.6
2024-01-16 03:18:00,VIN-C2266,75.7,41.0,"11.9404,108.4583",106.4
2024-01-16 03:21:00,VIN-C2267,21.1,42.8,"10.0452,105.7469",85.2
2024-01-16 03:24:00,VIN-C2268,90.4,92.9,"10.0452,105.7469",90.0
2024-01-16 03:27:00,VIN-C2269,10.7,30.4,"10.8231,106.6297",77.9
2024-01-16 03:30:00,VIN-C2270,105.3,69.3,"11.9404,108.4583",81.2
2024-01-16 03:33:00,VIN-C2271,40.6,58.8,"20.8449,106.6881",101.5
2024-01-16 03:36:00,VIN-C2272,3.4,26.9,"10.8231,106.6297",104.0
2024-01-16 03:39:00,VIN-C2273,11.1,95.8,"16.0544,108.2022",76.1
2024-01-16 03:42:00,VIN-C2274,93.1,95.9,"20.8449,106.6881",102.0
2024-01-16 03:45:00,VIN-C2275,56.6,30.4,"16.0544,108.2022",97.6
2024-01-16 03:48:00,VIN-C2276,78.2,74.0,"10.9460,108.4419",99.7
2024-01-16 03:51:00,VIN-C2277,96.4,42.1,"10.0452,105.7469",91.4
2024-01-16 03:54:00,VIN-C2278,79.0,88.1,"11.9404,108.4583",103.5
2024-01-16 03:57:00,VIN-C2279,75.7,7.0,"10.0452,105.7469",80.3
2024-01-16 04:00:00,VIN-C2280,93.7,62.4,"21.0285,105.8542",86.3
2024-01-16 04:03:00,VIN-C2281,110.2,39.3,"21.0285,105.8542",72.8
2024-01-16 04:06:00,VIN-C2282,49.4,70.9,"12.2388,109.1967",104.2
2024-01-16 04:09:00,VIN-C2283,90.4,95.0,"10.0452,105.7469",81.0
2024-01-16 04:12:00,VIN-C2284,63.3,28.9,"12.2388,109.1967",77.6
2024-01-16 04:15:00,VIN-C2285,89.5,50.0,"10.9460,108.4419",71.4
2024-01-16 04:18:00,VIN-C2286,82.9,21.4,"10.9460,108.4419",107.1
2024-01-16 04:21:00,VIN-C2287,39.7,67.8,"11.9404,108.4583",105.1
2024-01-16 04:24:00,VIN-C2288,14.9,82.1,"11.9404,108.4583",80.2
2024-01-16 04:27:00,VIN-C2289,73.6,41.8,"11.9404,108.4583",81.7
2024-01-16 04:30:00,VIN-C2290,100.2,98.2,"10.9460,108.4419",103.7
2024-01-16 04:33:00,VIN-C2291,83.8,38.6,"20.8449,106.6881",75.2
2024-01-16 04:36:00,VIN-C2292,41.1,52.5,"10.8231,106.6297",74.5
2024-01-16 04:39:00,VIN-C2293,116.0,75.5,"21.0285,105.8542",95.9
2024-01-16 04:42:00,VIN-C2294,53.6,30.7,"10.9460,108.4419",93.2
2024-01-16 04:45:00,VIN-C2295,94.0,71.2,"11.9404,108.4583",93.4
2024-01-16 04:48:00,VIN-C2296,28.1,69.0,"20.8449,106.6881",98.5
2024-01-16 04:51:00,VIN-C2297,66.1,83.2,"20.8449,106.6881",81.1
2024-01-16 04:54:00,VIN-C2298,87.9,62.6,"21.0285,105.8542",97.5
2024-01-16 04:57:00,VIN-C2299,82.0,9.4,"21.0285,105.8542",87.8
2024-01-16 05:00:00,VIN-C2300,55.8,96.8,"21.0285,105.8542",75.0
2024-01-16 05:03:00,VIN-C2301,85.5,32.0,"11.9404,108.4583",87.9
2024-01-16 05:06:00,VIN-C2302,114.2,75.1,"10.0452,105.7469",71.6
2024-01-16 05:09:00,VIN-C2303,32.5,99.9,"12.2388,109.1967",92.4
2024-01-16 05:12:00,VIN-C2304,10.8,92.5,"12.2388,109.1967",76.9
2024-01-16 05:15:00,VIN-C2305,84.7,65.5,"10.0452,105.7469",82.5
2024-01-16 05:18:00,VIN-C2306,42.1,19.2,"10.0452,105.7469",95.6
2024-01-16 05:21:00,VIN-C2307,58.0,69.1,"10.9460,108.4419",98.5
2024-01-16 05:24:00,VIN-C2308,103.1,67.6,"21.0285,105.8542",96.4
2024-01-16 05:27:00,VIN-C2309,5.8,18.2,"11.9404,108.4583",85.1
2024-01-16 05:30:00,VIN-C2310,76.5,95.3,"10.9460,108.4419",73.8
2024-01-16 05:33:00,VIN-C2311,9.9,54.2,"16.0544,108.2022",105.3
2024-01-16 05:36:00,VIN-C2312,87.5,11.2,"10.9460,108.4419",108.4
2024-01-16 05:39:00,VIN-C2313,81.0,54.6,"12.2388,109.1967",72.9
2024-01-16 05:42:00,VIN-C2314,86.6,5.2,"21.0285,105.8542",74.6
2024-01-16 05:45:00,VIN-C2315,50.0,12.2,"20.8449,106.6881",80.3
2024-01-16 05:48:00,VIN-C2316,45.8,66.7,"21.0285,105.8542",110.0
2024-01-16 05:51:00,VIN-C2317,102.8,27.9,"10.9460,108.4419",84.5
2024-01-16 05:54:00,VIN-C2318,36.4,74.5,"12.2388,109.1967",104.9
2024-01-16 05:57:00,VIN-C2319,58.7,96.2,"11.9404,108.4583",108.8
2024-01-16 06:00:00,VIN-C2320,22.2,52.2,"10.9460,108.4419",108.8
2024-01-16 06:03:00,VIN-C2321,67.1,84.7,"10.9460,108.4419",88.3
2024-01-16 06:06:00,VIN-C2322,6.8,58.2,"21.0285,105.8542",95.3
2024-01-16 06:09:00,VIN-C2323,40.9,21.4,"21.0285,105.8542",76.3
2024-01-16 06:12:00,VIN-C2324,90.1,74.1,"10.8231,106.6297",92.0
2024-01-16 06:15:00,VIN-C2325,19.6,20.8,"10.9460,108.4419",92.9
2024-01-16 06:18:00,VIN-C2326,70.3,63.4,"20.8449,106.6881",86.5
2024-01-16 06:21:00,VIN-C2327,2.3,56.4,"11.9404,108.4583",106.4
2024-01-16 06:24:00,VIN-C2328,101.2,57.2,"10.0452,105.7469",103.2
2024-01-16 06:27:00,VIN-C2329,77.6,39.3,"21.0285,105.8542",86.4
2024-01-16 06:30:00,VIN-C2330,48.3,83.4,"16.0544,108.2022",109.0
2024-01-16 06:33:00,VIN-C2331,92.2,5.1,"10.8231,106.6297",77.6
2024-01-16 06:36:00,VIN-C2332,119.2,49.9,"10.8231,106.6297",87.9
2024-01-16 06:39:00,VIN-C2333,97.3,51.3,"10.8231,106.6297",91.1
2024-01-16 06:42:00,VIN-C2334,61.5,74.7,"20.8449,106.6881",100.1
2024-01-16 06:45:00,VIN-C2335,112.7,26.4,"10.8231,106.6297",89.9
2024-01-16 06:48:00,VIN-C2336,100.9,76.5,"10.8231,106.6297",92.8
2024-01-16 06:51:00,VIN-C2337,106.7,53.9,"12.2388,109.1967",90.2
2024-01-16 06:54:00,VIN-C2338,71.3,68.9,"20.8449,106.6881",89.7
2024-01-16 06:57:00,VIN-C2339,36.5,46.8,"20.8449,106.6881",107.4
2024-01-16 07:00:00,VIN-C2340,21.1,43.9,"10.8231,106.6297",104.1
2024-01-16 07:03:00,VIN-C2341,95.8,69.0,"12.2388,109.1967",102.5
2024-01-16 07:06:00,VIN-C2342,47.4,47.0,"20.8449,106.6881",88.8
2024-01-16 07:09:00,VIN-C2343,43.3,31.2,"16.0544,108.2022",90.1
2024-01-16 07:12:00,VIN-C2344,53.6,60.7,"10.9460,108.4419",89.1
2024-01-16 07:15:00,VIN-C2345,42.0,86.6,"10.8231,106.6297",77.8
2024-01-16 07:18:00,VIN-C2346,40.1,17.6,"16.0544,108.2022",72.4
2024-01-16 07:21:00,VIN-C2347,52.5,22.1,"10.0452,105.7469",72.3
2024-01-16 07:24:00,VIN-C2348,15.0,75.6,"12.2388,109.1967",83.8
2024-01-16 07:27:00,VIN-C2349,114.4,40.3,"10.9460,108.4419",78.9
2024-01-16 07:30:00,VIN-C2350,1.2,91.5,"10.8231,106.6297",110.0
2024-01-16 07:33:00,VIN-C2351,55.4,78.7,"12.2388,109.1967",101.0
2024-01-16 07:36:00,VIN-C2352,4.7,41.2,"11.9404,108.4583",73.5
2024-01-16 07:39:00,VIN-C2353,61.8,18.9,"16.0544,108.2022",80.9
2024-01-16 07:42:00,VIN-C2354,48.0,50.5,"21.0285,105.8542",75.0
2024-01-16 07:45:00,VIN-C2355,85.0,24.0,"10.8231,106.6297",72.5
2024-01-16 07:48:00,VIN-C2356,95.8,84.9,"10.0452,105.7469",86.0
2024-01-16 07:51:00,VIN-C2357,110.9,43.8,"10.0452,105.7469",77.8
2024-01-16 07:54:00,VIN-C2358,59.1,26.9,"12.2388,109.1967",75.2
2024-01-16 07:57:00,VIN-C2359,63.9,38.7,"20.8449,106.6881",76.4
2024-01-16 08:00:00,VIN-C2360,113.6,54.4,"10.9460,108.4419",75.6
2024-01-16 08:03:00,VIN-C2361,94.4,86.2,"10.0452,105.7469",89.9
2024-01-16 08:06:00,VIN-C2362,21.2,37.0,"10.0452,105.7469",74.1
2024-01-16 08:09:00,VIN-C2363,28.0,26.8,"10.9460,108.4419",103.0
2024-01-16 08:12:00,VIN-C2364,88.0,72.9,"10.8231,106.6297",70.3
2024-01-16 08:15:00,VIN-C2365,83.2,34.7,"10.0452,105.7469",80.0
2024-01-16 08:18:00,VIN-C2366,107.5,24.4,"10.9460,108.4419",70.4
2024-01-16 08:21:00,VIN-C2367,23.7,27.2,"10.0452,105.7469",97.3
2024-01-16 08:24:00,VIN-C2368,75.9,56.1,"10.0452,105.7469",91.3
2024-01-16 08:27:00,VIN-C2369,44.1,65.3,"21.0285,105.8542",75.1
2024-01-16 08:30:00,VIN-C2370,77.5,89.6,"10.8231,106.6297",80.8
2024-01-16 08:33:00,VIN-C2371,26.3,14.6,"11.9404,108.4583",100.1
2024-01-16 08:36:00,VIN-C2372,82.4,15.8,"20.8449,106.6881",92.9
2024-01-16 08:39:00,VIN-C2373,46.3,6.6,"20.8449,106.6881",81.8
2024-01-16 08:42:00,VIN-C2374,101.3,38.9,"12.2388,109.1967",99.1
2024-01-16 08:45:00,VIN-C2375,82.9,14.1,"10.9460,108.4419",96.6
2024-01-16 08:48:00,VIN-C2376,64.7,26.1,"16.0544,108.2022",87.4
2024-01-16 08:51:00,VIN-C2377,3.6,24.6,"16.0544,108.2022",95.2
2024-01-16 08:54:00,VIN-C2378,54.0,66.5,"20.8449,106.6881",90.9
2024-01-16 08:57:00,VIN-C2379,43.5,24.4,"16.0544,108.2022",91.0
2024-01-16 09:00:00,VIN-C2380,66.7,65.4,"10.8231,106.6297",78.8
2024-01-16 09:03:00,VIN-C2381,54.8,91.5,"10.9460,108.4419",106.5
2024-01-16 09:06:00,VIN-C2382,81.2,54.2,"10.0452,105.7469",97.1
2024-01-16 09:09:00,VIN-C2383,9.6,40.4,"10.0452,105.7469",76.6
2024-01-16 09:12:00,VIN-C2384,71.3,40.5,"20.8449,106.6881",108.6
2024-01-16 09:15:00,VIN-C2385,95.7,79.0,"10.8231,106.6297",75.1
2024-01-16 09:18:00,VIN-C2386,1.4,46.4,"20.8449,106.6881",95.5
2024-01-16 09:21:00,VIN-C2387,92.1,43.3,"10.9460,108.4419",78.9
2024-01-16 09:24:00,VIN-C2388,35.7,44.7,"21.0285,105.8542",104.8
2024-01-16 09:27:00,VIN-C2389,99.5,59.8,"20.8449,106.6881",79.9
2024-01-16 09:30:00,VIN-C2390,67.1,39.0,"21.0285,105.8542",105.6
2024-01-16 09:33:00,VIN-C2391,0.1,55.1,"16.0544,108.2022",82.4
2024-01-16 09:36:00,VIN-C2392,102.8,41.2,"16.0544,108.2022",74.1
2024-01-16 09:39:00,VIN-C2393,42.3,77.1,"10.0452,105.7469",106.3
2024-01-16 09:42:00,VIN-C2394,53.0,24.6,"20.8449,106.6881",79.1
2024-01-16 09:45:00,VIN-C2395,72.4,63.4,"12.2388,109.1967",70.3
2024-01-16 09:48:00,VIN-C2396,66.8,38.0,"12.2388,109.1967",86.6
2024-01-16 09:51:00,VIN-C2397,52.3,67.9,"11.9404,108.4583",77.9
2024-01-16 09:54:00,VIN-C2398,56.4,53.8,"10.0452,105.7469",71.3
2024-01-16 09:57:00,VIN-C2399,18.0,86.0,"10.8231,106.6297",96.5
2024-01-16 10:00:00,VIN-C2400,88.4,94.8,"10.0452,105.7469",85.2
2024-01-16 10:03:00,VIN-C2401,45.1,69.9,"16.0544,108.2022",84.0
2024-01-16 10:06:00,VIN-C2402,46.9,80.5,"10.0452,105.7469",98.8
2024-01-16 10:09:00,VIN-C2403,99.2,21.2,"10.0452,105.7469",81.4
2024-01-16 10:12:00,VIN-C2404,60.6,30.5,"10.0452,105.7469",93.9
2024-01-16 10:15:00,VIN-C2405,7.8,68.4,"10.8231,106.6297",101.9
2024-01-16 10:18:00,VIN-C2406,69.6,8.2,"10.8231,106.6297",82.1
2024-01-16 10:21:00,VIN-C2407,62.3,42.7,"10.8231,106.6297",99.9
2024-01-16 10:24:00,VIN-C2408,24.9,86.6,"16.0544,108.2022",86.5
2024-01-16 10:27:00,VIN-C2409,36.5,76.8,"10.0452,105.7469",96.6
2024-01-16 10:30:00,VIN-C2410,61.7,63.3,"12.2388,109.1967",73.7
2024-01-16 10:33:00,VIN-C2411,119.0,80.5,"10.8231,106.6297",94.0
2024-01-16 10:36:00,VIN-C2412,59.5,92.3,"12.2388,109.1967",106.6
2024-01-16 10:39:00,VIN-C2413,92.5,67.4,"11.9404,108.4583",95.5
2024-01-16 10:42:00,VIN-C2414,67.1,6.4,"11.9404,108.4583",100.0
2024-01-16 10:45:00,VIN-C2415,97.8,73.0,"20.8449,106.6881",87.4
2024-01-16 10:48:00,VIN-C2416,69.0,33.5,"10.9460,108.4419",101.7
2024-01-16 10:51:00,VIN-C2417,82.6,97.0,"10.9460,108.4419",100.7
2024-01-16 10:54:00,VIN-C2418,105.9,75.7,"11.9404,108.4583",75.2
2024-01-16 10:57:00,VIN-C2419,113.2,7.8,"11.9404,108.4583",85.6
2024-01-16 11:00:00,VIN-C2420,41.4,98.8,"10.0452,105.7469",87.7
2024-01-16 11:03:00,VIN-C2421,95.9,33.8,"10.9460,108.4419",87.7
2024-01-16 11:06:00,VIN-C2422,71.2,92.6,"10.0452,105.7469",109.1
2024-01-16 11:09:00,VIN-C2423,32.8,82.5,"11.9404,108.4583",71.7
2024-01-16 11:12:00,VIN-C2424,98.3,53.3,"10.0452,105.7469",90.1
2024-01-16 11:15:00,VIN-C2425,47.4,76.0,"10.8231,106.6297",76.0
2024-01-16 11:18:00,VIN-C2426,5.4,86.8,"20.8449,106.6881",81.2
2024-01-16 11:21:00,VIN-C2427,96.3,95.5,"16.0544,108.2022",80.6
2024-01-16 11:24:00,VIN-C2428,26.7,78.6,"10.0452,105.7469",84.3
2024-01-16 11:27:00,VIN-C2429,63.4,61.5,"16.0544,108.2022",109.9
2024-01-16 11:30:00,VIN-C2430,22.4,14.7,"11.9404,108.4583",85.6
2024-01-16 11:33:00,VIN-C2431,98.7,52.9,"21.0285,105.8542",70.2
2024-01-16 11:36:00,VIN-C2432,65.5,24.9,"12.2388,109.1967",86.8
2024-01-16 11:39:00,VIN-C2433,34.9,45.6,"12.2388,109.1967",93.5
2024-01-16 11:42:00,VIN-C2434,7.0,50.3,"12.2388,109.1967",87.7
2024-01-16 11:45:00,VIN-C2435,55.1,74.8,"21.0285,105.8542",96.3
2024-01-16 11:48:00,VIN-C2436,105.8,45.5,"16.0544,108.2022",77.1
2024-01-16 11:51:00,VIN-C2437,97.5,9.2,"10.0452,105.7469",99.1
2024-01-16 11:54:00,VIN-C2438,97.9,43.5,"11.9404,108.4583",109.2
2024-01-16 11:57:00,VIN-C2439,66.1,43.8,"21.0285,105.8542",95.5
2024-01-16 12:00:00,VIN-C2440,108.4,9.2,"12.2388,109.1967",74.9
2024-01-16 12:03:00,VIN-C2441,62.5,26.1,"10.0452,105.7469",84.9
2024-01-16 12:06:00,VIN-C2442,101.4,44.5,"20.8449,106.6881",70.1
2024-01-16 12:09:00,VIN-C2443,97.8,54.0,"11.9404,108.4583",100.0
2024-01-16 12:12:00,VIN-C2444,92.0,7.5,"11.9404,108.4583",101.4
2024-01-16 12:15:00,VIN-C2445,57.8,80.0,"10.8231,106.6297",74.2
2024-01-16 12:18:00,VIN-C2446,105.1,8.0,"16.0544,108.2022",104.2
2024-01-16 12:21:00,VIN-C2447,97.3,86.3,"21.0285,105.8542",108.5
2024-01-16 12:24:00,VIN-C2448,11.1,40.6,"10.8231,106.6297",85.4
2024-01-16 12:27:00,VIN-C2449,109.7,81.8,"12.2388,109.1967",94.3
2024-01-16 12:30:00,VIN-C2450,92.5,16.0,"20.8449,106.6881",95.0
2024-01-16 12:33:00,VIN-C2451,86.9,8.4,"11.9404,108.4583",83.4
2024-01-16 12:36:00,VIN-C2452,69.1,68.8,"10.0452,105.7469",103.3
2024-01-16 12:39:00,VIN-C2453,69.2,55.6,"21.0285,105.8542",90.1
2024-01-16 12:42:00,VIN-C2454,95.4,51.8,"10.9460,108.4419",70.3
2024-01-16 12:45:00,VIN-C2455,1.4,34.6,"16.0544,108.2022",93.9
2024-01-16 12:48:00,VIN-C2456,24.5,20.5,"11.9404,108.4583",70.7
2024-01-16 12:51:00,VIN-C2457,110.2,71.7,"20.8449,106.6881",73.3
2024-01-16 12:54:00,VIN-C2458,115.5,25.9,"16.0544,108.2022",73.0
2024-01-16 12:57:00,VIN-C2459,23.4,59.8,"16.0544,108.2022",108.5
2024-01-16 13:00:00,VIN-C2460,5.1,87.8,"12.2388,109.1967",71.7
2024-01-16 13:03:00,VIN-C2461,6.3,99.2,"10.0452,105.7469",89.1
2024-01-16 13:06:00,VIN-C2462,81.1,93.9,"10.9460,108.4419",89.8
2024-01-16 13:09:00,VIN-C2463,62.7,38.1,"16.0544,108.2022",98.7
2024-01-16 13:12:00,VIN-C2464,30.6,5.7,"20.8449,106.6881",74.2
2024-01-16 13:15:00,VIN-C2465,82.9,90.1,"16.0544,108.2022",106.2
2024-01-16 13:18:00,VIN-C2466,94.7,75.4,"10.8231,106.6297",96.0
2024-01-16 13:21:00,VIN-C2467,110.0,99.5,"11.9404,108.4583",107.7
2024-01-16 13:24:00,VIN-C2468,51.5,51.6,"21.0285,105.8542",76.7
2024-01-16 13:27:00,VIN-C2469,14.1,46.0,"21.0285,105.8542",91.7
2024-01-16 13:30:00,VIN-C2470,107.9,68.4,"16.0544,108.2022",104.5
2024-01-16 13:33:00,VIN-C2471,85.3,79.1,"10.0452,105.7469",77.8
2024-01-16 13:36:00,VIN-C2472,21.9,38.9,"10.9460,108.4419",93.2
2024-01-16 13:39:00,VIN-C2473,109.8,10.7,"16.0544,108.2022",78.8
2024-01-16 13:42:00,VIN-C2474,94.9,82.5,"11.9404,108.4583",94.0
2024-01-16 13:45:00,VIN-C2475,66.6,70.3,"21.0285,105.8542",103.8
2024-01-16 13:48:00,VIN-C2476,105.8,71.9,"21.0285,105.8542",92.8
2024-01-16 13:51:00,VIN-C2477,48.5,57.0,"12.2388,109.1967",84.4
2024-01-16 13:54:00,VIN-C2478,41.3,13.5,"16.0544,108.2022",100.2
2024-01-16 13:57:00,VIN-C2479,101.1,80.3,"10.8231,106.6297",90.8
2024-01-16 14:00:00,VIN-C2480,48.6,31.0,"21.0285,105.8542",107.7
2024-01-16 14:03:00,VIN-C2481,106.8,78.0,"12.2388,109.1967",80.2
2024-01-16 14:06:00,VIN-C2482,95.5,43.7,"10.8231,106.6297",105.1
2024-01-16 14:09:00,VIN-C2483,84.2,70.7,"10.9460,108.4419",106.3
2024-01-16 14:12:00,VIN-C2484,30.8,81.4,"10.0452,105.7469",80.9
2024-01-16 14:15:00,VIN-C2485,67.7,30.0,"11.9404,108.4583",71.2
2024-01-16 14:18:00,VIN-C2486,48.5,61.1,"11.9404,108.4583",103.1
2024-01-16 14:21:00,VIN-C2487,109.4,8.3,"16.0544,108.2022",97.7
2024-01-16 14:24:00,VIN-C2488,54.8,37.3,"20.8449,106.6881",93.8
2024-01-16 14:27:00,VIN-C2489,26.5,63.7,"11.9404,108.4583",92.9
2024-01-16 14:30:00,VIN-C2490,4.9,29.5,"12.2388,109.1967",73.1
2024-01-16 14:33:00,VIN-C2491,17.2,63.8,"10.8231,106.6297",81.6
2024-01-16 14:36:00,VIN-C2492,43.1,93.3,"10.9460,108.4419",106.3
2024-01-16 14:39:00,VIN-C2493,21.5,85.6,"12.2388,109.1967",88.2
2024-01-16 14:42:00,VIN-C2494,90.3,62.5,"11.9404,108.4583",77.8
2024-01-16 14:45:00,VIN-C2495,11.5,94.1,"12.2388,109.1967",89.8
2024-01-16 14:48:00,VIN-C2496,62.9,64.9,"21.0285,105.8542",88.8
2024-01-16 14:51:00,VIN-C2497,35.2,72.7,"11.9404,108.4583",93.3
2024-01-16 14:54:00,VIN-C2498,1.7,96.8,"20.8449,106.6881",75.2
2024-01-16 14:57:00,VIN-C2499,96.8,95.9,"21.0285,105.8542",74.8
2024-01-16 15:00:00,VIN-C2500,46.8,18.0,"20.8449,106.6881",87.4
