Timestamp,VIN,Speed,FuelLevel,Location,EngineTemp
2024-01-16 15:03:00,VIN-D0001,92.2,34.3,"16.0544,108.2022",80.8
2024-01-16 15:06:00,VIN-D0002,112.9,88.2,"20.8449,106.6881",89.3
2024-01-16 15:09:00,VIN-D0003,5.5,42.6,"20.8449,106.6881",76.3
2024-01-16 15:12:00,VIN-D0004,59.7,51.7,"12.2388,109.1967",71.8
2024-01-16 15:15:00,VIN-D0005,7.5,39.6,"10.9460,108.4419",108.1
2024-01-16 15:18:00,VIN-D0006,24.8,73.1,"16.0544,108.2022",82.9
2024-01-16 15:21:00,VIN-D0007,32.8,96.3,"11.9404,108.4583",76.1
2024-01-16 15:24:00,VIN-D0008,99.3,42.1,"10.8231,106.6297",70.0
2024-01-16 15:27:00,VIN-D0009,38.5,84.5,"12.2388,109.1967",94.0
2024-01-16 15:30:00,VIN-D0010,105.4,48.0,"21.0285,105.8542",84.5
2024-01-16 15:33:00,VIN-D0011,101.9,37.3,"16.0544,108.2022",70.3
2024-01-16 15:36:00,VIN-D0012,43.2,74.6,"10.0452,105.7469",83.2
2024-01-16 15:39:00,VIN-D0013,92.1,22.9,"21.0285,105.8542",90.6
2024-01-16 15:42:00,VIN-D0014,44.6,44.3,"11.9404,108.4583",94.5
2024-01-16 15:45:00,VIN-D0015,99.5,26.8,"16.0544,108.2022",79.7
2024-01-16 15:48:00,VIN-D0016,15.2,73.2,"21.0285,105.8542",70.3
2024-01-16 15:51:00,VIN-D0017,10.2,19.0,"12.2388,109.1967",106.7
2024-01-16 15:54:00,VIN-D0018,106.7,26.5,"21.0285,105.8542",101.7
2024-01-16 15:57:00,VIN-D0019,33.3,71.3,"21.0285,105.8542",81.2
2024-01-16 16:00:00,VIN-D0020,3.7,90.8,"10.9460,108.4419",90.5
2024-01-16 16:03:00,VIN-D0021,31.8,91.2,"10.0452,105.7469",97.2
2024-01-16 16:06:00,VIN-D0022,76.2,88.2,"10.9460,108.4419",93.7
2024-01-16 16:09:00,VIN-D0023,65.3,70.5,"12.2388,109.1967",71.8
2024-01-16 16:12:00,VIN-D0024,17.8,93.2,"20.8449,106.6881",107.2
2024-01-16 16:15:00,VIN-D0025,17.7,13.8,"10.9460,108.4419",94.9
2024-01-16 16:18:00,VIN-D0026,67.9,69.7,"21.0285,105.8542",90.1
2024-01-16 16:21:00,VIN-D0027,78.4,96.2,"20.8449,106.6881",76.0
2024-01-16 16:24:00,VIN-D0028,37.3,97.5,"11.9404,108.4583",109.7
2024-01-16 16:27:00,VIN-D0029,62.3,63.6,"20.8449,106.6881",102.4
2024-01-16 16:30:00,VIN-D0030,81.5,39.4,"10.9460,108.4419",88.1
2024-01-16 16:33:00,VIN-D0031,33.9,94.7,"11.9404,108.4583",104.7
2024-01-16 16:36:00,VIN-D0032,50.0,77.9,"12.2388,109.1967",90.1
2024-01-16 16:39:00,VIN-D0033,114.0,18.7,"10.9460,108.4419",103.0
2024-01-16 16:42:00,VIN-D0034,17.9,34.5,"16.0544,108.2022",75.1
2024-01-16 16:45:00,VIN-D0035,38.6,36.1,"21.0285,105.8542",106.0
2024-01-16 16:48:00,VIN-D0036,116.4,69.6,"16.0544,108.2022",92.1
2024-01-16 16:51:00,VIN-D0037,39.7,98.6,"12.2388,109.1967",83.5
2024-01-16 16:54:00,VIN-D0038,27.6,74.9,"16.0544,108.2022",90.4
2024-01-16 16:57:00,VIN-D0039,56.6,5.7,"12.2388,109.1967",87.7
2024-01-16 17:00:00,VIN-D0040,56.7,41.1,"20.8449,106.6881",98.3
2024-01-16 17:03:00,VIN-D0041,63.9,56.3,"10.9460,108.4419",82.0
2024-01-16 17:06:00,VIN-D0042,84.8,83.6,"10.9460,108.4419",73.2
2024-01-16 17:09:00,VIN-D0043,79.8,10.3,"10.9460,108.4419",82.5
2024-01-16 17:12:00,VIN-D0044,8.7,85.0,"10.0452,105.7469",98.7
2024-01-16 17:15:00,VIN-D0045,46.8,39.2,"10.0452,105.7469",74.1
2024-01-16 17:18:00,VIN-D0046,93.3,72.4,"20.8449,106.6881",75.1
2024-01-16 17:21:00,VIN-D0047,78.8,8.3,"12.2388,109.1967",98.5
2024-01-16 17:24:00,VIN-D0048,112.9,29.4,"12.2388,109.1967",78.8
2024-01-16 17:27:00,VIN-D0049,76.3,16.6,"20.8449,106.6881",73.3
2024-01-16 17:30:00,VIN-D0050,110.6,38.8,"20.8449,106.6881",107.3
2024-01-16 17:33:00,VIN-D0051,42.3,48.8,"12.2388,109.1967",107.3
2024-01-16 17:36:00,VIN-D0052,25.6,61.5,"10.9460,108.4419",73.9
2024-01-16 17:39:00,VIN-D0053,14.7,85.9,"10.0452,105.7469",79.1
2024-01-16 17:42:00,VIN-D0054,29.2,31.3,"10.9460,108.4419",76.6
2024-01-16 17:45:00,VIN-D0055,51.9,63.5,"10.8231,106.6297",73.7
2024-01-16 17:48:00,VIN-D0056,90.0,75.9,"12.2388,109.1967",79.1
2024-01-16 17:51:00,VIN-D0057,36.2,62.0,"11.9404,108.4583",99.6
2024-01-16 17:54:00,VIN-D0058,65.1,38.8,"20.8449,106.6881",95.1
2024-01-16 17:57:00,VIN-D0059,88.0,54.7,"21.0285,105.8542",103.5
2024-01-16 18:00:00,VIN-D0060,57.1,43.3,"16.0544,108.2022",74.6
2024-01-16 18:03:00,VIN-D0061,68.7,19.6,"12.2388,109.1967",78.7
2024-01-16 18:06:00,VIN-D0062,52.5,92.2,"16.0544,108.2022",89.6
2024-01-16 18:09:00,VIN-D0063,34.6,87.4,"10.0452,105.7469",78.6
2024-01-16 18:12:00,VIN-D0064,19.2,22.7,"11.9404,108.4583",80.6
2024-01-16 18:15:00,VIN-D0065,4.9,88.6,"10.8231,106.6297",81.6
2024-01-16 18:18:00,VIN-D0066,24.8,16.2,"12.2388,109.1967",99.3
2024-01-16 18:21:00,VIN-D0067,105.4,88.4,"10.0452,105.7469",101.9
2024-01-16 18:24:00,VIN-D0068,66.7,34.4,"10.9460,108.4419",98.9
2024-01-16 18:27:00,VIN-D0069,59.6,5.6,"10.8231,106.6297",78.8
2024-01-16 18:30:00,VIN-D0070,46.2,86.7,"11.9404,108.4583",86.1
2024-01-16 18:33:00,VIN-D0071,0.4,96.9,"20.8449,106.6881",108.5
2024-01-16 18:36:00,VIN-D0072,16.7,86.2,"16.0544,108.2022",74.8
2024-01-16 18:39:00,VIN-D0073,116.0,79.8,"16.0544,108.2022",74.8
2024-01-16 18:42:00,VIN-D0074,99.5,25.2,"20.8449,106.6881",104.6
2024-01-16 18:45:00,VIN-D0075,64.5,50.7,"12.2388,109.1967",100.5
2024-01-16 18:48:00,VIN-D0076,16.0,29.8,"10.0452,105.7469",93.9
2024-01-16 18:51:00,VIN-D0077,23.7,6.1,"12.2388,109.1967",98.9
2024-01-16 18:54:00,VIN-D0078,43.2,60.7,"20.8449,106.6881",92.8
2024-01-16 18:57:00,VIN-D0079,79.5,8.5,"20.8449,106.6881",86.0
2024-01-16 19:00:00,VIN-D0080,116.0,8.1,"12.2388,109.1967",91.7
2024-01-16 19:03:00,VIN-D0081,118.6,14.0,"10.0452,105.7469",80.1
2024-01-16 19:06:00,VIN-D0082,109.7,24.5,"11.9404,108.4583",90.8
2024-01-16 19:09:00,VIN-D0083,87.2,59.9,"21.0285,105.8542",74.5
2024-01-16 19:12:00,VIN-D0084,62.5,34.4,"20.8449,106.6881",84.1
2024-01-16 19:15:00,VIN-D0085,18.5,29.8,"21.0285,105.8542",71.2
2024-01-16 19:18:00,VIN-D0086,46.7,27.3,"21.0285,105.8542",89.0
2024-01-16 19:21:00,VIN-D0087,84.9,34.2,"10.0452,105.7469",101.6
2024-01-16 19:24:00,VIN-D0088,30.3,95.2,"21.0285,105.8542",73.3
2024-01-16 19:27:00,VIN-D0089,49.3,37.1,"11.9404,108.4583",107.0
2024-01-16 19:30:00,VIN-D0090,88.6,82.9,"11.9404,108.4583",92.9
2024-01-16 19:33:00,VIN-D0091,31.0,12.0,"10.0452,105.7469",90.0
2024-01-16 19:36:00,VIN-D0092,90.6,92.5,"10.0452,105.7469",100.5
2024-01-16 19:39:00,VIN-D0093,49.2,91.4,"20.8449,106.6881",83.5
2024-01-16 19:42:00,VIN-D0094,59.6,51.4,"10.9460,108.4419",87.1
2024-01-16 19:45:00,VIN-D0095,59.1,51.4,"10.0452,105.7469",84.4
2024-01-16 19:48:00,VIN-D0096,67.1,11.8,"12.2388,109.1967",73.6
2024-01-16 19:51:00,VIN-D0097,30.8,61.6,"11.9404,108.4583",78.8
2024-01-16 19:54:00,VIN-D0098,97.7,57.8,"12.2388,109.1967",77.2
2024-01-16 19:57:00,VIN-D0099,94.4,86.2,"10.0452,105.7469",78.0
2024-01-16 20:00:00,VIN-D0100,72.8,69.6,"10.9460,108.4419",104.0
2024-01-16 20:03:00,VIN-D0101,13.8,87.3,"10.8231,106.6297",73.8
2024-01-16 20:06:00,VIN-D0102,9.8,62.9,"11.9404,108.4583",82.3
2024-01-16 20:09:00,VIN-D0103,116.0,34.2,"16.0544,108.2022",100.0
2024-01-16 20:12:00,VIN-D0104,49.5,28.9,"16.0544,108.2022",100.3
2024-01-16 20:15:00,VIN-D0105,31.4,60.6,"10.8231,106.6297",73.5
2024-01-16 20:18:00,VIN-D0106,103.7,54.8,"20.8449,106.6881",73.9
2024-01-16 20:21:00,VIN-D0107,112.1,78.8,"12.2388,109.1967",103.0
2024-01-16 20:24:00,VIN-D0108,84.5,6.8,"21.0285,105.8542",83.7
2024-01-16 20:27:00,VIN-D0109,108.7,26.3,"10.8231,106.6297",85.3
2024-01-16 20:30:00,VIN-D0110,73.6,59.4,"10.9460,108.4419",96.7
2024-01-16 20:33:00,VIN-D0111,46.5,22.2,"10.8231,106.6297",93.4
2024-01-16 20:36:00,VIN-D0112,47.3,9.3,"16.0544,108.2022",100.5
2024-01-16 20:39:00,VIN-D0113,55.0,46.1,"10.0452,105.7469",97.0
2024-01-16 20:42:00,VIN-D0114,6.9,53.3,"20.8449,106.6881",92.7
2024-01-16 20:45:00,VIN-D0115,52.7,20.0,"12.2388,109.1967",106.4
2024-01-16 20:48:00,VIN-D0116,74.5,49.6,"11.9404,108.4583",84.5
2024-01-16 20:51:00,VIN-D0117,81.8,63.7,"16.0544,108.2022",100.7
2024-01-16 20:54:00,VIN-D0118,58.7,5.7,"21.0285,105.8542",97.3
2024-01-16 20:57:00,VIN-D0119,37.0,63.8,"10.9460,108.4419",97.0
2024-01-16 21:00:00,VIN-D0120,24.7,81.8,"20.8449,106.6881",70.2
2024-01-16 21:03:00,VIN-D0121,116.0,45.3,"11.9404,108.4583",86.3
2024-01-16 21:06:00,VIN-D0122,66.2,55.9,"20.8449,106.6881",100.2
2024-01-16 21:09:00,VIN-D0123,4.2,76.8,"11.9404,108.4583",96.9
2024-01-16 21:12:00,VIN-D0124,56.9,94.5,"20.8449,106.6881",109.5
2024-01-16 21:15:00,VIN-D0125,57.5,83.8,"12.2388,109.1967",103.2
2024-01-16 21:18:00,VIN-D0126,113.9,92.0,"20.8449,106.6881",81.0
2024-01-16 21:21:00,VIN-D0127,106.0,9.9,"20.8449,106.6881",78.0
2024-01-16 21:24:00,VIN-D0128,58.8,84.8,"20.8449,106.6881",105.4
2024-01-16 21:27:00,VIN-D0129,91.8,38.3,"20.8449,106.6881",102.3
2024-01-16 21:30:00,VIN-D0130,95.8,74.9,"10.9460,108.4419",96.2
2024-01-16 21:33:00,VIN-D0131,46.5,63.8,"12.2388,109.1967",108.9
2024-01-16 21:36:00,VIN-D0132,89.3,38.1,"10.0452,105.7469",81.0
2024-01-16 21:39:00,VIN-D0133,53.2,29.0,"11.9404,108.4583",95.9
2024-01-16 21:42:00,VIN-D0134,86.0,17.3,"10.8231,106.6297",101.0
2024-01-16 21:45:00,VIN-D0135,29.0,52.0,"10.8231,106.6297",92.4
2024-01-16 21:48:00,VIN-D0136,32.7,84.0,"20.8449,106.6881",82.6
2024-01-16 21:51:00,VIN-D0137,27.2,64.3,"11.9404,108.4583",105.1
2024-01-16 21:54:00,VIN-D0138,28.4,81.4,"11.9404,108.4583",81.2
2024-01-16 21:57:00,VIN-D0139,104.0,8.1,"10.9460,108.4419",91.0
2024-01-16 22:00:00,VIN-D0140,45.0,55.5,"10.0452,105.7469",99.2
2024-01-16 22:03:00,VIN-D0141,44.6,43.3,"10.0452,105.7469",77.5
2024-01-16 22:06:00,VIN-D0142,72.9,28.5,"20.8449,106.6881",82.1
2024-01-16 22:09:00,VIN-D0143,88.8,9.1,"12.2388,109.1967",102.5
2024-01-16 22:12:00,VIN-D0144,3.5,26.0,"10.0452,105.7469",72.2
2024-01-16 22:15:00,VIN-D0145,96.4,31.1,"11.9404,108.4583",70.1
2024-01-16 22:18:00,VIN-D0146,105.6,25.8,"12.2388,109.1967",103.5
2024-01-16 22:21:00,VIN-D0147,37.7,9.4,"16.0544,108.2022",86.3
2024-01-16 22:24:00,VIN-D0148,62.0,87.6,"10.9460,108.4419",95.3
2024-01-16 22:27:00,VIN-D0149,51.8,24.2,"12.2388,109.1967",107.0
2024-01-16 22:30:00,VIN-D0150,56.1,66.5,"12.2388,109.1967",97.7
2024-01-16 22:33:00,VIN-D0151,119.7,95.6,"20.8449,106.6881",104.6
2024-01-16 22:36:00,VIN-D0152,89.5,28.5,"16.0544,108.2022",106.1
2024-01-16 22:39:00,VIN-D0153,23.6,79.5,"10.9460,108.4419",80.6
2024-01-16 22:42:00,VIN-D0154,40.3,18.9,"10.8231,106.6297",98.3
2024-01-16 22:45:00,VIN-D0155,90.9,31.9,"21.0285,105.8542",72.1
2024-01-16 22:48:00,VIN-D0156,10.7,22.0,"10.9460,108.4419",87.4
2024-01-16 22:51:00,VIN-D0157,58.0,55.7,"11.9404,108.4583",74.6
2024-01-16 22:54:00,VIN-D0158,35.9,54.2,"10.9460,108.4419",89.0
2024-01-16 22:57:00,VIN-D0159,76.1,24.2,"10.0452,105.7469",109.8
2024-01-16 23:00:00,VIN-D0160,103.6,7.1,"21.0285,105.8542",80.5
2024-01-16 23:03:00,VIN-D0161,25.8,35.5,"11.9404,108.4583",80.8
2024-01-16 23:06:00,VIN-D0162,113.6,55.2,"10.0452,105.7469",104.2
2024-01-16 23:09:00,VIN-D0163,2.8,81.8,"11.9404,108.4583",96.7
2024-01-16 23:12:00,VIN-D0164,92.2,70.2,"20.8449,106.6881",71.3
2024-01-16 23:15:00,VIN-D0165,91.3,7.8,"20.8449,106.6881",104.4
2024-01-16 23:18:00,VIN-D0166,56.4,46.1,"10.9460,108.4419",72.4
2024-01-16 23:21:00,VIN-D0167,10.2,85.4,"21.0285,105.8542",107.7
2024-01-16 23:24:00,VIN-D0168,72.0,27.7,"20.8449,106.6881",106.9
2024-01-16 23:27:00,VIN-D0169,103.5,59.1,"16.0544,108.2022",77.5
2024-01-16 23:30:00,VIN-D0170,55.4,39.6,"12.2388,109.1967",108.4
2024-01-16 23:33:00,VIN-D0171,12.3,75.0,"10.0452,105.7469",106.4
2024-01-16 23:36:00,VIN-D0172,29.8,44.1,"10.9460,108.4419",70.4
2024-01-16 23:39:00,VIN-D0173,110.0,53.0,"10.8231,106.6297",89.6
2024-01-16 23:42:00,VIN-D0174,7.9,9.3,"20.8449,106.6881",103.8
2024-01-16 23:45:00,VIN-D0175,43.6,89.2,"20.8449,106.6881",80.7
2024-01-16 23:48:00,VIN-D0176,59.5,96.7,"10.0452,105.7469",100.5
2024-01-16 23:51:00,VIN-D0177,81.7,33.6,"12.2388,109.1967",90.5
2024-01-16 23:54:00,VIN-D0178,23.6,6.0,"12.2388,109.1967",90.7
2024-01-16 23:57:00,VIN-D0179,92.3,48.9,"20.8449,106.6881",107.2
2024-01-17 00:00:00,VIN-D0180,39.4,32.1,"10.8231,106.6297",104.7
2024-01-17 00:03:00,VIN-D0181,105.3,63.9,"10.9460,108.4419",77.4
2024-01-17 00:06:00,VIN-D0182,6.9,5.9,"21.0285,105.8542",104.7
2024-01-17 00:09:00,VIN-D0183,66.5,82.8,"10.0452,105.7469",101.7
2024-01-17 00:12:00,VIN-D0184,94.3,81.3,"12.2388,109.1967",79.8
2024-01-17 00:15:00,VIN-D0185,113.8,45.7,"11.9404,108.4583",99.8
2024-01-17 00:18:00,VIN-D0186,60.3,30.4,"12.2388,109.1967",109.8
2024-01-17 00:21:00,VIN-D0187,106.7,57.3,"11.9404,108.4583",109.9
2024-01-17 00:24:00,VIN-D0188,70.5,7.3,"16.0544,108.2022",108.9
2024-01-17 00:27:00,VIN-D0189,4.0,64.5,"11.9404,108.4583",87.4
2024-01-17 00:30:00,VIN-D0190,101.4,83.4,"16.0544,108.2022",86.9
2024-01-17 00:33:00,VIN-D0191,75.0,10.1,"11.9404,108.4583",76.4
2024-01-17 00:36:00,VIN-D0192,100.0,66.7,"16.0544,108.2022",94.3
2024-01-17 00:39:00,VIN-D0193,71.8,64.1,"20.8449,106.6881",77.8
2024-01-17 00:42:00,VIN-D0194,2.6,62.0,"16.0544,108.2022",106.4
2024-01-17 00:45:00,VIN-D0195,43.0,96.6,"11.9404,108.4583",80.6
2024-01-17 00:48:00,VIN-D0196,0.4,28.3,"10.9460,108.4419",93.9
2024-01-17 00:51:00,VIN-D0197,71.2,81.3,"12.2388,109.1967",102.2
2024-01-17 00:54:00,VIN-D0198,101.0,81.4,"10.9460,108.4419",78.3
2024-01-17 00:57:00,VIN-D0199,19.6,16.2,"11.9404,108.4583",78.6
2024-01-17 01:00:00,VIN-D0200,67.0,92.5,"10.8231,106.6297",70.9
2024-01-17 01:03:00,VIN-D0201,15.4,12.4,"16.0544,108.2022",98.0
2024-01-17 01:06:00,VIN-D0202,91.0,70.8,"20.8449,106.6881",107.3
2024-01-17 01:09:00,VIN-D0203,15.2,91.3,"12.2388,109.1967",91.1
2024-01-17 01:12:00,VIN-D0204,14.9,70.8,"10.0452,105.7469",106.4
2024-01-17 01:15:00,VIN-D0205,6.7,96.3,"12.2388,109.1967",91.2
2024-01-17 01:18:00,VIN-D0206,85.1,25.7,"11.9404,108.4583",87.7
2024-01-17 01:21:00,VIN-D0207,98.9,62.0,"10.0452,105.7469",93.5
2024-01-17 01:24:00,VIN-D0208,63.1,76.1,"12.2388,109.1967",103.2
2024-01-17 01:27:00,VIN-D0209,39.5,69.6,"10.0452,105.7469",91.1
2024-01-17 01:30:00,VIN-D0210,12.6,86.5,"16.0544,108.2022",89.4
2024-01-17 01:33:00,VIN-D0211,103.1,22.8,"16.0544,108.2022",87.5
2024-01-17 01:36:00,VIN-D0212,32.9,17.5,"11.9404,108.4583",104.7
2024-01-17 01:39:00,VIN-D0213,11.8,37.6,"11.9404,108.4583",84.6
2024-01-17 01:42:00,VIN-D0214,56.0,44.8,"21.0285,105.8542",83.5
2024-01-17 01:45:00,VIN-D0215,40.6,8.9,"10.8231,106.6297",107.5
2024-01-17 01:48:00,VIN-D0216,14.9,45.2,"11.9404,108.4583",103.8
2024-01-17 01:51:00,VIN-D0217,31.4,52.7,"20.8449,106.6881",74.1
2024-01-17 01:54:00,VIN-D0218,95.9,6.4,"12.2388,109.1967",90.5
2024-01-17 01:57:00,VIN-D0219,33.8,75.2,"11.9404,108.4583",99.5
2024-01-17 02:00:00,VIN-D0220,61.3,17.9,"12.2388,109.1967",81.5
2024-01-17 02:03:00,VIN-D0221,85.4,8.9,"11.9404,108.4583",71.1
2024-01-17 02:06:00,VIN-D0222,111.9,44.2,"11.9404,108.4583",83.9
2024-01-17 02:09:00,VIN-D0223,42.3,71.3,"10.0452,105.7469",84.7
2024-01-17 02:12:00,VIN-D0224,39.9,53.5,"10.8231,106.6297",90.3
2024-01-17 02:15:00,VIN-D0225,85.4,68.1,"10.9460,108.4419",87.5
2024-01-17 02:18:00,VIN-D0226,39.6,47.5,"10.9460,108.4419",95.1
2024-01-17 02:21:00,VIN-D0227,112.1,30.8,"16.0544,108.2022",84.8
2024-01-17 02:24:00,VIN-D0228,105.5,16.2,"10.0452,105.7469",90.6
2024-01-17 02:27:00,VIN-D0229,17.8,32.4,"10.0452,105.7469",89.3
2024-01-17 02:30:00,VIN-D0230,56.4,8.7,"10.9460,108.4419",72.5
2024-01-17 02:33:00,VIN-D0231,34.2,36.4,"11.9404,108.4583",94.0
2024-01-17 02:36:00,VIN-D0232,34.1,84.1,"20.8449,106.6881",88.5
2024-01-17 02:39:00,VIN-D0233,31.8,73.4,"21.0285,105.8542",87.5
2024-01-17 02:42:00,VIN-D0234,15.9,69.4,"11.9404,108.4583",101.5
2024-01-17 02:45:00,VIN-D0235,79.1,51.4,"16.0544,108.2022",83.2
2024-01-17 02:48:00,VIN-D0236,70.3,37.6,"10.8231,106.6297",107.2
2024-01-17 02:51:00,VIN-D0237,93.2,45.9,"12.2388,109.1967",95.0
2024-01-17 02:54:00,VIN-D0238,94.9,40.7,"21.0285,105.8542",101.3
2024-01-17 02:57:00,VIN-D0239,109.4,98.6,"10.9460,108.4419",75.9
2024-01-17 03:00:00,VIN-D0240,57.9,39.2,"21.0285,105.8542",107.7
2024-01-17 03:03:00,VIN-D0241,98.0,95.1,"10.0452,105.7469",81.1
2024-01-17 03:06:00,VIN-D0242,59.6,93.2,"10.8231,106.6297",72.2
2024-01-17 03:09:00,VIN-D0243,34.0,39.6,"10.0452,105.7469",101.6
2024-01-17 03:12:00,VIN-D0244,42.4,64.1,"11.9404,108.4583",105.5
2024-01-17 03:15:00,VIN-D0245,43.6,46.3,"16.0544,108.2022",108.3
2024-01-17 03:18:00,VIN-D0246,50.9,58.0,"10.0452,105.7469",78.1
2024-01-17 03:21:00,VIN-D0247,95.3,93.1,"10.9460,108.4419",98.0
2024-01-17 03:24:00,VIN-D0248,103.3,44.4,"10.8231,106.6297",92.4
2024-01-17 03:27:00,VIN-D0249,93.9,38.8,"10.8231,106.6297",82.1
2024-01-17 03:30:00,VIN-D0250,96.4,60.2,"10.8231,106.6297",90.1
2024-01-17 03:33:00,VIN-D0251,91.1,9.8,"10.0452,105.7469",73.2
2024-01-17 03:36:00,VIN-D0252,10.7,91.5,"10.9460,108.4419",92.4
2024-01-17 03:39:00,VIN-D0253,91.9,13.9,"10.9460,108.4419",93.3
2024-01-17 03:42:00,VIN-D0254,26.8,57.8,"10.8231,106.6297",101.1
2024-01-17 03:45:00,VIN-D0255,73.9,96.7,"21.0285,105.8542",96.7
2024-01-17 03:48:00,VIN-D0256,50.4,54.7,"11.9404,108.4583",95.8
2024-01-17 03:51:00,VIN-D0257,2.9,13.4,"11.9404,108.4583",84.9
2024-01-17 03:54:00,VIN-D0258,91.5,23.7,"21.0285,105.8542",73.7
2024-01-17 03:57:00,VIN-D0259,44.3,24.4,"10.8231,106.6297",76.5
2024-01-17 04:00:00,VIN-D0260,34.2,8.1,"10.0452,105.7469",97.4
2024-01-17 04:03:00,VIN-D0261,88.0,72.2,"20.8449,106.6881",79.7
2024-01-17 04:06:00,VIN-D0262,70.5,22.6,"10.8231,106.6297",96.6
2024-01-17 04:09:00,VIN-D0263,106.7,56.6,"10.9460,108.4419",90.8
2024-01-17 04:12:00,VIN-D0264,113.2,99.5,"21.0285,105.8542",92.4
2024-01-17 04:15:00,VIN-D0265,73.8,55.2,"12.2388,109.1967",108.1
2024-01-17 04:18:00,VIN-D0266,54.0,14.4,"20.8449,106.6881",100.9
2024-01-17 04:21:00,VIN-D0267,51.9,28.6,"12.2388,109.1967",105.2
2024-01-17 04:24:00,VIN-D0268,96.5,75.2,"10.0452,105.7469",82.0
2024-01-17 04:27:00,VIN-D0269,83.9,22.6,"16.0544,108.2022",99.7
2024-01-17 04:30:00,VIN-D0270,48.6,32.7,"12.2388,109.1967",76.0
2024-01-17 04:33:00,VIN-D0271,97.9,34.2,"10.8231,106.6297",80.3
2024-01-17 04:36:00,VIN-D0272,77.8,23.4,"16.0544,108.2022",100.5
2024-01-17 04:39:00,VIN-D0273,71.9,46.2,"10.0452,105.7469",87.7
2024-01-17 04:42:00,VIN-D0274,94.2,36.1,"21.0285,105.8542",97.3
2024-01-17 04:45:00,VIN-D0275,66.0,47.1,"12.2388,109.1967",80.9
2024-01-17 04:48:00,VIN-D0276,68.0,34.6,"10.9460,108.4419",96.6
2024-01-17 04:51:00,VIN-D0277,36.7,95.2,"20.8449,106.6881",102.6
2024-01-17 04:54:00,VIN-D0278,26.1,80.4,"11.9404,108.4583",80.0
2024-01-17 04:57:00,VIN-D0279,97.2,36.4,"20.8449,106.6881",86.1
2024-01-17 05:00:00,VIN-D0280,78.4,23.6,"12.2388,109.1967",70.4
2024-01-17 05:03:00,VIN-D0281,18.3,41.0,"10.8231,106.6297",103.9
2024-01-17 05:06:00,VIN-D0282,112.6,81.5,"12.2388,109.1967",100.6
2024-01-17 05:09:00,VIN-D0283,70.7,42.1,"21.0285,105.8542",108.3
2024-01-17 05:12:00,VIN-D0284,14.6,98.7,"16.0544,108.2022",103.6
2024-01-17 05:15:00,VIN-D0285,69.2,80.1,"10.0452,105.7469",96.6
2024-01-17 05:18:00,VIN-D0286,78.0,97.6,"16.0544,108.2022",80.7
2024-01-17 05:21:00,VIN-D0287,67.2,18.1,"10.8231,106.6297",79.1
2024-01-17 05:24:00,VIN-D0288,24.9,51.2,"12.2388,109.1967",72.1
2024-01-17 05:27:00,VIN-D0289,46.4,72.7,"10.0452,105.7469",90.6
2024-01-17 05:30:00,VIN-D0290,59.0,33.6,"11.9404,108.4583",89.8
2024-01-17 05:33:00,VIN-D0291,29.4,93.2,"11.9404,108.4583",83.1
2024-01-17 05:36:00,VIN-D0292,46.2,81.0,"11.9404,108.4583",97.0
2024-01-17 05:39:00,VIN-D0293,53.9,42.9,"11.9404,108.4583",103.0
2024-01-17 05:42:00,VIN-D0294,55.2,41.6,"10.8231,106.6297",72.2
2024-01-17 05:45:00,VIN-D0295,42.3,11.4,"16.0544,108.2022",106.7
2024-01-17 05:48:00,VIN-D0296,76.5,50.5,"20.8449,106.6881",80.4
2024-01-17 05:51:00,VIN-D0297,30.7,62.2,"10.0452,105.7469",108.7
2024-01-17 05:54:00,VIN-D0298,109.9,20.7,"10.8231,106.6297",84.7
2024-01-17 05:57:00,VIN-D0299,12.9,96.4,"11.9404,108.4583",77.7
2024-01-17 06:00:00,VIN-D0300,30.2,29.1,"10.8231,106.6297",72.5
2024-01-17 06:03:00,VIN-D0301,18.1,98.2,"20.8449,106.6881",87.7
2024-01-17 06:06:00,VIN-D0302,54.7,14.5,"11.9404,108.4583",75.5
2024-01-17 06:09:00,VIN-D0303,29.9,12.9,"21.0285,105.8542",92.9
2024-01-17 06:12:00,VIN-D0304,63.3,68.7,"10.8231,106.6297",102.2
2024-01-17 06:15:00,VIN-D0305,49.1,64.6,"10.0452,105.7469",79.0
2024-01-17 06:18:00,VIN-D0306,105.5,57.0,"10.8231,106.6297",91.7
2024-01-17 06:21:00,VIN-D0307,75.1,98.9,"16.0544,108.2022",103.3
2024-01-17 06:24:00,VIN-D0308,85.1,52.6,"10.9460,108.4419",106.0
2024-01-17 06:27:00,VIN-D0309,49.3,99.5,"16.0544,108.2022",104.2
2024-01-17 06:30:00,VIN-D0310,80.6,70.7,"10.8231,106.6297",101.2
2024-01-17 06:33:00,VIN-D0311,15.5,24.4,"21.0285,105.8542",70.1
2024-01-17 06:36:00,VIN-D0312,4.9,98.3,"21.0285,105.8542",99.5
2024-01-17 06:39:00,VIN-D0313,58.9,8.6,"16.0544,108.2022",75.1
2024-01-17 06:42:00,VIN-D0314,9.8,30.4,"10.9460,108.4419",106.0
2024-01-17 06:45:00,VIN-D0315,78.5,84.2,"12.2388,109.1967",93.2
2024-01-17 06:48:00,VIN-D0316,92.0,39.4,"10.8231,106.6297",83.4
2024-01-17 06:51:00,VIN-D0317,15.9,6.8,"16.0544,108.2022",84.1
2024-01-17 06:54:00,VIN-D0318,74.5,14.1,"21.0285,105.8542",102.1
2024-01-17 06:57:00,VIN-D0319,25.9,90.8,"10.0452,105.7469",71.8
2024-01-17 07:00:00,VIN-D0320,113.1,5.6,"10.9460,108.4419",89.2
2024-01-17 07:03:00,VIN-D0321,107.6,73.4,"21.0285,105.8542",78.8
2024-01-17 07:06:00,VIN-D0322,51.4,6.0,"16.0544,108.2022",105.9
2024-01-17 07:09:00,VIN-D0323,117.4,15.3,"10.9460,108.4419",81.5
2024-01-17 07:12:00,VIN-D0324,96.4,24.1,"10.9460,108.4419",74.4
2024-01-17 07:15:00,VIN-D0325,119.8,27.7,"16.0544,108.2022",71.7
2024-01-17 07:18:00,VIN-D0326,29.5,62.9,"10.9460,108.4419",81.3
2024-01-17 07:21:00,VIN-D0327,96.0,22.1,"20.8449,106.6881",86.4
2024-01-17 07:24:00,VIN-D0328,47.8,9.1,"10.0452,105.7469",78.0
2024-01-17 07:27:00,VIN-D0329,10.4,44.3,"11.9404,108.4583",83.6
2024-01-17 07:30:00,VIN-D0330,2.7,77.5,"12.2388,109.1967",88.1
2024-01-17 07:33:00,VIN-D0331,39.8,19.2,"10.9460,108.4419",107.6
2024-01-17 07:36:00,VIN-D0332,107.3,69.1,"20.8449,106.6881",95.2
2024-01-17 07:39:00,VIN-D0333,56.8,10.5,"10.9460,108.4419",99.0
2024-01-17 07:42:00,VIN-D0334,13.5,5.7,"11.9404,108.4583",106.1
2024-01-17 07:45:00,VIN-D0335,101.5,92.2,"20.8449,106.6881",92.0
2024-01-17 07:48:00,VIN-D0336,5.0,60.0,"11.9404,108.4583",88.5
2024-01-17 07:51:00,VIN-D0337,9.1,11.7,"16.0544,108.2022",73.3
2024-01-17 07:54:00,VIN-D0338,62.7,85.7,"10.9460,108.4419",104.8
2024-01-17 07:57:00,VIN-D0339,71.9,82.0,"10.0452,105.7469",84.6
2024-01-17 08:00:00,VIN-D0340,95.5,59.6,"10.0452,105.7469",100.4
2024-01-17 08:03:00,VIN-D0341,110.3,6.6,"11.9404,108.4583",80.9
2024-01-17 08:06:00,VIN-D0342,33.8,60.4,"11.9404,108.4583",108.7
2024-01-17 08:09:00,VIN-D0343,104.5,44.8,"10.9460,108.4419",102.7
2024-01-17 08:12:00,VIN-D0344,107.6,60.3,"10.0452,105.7469",75.8
2024-01-17 08:15:00,VIN-D0345,13.0,55.2,"10.8231,106.6297",75.9
2024-01-17 08:18:00,VIN-D0346,21.2,69.9,"20.8449,106.6881",100.0
2024-01-17 08:21:00,VIN-D0347,94.1,64.7,"11.9404,108.4583",99.6
2024-01-17 08:24:00,VIN-D0348,68.8,18.6,"10.8231,106.6297",82.2
2024-01-17 08:27:00,VIN-D0349,102.7,67.0,"21.0285,105.8542",82.9
2024-01-17 08:30:00,VIN-D0350,36.6,52.9,"11.9404,108.4583",73.9
2024-01-17 08:33:00,VIN-D0351,72.8,23.1,"20.8449,106.6881",101.0
2024-01-17 08:36:00,VIN-D0352,86.8,26.3,"20.8449,106.6881",78.1
2024-01-17 08:39:00,VIN-D0353,28.6,35.0,"11.9404,108.4583",98.0
2024-01-17 08:42:00,VIN-D0354,23.2,71.6,"10.8231,106.6297",70.1
2024-01-17 08:45:00,VIN-D0355,98.4,90.5,"21.0285,105.8542",86.2
2024-01-17 08:48:00,VIN-D0356,118.9,27.2,"10.9460,108.4419",71.3
2024-01-17 08:51:00,VIN-D0357,77.6,14.1,"10.9460,108.4419",70.4
2024-01-17 08:54:00,VIN-D0358,116.0,30.6,"10.8231,106.6297",74.5
2024-01-17 08:57:00,VIN-D0359,22.1,71.9,"16.0544,108.2022",92.1
2024-01-17 09:00:00,VIN-D0360,81.6,81.5,"10.0452,105.7469",106.8
2024-01-17 09:03:00,VIN-D0361,75.3,58.7,"10.9460,108.4419",73.7
2024-01-17 09:06:00,VIN-D0362,77.0,85.5,"11.9404,108.4583",85.2
2024-01-17 09:09:00,VIN-D0363,13.0,41.0,"10.9460,108.4419",85.0
2024-01-17 09:12:00,VIN-D0364,42.6,14.0,"10.0452,105.7469",108.7
2024-01-17 09:15:00,VIN-D0365,92.9,27.7,"21.0285,105.8542",109.2
2024-01-17 09:18:00,VIN-D0366,82.3,73.5,"21.0285,105.8542",101.0
2024-01-17 09:21:00,VIN-D0367,72.8,57.1,"10.0452,105.7469",98.7
2024-01-17 09:24:00,VIN-D0368,8.8,60.9,"20.8449,106.6881",81.5
2024-01-17 09:27:00,VIN-D0369,59.9,54.3,"12.2388,109.1967",98.9
2024-01-17 09:30:00,VIN-D0370,5.2,38.3,"12.2388,109.1967",107.1
2024-01-17 09:33:00,VIN-D0371,104.4,83.7,"11.9404,108.4583",92.8
2024-01-17 09:36:00,VIN-D0372,111.8,40.0,"10.8231,106.6297",96.6
2024-01-17 09:39:00,VIN-D0373,102.3,99.1,"11.9404,108.4583",70.3
2024-01-17 09:42:00,VIN-D0374,31.3,22.1,"10.8231,106.6297",88.8
2024-01-17 09:45:00,VIN-D0375,105.7,35.4,"16.0544,108.2022",96.1
2024-01-17 09:48:00,VIN-D0376,86.5,47.8,"16.0544,108.2022",86.4
2024-01-17 09:51:00,VIN-D0377,91.2,97.9,"20.8449,106.6881",101.5
2024-01-17 09:54:00,VIN-D0378,98.3,11.2,"20.8449,106.6881",90.5
2024-01-17 09:57:00,VIN-D0379,103.8,75.3,"10.8231,106.6297",109.6
2024-01-17 10:00:00,VIN-D0380,106.3,79.9,"20.8449,106.6881",103.5
2024-01-17 10:03:00,VIN-D0381,70.5,11.5,"12.2388,109.1967",103.8
2024-01-17 10:06:00,VIN-D0382,0.4,57.8,"10.9460,108.4419",72.0
2024-01-17 10:09:00,VIN-D0383,104.7,99.5,"10.9460,108.4419",97.6
2024-01-17 10:12:00,VIN-D0384,80.0,55.1,"11.9404,108.4583",107.2
2024-01-17 10:15:00,VIN-D0385,96.3,68.4,"10.9460,108.4419",88.6
2024-01-17 10:18:00,VIN-D0386,58.9,52.1,"10.8231,106.6297",73.4
2024-01-17 10:21:00,VIN-D0387,80.5,49.1,"20.8449,106.6881",90.3
2024-01-17 10:24:00,VIN-D0388,105.7,14.6,"11.9404,108.4583",87.1
2024-01-17 10:27:00,VIN-D0389,78.7,74.8,"20.8449,106.6881",82.2
2024-01-17 10:30:00,VIN-D0390,3.4,51.6,"10.0452,105.7469",95.4
2024-01-17 10:33:00,VIN-D0391,115.4,39.4,"21.0285,105.8542",109.6
2024-01-17 10:36:00,VIN-D0392,98.1,19.2,"11.9404,108.4583",104.6
2024-01-17 10:39:00,VIN-D0393,108.2,16.4,"10.0452,105.7469",84.7
2024-01-17 10:42:00,VIN-D0394,28.8,93.1,"10.9460,108.4419",101.9
2024-01-17 10:45:00,VIN-D0395,87.7,79.3,"16.0544,108.2022",84.1
2024-01-17 10:48:00,VIN-D0396,5.8,38.9,"20.8449,106.6881",88.7
2024-01-17 10:51:00,VIN-D0397,31.9,82.0,"20.8449,106.6881",95.6
2024-01-17 10:54:00,VIN-D0398,22.7,56.4,"16.0544,108.2022",99.2
2024-01-17 10:57:00,VIN-D0399,58.8,52.2,"10.9460,108.4419",107.8
2024-01-17 11:00:00,VIN-D0400,33.9,47.9,"10.0452,105.7469",85.0
2024-01-17 11:03:00,VIN-D0401,118.2,93.2,"11.9404,108.4583",96.2
2024-01-17 11:06:00,VIN-D0402,36.8,56.0,"11.9404,108.4583",85.5
2024-01-17 11:09:00,VIN-D0403,69.4,49.6,"21.0285,105.8542",77.1
2024-01-17 11:12:00,VIN-D0404,17.4,8.4,"21.0285,105.8542",94.5
2024-01-17 11:15:00,VIN-D0405,7.4,41.1,"12.2388,109.1967",87.0
2024-01-17 11:18:00,VIN-D0406,69.4,19.1,"10.9460,108.4419",74.5
2024-01-17 11:21:00,VIN-D0407,10.7,44.9,"10.0452,105.7469",78.4
2024-01-17 11:24:00,VIN-D0408,28.7,8.6,"21.0285,105.8542",79.8
2024-01-17 11:27:00,VIN-D0409,66.6,57.9,"10.8231,106.6297",82.8
2024-01-17 11:30:00,VIN-D0410,47.2,17.6,"10.9460,108.4419",85.0
2024-01-17 11:33:00,VIN-D0411,28.3,85.1,"16.0544,108.2022",86.9
2024-01-17 11:36:00,VIN-D0412,20.6,17.9,"12.2388,109.1967",101.0
2024-01-17 11:39:00,VIN-D0413,114.7,29.1,"21.0285,105.8542",74.5
2024-01-17 11:42:00,VIN-D0414,67.0,43.3,"10.0452,105.7469",81.6
2024-01-17 11:45:00,VIN-D0415,44.2,47.9,"16.0544,108.2022",102.0
2024-01-17 11:48:00,VIN-D0416,16.5,26.0,"10.9460,108.4419",95.8
2024-01-17 11:51:00,VIN-D0417,61.3,36.9,"10.8231,106.6297",101.7
2024-01-17 11:54:00,VIN-D0418,68.1,31.3,"10.9460,108.4419",84.9
2024-01-17 11:57:00,VIN-D0419,91.0,66.6,"11.9404,108.4583",83.0
2024-01-17 12:00:00,VIN-D0420,57.9,67.7,"10.9460,108.4419",101.2
2024-01-17 12:03:00,VIN-D0421,67.5,48.6,"10.0452,105.7469",73.0
2024-01-17 12:06:00,VIN-D0422,15.1,33.6,"12.2388,109.1967",95.6
2024-01-17 12:09:00,VIN-D0423,24.8,28.5,"21.0285,105.8542",72.7
2024-01-17 12:12:00,VIN-D0424,39.7,38.4,"16.0544,108.2022",106.0
2024-01-17 12:15:00,VIN-D0425,55.1,9.8,"12.2388,109.1967",90.6
2024-01-17 12:18:00,VIN-D0426,88.0,22.9,"11.9404,108.4583",88.0
2024-01-17 12:21:00,VIN-D0427,42.3,44.7,"12.2388,109.1967",77.9
2024-01-17 12:24:00,VIN-D0428,69.2,43.7,"20.8449,106.6881",105.6
2024-01-17 12:27:00,VIN-D0429,94.9,97.8,"11.9404,108.4583",83.0
2024-01-17 12:30:00,VIN-D0430,48.0,77.1,"10.0452,105.7469",101.0
2024-01-17 12:33:00,VIN-D0431,69.5,92.0,"12.2388,109.1967",102.1
2024-01-17 12:36:00,VIN-D0432,7.3,73.1,"10.8231,106.6297",82.0
2024-01-17 12:39:00,VIN-D0433,103.0,79.1,"10.9460,108.4419",80.4
2024-01-17 12:42:00,VIN-D0434,23.2,31.4,"16.0544,108.2022",74.6
2024-01-17 12:45:00,VIN-D0435,114.9,15.1,"21.0285,105.8542",90.2
2024-01-17 12:48:00,VIN-D0436,105.3,63.4,"21.0285,105.8542",78.6
2024-01-17 12:51:00,VIN-D0437,18.7,85.5,"10.0452,105.7469",84.8
2024-01-17 12:54:00,VIN-D0438,116.5,35.5,"12.2388,109.1967",101.9
2024-01-17 12:57:00,VIN-D0439,106.5,12.4,"21.0285,105.8542",83.0
2024-01-17 13:00:00,VIN-D0440,59.9,86.2,"12.2388,109.1967",88.3
2024-01-17 13:03:00,VIN-D0441,47.5,66.1,"20.8449,106.6881",81.5
2024-01-17 13:06:00,VIN-D0442,112.0,70.3,"20.8449,106.6881",77.5
2024-01-17 13:09:00,VIN-D0443,99.9,36.8,"11.9404,108.4583",81.4
2024-01-17 13:12:00,VIN-D0444,118.7,5.3,"16.0544,108.2022",108.5
2024-01-17 13:15:00,VIN-D0445,99.7,37.5,"12.2388,109.1967",101.7
2024-01-17 13:18:00,VIN-D0446,74.8,71.1,"16.0544,108.2022",96.5
2024-01-17 13:21:00,VIN-D0447,68.4,5.4,"21.0285,105.8542",100.0
2024-01-17 13:24:00,VIN-D0448,29.5,33.0,"12.2388,109.1967",85.4
2024-01-17 13:27:00,VIN-D0449,109.6,92.2,"11.9404,108.4583",103.3
2024-01-17 13:30:00,VIN-D0450,31.1,70.1,"10.8231,106.6297",86.7
2024-01-17 13:33:00,VIN-D0451,95.5,28.7,"21.0285,105.8542",72.1
2024-01-17 13:36:00,VIN-D0452,69.4,78.5,"21.0285,105.8542",85.6
2024-01-17 13:39:00,VIN-D0453,40.5,12.1,"21.0285,105.8542",99.6
2024-01-17 13:42:00,VIN-D0454,0.1,21.2,"12.2388,109.1967",95.3
2024-01-17 13:45:00,VIN-D0455,58.5,42.9,"20.8449,106.6881",90.6
2024-01-17 13:48:00,VIN-D0456,108.7,37.1,"12.2388,109.1967",96.6
2024-01-17 13:51:00,VIN-D0457,10.3,74.5,"11.9404,108.4583",80.8
2024-01-17 13:54:00,VIN-D0458,23.0,69.0,"20.8449,106.6881",85.7
2024-01-17 13:57:00,VIN-D0459,87.7,6.2,"11.9404,108.4583",109.2
2024-01-17 14:00:00,VIN-D0460,71.7,92.5,"11.9404,108.4583",106.2
2024-01-17 14:03:00,VIN-D0461,83.6,88.5,"21.0285,105.8542",87.6
2024-01-17 14:06:00,VIN-D0462,73.5,68.4,"10.9460,108.4419",92.0
2024-01-17 14:09:00,VIN-D0463,67.9,71.9,"16.0544,108.2022",99.5
2024-01-17 14:12:00,VIN-D0464,36.5,21.9,"21.0285,105.8542",102.6
2024-01-17 14:15:00,VIN-D0465,103.5,66.1,"21.0285,105.8542",96.0
2024-01-17 14:18:00,VIN-D0466,19.2,60.4,"12.2388,109.1967",90.2
2024-01-17 14:21:00,VIN-D0467,34.8,32.0,"21.0285,105.8542",78.7
2024-01-17 14:24:00,VIN-D0468,61.6,39.4,"20.8449,106.6881",106.1
2024-01-17 14:27:00,VIN-D0469,69.7,60.1,"12.2388,109.1967",104.2
2024-01-17 14:30:00,VIN-D0470,49.5,19.6,"21.0285,105.8542",103.2
2024-01-17 14:33:00,VIN-D0471,98.5,7.9,"10.9460,108.4419",82.1
2024-01-17 14:36:00,VIN-D0472,5.2,9.9,"12.2388,109.1967",98.1
2024-01-17 14:39:00,VIN-D0473,52.3,98.1,"20.8449,106.6881",86.1
2024-01-17 14:42:00,VIN-D0474,74.9,56.7,"16.0544,108.2022",88.5
2024-01-17 14:45:00,VIN-D0475,112.7,62.0,"10.0452,105.7469",96.5
2024-01-17 14:48:00,VIN-D0476,54.8,68.5,"21.0285,105.8542",106.5
2024-01-17 14:51:00,VIN-D0477,37.5,30.9,"21.0285,105.8542",109.8
2024-01-17 14:54:00,VIN-D0478,116.0,23.2,"16.0544,108.2022",98.8
2024-01-17 14:57:00,VIN-D0479,67.2,7.4,"21.0285,105.8542",73.9
2024-01-17 15:00:00,VIN-D0480,7.4,34.9,"16.0544,108.2022",78.7
2024-01-17 15:03:00,VIN-D0481,43.1,83.7,"16.0544,108.2022",105.5
2024-01-17 15:06:00,VIN-D0482,28.3,22.4,"12.2388,109.1967",107.4
2024-01-17 15:09:00,VIN-D0483,116.7,74.1,"16.0544,108.2022",105.3
2024-01-17 15:12:00,VIN-D0484,105.2,92.5,"20.8449,106.6881",77.0
2024-01-17 15:15:00,VIN-D0485,47.2,84.2,"10.0452,105.7469",110.0
2024-01-17 15:18:00,VIN-D0486,19.0,99.5,"11.9404,108.4583",79.9
2024-01-17 15:21:00,VIN-D0487,100.2,77.0,"12.2388,109.1967",76.4
2024-01-17 15:24:00,VIN-D0488,64.4,46.9,"10.8231,106.6297",102.5
2024-01-17 15:27:00,VIN-D0489,56.9,7.8,"16.0544,108.2022",94.8
2024-01-17 15:30:00,VIN-D0490,87.8,66.9,"10.9460,108.4419",95.6
2024-01-17 15:33:00,VIN-D0491,109.2,45.5,"20.8449,106.6881",106.4
2024-01-17 15:36:00,VIN-D0492,36.3,97.3,"10.9460,108.4419",89.5
2024-01-17 15:39:00,VIN-D0493,16.1,8.8,"11.9404,108.4583",77.1
2024-01-17 15:42:00,VIN-D0494,35.1,70.4,"10.8231,106.6297",79.6
2024-01-17 15:45:00,VIN-D0495,26.2,8.4,"11.9404,108.4583",104.2
2024-01-17 15:48:00,VIN-D0496,2.2,69.0,"10.9460,108.4419",108.7
2024-01-17 15:51:00,VIN-D0497,17.4,80.8,"16.0544,108.2022",83.8
2024-01-17 15:54:00,VIN-D0498,21.9,37.9,"21.0285,105.8542",87.5
2024-01-17 15:57:00,VIN-D0499,97.3,98.9,"10.0452,105.7469",93.7
2024-01-17 16:00:00,VIN-D0500,58.2,85.2,"10.0452,105.7469",93.2
2024-01-17 16:03:00,VIN-D0501,38.3,22.6,"21.0285,105.8542",102.2
2024-01-17 16:06:00,VIN-D0502,20.3,93.2,"10.0452,105.7469",106.3
2024-01-17 16:09:00,VIN-D0503,77.8,97.2,"16.0544,108.2022",101.1
2024-01-17 16:12:00,VIN-D0504,55.1,66.8,"10.8231,106.6297",89.1
2024-01-17 16:15:00,VIN-D0505,118.1,92.3,"12.2388,109.1967",77.2
2024-01-17 16:18:00,VIN-D0506,105.2,38.5,"10.9460,108.4419",100.9
2024-01-17 16:21:00,VIN-D0507,27.7,54.5,"11.9404,108.4583",93.2
2024-01-17 16:24:00,VIN-D0508,8.5,12.7,"20.8449,106.6881",97.3
2024-01-17 16:27:00,VIN-D0509,71.2,69.1,"10.0452,105.7469",82.7
2024-01-17 16:30:00,VIN-D0510,37.5,49.4,"10.8231,106.6297",83.8
2024-01-17 16:33:00,VIN-D0511,97.8,98.4,"10.8231,106.6297",89.8
2024-01-17 16:36:00,VIN-D0512,45.0,73.7,"12.2388,109.1967",92.7
2024-01-17 16:39:00,VIN-D0513,79.0,62.9,"20.8449,106.6881",77.9
2024-01-17 16:42:00,VIN-D0514,41.6,40.9,"20.8449,106.6881",98.2
2024-01-17 16:45:00,VIN-D0515,49.8,78.0,"10.0452,105.7469",91.9
2024-01-17 16:48:00,VIN-D0516,1.4,35.9,"11.9404,108.4583",72.9
2024-01-17 16:51:00,VIN-D0517,93.7,29.4,"12.2388,109.1967",99.6
2024-01-17 16:54:00,VIN-D0518,33.3,21.3,"11.9404,108.4583",93.3
2024-01-17 16:57:00,VIN-D0519,40.4,23.6,"10.0452,105.7469",98.3
2024-01-17 17:00:00,VIN-D0520,89.1,63.2,"11.9404,108.4583",81.8
2024-01-17 17:03:00,VIN-D0521,69.8,24.8,"11.9404,108.4583",74.4
2024-01-17 17:06:00,VIN-D0522,89.7,92.8,"21.0285,105.8542",71.0
2024-01-17 17:09:00,VIN-D0523,49.3,34.3,"21.0285,105.8542",96.9
2024-01-17 17:12:00,VIN-D0524,117.3,81.6,"20.8449,106.6881",79.2
2024-01-17 17:15:00,VIN-D0525,90.8,74.7,"10.8231,106.6297",107.7
2024-01-17 17:18:00,VIN-D0526,40.2,7.9,"21.0285,105.8542",89.6
2024-01-17 17:21:00,VIN-D0527,59.6,92.6,"16.0544,108.2022",75.6
2024-01-17 17:24:00,VIN-D0528,31.3,44.9,"10.9460,108.4419",103.7
2024-01-17 17:27:00,VIN-D0529,94.4,49.3,"10.8231,106.6297",109.7
2024-01-17 17:30:00,VIN-D0530,23.8,95.8,"16.0544,108.2022",78.7
2024-01-17 17:33:00,VIN-D0531,99.1,15.6,"21.0285,105.8542",87.7
2024-01-17 17:36:00,VIN-D0532,106.4,88.0,"10.0452,105.7469",84.1
2024-01-17 17:39:00,VIN-D0533,103.3,69.1,"11.9404,108.4583",105.1
2024-01-17 17:42:00,VIN-D0534,114.5,16.4,"16.0544,108.2022",87.6
2024-01-17 17:45:00,VIN-D0535,38.1,60.2,"10.0452,105.7469",100.3
2024-01-17 17:48:00,VIN-D0536,59.8,82.6,"21.0285,105.8542",73.5
2024-01-17 17:51:00,VIN-D0537,72.8,95.6,"10.0452,105.7469",109.6
2024-01-17 17:54:00,VIN-D0538,12.6,6.5,"20.8449,106.6881",76.5
2024-01-17 17:57:00,VIN-D0539,28.9,82.6,"11.9404,108.4583",101.3
2024-01-17 18:00:00,VIN-D0540,69.8,29.6,"10.8231,106.6297",71.1
2024-01-17 18:03:00,VIN-D0541,97.7,55.6,"10.8231,106.6297",79.7
2024-01-17 18:06:00,VIN-D0542,50.1,57.0,"11.9404,108.4583",98.6
2024-01-17 18:09:00,VIN-D0543,81.3,92.2,"16.0544,108.2022",72.7
2024-01-17 18:12:00,VIN-D0544,18.4,12.2,"12.2388,109.1967",70.9
2024-01-17 18:15:00,VIN-D0545,10.5,9.3,"12.2388,109.1967",108.9
2024-01-17 18:18:00,VIN-D0546,7.5,65.3,"10.9460,108.4419",91.3
2024-01-17 18:21:00,VIN-D0547,77.0,65.1,"16.0544,108.2022",100.4
2024-01-17 18:24:00,VIN-D0548,33.8,62.6,"10.9460,108.4419",104.5
2024-01-17 18:27:00,VIN-D0549,102.5,24.9,"16.0544,108.2022",108.5
2024-01-17 18:30:00,VIN-D0550,33.6,66.2,"10.9460,108.4419",80.2
2024-01-17 18:33:00,VIN-D0551,86.9,34.1,"16.0544,108.2022",74.2
2024-01-17 18:36:00,VIN-D0552,49.4,11.3,"10.8231,106.6297",102.2
2024-01-17 18:39:00,VIN-D0553,35.3,42.5,"21.0285,105.8542",70.5
2024-01-17 18:42:00,VIN-D0554,35.1,23.9,"10.0452,105.7469",83.4
2024-01-17 18:45:00,VIN-D0555,40.1,75.8,"12.2388,109.1967",75.3
2024-01-17 18:48:00,VIN-D0556,86.5,77.2,"16.0544,108.2022",97.4
2024-01-17 18:51:00,VIN-D0557,15.3,27.0,"11.9404,108.4583",86.9
2024-01-17 18:54:00,VIN-D0558,103.3,70.8,"16.0544,108.2022",96.3
2024-01-17 18:57:00,VIN-D0559,58.7,80.5,"21.0285,105.8542",98.4
2024-01-17 19:00:00,VIN-D0560,96.1,62.0,"10.9460,108.4419",98.6
2024-01-17 19:03:00,VIN-D0561,108.7,83.2,"10.9460,108.4419",86.9
2024-01-17 19:06:00,VIN-D0562,88.3,92.2,"21.0285,105.8542",78.7
2024-01-17 19:09:00,VIN-D0563,57.6,67.3,"16.0544,108.2022",101.6
2024-01-17 19:12:00,VIN-D0564,72.8,13.0,"10.0452,105.7469",94.6
2024-01-17 19:15:00,VIN-D0565,77.2,81.0,"10.8231,106.6297",81.1
2024-01-17 19:18:00,VIN-D0566,57.2,8.7,"11.9404,108.4583",74.7
2024-01-17 19:21:00,VIN-D0567,30.3,37.5,"20.8449,106.6881",107.2
2024-01-17 19:24:00,VIN-D0568,97.0,13.0,"10.9460,108.4419",103.1
2024-01-17 19:27:00,VIN-D0569,26.8,15.8,"10.8231,106.6297",89.9
2024-01-17 19:30:00,VIN-D0570,116.9,67.4,"12.2388,109.1967",99.1
2024-01-17 19:33:00,VIN-D0571,4.8,64.5,"21.0285,105.8542",83.9
2024-01-17 19:36:00,VIN-D0572,58.1,35.3,"11.9404,108.4583",94.8
2024-01-17 19:39:00,VIN-D0573,108.9,15.1,"11.9404,108.4583",79.5
2024-01-17 19:42:00,VIN-D0574,47.0,18.3,"11.9404,108.4583",106.0
2024-01-17 19:45:00,VIN-D0575,99.3,62.1,"10.0452,105.7469",93.3
2024-01-17 19:48:00,VIN-D0576,53.8,69.1,"11.9404,108.4583",80.1
2024-01-17 19:51:00,VIN-D0577,113.2,26.7,"11.9404,108.4583",103.9
2024-01-17 19:54:00,VIN-D0578,107.6,5.8,"10.8231,106.6297",99.6
2024-01-17 19:57:00,VIN-D0579,115.6,12.1,"11.9404,108.4583",77.9
2024-01-17 20:00:00,VIN-D0580,67.1,31.5,"10.8231,106.6297",97.5
2024-01-17 20:03:00,VIN-D0581,41.6,69.8,"11.9404,108.4583",98.8
2024-01-17 20:06:00,VIN-D0582,90.7,69.0,"12.2388,109.1967",81.3
2024-01-17 20:09:00,VIN-D0583,91.1,8.4,"20.8449,106.6881",88.2
2024-01-17 20:12:00,VIN-D0584,83.8,52.8,"16.0544,108.2022",95.8
2024-01-17 20:15:00,VIN-D0585,107.7,17.9,"21.0285,105.8542",100.5
2024-01-17 20:18:00,VIN-D0586,3.8,8.7,"16.0544,108.2022",97.2
2024-01-17 20:21:00,VIN-D0587,1.1,31.3,"12.2388,109.1967",89.8
2024-01-17 20:24:00,VIN-D0588,116.4,98.8,"16.0544,108.2022",81.8
2024-01-17 20:27:00,VIN-D0589,12.7,47.1,"10.9460,108.4419",91.5
2024-01-17 20:30:00,VIN-D0590,1.9,94.6,"21.0285,105.8542",107.7
2024-01-17 20:33:00,VIN-D0591,2.8,70.9,"12.2388,109.1967",92.1
2024-01-17 20:36:00,VIN-D0592,49.1,12.8,"20.8449,106.6881",80.3
2024-01-17 20:39:00,VIN-D0593,32.8,96.2,"16.0544,108.2022",100.8
2024-01-17 20:42:00,VIN-D0594,36.1,95.0,"10.9460,108.4419",72.4
2024-01-17 20:45:00,VIN-D0595,31.1,57.1,"10.9460,108.4419",73.3
2024-01-17 20:48:00,VIN-D0596,96.6,98.1,"10.9460,108.4419",88.6
2024-01-17 20:51:00,VIN-D0597,1.7,28.0,"11.9404,108.4583",88.5
2024-01-17 20:54:00,VIN-D0598,5.6,32.1,"12.2388,109.1967",79.0
2024-01-17 20:57:00,VIN-D0599,90.6,49.0,"16.0544,108.2022",82.3
2024-01-17 21:00:00,VIN-D0600,45.1,45.2,"10.9460,108.4419",96.3
2024-01-17 21:03:00,VIN-D0601,30.8,82.1,"10.8231,106.6297",100.2
2024-01-17 21:06:00,VIN-D0602,76.7,10.4,"10.0452,105.7469",90.5
2024-01-17 21:09:00,VIN-D0603,12.1,49.1,"16.0544,108.2022",80.4
2024-01-17 21:12:00,VIN-D0604,101.0,20.3,"10.9460,108.4419",70.9
2024-01-17 21:15:00,VIN-D0605,102.6,16.5,"10.0452,105.7469",72.4
2024-01-17 21:18:00,VIN-D0606,61.4,77.9,"12.2388,109.1967",79.8
2024-01-17 21:21:00,VIN-D0607,29.7,82.3,"11.9404,108.4583",97.6
2024-01-17 21:24:00,VIN-D0608,97.9,14.2,"21.0285,105.8542",76.6
2024-01-17 21:27:00,VIN-D0609,44.1,12.7,"10.9460,108.4419",72.3
2024-01-17 21:30:00,VIN-D0610,29.5,28.0,"10.9460,108.4419",80.8
2024-01-17 21:33:00,VIN-D0611,87.5,19.7,"20.8449,106.6881",102.2
2024-01-17 21:36:00,VIN-D0612,56.3,7.7,"11.9404,108.4583",78.4
2024-01-17 21:39:00,VIN-D0613,16.6,13.7,"16.0544,108.2022",78.2
2024-01-17 21:42:00,VIN-D0614,8.8,37.0,"21.0285,105.8542",95.5
2024-01-17 21:45:00,VIN-D0615,13.6,84.4,"10.8231,106.6297",95.6
2024-01-17 21:48:00,VIN-D0616,3.3,6.1,"21.0285,105.8542",79.9
2024-01-17 21:51:00,VIN-D0617,48.2,60.4,"10.8231,106.6297",101.4
2024-01-17 21:54:00,VIN-D0618,43.3,17.2,"21.0285,105.8542",109.1
2024-01-17 21:57:00,VIN-D0619,37.1,20.6,"20.8449,106.6881",101.4
2024-01-17 22:00:00,VIN-D0620,52.5,98.7,"10.0452,105.7469",99.9
2024-01-17 22:03:00,VIN-D0621,43.9,24.0,"12.2388,109.1967",96.8
2024-01-17 22:06:00,VIN-D0622,37.9,45.3,"21.0285,105.8542",103.3
2024-01-17 22:09:00,VIN-D0623,13.0,70.1,"12.2388,109.1967",80.8
2024-01-17 22:12:00,VIN-D0624,17.0,80.3,"21.0285,105.8542",91.4
2024-01-17 22:15:00,VIN-D0625,102.1,36.3,"10.0452,105.7469",87.5
2024-01-17 22:18:00,VIN-D0626,92.9,88.4,"16.0544,108.2022",86.1
2024-01-17 22:21:00,VIN-D0627,15.3,65.9,"11.9404,108.4583",72.4
2024-01-17 22:24:00,VIN-D0628,12.8,85.9,"12.2388,109.1967",108.7
2024-01-17 22:27:00,VIN-D0629,22.0,23.2,"10.0452,105.7469",83.9
2024-01-17 22:30:00,VIN-D0630,44.5,26.8,"11.9404,108.4583",90.4
2024-01-17 22:33:00,VIN-D0631,83.2,95.2,"11.9404,108.4583",105.0
2024-01-17 22:36:00,VIN-D0632,20.6,54.2,"11.9404,108.4583",71.1
2024-01-17 22:39:00,VIN-D0633,96.7,35.0,"10.9460,108.4419",98.6
2024-01-17 22:42:00,VIN-D0634,61.0,60.7,"10.9460,108.4419",102.3
2024-01-17 22:45:00,VIN-D0635,43.3,79.9,"12.2388,109.1967",106.5
2024-01-17 22:48:00,VIN-D0636,43.0,31.6,"10.9460,108.4419",89.7
2024-01-17 22:51:00,VIN-D0637,57.9,32.1,"12.2388,109.1967",92.6
2024-01-17 22:54:00,VIN-D0638,31.7,60.8,"10.8231,106.6297",82.2
2024-01-17 22:57:00,VIN-D0639,33.9,10.0,"20.8449,106.6881",70.3
2024-01-17 23:00:00,VIN-D0640,68.2,88.0,"16.0544,108.2022",85.6
2024-01-17 23:03:00,VIN-D0641,65.6,17.0,"10.9460,108.4419",84.6
2024-01-17 23:06:00,VIN-D0642,43.8,24.7,"10.9460,108.4419",93.7
2024-01-17 23:09:00,VIN-D0643,94.2,82.5,"11.9404,108.4583",106.1
2024-01-17 23:12:00,VIN-D0644,103.8,67.1,"20.8449,106.6881",70.8
2024-01-17 23:15:00,VIN-D0645,12.1,16.5,"12.2388,109.1967",71.0
2024-01-17 23:18:00,VIN-D0646,18.9,39.2,"11.9404,108.4583",99.2
2024-01-17 23:21:00,VIN-D0647,72.4,9.1,"20.8449,106.6881",72.4
2024-01-17 23:24:00,VIN-D0648,100.1,63.4,"10.0452,105.7469",75.7
2024-01-17 23:27:00,VIN-D0649,75.9,29.0,"10.8231,106.6297",87.6
2024-01-17 23:30:00,VIN-D0650,17.2,95.5,"11.9404,108.4583",96.7
2024-01-17 23:33:00,VIN-D0651,107.1,14.9,"10.9460,108.4419",81.9
2024-01-17 23:36:00,VIN-D0652,14.9,42.5,"10.8231,106.6297",78.7
2024-01-17 23:39:00,VIN-D0653,44.6,66.7,"10.0452,105.7469",100.0
2024-01-17 23:42:00,VIN-D0654,117.4,78.8,"12.2388,109.1967",79.9
2024-01-17 23:45:00,VIN-D0655,76.2,53.3,"12.2388,109.1967",107.9
2024-01-17 23:48:00,VIN-D0656,112.5,48.7,"11.9404,108.4583",76.2
2024-01-17 23:51:00,VIN-D0657,111.0,45.6,"10.9460,108.4419",93.7
2024-01-17 23:54:00,VIN-D0658,31.8,44.3,"12.2388,109.1967",83.4
2024-01-17 23:57:00,VIN-D0659,95.8,62.4,"11.9404,108.4583",98.5
2024-01-18 00:00:00,VIN-D0660,42.5,48.4,"21.0285,105.8542",76.9
2024-01-18 00:03:00,VIN-D0661,87.0,73.9,"10.9460,108.4419",98.4
2024-01-18 00:06:00,VIN-D0662,34.5,74.1,"16.0544,108.2022",87.6
2024-01-18 00:09:00,VIN-D0663,12.8,26.7,"16.0544,108.2022",107.3
2024-01-18 00:12:00,VIN-D0664,33.6,7.2,"10.0452,105.7469",94.0
2024-01-18 00:15:00,VIN-D0665,25.0,86.9,"16.0544,108.2022",89.0
2024-01-18 00:18:00,VIN-D0666,12.3,43.8,"12.2388,109.1967",98.4
2024-01-18 00:21:00,VIN-D0667,92.0,31.3,"10.8231,106.6297",81.1
2024-01-18 00:24:00,VIN-D0668,110.8,37.0,"11.9404,108.4583",74.0
2024-01-18 00:27:00,VIN-D0669,19.6,40.9,"21.0285,105.8542",108.3
2024-01-18 00:30:00,VIN-D0670,115.8,38.3,"16.0544,108.2022",98.3
2024-01-18 00:33:00,VIN-D0671,96.6,55.5,"16.0544,108.2022",71.5
2024-01-18 00:36:00,VIN-D0672,93.0,32.7,"11.9404,108.4583",93.5
2024-01-18 00:39:00,VIN-D0673,20.4,94.9,"16.0544,108.2022",87.7
2024-01-18 00:42:00,VIN-D0674,111.8,44.9,"10.9460,108.4419",101.8
2024-01-18 00:45:00,VIN-D0675,21.9,64.4,"11.9404,108.4583",98.0
2024-01-18 00:48:00,VIN-D0676,26.0,76.4,"10.9460,108.4419",77.7
2024-01-18 00:51:00,VIN-D0677,94.5,73.0,"10.0452,105.7469",94.3
2024-01-18 00:54:00,VIN-D0678,92.4,60.0,"21.0285,105.8542",103.0
2024-01-18 00:57:00,VIN-D0679,41.4,8.9,"16.0544,108.2022",85.2
2024-01-18 01:00:00,VIN-D0680,58.8,76.9,"21.0285,105.8542",80.3
2024-01-18 01:03:00,VIN-D0681,107.3,64.5,"20.8449,106.6881",108.3
2024-01-18 01:06:00,VIN-D0682,68.3,79.8,"11.9404,108.4583",78.7
2024-01-18 01:09:00,VIN-D0683,59.6,39.3,"11.9404,108.4583",89.1
2024-01-18 01:12:00,VIN-D0684,13.4,7.5,"16.0544,108.2022",70.2
2024-01-18 01:15:00,VIN-D0685,68.1,23.5,"10.9460,108.4419",78.9
2024-01-18 01:18:00,VIN-D0686,79.8,59.0,"11.9404,108.4583",72.1
2024-01-18 01:21:00,VIN-D0687,74.7,84.9,"10.9460,108.4419",88.0
2024-01-18 01:24:00,VIN-D0688,99.6,26.6,"16.0544,108.2022",94.5
2024-01-18 01:27:00,VIN-D0689,118.7,89.5,"12.2388,109.1967",107.7
2024-01-18 01:30:00,VIN-D0690,89.0,54.1,"10.8231,106.6297",105.7
2024-01-18 01:33:00,VIN-D0691,92.1,70.0,"10.9460,108.4419",96.8
2024-01-18 01:36:00,VIN-D0692,119.7,62.6,"10.8231,106.6297",91.0
2024-01-18 01:39:00,VIN-D0693,49.4,73.0,"10.8231,106.6297",94.3
2024-01-18 01:42:00,VIN-D0694,56.6,21.4,"10.9460,108.4419",73.4
2024-01-18 01:45:00,VIN-D0695,18.8,76.6,"12.2388,109.1967",83.9
2024-01-18 01:48:00,VIN-D0696,29.4,99.6,"11.9404,108.4583",92.8
2024-01-18 01:51:00,VIN-D0697,92.7,17.5,"10.0452,105.7469",73.0
2024-01-18 01:54:00,VIN-D0698,39.3,64.0,"10.9460,108.4419",107.8
2024-01-18 01:57:00,VIN-D0699,13.8,39.3,"10.8231,106.6297",77.9
2024-01-18 02:00:00,VIN-D0700,23.6,82.8,"10.8231,106.6297",101.8
2024-01-18 02:03:00,VIN-D0701,103.6,89.2,"12.2388,109.1967",107.6
2024-01-18 02:06:00,VIN-D0702,55.8,6.1,"12.2388,109.1967",74.9
2024-01-18 02:09:00,VIN-D0703,26.5,7.3,"10.9460,108.4419",90.5
2024-01-18 02:12:00,VIN-D0704,65.6,51.9,"11.9404,108.4583",90.6
2024-01-18 02:15:00,VIN-D0705,93.8,35.8,"11.9404,108.4583",108.0
2024-01-18 02:18:00,VIN-D0706,0.6,37.2,"21.0285,105.8542",82.1
2024-01-18 02:21:00,VIN-D0707,5.2,63.8,"10.9460,108.4419",77.0
2024-01-18 02:24:00,VIN-D0708,29.8,44.2,"12.2388,109.1967",97.1
2024-01-18 02:27:00,VIN-D0709,15.4,21.9,"20.8449,106.6881",108.2
2024-01-18 02:30:00,VIN-D0710,12.5,91.6,"12.2388,109.1967",100.7
2024-01-18 02:33:00,VIN-D0711,16.1,34.3,"10.0452,105.7469",96.1
2024-01-18 02:36:00,VIN-D0712,32.4,67.9,"10.8231,106.6297",97.3
2024-01-18 02:39:00,VIN-D0713,82.7,91.1,"16.0544,108.2022",74.2
2024-01-18 02:42:00,VIN-D0714,105.2,29.8,"10.0452,105.7469",107.2
2024-01-18 02:45:00,VIN-D0715,72.6,24.1,"12.2388,109.1967",74.3
2024-01-18 02:48:00,VIN-D0716,94.1,92.5,"20.8449,106.6881",88.0
2024-01-18 02:51:00,VIN-D0717,116.2,47.0,"20.8449,106.6881",92.5
2024-01-18 02:54:00,VIN-D0718,88.3,87.2,"11.9404,108.4583",91.3
2024-01-18 02:57:00,VIN-D0719,53.6,64.0,"21.0285,105.8542",72.2
2024-01-18 03:00:00,VIN-D0720,77.5,94.0,"10.9460,108.4419",95.6
2024-01-18 03:03:00,VIN-D0721,117.4,32.5,"21.0285,105.8542",90.2
2024-01-18 03:06:00,VIN-D0722,75.0,67.0,"10.9460,108.4419",91.5
2024-01-18 03:09:00,VIN-D0723,107.1,25.6,"10.9460,108.4419",72.1
2024-01-18 03:12:00,VIN-D0724,116.0,31.5,"10.0452,105.7469",105.2
2024-01-18 03:15:00,VIN-D0725,13.1,75.4,"11.9404,108.4583",97.0
2024-01-18 03:18:00,VIN-D0726,71.7,99.8,"12.2388,109.1967",109.3
2024-01-18 03:21:00,VIN-D0727,118.4,46.7,"10.8231,106.6297",80.8
2024-01-18 03:24:00,VIN-D0728,0.3,8.7,"10.0452,105.7469",85.6
2024-01-18 03:27:00,VIN-D0729,8.2,53.4,"10.9460,108.4419",84.9
2024-01-18 03:30:00,VIN-D0730,94.4,22.0,"20.8449,106.6881",106.0
2024-01-18 03:33:00,VIN-D0731,108.3,18.3,"10.8231,106.6297",103.3
2024-01-18 03:36:00,VIN-D0732,92.8,94.3,"10.0452,105.7469",96.7
2024-01-18 03:39:00,VIN-D0733,113.8,20.1,"10.0452,105.7469",108.6
2024-01-18 03:42:00,VIN-D0734,93.2,16.2,"11.9404,108.4583",85.6
2024-01-18 03:45:00,VIN-D0735,58.1,22.5,"21.0285,105.8542",76.2
2024-01-18 03:48:00,VIN-D0736,29.9,7.6,"11.9404,108.4583",88.3
2024-01-18 03:51:00,VIN-D0737,60.7,59.7,"21.0285,105.8542",84.7
2024-01-18 03:54:00,VIN-D0738,17.0,34.0,"11.9404,108.4583",101.0
2024-01-18 03:57:00,VIN-D0739,45.7,5.7,"10.8231,106.6297",105.0
2024-01-18 04:00:00,VIN-D0740,40.0,51.7,"10.0452,105.7469",86.3
2024-01-18 04:03:00,VIN-D0741,72.7,71.3,"10.0452,105.7469",71.2
2024-01-18 04:06:00,VIN-D0742,108.2,30.5,"10.0452,105.7469",102.9
2024-01-18 04:09:00,VIN-D0743,48.7,67.2,"16.0544,108.2022",93.5
2024-01-18 04:12:00,VIN-D0744,38.8,74.6,"12.2388,109.1967",94.7
2024-01-18 04:15:00,VIN-D0745,81.6,99.8,"10.9460,108.4419",104.6
2024-01-18 04:18:00,VIN-D0746,96.3,82.6,"10.8231,106.6297",99.5
2024-01-18 04:21:00,VIN-D0747,96.2,45.5,"10.8231,106.6297",89.9
2024-01-18 04:24:00,VIN-D0748,112.6,14.4,"12.2388,109.1967",101.5
2024-01-18 04:27:00,VIN-D0749,29.7,47.3,"10.8231,106.6297",101.4
2024-01-18 04:30:00,VIN-D0750,88.0,12.5,"10.9460,108.4419",109.7
2024-01-18 04:33:00,VIN-D0751,107.0,32.0,"20.8449,106.6881",92.4
2024-01-18 04:36:00,VIN-D0752,9.9,74.2,"20.8449,106.6881",79.5
2024-01-18 04:39:00,VIN-D0753,109.3,48.6,"16.0544,108.2022",105.0
2024-01-18 04:42:00,VIN-D0754,108.8,89.7,"10.9460,108.4419",102.0
2024-01-18 04:45:00,VIN-D0755,99.9,75.2,"12.2388,109.1967",108.9
2024-01-18 04:48:00,VIN-D0756,100.0,46.5,"21.0285,105.8542",90.9
2024-01-18 04:51:00,VIN-D0757,34.9,56.2,"10.9460,108.4419",82.3
2024-01-18 04:54:00,VIN-D0758,32.9,51.5,"11.9404,108.4583",105.3
2024-01-18 04:57:00,VIN-D0759,75.3,28.8,"10.9460,108.4419",76.9
2024-01-18 05:00:00,VIN-D0760,24.9,29.5,"16.0544,108.2022",73.3
2024-01-18 05:03:00,VIN-D0761,19.3,24.5,"10.0452,105.7469",93.0
2024-01-18 05:06:00,VIN-D0762,70.2,81.1,"16.0544,108.2022",74.9
2024-01-18 05:09:00,VIN-D0763,67.6,7.3,"10.9460,108.4419",97.9
2024-01-18 05:12:00,VIN-D0764,14.8,86.8,"16.0544,108.2022",96.5
2024-01-18 05:15:00,VIN-D0765,0.8,73.2,"12.2388,109.1967",106.9
2024-01-18 05:18:00,VIN-D0766,42.1,48.1,"10.9460,108.4419",72.8
2024-01-18 05:21:00,VIN-D0767,99.6,68.3,"21.0285,105.8542",99.4
2024-01-18 05:24:00,VIN-D0768,55.8,71.1,"20.8449,106.6881",70.3
2024-01-18 05:27:00,VIN-D0769,37.9,57.1,"10.0452,105.7469",93.1
2024-01-18 05:30:00,VIN-D0770,107.0,43.2,"12.2388,109.1967",84.8
2024-01-18 05:33:00,VIN-D0771,78.3,51.7,"10.9460,108.4419",100.1
2024-01-18 05:36:00,VIN-D0772,47.9,40.4,"10.9460,108.4419",98.8
2024-01-18 05:39:00,VIN-D0773,46.2,86.8,"10.9460,108.4419",108.9
2024-01-18 05:42:00,VIN-D0774,5.6,38.5,"10.8231,106.6297",90.0
2024-01-18 05:45:00,VIN-D0775,88.5,37.5,"16.0544,108.2022",93.4
2024-01-18 05:48:00,VIN-D0776,37.3,88.6,"16.0544,108.2022",72.8
2024-01-18 05:51:00,VIN-D0777,43.7,32.3,"10.9460,108.4419",91.2
2024-01-18 05:54:00,VIN-D0778,71.2,52.6,"16.0544,108.2022",88.7
2024-01-18 05:57:00,VIN-D0779,35.9,31.2,"16.0544,108.2022",70.2
2024-01-18 06:00:00,VIN-D0780,9.2,71.5,"11.9404,108.4583",97.7
2024-01-18 06:03:00,VIN-D0781,49.7,62.7,"10.9460,108.4419",101.3
2024-01-18 06:06:00,VIN-D0782,27.9,55.0,"12.2388,109.1967",71.4
2024-01-18 06:09:00,VIN-D0783,45.6,50.5,"12.2388,109.1967",86.6
2024-01-18 06:12:00,VIN-D0784,115.2,24.2,"10.8231,106.6297",79.8
2024-01-18 06:15:00,VIN-D0785,96.0,13.3,"10.0452,105.7469",72.2
2024-01-18 06:18:00,VIN-D0786,10.7,71.1,"10.0452,105.7469",79.7
2024-01-18 06:21:00,VIN-D0787,2.4,12.5,"21.0285,105.8542",102.0
2024-01-18 06:24:00,VIN-D0788,61.0,68.5,"20.8449,106.6881",84.1
2024-01-18 06:27:00,VIN-D0789,60.2,35.7,"10.9460,108.4419",82.8
2024-01-18 06:30:00,VIN-D0790,16.0,32.5,"16.0544,108.2022",92.8
2024-01-18 06:33:00,VIN-D0791,12.5,12.1,"10.0452,105.7469",86.5
2024-01-18 06:36:00,VIN-D0792,54.9,29.0,"10.9460,108.4419",98.3
2024-01-18 06:39:00,VIN-D0793,62.8,35.2,"10.9460,108.4419",108.3
2024-01-18 06:42:00,VIN-D0794,105.6,24.0,"10.9460,108.4419",98.5
2024-01-18 06:45:00,VIN-D0795,10.7,27.9,"11.9404,108.4583",108.8
2024-01-18 06:48:00,VIN-D0796,114.6,91.8,"20.8449,106.6881",108.9
2024-01-18 06:51:00,VIN-D0797,29.7,98.8,"11.9404,108.4583",98.4
2024-01-18 06:54:00,VIN-D0798,89.3,46.5,"12.2388,109.1967",72.7
2024-01-18 06:57:00,VIN-D0799,78.4,92.7,"11.9404,108.4583",107.8
2024-01-18 07:00:00,VIN-D0800,46.4,9.4,"21.0285,105.8542",94.0
2024-01-18 07:03:00,VIN-D0801,90.0,99.4,"20.8449,106.6881",75.2
2024-01-18 07:06:00,VIN-D0802,103.3,93.8,"12.2388,109.1967",95.4
2024-01-18 07:09:00,VIN-D0803,50.5,95.2,"10.0452,105.7469",85.7
2024-01-18 07:12:00,VIN-D0804,106.2,93.9,"12.2388,109.1967",75.5
2024-01-18 07:15:00,VIN-D0805,63.0,39.4,"21.0285,105.8542",89.4
2024-01-18 07:18:00,VIN-D0806,70.8,23.2,"10.9460,108.4419",92.6
2024-01-18 07:21:00,VIN-D0807,100.6,89.2,"10.8231,106.6297",73.6
2024-01-18 07:24:00,VIN-D0808,105.3,17.5,"10.9460,108.4419",102.5
2024-01-18 07:27:00,VIN-D0809,72.8,10.5,"11.9404,108.4583",104.2
2024-01-18 07:30:00,VIN-D0810,88.9,87.1,"10.8231,106.6297",77.5
2024-01-18 07:33:00,VIN-D0811,114.6,48.1,"21.0285,105.8542",106.6
2024-01-18 07:36:00,VIN-D0812,14.9,86.7,"11.9404,108.4583",95.5
2024-01-18 07:39:00,VIN-D0813,68.7,65.2,"11.9404,108.4583",99.2
2024-01-18 07:42:00,VIN-D0814,45.9,83.5,"12.2388,109.1967",86.7
2024-01-18 07:45:00,VIN-D0815,21.9,8.4,"20.8449,106.6881",83.5
2024-01-18 07:48:00,VIN-D0816,49.0,65.1,"10.0452,105.7469",94.1
2024-01-18 07:51:00,VIN-D0817,118.2,38.5,"16.0544,108.2022",81.5
2024-01-18 07:54:00,VIN-D0818,87.8,41.4,"11.9404,108.4583",79.6
2024-01-18 07:57:00,VIN-D0819,64.6,95.7,"10.8231,106.6297",79.4
2024-01-18 08:00:00,VIN-D0820,77.2,34.8,"12.2388,109.1967",72.6
2024-01-18 08:03:00,VIN-D0821,32.8,20.2,"16.0544,108.2022",105.4
2024-01-18 08:06:00,VIN-D0822,63.5,23.0,"11.9404,108.4583",72.0
2024-01-18 08:09:00,VIN-D0823,33.6,6.4,"10.0452,105.7469",99.5
2024-01-18 08:12:00,VIN-D0824,29.6,22.5,"10.8231,106.6297",104.2
2024-01-18 08:15:00,VIN-D0825,76.8,88.8,"10.9460,108.4419",71.0
2024-01-18 08:18:00,VIN-D0826,31.8,5.4,"10.0452,105.7469",73.4
2024-01-18 08:21:00,VIN-D0827,108.9,6.1,"10.9460,108.4419",73.8
2024-01-18 08:24:00,VIN-D0828,66.9,27.4,"11.9404,108.4583",98.1
2024-01-18 08:27:00,VIN-D0829,29.0,93.2,"10.9460,108.4419",89.0
2024-01-18 08:30:00,VIN-D0830,77.2,51.5,"11.9404,108.4583",83.7
2024-01-18 08:33:00,VIN-D0831,52.9,11.2,"16.0544,108.2022",87.8
2024-01-18 08:36:00,VIN-D0832,57.1,26.4,"11.9404,108.4583",82.4
2024-01-18 08:39:00,VIN-D0833,111.2,32.4,"21.0285,105.8542",77.2
2024-01-18 08:42:00,VIN-D0834,46.8,45.7,"11.9404,108.4583",105.7
2024-01-18 08:45:00,VIN-D0835,29.6,25.6,"16.0544,108.2022",94.3
2024-01-18 08:48:00,VIN-D0836,21.5,72.2,"16.0544,108.2022",108.5
2024-01-18 08:51:00,VIN-D0837,41.5,93.7,"21.0285,105.8542",78.3
2024-01-18 08:54:00,VIN-D0838,30.6,86.1,"10.0452,105.7469",92.8
2024-01-18 08:57:00,VIN-D0839,52.4,49.9,"11.9404,108.4583",90.2
2024-01-18 09:00:00,VIN-D0840,107.0,82.2,"10.9460,108.4419",77.6
2024-01-18 09:03:00,VIN-D0841,84.6,84.1,"21.0285,105.8542",103.3
2024-01-18 09:06:00,VIN-D0842,72.4,62.3,"10.8231,106.6297",78.8
2024-01-18 09:09:00,VIN-D0843,110.3,70.4,"21.0285,105.8542",75.9
2024-01-18 09:12:00,VIN-D0844,53.0,61.9,"11.9404,108.4583",82.6
2024-01-18 09:15:00,VIN-D0845,80.2,13.3,"12.2388,109.1967",102.1
2024-01-18 09:18:00,VIN-D0846,10.1,75.2,"20.8449,106.6881",107.6
2024-01-18 09:21:00,VIN-D0847,22.4,21.8,"20.8449,106.6881",104.3
2024-01-18 09:24:00,VIN-D0848,86.6,35.9,"21.0285,105.8542",71.8
2024-01-18 09:27:00,VIN-D0849,86.1,84.2,"10.0452,105.7469",85.8
2024-01-18 09:30:00,VIN-D0850,105.2,42.3,"12.2388,109.1967",80.0
2024-01-18 09:33:00,VIN-D0851,98.8,76.1,"20.8449,106.6881",93.5
2024-01-18 09:36:00,VIN-D0852,30.3,19.8,"10.8231,106.6297",95.3
2024-01-18 09:39:00,VIN-D0853,55.6,19.3,"10.9460,108.4419",85.9
2024-01-18 09:42:00,VIN-D0854,60.0,35.3,"10.9460,108.4419",90.3
2024-01-18 09:45:00,VIN-D0855,101.7,53.2,"10.9460,108.4419",106.9
2024-01-18 09:48:00,VIN-D0856,38.4,50.8,"10.8231,106.6297",94.1
2024-01-18 09:51:00,VIN-D0857,26.2,56.3,"11.9404,108.4583",78.7
2024-01-18 09:54:00,VIN-D0858,1.7,60.9,"10.8231,106.6297",96.6
2024-01-18 09:57:00,VIN-D0859,25.4,97.7,"11.9404,108.4583",90.6
2024-01-18 10:00:00,VIN-D0860,103.3,66.3,"10.9460,108.4419",107.3
2024-01-18 10:03:00,VIN-D0861,106.2,32.0,"11.9404,108.4583",92.1
2024-01-18 10:06:00,VIN-D0862,14.5,20.7,"12.2388,109.1967",108.6
2024-01-18 10:09:00,VIN-D0863,78.5,27.9,"12.2388,109.1967",102.1
2024-01-18 10:12:00,VIN-D0864,76.5,25.9,"12.2388,109.1967",102.8
2024-01-18 10:15:00,VIN-D0865,42.4,80.0,"20.8449,106.6881",104.2
2024-01-18 10:18:00,VIN-D0866,63.4,94.1,"21.0285,105.8542",83.4
2024-01-18 10:21:00,VIN-D0867,89.8,74.8,"11.9404,108.4583",74.8
2024-01-18 10:24:00,VIN-D0868,37.5,24.4,"21.0285,105.8542",102.7
2024-01-18 10:27:00,VIN-D0869,61.8,15.3,"10.9460,108.4419",85.8
2024-01-18 10:30:00,VIN-D0870,81.0,39.1,"11.9404,108.4583",106.5
2024-01-18 10:33:00,VIN-D0871,49.0,80.0,"10.8231,106.6297",71.7
2024-01-18 10:36:00,VIN-D0872,111.4,92.5,"10.0452,105.7469",98.2
2024-01-18 10:39:00,VIN-D0873,53.7,34.9,"16.0544,108.2022",92.8
2024-01-18 10:42:00,VIN-D0874,47.4,30.8,"12.2388,109.1967",95.5
2024-01-18 10:45:00,VIN-D0875,10.6,58.6,"16.0544,108.2022",108.8
2024-01-18 10:48:00,VIN-D0876,15.3,13.8,"12.2388,109.1967",83.5
2024-01-18 10:51:00,VIN-D0877,57.6,60.8,"11.9404,108.4583",103.6
2024-01-18 10:54:00,VIN-D0878,23.8,65.9,"10.0452,105.7469",89.4
2024-01-18 10:57:00,VIN-D0879,49.6,30.9,"12.2388,109.1967",75.8
2024-01-18 11:00:00,VIN-D0880,51.6,25.3,"16.0544,108.2022",94.8
2024-01-18 11:03:00,VIN-D0881,56.6,56.8,"10.0452,105.7469",101.6
2024-01-18 11:06:00,VIN-D0882,18.6,61.1,"16.0544,108.2022",74.9
2024-01-18 11:09:00,VIN-D0883,74.4,24.0,"16.0544,108.2022",82.5
2024-01-18 11:12:00,VIN-D0884,117.5,23.1,"16.0544,108.2022",76.6
2024-01-18 11:15:00,VIN-D0885,76.6,8.1,"12.2388,109.1967",92.7
2024-01-18 11:18:00,VIN-D0886,107.7,57.9,"10.8231,106.6297",88.4
2024-01-18 11:21:00,VIN-D0887,51.9,66.4,"11.9404,108.4583",77.9
2024-01-18 11:24:00,VIN-D0888,6.5,56.8,"10.0452,105.7469",96.4
2024-01-18 11:27:00,VIN-D0889,78.8,76.4,"20.8449,106.6881",88.3
2024-01-18 11:30:00,VIN-D0890,74.8,9.8,"10.9460,108.4419",90.2
2024-01-18 11:33:00,VIN-D0891,37.3,42.9,"20.8449,106.6881",85.1
2024-01-18 11:36:00,VIN-D0892,37.0,58.4,"20.8449,106.6881",107.2
2024-01-18 11:39:00,VIN-D0893,98.3,69.6,"12.2388,109.1967",78.4
2024-01-18 11:42:00,VIN-D0894,49.0,20.1,"11.9404,108.4583",106.2
2024-01-18 11:45:00,VIN-D0895,2.0,36.1,"16.0544,108.2022",83.4
2024-01-18 11:48:00,VIN-D0896,76.0,20.7,"10.9460,108.4419",101.7
2024-01-18 11:51:00,VIN-D0897,45.2,58.7,"16.0544,108.2022",78.4
2024-01-18 11:54:00,VIN-D0898,109.6,18.6,"10.9460,108.4419",99.4
2024-01-18 11:57:00,VIN-D0899,19.1,28.3,"12.2388,109.1967",98.7
2024-01-18 12:00:00,VIN-D0900,105.8,92.6,"16.0544,108.2022",88.9
2024-01-18 12:03:00,VIN-D0901,6.6,69.8,"10.9460,108.4419",77.1
2024-01-18 12:06:00,VIN-D0902,93.7,69.6,"12.2388,109.1967",95.5
2024-01-18 12:09:00,VIN-D0903,105.0,97.9,"20.8449,106.6881",85.9
2024-01-18 12:12:00,VIN-D0904,5.5,14.5,"12.2388,109.1967",94.0
2024-01-18 12:15:00,VIN-D0905,89.2,13.3,"10.8231,106.6297",109.2
2024-01-18 12:18:00,VIN-D0906,104.4,42.6,"20.8449,106.6881",100.3
2024-01-18 12:21:00,VIN-D0907,89.5,71.1,"10.9460,108.4419",107.7
2024-01-18 12:24:00,VIN-D0908,73.9,21.1,"12.2388,109.1967",94.2
2024-01-18 12:27:00,VIN-D0909,118.2,89.5,"10.0452,105.7469",97.2
2024-01-18 12:30:00,VIN-D0910,95.6,66.8,"11.9404,108.4583",73.3
2024-01-18 12:33:00,VIN-D0911,114.8,64.1,"11.9404,108.4583",86.7
2024-01-18 12:36:00,VIN-D0912,10.4,68.4,"12.2388,109.1967",71.9
2024-01-18 12:39:00,VIN-D0913,67.4,56.3,"10.0452,105.7469",104.8
2024-01-18 12:42:00,VIN-D0914,65.3,56.7,"21.0285,105.8542",85.8
2024-01-18 12:45:00,VIN-D0915,88.9,30.4,"20.8449,106.6881",93.4
2024-01-18 12:48:00,VIN-D0916,96.5,66.3,"10.0452,105.7469",89.8
2024-01-18 12:51:00,VIN-D0917,59.3,97.1,"10.0452,105.7469",95.3
2024-01-18 12:54:00,VIN-D0918,73.2,81.7,"21.0285,105.8542",101.0
2024-01-18 12:57:00,VIN-D0919,105.2,20.2,"10.8231,106.6297",73.1
2024-01-18 13:00:00,VIN-D0920,25.8,52.6,"11.9404,108.4583",77.2
2024-01-18 13:03:00,VIN-D0921,0.7,19.6,"21.0285,105.8542",84.6
2024-01-18 13:06:00,VIN-D0922,25.9,93.2,"10.0452,105.7469",102.5
2024-01-18 13:09:00,VIN-D0923,47.4,77.2,"10.0452,105.7469",97.2
2024-01-18 13:12:00,VIN-D0924,34.9,5.5,"16.0544,108.2022",73.2
2024-01-18 13:15:00,VIN-D0925,58.2,22.4,"21.0285,105.8542",92.0
2024-01-18 13:18:00,VIN-D0926,109.8,51.0,"10.8231,106.6297",103.3
2024-01-18 13:21:00,VIN-D0927,22.0,38.0,"10.8231,106.6297",105.9
2024-01-18 13:24:00,VIN-D0928,113.8,14.3,"10.9460,108.4419",89.4
2024-01-18 13:27:00,VIN-D0929,38.4,90.9,"10.8231,106.6297",70.3
2024-01-18 13:30:00,VIN-D0930,0.7,15.0,"21.0285,105.8542",108.0
2024-01-18 13:33:00,VIN-D0931,45.1,37.6,"10.0452,105.7469",102.8
2024-01-18 13:36:00,VIN-D0932,20.9,32.9,"12.2388,109.1967",91.2
2024-01-18 13:39:00,VIN-D0933,30.9,25.8,"10.9460,108.4419",74.5
2024-01-18 13:42:00,VIN-D0934,109.6,34.7,"10.9460,108.4419",82.2
2024-01-18 13:45:00,VIN-D0935,74.3,15.8,"10.8231,106.6297",105.9
2024-01-18 13:48:00,VIN-D0936,82.8,48.0,"16.0544,108.2022",89.3
2024-01-18 13:51:00,VIN-D0937,64.0,22.7,"10.8231,106.6297",103.8
2024-01-18 13:54:00,VIN-D0938,6.4,64.2,"10.8231,106.6297",104.4
2024-01-18 13:57:00,VIN-D0939,65.4,74.1,"12.2388,109.1967",95.1
2024-01-18 14:00:00,VIN-D0940,68.1,15.8,"10.0452,105.7469",76.7
2024-01-18 14:03:00,VIN-D0941,45.7,69.7,"10.8231,106.6297",85.0
2024-01-18 14:06:00,VIN-D0942,72.0,72.5,"16.0544,108.2022",80.6
2024-01-18 14:09:00,VIN-D0943,9.1,27.2,"11.9404,108.4583",77.5
2024-01-18 14:12:00,VIN-D0944,54.1,20.2,"16.0544,108.2022",96.2
2024-01-18 14:15:00,VIN-D0945,5.2,20.6,"10.0452,105.7469",74.5
2024-01-18 14:18:00,VIN-D0946,52.4,58.6,"12.2388,109.1967",76.6
2024-01-18 14:21:00,VIN-D0947,114.5,75.8,"16.0544,108.2022",105.6
2024-01-18 14:24:00,VIN-D0948,59.3,7.5,"21.0285,105.8542",86.0
2024-01-18 14:27:00,VIN-D0949,60.7,15.7,"20.8449,106.6881",109.5
2024-01-18 14:30:00,VIN-D0950,56.2,83.8,"20.8449,106.6881",99.5
2024-01-18 14:33:00,VIN-D0951,114.4,5.7,"11.9404,108.4583",73.8
2024-01-18 14:36:00,VIN-D0952,22.7,42.7,"12.2388,109.1967",100.2
2024-01-18 14:39:00,VIN-D0953,51.9,27.2,"10.8231,106.6297",76.8
2024-01-18 14:42:00,VIN-D0954,4.9,59.5,"21.0285,105.8542",89.3
2024-01-18 14:45:00,VIN-D0955,96.8,94.6,"10.0452,105.7469",95.6
2024-01-18 14:48:00,VIN-D0956,2.8,94.8,"10.8231,106.6297",84.4
2024-01-18 14:51:00,VIN-D0957,23.7,62.8,"12.2388,109.1967",101.2
2024-01-18 14:54:00,VIN-D0958,7.3,37.6,"10.9460,108.4419",82.9
2024-01-18 14:57:00,VIN-D0959,38.4,55.1,"11.9404,108.4583",76.6
2024-01-18 15:00:00,VIN-D0960,34.9,93.3,"10.9460,108.4419",72.5
2024-01-18 15:03:00,VIN-D0961,93.8,52.9,"20.8449,106.6881",88.1
2024-01-18 15:06:00,VIN-D0962,59.1,74.7,"10.0452,105.7469",109.8
2024-01-18 15:09:00,VIN-D0963,78.0,42.3,"12.2388,109.1967",103.2
2024-01-18 15:12:00,VIN-D0964,40.8,53.4,"11.9404,108.4583",83.1
2024-01-18 15:15:00,VIN-D0965,107.5,13.0,"16.0544,108.2022",87.7
2024-01-18 15:18:00,VIN-D0966,54.5,61.5,"10.9460,108.4419",79.7
2024-01-18 15:21:00,VIN-D0967,87.0,57.1,"10.8231,106.6297",74.7
2024-01-18 15:24:00,VIN-D0968,82.8,91.2,"16.0544,108.2022",70.4
2024-01-18 15:27:00,VIN-D0969,13.0,76.4,"21.0285,105.8542",103.1
2024-01-18 15:30:00,VIN-D0970,30.7,45.6,"10.0452,105.7469",104.0
2024-01-18 15:33:00,VIN-D0971,64.1,11.9,"10.8231,106.6297",84.6
2024-01-18 15:36:00,VIN-D0972,21.5,8.9,"11.9404,108.4583",72.6
2024-01-18 15:39:00,VIN-D0973,80.9,65.6,"12.2388,109.1967",104.2
2024-01-18 15:42:00,VIN-D0974,57.0,12.4,"21.0285,105.8542",88.4
2024-01-18 15:45:00,VIN-D0975,80.2,30.8,"11.9404,108.4583",107.6
2024-01-18 15:48:00,VIN-D0976,102.9,58.8,"20.8449,106.6881",108.1
2024-01-18 15:51:00,VIN-D0977,75.7,13.5,"12.2388,109.1967",103.2
2024-01-18 15:54:00,VIN-D0978,53.7,67.7,"10.8231,106.6297",82.3
2024-01-18 15:57:00,VIN-D0979,35.7,70.1,"10.0452,105.7469",91.7
2024-01-18 16:00:00,VIN-D0980,78.9,16.4,"10.8231,106.6297",106.6
2024-01-18 16:03:00,VIN-D0981,12.0,76.5,"12.2388,109.1967",102.8
2024-01-18 16:06:00,VIN-D0982,40.2,43.7,"20.8449,106.6881",88.6
2024-01-18 16:09:00,VIN-D0983,49.9,11.8,"11.9404,108.4583",75.2
2024-01-18 16:12:00,VIN-D0984,67.7,75.1,"21.0285,105.8542",89.4
2024-01-18 16:15:00,VIN-D0985,68.2,80.1,"10.9460,108.4419",86.9
2024-01-18 16:18:00,VIN-D0986,39.7,93.5,"10.9460,108.4419",104.8
2024-01-18 16:21:00,VIN-D0987,56.0,80.9,"16.0544,108.2022",105.4
2024-01-18 16:24:00,VIN-D0988,79.9,57.7,"12.2388,109.1967",98.2
2024-01-18 16:27:00,VIN-D0989,42.0,26.9,"10.9460,108.4419",90.2
2024-01-18 16:30:00,VIN-D0990,19.5,48.7,"16.0544,108.2022",82.9
2024-01-18 16:33:00,VIN-D0991,22.8,19.1,"11.9404,108.4583",95.4
2024-01-18 16:36:00,VIN-D0992,77.3,22.3,"12.2388,109.1967",91.0
2024-01-18 16:39:00,VIN-D0993,66.7,79.5,"11.9404,108.4583",98.4
2024-01-18 16:42:00,VIN-D0994,59.9,98.0,"16.0544,108.2022",94.8
2024-01-18 16:45:00,VIN-D0995,105.2,23.1,"11.9404,108.4583",98.0
2024-01-18 16:48:00,VIN-D0996,107.0,64.6,"16.0544,108.2022",98.0
2024-01-18 16:51:00,VIN-D0997,30.6,90.0,"10.0452,105.7469",93.0
2024-01-18 16:54:00,VIN-D0998,48.1,45.3,"12.2388,109.1967",100.6
2024-01-18 16:57:00,VIN-D0999,34.3,32.2,"16.0544,108.2022",97.1
2024-01-18 17:00:00,VIN-D1000,29.8,57.9,"11.9404,108.4583",98.9
2024-01-18 17:03:00,VIN-D1001,47.1,69.3,"16.0544,108.2022",98.4
2024-01-18 17:06:00,VIN-D1002,72.3,57.5,"20.8449,106.6881",96.5
2024-01-18 17:09:00,VIN-D1003,48.6,80.0,"16.0544,108.2022",88.9
2024-01-18 17:12:00,VIN-D1004,40.0,98.2,"10.0452,105.7469",103.2
2024-01-18 17:15:00,VIN-D1005,102.8,90.0,"20.8449,106.6881",95.2
2024-01-18 17:18:00,VIN-D1006,6.8,14.9,"20.8449,106.6881",77.8
2024-01-18 17:21:00,VIN-D1007,32.4,10.6,"12.2388,109.1967",97.6
2024-01-18 17:24:00,VIN-D1008,16.0,40.6,"10.0452,105.7469",80.2
2024-01-18 17:27:00,VIN-D1009,82.7,37.6,"20.8449,106.6881",78.5
2024-01-18 17:30:00,VIN-D1010,20.6,87.5,"20.8449,106.6881",77.3
2024-01-18 17:33:00,VIN-D1011,26.1,39.6,"10.8231,106.6297",81.3
2024-01-18 17:36:00,VIN-D1012,32.0,39.5,"21.0285,105.8542",99.6
2024-01-18 17:39:00,VIN-D1013,106.1,94.6,"10.0452,105.7469",80.8
2024-01-18 17:42:00,VIN-D1014,34.9,19.0,"21.0285,105.8542",74.2
2024-01-18 17:45:00,VIN-D1015,40.7,89.5,"12.2388,109.1967",81.7
2024-01-18 17:48:00,VIN-D1016,68.1,50.4,"12.2388,109.1967",76.7
2024-01-18 17:51:00,VIN-D1017,97.6,65.0,"12.2388,109.1967",77.2
2024-01-18 17:54:00,VIN-D1018,75.1,33.5,"10.0452,105.7469",90.2
2024-01-18 17:57:00,VIN-D1019,107.9,12.1,"21.0285,105.8542",74.9
2024-01-18 18:00:00,VIN-D1020,109.2,30.9,"10.9460,108.4419",95.7
2024-01-18 18:03:00,VIN-D1021,20.8,28.9,"20.8449,106.6881",81.5
2024-01-18 18:06:00,VIN-D1022,70.4,88.5,"10.9460,108.4419",76.9
2024-01-18 18:09:00,VIN-D1023,52.9,24.4,"10.0452,105.7469",96.1
2024-01-18 18:12:00,VIN-D1024,74.6,55.2,"10.9460,108.4419",85.0
2024-01-18 18:15:00,VIN-D1025,77.4,82.1,"11.9404,108.4583",79.6
2024-01-18 18:18:00,VIN-D1026,0.3,49.1,"21.0285,105.8542",80.4
2024-01-18 18:21:00,VIN-D1027,117.8,66.8,"10.0452,105.7469",104.3
2024-01-18 18:24:00,VIN-D1028,57.6,59.0,"10.0452,105.7469",71.9
2024-01-18 18:27:00,VIN-D1029,114.9,82.2,"16.0544,108.2022",80.4
2024-01-18 18:30:00,VIN-D1030,88.8,99.8,"10.8231,106.6297",99.0
2024-01-18 18:33:00,VIN-D1031,11.0,28.8,"12.2388,109.1967",106.2
2024-01-18 18:36:00,VIN-D1032,28.6,50.4,"20.8449,106.6881",107.6
2024-01-18 18:39:00,VIN-D1033,37.0,75.8,"21.0285,105.8542",106.8
2024-01-18 18:42:00,VIN-D1034,75.8,6.3,"20.8449,106.6881",99.5
2024-01-18 18:45:00,VIN-D1035,70.8,15.9,"10.8231,106.6297",85.1
2024-01-18 18:48:00,VIN-D1036,103.8,64.5,"10.0452,105.7469",100.0
2024-01-18 18:51:00,VIN-D1037,109.6,62.7,"16.0544,108.2022",102.0
2024-01-18 18:54:00,VIN-D1038,95.5,54.3,"10.9460,108.4419",93.9
2024-01-18 18:57:00,VIN-D1039,84.0,8.5,"11.9404,108.4583",70.4
2024-01-18 19:00:00,VIN-D1040,9.3,78.4,"10.9460,108.4419",73.3
2024-01-18 19:03:00,VIN-D1041,69.8,14.7,"16.0544,108.2022",82.7
2024-01-18 19:06:00,VIN-D1042,16.7,99.1,"21.0285,105.8542",86.6
2024-01-18 19:09:00,VIN-D1043,0.2,29.2,"10.8231,106.6297",77.5
2024-01-18 19:12:00,VIN-D1044,117.9,20.7,"20.8449,106.6881",101.6
2024-01-18 19:15:00,VIN-D1045,115.5,53.6,"10.0452,105.7469",95.6
2024-01-18 19:18:00,VIN-D1046,13.5,21.4,"20.8449,106.6881",105.5
2024-01-18 19:21:00,VIN-D1047,31.7,71.7,"12.2388,109.1967",75.6
2024-01-18 19:24:00,VIN-D1048,4.4,48.9,"20.8449,106.6881",100.5
2024-01-18 19:27:00,VIN-D1049,74.1,82.4,"10.9460,108.4419",90.2
2024-01-18 19:30:00,VIN-D1050,31.4,8.1,"10.8231,106.6297",95.9
2024-01-18 19:33:00,VIN-D1051,34.3,31.4,"12.2388,109.1967",75.5
2024-01-18 19:36:00,VIN-D1052,47.1,66.0,"10.0452,105.7469",103.7
2024-01-18 19:39:00,VIN-D1053,20.3,72.0,"20.8449,106.6881",72.7
2024-01-18 19:42:00,VIN-D1054,117.6,60.0,"16.0544,108.2022",90.8
2024-01-18 19:45:00,VIN-D1055,111.2,35.6,"12.2388,109.1967",88.3
2024-01-18 19:48:00,VIN-D1056,38.8,49.7,"20.8449,106.6881",78.5
2024-01-18 19:51:00,VIN-D1057,90.4,51.5,"16.0544,108.2022",93.7
2024-01-18 19:54:00,VIN-D1058,3.4,34.9,"10.9460,108.4419",93.0
2024-01-18 19:57:00,VIN-D1059,79.2,62.1,"10.0452,105.7469",85.6
2024-01-18 20:00:00,VIN-D1060,52.1,49.6,"21.0285,105.8542",71.6
2024-01-18 20:03:00,VIN-D1061,70.4,62.5,"21.0285,105.8542",82.7
2024-01-18 20:06:00,VIN-D1062,92.6,82.6,"10.0452,105.7469",92.8
2024-01-18 20:09:00,VIN-D1063,117.0,37.4,"20.8449,106.6881",99.7
2024-01-18 20:12:00,VIN-D1064,104.9,55.4,"20.8449,106.6881",94.8
2024-01-18 20:15:00,VIN-D1065,115.7,45.4,"10.8231,106.6297",104.2
2024-01-18 20:18:00,VIN-D1066,50.3,38.9,"10.9460,108.4419",106.3
2024-01-18 20:21:00,VIN-D1067,47.1,91.1,"11.9404,108.4583",103.8
2024-01-18 20:24:00,VIN-D1068,95.7,13.3,"21.0285,105.8542",90.0
2024-01-18 20:27:00,VIN-D1069,15.5,20.7,"16.0544,108.2022",85.2
2024-01-18 20:30:00,VIN-D1070,100.6,32.1,"21.0285,105.8542",91.1
2024-01-18 20:33:00,VIN-D1071,105.2,17.4,"12.2388,109.1967",83.8
2024-01-18 20:36:00,VIN-D1072,35.2,52.7,"10.0452,105.7469",82.9
2024-01-18 20:39:00,VIN-D1073,44.8,37.0,"12.2388,109.1967",95.6
2024-01-18 20:42:00,VIN-D1074,56.5,48.0,"11.9404,108.4583",71.5
2024-01-18 20:45:00,VIN-D1075,53.7,90.0,"11.9404,108.4583",100.9
2024-01-18 20:48:00,VIN-D1076,38.7,90.1,"10.9460,108.4419",105.0
2024-01-18 20:51:00,VIN-D1077,30.2,82.2,"11.9404,108.4583",99.1
2024-01-18 20:54:00,VIN-D1078,90.0,36.4,"16.0544,108.2022",76.8
2024-01-18 20:57:00,VIN-D1079,39.7,82.7,"12.2388,109.1967",86.8
2024-01-18 21:00:00,VIN-D1080,95.2,85.3,"10.8231,106.6297",73.3
2024-01-18 21:03:00,VIN-D1081,59.0,35.8,"16.0544,108.2022",104.1
2024-01-18 21:06:00,VIN-D1082,102.2,61.0,"16.0544,108.2022",94.8
2024-01-18 21:09:00,VIN-D1083,67.5,77.3,"20.8449,106.6881",83.1
2024-01-18 21:12:00,VIN-D1084,19.5,79.7,"20.8449,106.6881",89.9
2024-01-18 21:15:00,VIN-D1085,81.4,60.6,"10.8231,106.6297",75.7
2024-01-18 21:18:00,VIN-D1086,98.4,68.2,"11.9404,108.4583",80.8
2024-01-18 21:21:00,VIN-D1087,52.5,10.6,"12.2388,109.1967",100.4
2024-01-18 21:24:00,VIN-D1088,41.1,72.9,"16.0544,108.2022",81.3
2024-01-18 21:27:00,VIN-D1089,49.8,75.3,"10.9460,108.4419",105.6
2024-01-18 21:30:00,VIN-D1090,26.6,71.0,"11.9404,108.4583",72.8
2024-01-18 21:33:00,VIN-D1091,119.2,69.2,"10.9460,108.4419",85.0
2024-01-18 21:36:00,VIN-D1092,29.7,20.3,"12.2388,109.1967",86.7
2024-01-18 21:39:00,VIN-D1093,37.5,73.7,"16.0544,108.2022",70.9
2024-01-18 21:42:00,VIN-D1094,7.1,38.6,"10.8231,106.6297",85.9
2024-01-18 21:45:00,VIN-D1095,29.5,30.0,"20.8449,106.6881",73.0
2024-01-18 21:48:00,VIN-D1096,63.3,52.3,"10.9460,108.4419",77.6
2024-01-18 21:51:00,VIN-D1097,17.3,22.1,"20.8449,106.6881",106.1
2024-01-18 21:54:00,VIN-D1098,119.6,89.8,"10.0452,105.7469",96.4
2024-01-18 21:57:00,VIN-D1099,83.0,8.9,"21.0285,105.8542",98.5
2024-01-18 22:00:00,VIN-D1100,73.6,50.7,"20.8449,106.6881",71.9
2024-01-18 22:03:00,VIN-D1101,29.4,98.6,"10.0452,105.7469",72.4
2024-01-18 22:06:00,VIN-D1102,97.8,32.7,"21.0285,105.8542",91.2
2024-01-18 22:09:00,VIN-D1103,36.2,44.9,"20.8449,106.6881",72.2
2024-01-18 22:12:00,VIN-D1104,21.7,6.5,"10.0452,105.7469",73.5
2024-01-18 22:15:00,VIN-D1105,56.5,57.6,"10.8231,106.6297",99.2
2024-01-18 22:18:00,VIN-D1106,82.1,11.3,"10.0452,105.7469",107.2
2024-01-18 22:21:00,VIN-D1107,58.3,97.8,"20.8449,106.6881",89.9
2024-01-18 22:24:00,VIN-D1108,54.9,49.1,"10.0452,105.7469",104.1
2024-01-18 22:27:00,VIN-D1109,41.0,95.6,"20.8449,106.6881",82.4
2024-01-18 22:30:00,VIN-D1110,41.8,36.4,"10.8231,106.6297",78.3
2024-01-18 22:33:00,VIN-D1111,107.9,52.9,"11.9404,108.4583",102.2
2024-01-18 22:36:00,VIN-D1112,83.5,24.2,"21.0285,105.8542",74.3
2024-01-18 22:39:00,VIN-D1113,6.1,41.3,"10.0452,105.7469",93.0
2024-01-18 22:42:00,VIN-D1114,44.6,27.3,"10.8231,106.6297",91.5
2024-01-18 22:45:00,VIN-D1115,87.8,17.9,"10.0452,105.7469",77.5
2024-01-18 22:48:00,VIN-D1116,113.5,12.8,"11.9404,108.4583",97.1
2024-01-18 22:51:00,VIN-D1117,118.0,34.6,"11.9404,108.4583",83.5
2024-01-18 22:54:00,VIN-D1118,94.3,49.1,"16.0544,108.2022",85.1
2024-01-18 22:57:00,VIN-D1119,2.1,18.2,"20.8449,106.6881",70.6
2024-01-18 23:00:00,VIN-D1120,52.8,73.1,"11.9404,108.4583",95.3
2024-01-18 23:03:00,VIN-D1121,14.8,83.4,"12.2388,109.1967",102.6
2024-01-18 23:06:00,VIN-D1122,57.3,19.9,"20.8449,106.6881",108.4
2024-01-18 23:09:00,VIN-D1123,67.5,28.2,"12.2388,109.1967",96.4
2024-01-18 23:12:00,VIN-D1124,54.4,88.5,"10.9460,108.4419",80.0
2024-01-18 23:15:00,VIN-D1125,20.9,31.8,"20.8449,106.6881",92.7
2024-01-18 23:18:00,VIN-D1126,99.0,92.2,"11.9404,108.4583",76.7
2024-01-18 23:21:00,VIN-D1127,4.0,26.7,"11.9404,108.4583",90.3
2024-01-18 23:24:00,VIN-D1128,24.7,48.9,"21.0285,105.8542",76.4
2024-01-18 23:27:00,VIN-D1129,65.5,56.0,"21.0285,105.8542",93.7
2024-01-18 23:30:00,VIN-D1130,106.8,73.2,"12.2388,109.1967",103.2
2024-01-18 23:33:00,VIN-D1131,43.0,12.8,"11.9404,108.4583",95.0
2024-01-18 23:36:00,VIN-D1132,8.1,72.2,"12.2388,109.1967",82.5
2024-01-18 23:39:00,VIN-D1133,98.0,67.4,"12.2388,109.1967",109.9
2024-01-18 23:42:00,VIN-D1134,51.9,77.9,"16.0544,108.2022",79.5
2024-01-18 23:45:00,VIN-D1135,70.1,7.9,"21.0285,105.8542",108.7
2024-01-18 23:48:00,VIN-D1136,20.4,87.9,"20.8449,106.6881",89.8
2024-01-18 23:51:00,VIN-D1137,43.9,29.3,"10.8231,106.6297",101.5
2024-01-18 23:54:00,VIN-D1138,60.3,49.6,"10.9460,108.4419",94.0
2024-01-18 23:57:00,VIN-D1139,41.6,9.3,"12.2388,109.1967",85.0
2024-01-19 00:00:00,VIN-D1140,112.7,76.1,"10.0452,105.7469",86.9
2024-01-19 00:03:00,VIN-D1141,17.2,66.0,"11.9404,108.4583",106.1
2024-01-19 00:06:00,VIN-D1142,89.1,91.2,"10.8231,106.6297",72.3
2024-01-19 00:09:00,VIN-D1143,82.9,68.3,"10.9460,108.4419",89.3
2024-01-19 00:12:00,VIN-D1144,85.3,83.7,"10.9460,108.4419",79.7
2024-01-19 00:15:00,VIN-D1145,84.1,45.2,"10.0452,105.7469",74.2
2024-01-19 00:18:00,VIN-D1146,11.7,68.0,"10.8231,106.6297",99.9
2024-01-19 00:21:00,VIN-D1147,70.5,17.1,"21.0285,105.8542",85.4
2024-01-19 00:24:00,VIN-D1148,32.2,50.7,"16.0544,108.2022",89.5
2024-01-19 00:27:00,VIN-D1149,34.6,22.0,"10.0452,105.7469",104.8
2024-01-19 00:30:00,VIN-D1150,91.2,76.7,"10.9460,108.4419",97.5
2024-01-19 00:33:00,VIN-D1151,60.3,92.4,"11.9404,108.4583",97.2
2024-01-19 00:36:00,VIN-D1152,50.7,89.0,"21.0285,105.8542",83.9
2024-01-19 00:39:00,VIN-D1153,89.1,15.4,"11.9404,108.4583",84.6
2024-01-19 00:42:00,VIN-D1154,49.9,44.6,"20.8449,106.6881",86.6
2024-01-19 00:45:00,VIN-D1155,118.3,89.7,"10.8231,106.6297",92.6
2024-01-19 00:48:00,VIN-D1156,50.5,75.9,"20.8449,106.6881",80.0
2024-01-19 00:51:00,VIN-D1157,76.7,37.5,"11.9404,108.4583",82.5
2024-01-19 00:54:00,VIN-D1158,83.5,16.1,"21.0285,105.8542",78.8
2024-01-19 00:57:00,VIN-D1159,70.4,44.5,"10.0452,105.7469",77.5
2024-01-19 01:00:00,VIN-D1160,31.3,40.3,"21.0285,105.8542",90.4
2024-01-19 01:03:00,VIN-D1161,44.8,62.7,"21.0285,105.8542",93.7
2024-01-19 01:06:00,VIN-D1162,9.8,18.8,"20.8449,106.6881",106.1
2024-01-19 01:09:00,VIN-D1163,54.1,75.2,"12.2388,109.1967",92.3
2024-01-19 01:12:00,VIN-D1164,91.2,88.3,"10.9460,108.4419",92.1
2024-01-19 01:15:00,VIN-D1165,63.1,59.3,"20.8449,106.6881",99.6
2024-01-19 01:18:00,VIN-D1166,10.2,45.4,"10.0452,105.7469",72.3
2024-01-19 01:21:00,VIN-D1167,19.4,64.6,"12.2388,109.1967",98.3
2024-01-19 01:24:00,VIN-D1168,46.6,88.1,"16.0544,108.2022",77.2
2024-01-19 01:27:00,VIN-D1169,41.7,58.5,"21.0285,105.8542",86.9
2024-01-19 01:30:00,VIN-D1170,16.0,5.4,"21.0285,105.8542",75.4
2024-01-19 01:33:00,VIN-D1171,33.8,60.7,"10.8231,106.6297",74.4
2024-01-19 01:36:00,VIN-D1172,46.9,97.4,"21.0285,105.8542",92.8
2024-01-19 01:39:00,VIN-D1173,60.3,45.4,"10.9460,108.4419",109.8
2024-01-19 01:42:00,VIN-D1174,78.2,84.5,"11.9404,108.4583",96.7
2024-01-19 01:45:00,VIN-D1175,27.1,41.9,"20.8449,106.6881",101.5
2024-01-19 01:48:00,VIN-D1176,20.9,6.1,"10.0452,105.7469",83.9
2024-01-19 01:51:00,VIN-D1177,56.5,65.9,"11.9404,108.4583",89.6
2024-01-19 01:54:00,VIN-D1178,44.8,63.9,"12.2388,109.1967",76.6
2024-01-19 01:57:00,VIN-D1179,73.0,34.4,"21.0285,105.8542",70.1
2024-01-19 02:00:00,VIN-D1180,35.8,5.8,"10.8231,106.6297",78.7
2024-01-19 02:03:00,VIN-D1181,89.3,49.5,"10.8231,106.6297",78.7
2024-01-19 02:06:00,VIN-D1182,15.3,77.9,"16.0544,108.2022",98.4
2024-01-19 02:09:00,VIN-D1183,36.6,71.0,"20.8449,106.6881",78.3
2024-01-19 02:12:00,VIN-D1184,95.3,17.1,"10.0452,105.7469",101.5
2024-01-19 02:15:00,VIN-D1185,100.7,12.7,"16.0544,108.2022",70.5
2024-01-19 02:18:00,VIN-D1186,29.1,97.7,"10.8231,106.6297",97.5
2024-01-19 02:21:00,VIN-D1187,51.5,83.3,"11.9404,108.4583",90.2
2024-01-19 02:24:00,VIN-D1188,118.2,96.8,"21.0285,105.8542",92.5
2024-01-19 02:27:00,VIN-D1189,24.0,66.7,"21.0285,105.8542",98.4
2024-01-19 02:30:00,VIN-D1190,11.3,93.4,"21.0285,105.8542",88.7
2024-01-19 02:33:00,VIN-D1191,95.4,7.9,"10.0452,105.7469",95.5
2024-01-19 02:36:00,VIN-D1192,50.9,42.4,"20.8449,106.6881",96.0
2024-01-19 02:39:00,VIN-D1193,112.6,33.9,"16.0544,108.2022",90.3
2024-01-19 02:42:00,VIN-D1194,78.0,20.0,"11.9404,108.4583",93.3
2024-01-19 02:45:00,VIN-D1195,33.6,6.0,"10.0452,105.7469",109.1
2024-01-19 02:48:00,VIN-D1196,59.0,9.7,"16.0544,108.2022",96.7
2024-01-19 02:51:00,VIN-D1197,72.1,98.8,"10.8231,106.6297",103.3
2024-01-19 02:54:00,VIN-D1198,58.9,25.8,"10.0452,105.7469",96.7
2024-01-19 02:57:00,VIN-D1199,12.9,24.1,"12.2388,109.1967",99.6
2024-01-19 03:00:00,VIN-D1200,15.1,70.5,"11.9404,108.4583",86.6
2024-01-19 03:03:00,VIN-D1201,99.7,60.3,"11.9404,108.4583",71.9
2024-01-19 03:06:00,VIN-D1202,96.7,79.4,"10.0452,105.7469",72.2
2024-01-19 03:09:00,VIN-D1203,48.3,48.2,"10.8231,106.6297",88.2
2024-01-19 03:12:00,VIN-D1204,8.0,71.6,"20.8449,106.6881",83.2
2024-01-19 03:15:00,VIN-D1205,34.1,86.2,"12.2388,109.1967",101.8
2024-01-19 03:18:00,VIN-D1206,72.4,52.5,"16.0544,108.2022",102.0
2024-01-19 03:21:00,VIN-D1207,71.9,53.0,"16.0544,108.2022",106.4
2024-01-19 03:24:00,VIN-D1208,108.8,12.0,"21.0285,105.8542",81.1
2024-01-19 03:27:00,VIN-D1209,56.0,52.2,"12.2388,109.1967",93.0
2024-01-19 03:30:00,VIN-D1210,29.5,74.0,"20.8449,106.6881",104.3
2024-01-19 03:33:00,VIN-D1211,52.9,84.7,"16.0544,108.2022",90.3
2024-01-19 03:36:00,VIN-D1212,119.4,96.1,"20.8449,106.6881",74.3
2024-01-19 03:39:00,VIN-D1213,68.1,36.1,"12.2388,109.1967",98.3
2024-01-19 03:42:00,VIN-D1214,67.6,82.4,"16.0544,108.2022",92.5
2024-01-19 03:45:00,VIN-D1215,67.4,30.0,"12.2388,109.1967",77.6
2024-01-19 03:48:00,VIN-D1216,102.3,82.4,"11.9404,108.4583",88.3
2024-01-19 03:51:00,VIN-D1217,100.0,98.7,"20.8449,106.6881",73.1
2024-01-19 03:54:00,VIN-D1218,105.8,92.3,"20.8449,106.6881",83.7
2024-01-19 03:57:00,VIN-D1219,40.8,78.8,"10.8231,106.6297",98.3
2024-01-19 04:00:00,VIN-D1220,69.9,13.6,"11.9404,108.4583",93.8
2024-01-19 04:03:00,VIN-D1221,86.4,75.8,"10.0452,105.7469",75.7
2024-01-19 04:06:00,VIN-D1222,25.0,71.2,"11.9404,108.4583",108.4
2024-01-19 04:09:00,VIN-D1223,90.8,76.9,"20.8449,106.6881",102.3
2024-01-19 04:12:00,VIN-D1224,110.8,60.0,"12.2388,109.1967",73.5
2024-01-19 04:15:00,VIN-D1225,76.5,7.9,"20.8449,106.6881",74.2
2024-01-19 04:18:00,VIN-D1226,93.0,68.8,"20.8449,106.6881",71.4
2024-01-19 04:21:00,VIN-D1227,63.7,55.8,"10.9460,108.4419",75.4
2024-01-19 04:24:00,VIN-D1228,80.3,7.8,"10.0452,105.7469",107.1
2024-01-19 04:27:00,VIN-D1229,85.4,57.3,"21.0285,105.8542",107.7
2024-01-19 04:30:00,VIN-D1230,19.0,77.0,"20.8449,106.6881",85.8
2024-01-19 04:33:00,VIN-D1231,57.2,98.0,"10.9460,108.4419",76.6
2024-01-19 04:36:00,VIN-D1232,2.1,66.5,"10.0452,105.7469",81.8
2024-01-19 04:39:00,VIN-D1233,30.0,26.3,"20.8449,106.6881",84.5
2024-01-19 04:42:00,VIN-D1234,58.0,48.7,"21.0285,105.8542",93.2
2024-01-19 04:45:00,VIN-D1235,83.6,38.0,"11.9404,108.4583",89.6
2024-01-19 04:48:00,VIN-D1236,34.4,86.9,"10.0452,105.7469",93.6
2024-01-19 04:51:00,VIN-D1237,58.7,8.2,"12.2388,109.1967",85.6
2024-01-19 04:54:00,VIN-D1238,54.1,62.1,"21.0285,105.8542",85.7
2024-01-19 04:57:00,VIN-D1239,87.1,5.5,"11.9404,108.4583",80.8
2024-01-19 05:00:00,VIN-D1240,51.1,57.2,"10.9460,108.4419",99.9
2024-01-19 05:03:00,VIN-D1241,28.9,67.8,"11.9404,108.4583",90.7
2024-01-19 05:06:00,VIN-D1242,60.3,55.7,"10.8231,106.6297",104.0
2024-01-19 05:09:00,VIN-D1243,39.7,98.2,"16.0544,108.2022",108.7
2024-01-19 05:12:00,VIN-D1244,96.1,45.1,"20.8449,106.6881",75.1
2024-01-19 05:15:00,VIN-D1245,32.7,52.1,"10.8231,106.6297",97.5
2024-01-19 05:18:00,VIN-D1246,67.6,54.0,"12.2388,109.1967",70.6
2024-01-19 05:21:00,VIN-D1247,10.9,32.9,"21.0285,105.8542",103.3
2024-01-19 05:24:00,VIN-D1248,73.0,49.4,"10.8231,106.6297",71.6
2024-01-19 05:27:00,VIN-D1249,8.4,60.1,"10.8231,106.6297",108.6
2024-01-19 05:30:00,VIN-D1250,111.0,47.8,"11.9404,108.4583",80.3
2024-01-19 05:33:00,VIN-D1251,52.9,77.0,"10.0452,105.7469",95.2
2024-01-19 05:36:00,VIN-D1252,87.4,31.9,"20.8449,106.6881",100.1
2024-01-19 05:39:00,VIN-D1253,27.8,59.5,"10.8231,106.6297",92.2
2024-01-19 05:42:00,VIN-D1254,33.2,25.0,"11.9404,108.4583",107.9
2024-01-19 05:45:00,VIN-D1255,45.4,11.4,"10.0452,105.7469",75.7
2024-01-19 05:48:00,VIN-D1256,24.1,6.3,"12.2388,109.1967",75.0
2024-01-19 05:51:00,VIN-D1257,79.2,65.6,"16.0544,108.2022",84.3
2024-01-19 05:54:00,VIN-D1258,8.1,13.2,"10.8231,106.6297",77.9
2024-01-19 05:57:00,VIN-D1259,42.4,33.5,"10.8231,106.6297",93.1
2024-01-19 06:00:00,VIN-D1260,19.9,59.9,"21.0285,105.8542",103.0
2024-01-19 06:03:00,VIN-D1261,37.6,47.6,"10.8231,106.6297",99.1
2024-01-19 06:06:00,VIN-D1262,27.4,78.3,"10.0452,105.7469",92.3
2024-01-19 06:09:00,VIN-D1263,85.2,69.5,"10.9460,108.4419",85.6
2024-01-19 06:12:00,VIN-D1264,51.6,99.4,"20.8449,106.6881",103.3
2024-01-19 06:15:00,VIN-D1265,101.0,54.7,"11.9404,108.4583",105.9
2024-01-19 06:18:00,VIN-D1266,100.5,90.0,"12.2388,109.1967",70.7
2024-01-19 06:21:00,VIN-D1267,25.5,63.1,"10.9460,108.4419",92.0
2024-01-19 06:24:00,VIN-D1268,64.1,32.2,"10.0452,105.7469",70.9
2024-01-19 06:27:00,VIN-D1269,12.0,23.7,"10.0452,105.7469",76.4
2024-01-19 06:30:00,VIN-D1270,90.7,68.1,"10.9460,108.4419",98.2
2024-01-19 06:33:00,VIN-D1271,21.6,76.5,"10.0452,105.7469",90.4
2024-01-19 06:36:00,VIN-D1272,105.3,49.8,"11.9404,108.4583",107.3
2024-01-19 06:39:00,VIN-D1273,67.1,57.3,"21.0285,105.8542",78.9
2024-01-19 06:42:00,VIN-D1274,99.0,15.0,"10.9460,108.4419",90.4
2024-01-19 06:45:00,VIN-D1275,6.8,46.6,"10.9460,108.4419",86.2
2024-01-19 06:48:00,VIN-D1276,54.3,11.8,"16.0544,108.2022",109.5
2024-01-19 06:51:00,VIN-D1277,93.9,82.2,"16.0544,108.2022",100.5
2024-01-19 06:54:00,VIN-D1278,104.9,10.6,"16.0544,108.2022",91.2
2024-01-19 06:57:00,VIN-D1279,117.9,47.2,"10.9460,108.4419",80.8
2024-01-19 07:00:00,VIN-D1280,42.9,64.3,"16.0544,108.2022",79.5
2024-01-19 07:03:00,VIN-D1281,100.3,24.9,"10.8231,106.6297",85.1
2024-01-19 07:06:00,VIN-D1282,58.7,50.8,"16.0544,108.2022",80.7
2024-01-19 07:09:00,VIN-D1283,71.7,67.9,"16.0544,108.2022",85.1
2024-01-19 07:12:00,VIN-D1284,41.0,88.6,"21.0285,105.8542",77.6
2024-01-19 07:15:00,VIN-D1285,48.6,59.7,"20.8449,106.6881",89.1
2024-01-19 07:18:00,VIN-D1286,31.1,39.5,"12.2388,109.1967",82.7
2024-01-19 07:21:00,VIN-D1287,54.3,77.7,"11.9404,108.4583",87.7
2024-01-19 07:24:00,VIN-D1288,36.1,81.6,"16.0544,108.2022",109.3
2024-01-19 07:27:00,VIN-D1289,38.8,73.4,"10.8231,106.6297",98.3
2024-01-19 07:30:00,VIN-D1290,98.0,39.7,"21.0285,105.8542",100.5
2024-01-19 07:33:00,VIN-D1291,12.4,15.7,"20.8449,106.6881",89.1
2024-01-19 07:36:00,VIN-D1292,30.0,27.1,"11.9404,108.4583",73.0
2024-01-19 07:39:00,VIN-D1293,55.2,32.3,"20.8449,106.6881",89.8
2024-01-19 07:42:00,VIN-D1294,4.4,40.0,"20.8449,106.6881",100.0
2024-01-19 07:45:00,VIN-D1295,101.6,55.5,"10.0452,105.7469",90.2
2024-01-19 07:48:00,VIN-D1296,25.1,11.4,"10.0452,105.7469",80.4
2024-01-19 07:51:00,VIN-D1297,38.8,10.8,"10.9460,108.4419",82.8
2024-01-19 07:54:00,VIN-D1298,114.4,9.9,"12.2388,109.1967",99.9
2024-01-19 07:57:00,VIN-D1299,108.0,40.8,"10.0452,105.7469",104.2
2024-01-19 08:00:00,VIN-D1300,93.3,59.9,"10.0452,105.7469",82.0
2024-01-19 08:03:00,VIN-D1301,116.6,39.2,"12.2388,109.1967",100.8
2024-01-19 08:06:00,VIN-D1302,54.2,37.2,"11.9404,108.4583",104.5
2024-01-19 08:09:00,VIN-D1303,104.9,73.6,"16.0544,108.2022",86.1
2024-01-19 08:12:00,VIN-D1304,64.2,5.7,"10.0452,105.7469",102.2
2024-01-19 08:15:00,VIN-D1305,115.4,99.6,"16.0544,108.2022",88.6
2024-01-19 08:18:00,VIN-D1306,45.3,68.2,"20.8449,106.6881",100.9
2024-01-19 08:21:00,VIN-D1307,85.8,70.4,"20.8449,106.6881",93.2
2024-01-19 08:24:00,VIN-D1308,55.5,74.9,"10.9460,108.4419",86.7
2024-01-19 08:27:00,VIN-D1309,96.7,95.5,"10.0452,105.7469",95.3
2024-01-19 08:30:00,VIN-D1310,3.0,70.0,"11.9404,108.4583",96.1
2024-01-19 08:33:00,VIN-D1311,33.5,58.2,"10.9460,108.4419",100.1
2024-01-19 08:36:00,VIN-D1312,83.4,44.3,"21.0285,105.8542",92.8
2024-01-19 08:39:00,VIN-D1313,104.1,92.2,"16.0544,108.2022",77.2
2024-01-19 08:42:00,VIN-D1314,68.6,31.6,"16.0544,108.2022",107.3
2024-01-19 08:45:00,VIN-D1315,84.2,18.3,"10.8231,106.6297",104.7
2024-01-19 08:48:00,VIN-D1316,91.7,86.3,"16.0544,108.2022",83.9
2024-01-19 08:51:00,VIN-D1317,82.2,28.8,"21.0285,105.8542",106.5
2024-01-19 08:54:00,VIN-D1318,43.3,37.5,"12.2388,109.1967",72.6
2024-01-19 08:57:00,VIN-D1319,64.7,20.6,"10.0452,105.7469",73.4
2024-01-19 09:00:00,VIN-D1320,91.9,9.9,"10.0452,105.7469",83.9
2024-01-19 09:03:00,VIN-D1321,27.0,24.3,"16.0544,108.2022",90.2
2024-01-19 09:06:00,VIN-D1322,51.7,23.1,"12.2388,109.1967",104.8
2024-01-19 09:09:00,VIN-D1323,1.1,98.5,"20.8449,106.6881",84.4
2024-01-19 09:12:00,VIN-D1324,12.0,83.7,"20.8449,106.6881",96.2
2024-01-19 09:15:00,VIN-D1325,11.1,19.0,"11.9404,108.4583",72.4
2024-01-19 09:18:00,VIN-D1326,50.1,85.8,"20.8449,106.6881",106.3
2024-01-19 09:21:00,VIN-D1327,37.6,32.8,"10.0452,105.7469",81.9
2024-01-19 09:24:00,VIN-D1328,46.4,70.1,"16.0544,108.2022",78.4
2024-01-19 09:27:00,VIN-D1329,69.2,85.8,"10.9460,108.4419",77.1
2024-01-19 09:30:00,VIN-D1330,71.8,66.9,"12.2388,109.1967",85.8
2024-01-19 09:33:00,VIN-D1331,111.9,68.1,"20.8449,106.6881",78.4
2024-01-19 09:36:00,VIN-D1332,47.6,28.2,"12.2388,109.1967",85.5
2024-01-19 09:39:00,VIN-D1333,12.4,20.0,"20.8449,106.6881",108.7
2024-01-19 09:42:00,VIN-D1334,18.3,78.1,"10.0452,105.7469",107.8
2024-01-19 09:45:00,VIN-D1335,84.1,43.5,"10.8231,106.6297",90.6
2024-01-19 09:48:00,VIN-D1336,97.2,79.4,"10.9460,108.4419",81.3
2024-01-19 09:51:00,VIN-D1337,9.7,13.6,"10.0452,105.7469",80.2
2024-01-19 09:54:00,VIN-D1338,78.2,26.1,"10.8231,106.6297",79.1
2024-01-19 09:57:00,VIN-D1339,11.4,72.8,"21.0285,105.8542",85.5
2024-01-19 10:00:00,VIN-D1340,28.2,40.7,"16.0544,108.2022",109.4
2024-01-19 10:03:00,VIN-D1341,116.5,54.8,"11.9404,108.4583",103.5
2024-01-19 10:06:00,VIN-D1342,36.7,32.6,"10.8231,106.6297",91.3
2024-01-19 10:09:00,VIN-D1343,39.8,63.5,"20.8449,106.6881",76.1
2024-01-19 10:12:00,VIN-D1344,107.4,38.4,"21.0285,105.8542",95.4
2024-01-19 10:15:00,VIN-D1345,61.4,55.1,"21.0285,105.8542",71.5
2024-01-19 10:18:00,VIN-D1346,87.7,78.5,"10.8231,106.6297",99.6
2024-01-19 10:21:00,VIN-D1347,94.8,22.4,"20.8449,106.6881",105.6
2024-01-19 10:24:00,VIN-D1348,35.5,61.2,"21.0285,105.8542",87.7
2024-01-19 10:27:00,VIN-D1349,73.5,36.9,"21.0285,105.8542",106.4
2024-01-19 10:30:00,VIN-D1350,86.3,89.7,"16.0544,108.2022",106.1
2024-01-19 10:33:00,VIN-D1351,33.3,96.6,"20.8449,106.6881",85.6
2024-01-19 10:36:00,VIN-D1352,59.0,56.7,"11.9404,108.4583",109.5
2024-01-19 10:39:00,VIN-D1353,104.8,26.0,"16.0544,108.2022",106.4
2024-01-19 10:42:00,VIN-D1354,51.7,10.3,"16.0544,108.2022",106.4
2024-01-19 10:45:00,VIN-D1355,32.9,90.2,"10.0452,105.7469",83.9
2024-01-19 10:48:00,VIN-D1356,89.1,85.5,"10.8231,106.6297",88.4
2024-01-19 10:51:00,VIN-D1357,96.0,66.0,"10.8231,106.6297",97.5
2024-01-19 10:54:00,VIN-D1358,90.7,63.6,"11.9404,108.4583",71.0
2024-01-19 10:57:00,VIN-D1359,29.3,67.6,"11.9404,108.4583",95.5
2024-01-19 11:00:00,VIN-D1360,89.9,84.9,"20.8449,106.6881",87.8
2024-01-19 11:03:00,VIN-D1361,30.3,37.3,"10.0452,105.7469",96.3
2024-01-19 11:06:00,VIN-D1362,93.1,52.5,"21.0285,105.8542",80.2
2024-01-19 11:09:00,VIN-D1363,69.0,35.1,"12.2388,109.1967",99.4
2024-01-19 11:12:00,VIN-D1364,7.9,58.5,"16.0544,108.2022",81.7
2024-01-19 11:15:00,VIN-D1365,91.0,21.9,"10.8231,106.6297",102.8
2024-01-19 11:18:00,VIN-D1366,21.6,96.0,"21.0285,105.8542",84.3
2024-01-19 11:21:00,VIN-D1367,78.4,9.5,"11.9404,108.4583",75.5
2024-01-19 11:24:00,VIN-D1368,101.4,87.9,"10.8231,106.6297",74.8
2024-01-19 11:27:00,VIN-D1369,97.8,44.6,"20.8449,106.6881",76.6
2024-01-19 11:30:00,VIN-D1370,115.8,85.8,"10.8231,106.6297",89.1
2024-01-19 11:33:00,VIN-D1371,27.4,72.7,"12.2388,109.1967",100.0
2024-01-19 11:36:00,VIN-D1372,72.0,27.0,"12.2388,109.1967",79.5
2024-01-19 11:39:00,VIN-D1373,29.6,96.6,"16.0544,108.2022",84.6
2024-01-19 11:42:00,VIN-D1374,89.0,21.0,"12.2388,109.1967",94.0
2024-01-19 11:45:00,VIN-D1375,97.7,79.9,"10.0452,105.7469",92.4
2024-01-19 11:48:00,VIN-D1376,60.7,31.8,"10.8231,106.6297",100.3
2024-01-19 11:51:00,VIN-D1377,111.8,97.4,"10.0452,105.7469",89.3
2024-01-19 11:54:00,VIN-D1378,47.2,29.4,"12.2388,109.1967",76.2
2024-01-19 11:57:00,VIN-D1379,87.8,77.0,"10.8231,106.6297",77.6
2024-01-19 12:00:00,VIN-D1380,118.2,54.7,"12.2388,109.1967",102.8
2024-01-19 12:03:00,VIN-D1381,34.5,44.1,"10.0452,105.7469",103.2
2024-01-19 12:06:00,VIN-D1382,70.9,9.4,"11.9404,108.4583",102.5
2024-01-19 12:09:00,VIN-D1383,39.9,10.4,"12.2388,109.1967",107.5
2024-01-19 12:12:00,VIN-D1384,61.3,52.1,"21.0285,105.8542",83.4
2024-01-19 12:15:00,VIN-D1385,3.3,34.9,"16.0544,108.2022",106.5
2024-01-19 12:18:00,VIN-D1386,56.0,21.2,"10.8231,106.6297",94.6
2024-01-19 12:21:00,VIN-D1387,58.0,32.4,"10.9460,108.4419",92.9
2024-01-19 12:24:00,VIN-D1388,27.8,15.2,"21.0285,105.8542",88.9
2024-01-19 12:27:00,VIN-D1389,58.1,28.9,"10.8231,106.6297",71.2
2024-01-19 12:30:00,VIN-D1390,85.2,38.9,"12.2388,109.1967",106.6
2024-01-19 12:33:00,VIN-D1391,63.6,36.3,"10.9460,108.4419",100.2
2024-01-19 12:36:00,VIN-D1392,57.5,79.2,"20.8449,106.6881",86.2
2024-01-19 12:39:00,VIN-D1393,113.5,47.0,"10.0452,105.7469",85.8
2024-01-19 12:42:00,VIN-D1394,87.6,77.9,"10.9460,108.4419",80.5
2024-01-19 12:45:00,VIN-D1395,17.8,58.0,"10.8231,106.6297",77.7
2024-01-19 12:48:00,VIN-D1396,62.0,25.0,"16.0544,108.2022",84.2
2024-01-19 12:51:00,VIN-D1397,102.9,80.1,"12.2388,109.1967",70.2
2024-01-19 12:54:00,VIN-D1398,25.9,28.5,"11.9404,108.4583",74.7
2024-01-19 12:57:00,VIN-D1399,2.2,42.6,"11.9404,108.4583",89.3
2024-01-19 13:00:00,VIN-D1400,52.9,17.6,"20.8449,106.6881",86.7
2024-01-19 13:03:00,VIN-D1401,34.8,58.1,"10.8231,106.6297",78.7
2024-01-19 13:06:00,VIN-D1402,88.9,45.6,"20.8449,106.6881",88.8
2024-01-19 13:09:00,VIN-D1403,8.3,34.9,"12.2388,109.1967",103.4
2024-01-19 13:12:00,VIN-D1404,66.4,28.6,"10.0452,105.7469",89.5
2024-01-19 13:15:00,VIN-D1405,106.4,19.9,"10.0452,105.7469",100.2
2024-01-19 13:18:00,VIN-D1406,26.4,24.9,"11.9404,108.4583",79.6
2024-01-19 13:21:00,VIN-D1407,44.0,75.3,"20.8449,106.6881",71.7
2024-01-19 13:24:00,VIN-D1408,78.4,98.3,"10.0452,105.7469",77.2
2024-01-19 13:27:00,VIN-D1409,96.7,84.5,"10.0452,105.7469",81.6
2024-01-19 13:30:00,VIN-D1410,103.8,13.8,"12.2388,109.1967",94.8
2024-01-19 13:33:00,VIN-D1411,72.3,84.4,"12.2388,109.1967",88.2
2024-01-19 13:36:00,VIN-D1412,39.5,74.1,"10.0452,105.7469",96.9
2024-01-19 13:39:00,VIN-D1413,78.5,86.3,"10.8231,106.6297",81.0
2024-01-19 13:42:00,VIN-D1414,70.6,63.5,"20.8449,106.6881",88.4
2024-01-19 13:45:00,VIN-D1415,8.1,34.5,"20.8449,106.6881",109.1
2024-01-19 13:48:00,VIN-D1416,40.4,50.5,"10.9460,108.4419",79.3
2024-01-19 13:51:00,VIN-D1417,46.2,79.1,"10.8231,106.6297",96.5
2024-01-19 13:54:00,VIN-D1418,92.8,28.8,"11.9404,108.4583",88.8
2024-01-19 13:57:00,VIN-D1419,109.0,43.1,"21.0285,105.8542",106.9
2024-01-19 14:00:00,VIN-D1420,62.3,75.9,"12.2388,109.1967",102.4
2024-01-19 14:03:00,VIN-D1421,84.7,52.2,"11.9404,108.4583",87.2
2024-01-19 14:06:00,VIN-D1422,76.7,89.6,"10.8231,106.6297",89.0
2024-01-19 14:09:00,VIN-D1423,85.6,20.3,"21.0285,105.8542",105.9
2024-01-19 14:12:00,VIN-D1424,60.3,80.3,"10.9460,108.4419",96.5
2024-01-19 14:15:00,VIN-D1425,96.2,69.4,"20.8449,106.6881",108.1
2024-01-19 14:18:00,VIN-D1426,69.1,14.6,"11.9404,108.4583",90.3
2024-01-19 14:21:00,VIN-D1427,21.7,44.0,"12.2388,109.1967",100.5
2024-01-19 14:24:00,VIN-D1428,14.2,30.1,"11.9404,108.4583",87.6
2024-01-19 14:27:00,VIN-D1429,66.7,72.8,"10.9460,108.4419",107.3
2024-01-19 14:30:00,VIN-D1430,13.2,18.8,"11.9404,108.4583",102.4
2024-01-19 14:33:00,VIN-D1431,83.3,57.2,"21.0285,105.8542",92.1
2024-01-19 14:36:00,VIN-D1432,17.2,78.2,"21.0285,105.8542",76.6
2024-01-19 14:39:00,VIN-D1433,58.9,58.4,"11.9404,108.4583",106.5
2024-01-19 14:42:00,VIN-D1434,19.8,59.9,"21.0285,105.8542",95.0
2024-01-19 14:45:00,VIN-D1435,48.5,65.6,"12.2388,109.1967",74.0
2024-01-19 14:48:00,VIN-D1436,83.5,69.4,"11.9404,108.4583",105.0
2024-01-19 14:51:00,VIN-D1437,23.2,72.8,"10.8231,106.6297",98.2
2024-01-19 14:54:00,VIN-D1438,33.4,48.3,"20.8449,106.6881",78.1
2024-01-19 14:57:00,VIN-D1439,63.6,40.0,"20.8449,106.6881",108.8
2024-01-19 15:00:00,VIN-D1440,2.6,83.1,"20.8449,106.6881",100.1
2024-01-19 15:03:00,VIN-D1441,100.2,29.3,"21.0285,105.8542",80.8
2024-01-19 15:06:00,VIN-D1442,36.7,5.5,"12.2388,109.1967",71.4
2024-01-19 15:09:00,VIN-D1443,53.3,44.0,"16.0544,108.2022",79.5
2024-01-19 15:12:00,VIN-D1444,103.4,16.7,"20.8449,106.6881",82.5
2024-01-19 15:15:00,VIN-D1445,93.1,47.2,"10.9460,108.4419",76.4
2024-01-19 15:18:00,VIN-D1446,49.3,75.4,"16.0544,108.2022",99.3
2024-01-19 15:21:00,VIN-D1447,60.4,90.3,"12.2388,109.1967",76.2
2024-01-19 15:24:00,VIN-D1448,110.9,75.6,"12.2388,109.1967",109.8
2024-01-19 15:27:00,VIN-D1449,85.3,59.7,"16.0544,108.2022",105.8
2024-01-19 15:30:00,VIN-D1450,45.0,80.7,"10.9460,108.4419",97.6
2024-01-19 15:33:00,VIN-D1451,97.5,43.7,"11.9404,108.4583",109.7
2024-01-19 15:36:00,VIN-D1452,53.4,94.3,"10.9460,108.4419",103.5
2024-01-19 15:39:00,VIN-D1453,84.3,94.3,"10.0452,105.7469",108.2
2024-01-19 15:42:00,VIN-D1454,58.1,11.4,"10.8231,106.6297",103.6
2024-01-19 15:45:00,VIN-D1455,38.7,97.5,"16.0544,108.2022",84.2
2024-01-19 15:48:00,VIN-D1456,85.7,10.2,"20.8449,106.6881",97.7
2024-01-19 15:51:00,VIN-D1457,59.5,16.4,"11.9404,108.4583",77.8
2024-01-19 15:54:00,VIN-D1458,48.2,77.9,"21.0285,105.8542",89.0
2024-01-19 15:57:00,VIN-D1459,111.4,71.6,"12.2388,109.1967",72.5
2024-01-19 16:00:00,VIN-D1460,111.0,38.3,"10.8231,106.6297",71.9
2024-01-19 16:03:00,VIN-D1461,14.5,90.5,"20.8449,106.6881",97.3
2024-01-19 16:06:00,VIN-D1462,101.6,49.2,"16.0544,108.2022",89.2
2024-01-19 16:09:00,VIN-D1463,120.0,46.6,"16.0544,108.2022",105.3
2024-01-19 16:12:00,VIN-D1464,69.1,72.1,"10.9460,108.4419",74.1
2024-01-19 16:15:00,VIN-D1465,51.6,75.4,"11.9404,108.4583",70.4
2024-01-19 16:18:00,VIN-D1466,104.8,77.3,"16.0544,108.2022",110.0
2024-01-19 16:21:00,VIN-D1467,55.0,59.1,"10.8231,106.6297",97.5
2024-01-19 16:24:00,VIN-D1468,25.3,57.0,"21.0285,105.8542",89.5
2024-01-19 16:27:00,VIN-D1469,86.3,48.9,"16.0544,108.2022",107.3
2024-01-19 16:30:00,VIN-D1470,20.2,89.0,"10.8231,106.6297",75.8
2024-01-19 16:33:00,VIN-D1471,41.7,28.4,"21.0285,105.8542",85.9
2024-01-19 16:36:00,VIN-D1472,118.1,27.1,"21.0285,105.8542",82.7
2024-01-19 16:39:00,VIN-D1473,37.1,45.0,"10.9460,108.4419",75.0
2024-01-19 16:42:00,VIN-D1474,50.2,83.5,"20.8449,106.6881",102.3
2024-01-19 16:45:00,VIN-D1475,118.7,53.7,"10.8231,106.6297",97.3
2024-01-19 16:48:00,VIN-D1476,52.3,7.0,"21.0285,105.8542",82.8
2024-01-19 16:51:00,VIN-D1477,95.5,38.3,"16.0544,108.2022",85.7
2024-01-19 16:54:00,VIN-D1478,7.8,29.4,"10.9460,108.4419",79.1
2024-01-19 16:57:00,VIN-D1479,103.8,19.7,"10.8231,106.6297",102.6
2024-01-19 17:00:00,VIN-D1480,85.5,41.5,"20.8449,106.6881",86.2
2024-01-19 17:03:00,VIN-D1481,38.8,67.3,"11.9404,108.4583",79.4
2024-01-19 17:06:00,VIN-D1482,76.2,31.4,"21.0285,105.8542",97.7
2024-01-19 17:09:00,VIN-D1483,49.4,58.7,"10.0452,105.7469",83.4
2024-01-19 17:12:00,VIN-D1484,84.2,94.8,"20.8449,106.6881",106.5
2024-01-19 17:15:00,VIN-D1485,56.0,68.2,"11.9404,108.4583",92.2
2024-01-19 17:18:00,VIN-D1486,8.1,97.7,"10.8231,106.6297",108.1
2024-01-19 17:21:00,VIN-D1487,54.4,22.7,"10.0452,105.7469",85.1
2024-01-19 17:24:00,VIN-D1488,96.8,86.4,"20.8449,106.6881",81.9
2024-01-19 17:27:00,VIN-D1489,39.9,40.4,"20.8449,106.6881",74.4
2024-01-19 17:30:00,VIN-D1490,14.3,46.8,"11.9404,108.4583",96.6
2024-01-19 17:33:00,VIN-D1491,117.8,5.8,"16.0544,108.2022",94.9
2024-01-19 17:36:00,VIN-D1492,44.8,58.4,"10.9460,108.4419",105.6
2024-01-19 17:39:00,VIN-D1493,32.0,13.8,"10.0452,105.7469",83.7
2024-01-19 17:42:00,VIN-D1494,80.8,60.3,"20.8449,106.6881",96.2
2024-01-19 17:45:00,VIN-D1495,111.9,35.2,"20.8449,106.6881",93.9
2024-01-19 17:48:00,VIN-D1496,104.9,28.4,"20.8449,106.6881",71.0
2024-01-19 17:51:00,VIN-D1497,45.9,22.8,"11.9404,108.4583",72.5
2024-01-19 17:54:00,VIN-D1498,10.5,81.0,"10.9460,108.4419",97.8
2024-01-19 17:57:00,VIN-D1499,43.6,87.3,"10.0452,105.7469",89.0
2024-01-19 18:00:00,VIN-D1500,62.5,60.9,"10.0452,105.7469",72.7
2024-01-19 18:03:00,VIN-D1501,117.5,48.2,"10.0452,105.7469",80.7
2024-01-19 18:06:00,VIN-D1502,104.2,81.7,"11.9404,108.4583",91.2
2024-01-19 18:09:00,VIN-D1503,2.4,11.3,"10.9460,108.4419",86.9
2024-01-19 18:12:00,VIN-D1504,19.1,23.7,"12.2388,109.1967",86.7
2024-01-19 18:15:00,VIN-D1505,10.7,31.3,"20.8449,106.6881",73.1
2024-01-19 18:18:00,VIN-D1506,17.8,71.5,"20.8449,106.6881",100.8
2024-01-19 18:21:00,VIN-D1507,29.8,82.2,"16.0544,108.2022",103.9
2024-01-19 18:24:00,VIN-D1508,94.9,90.8,"10.9460,108.4419",71.6
2024-01-19 18:27:00,VIN-D1509,81.2,14.0,"10.8231,106.6297",74.3
2024-01-19 18:30:00,VIN-D1510,63.4,15.3,"10.9460,108.4419",72.9
2024-01-19 18:33:00,VIN-D1511,67.0,30.9,"12.2388,109.1967",79.9
2024-01-19 18:36:00,VIN-D1512,92.2,95.1,"21.0285,105.8542",102.4
2024-01-19 18:39:00,VIN-D1513,107.3,54.0,"10.9460,108.4419",100.2
2024-01-19 18:42:00,VIN-D1514,72.2,5.8,"10.8231,106.6297",90.8
2024-01-19 18:45:00,VIN-D1515,2.2,53.9,"10.8231,106.6297",83.2
2024-01-19 18:48:00,VIN-D1516,78.5,99.0,"10.8231,106.6297",91.9
2024-01-19 18:51:00,VIN-D1517,32.1,23.3,"12.2388,109.1967",98.5
2024-01-19 18:54:00,VIN-D1518,3.0,99.4,"21.0285,105.8542",97.8
2024-01-19 18:57:00,VIN-D1519,107.2,37.2,"10.0452,105.7469",83.7
2024-01-19 19:00:00,VIN-D1520,77.0,73.5,"20.8449,106.6881",102.4
2024-01-19 19:03:00,VIN-D1521,71.0,8.6,"16.0544,108.2022",108.5
2024-01-19 19:06:00,VIN-D1522,93.3,100.0,"21.0285,105.8542",86.4
2024-01-19 19:09:00,VIN-D1523,49.8,33.8,"10.8231,106.6297",105.6
2024-01-19 19:12:00,VIN-D1524,115.3,12.1,"12.2388,109.1967",106.2
2024-01-19 19:15:00,VIN-D1525,115.5,83.8,"12.2388,109.1967",75.8
2024-01-19 19:18:00,VIN-D1526,13.8,72.0,"11.9404,108.4583",92.6
2024-01-19 19:21:00,VIN-D1527,103.7,42.7,"16.0544,108.2022",72.1
2024-01-19 19:24:00,VIN-D1528,98.2,30.4,"12.2388,109.1967",93.4
2024-01-19 19:27:00,VIN-D1529,82.8,35.5,"21.0285,105.8542",103.9
2024-01-19 19:30:00,VIN-D1530,46.7,86.9,"16.0544,108.2022",70.0
2024-01-19 19:33:00,VIN-D1531,26.9,73.8,"12.2388,109.1967",99.8
2024-01-19 19:36:00,VIN-D1532,44.3,97.0,"11.9404,108.4583",89.8
2024-01-19 19:39:00,VIN-D1533,108.2,16.4,"20.8449,106.6881",85.6
2024-01-19 19:42:00,VIN-D1534,58.9,86.8,"21.0285,105.8542",78.4
2024-01-19 19:45:00,VIN-D1535,34.2,59.6,"11.9404,108.4583",104.0
2024-01-19 19:48:00,VIN-D1536,36.4,93.1,"20.8449,106.6881",81.6
2024-01-19 19:51:00,VIN-D1537,12.1,30.7,"10.8231,106.6297",91.1
2024-01-19 19:54:00,VIN-D1538,17.3,73.8,"11.9404,108.4583",77.6
2024-01-19 19:57:00,VIN-D1539,106.5,78.0,"10.0452,105.7469",70.9
2024-01-19 20:00:00,VIN-D1540,119.5,99.4,"10.9460,108.4419",85.4
2024-01-19 20:03:00,VIN-D1541,11.3,22.7,"21.0285,105.8542",105.7
2024-01-19 20:06:00,VIN-D1542,80.3,59.0,"11.9404,108.4583",89.6
2024-01-19 20:09:00,VIN-D1543,38.5,42.7,"10.8231,106.6297",97.5
2024-01-19 20:12:00,VIN-D1544,102.6,24.0,"10.0452,105.7469",82.5
2024-01-19 20:15:00,VIN-D1545,115.7,54.2,"11.9404,108.4583",80.9
2024-01-19 20:18:00,VIN-D1546,97.9,31.5,"16.0544,108.2022",97.0
2024-01-19 20:21:00,VIN-D1547,56.9,55.4,"21.0285,105.8542",93.6
2024-01-19 20:24:00,VIN-D1548,1.8,63.1,"11.9404,108.4583",85.2
2024-01-19 20:27:00,VIN-D1549,23.5,40.2,"20.8449,106.6881",102.4
2024-01-19 20:30:00,VIN-D1550,114.2,46.4,"16.0544,108.2022",75.6
2024-01-19 20:33:00,VIN-D1551,49.7,27.4,"16.0544,108.2022",88.8
2024-01-19 20:36:00,VIN-D1552,27.7,29.2,"10.0452,105.7469",94.5
2024-01-19 20:39:00,VIN-D1553,72.9,76.5,"11.9404,108.4583",108.6
2024-01-19 20:42:00,VIN-D1554,76.2,49.7,"10.8231,106.6297",76.4
2024-01-19 20:45:00,VIN-D1555,115.4,93.2,"16.0544,108.2022",105.8
2024-01-19 20:48:00,VIN-D1556,2.1,86.8,"10.9460,108.4419",73.2
2024-01-19 20:51:00,VIN-D1557,116.8,44.9,"12.2388,109.1967",84.5
2024-01-19 20:54:00,VIN-D1558,109.7,17.7,"20.8449,106.6881",96.4
2024-01-19 20:57:00,VIN-D1559,68.6,30.4,"10.0452,105.7469",101.1
2024-01-19 21:00:00,VIN-D1560,80.0,31.4,"12.2388,109.1967",97.9
2024-01-19 21:03:00,VIN-D1561,74.6,7.9,"10.0452,105.7469",77.5
2024-01-19 21:06:00,VIN-D1562,28.6,71.5,"20.8449,106.6881",103.5
2024-01-19 21:09:00,VIN-D1563,89.8,96.8,"10.8231,106.6297",105.5
2024-01-19 21:12:00,VIN-D1564,50.6,51.2,"12.2388,109.1967",88.8
2024-01-19 21:15:00,VIN-D1565,77.5,17.9,"10.8231,106.6297",98.5
2024-01-19 21:18:00,VIN-D1566,11.7,67.9,"10.8231,106.6297",81.8
2024-01-19 21:21:00,VIN-D1567,66.2,53.4,"10.0452,105.7469",99.7
2024-01-19 21:24:00,VIN-D1568,101.5,21.5,"10.8231,106.6297",101.7
2024-01-19 21:27:00,VIN-D1569,77.1,47.5,"10.9460,108.4419",101.4
2024-01-19 21:30:00,VIN-D1570,90.4,66.2,"10.0452,105.7469",104.7
2024-01-19 21:33:00,VIN-D1571,89.6,31.8,"16.0544,108.2022",83.0
2024-01-19 21:36:00,VIN-D1572,71.0,94.4,"16.0544,108.2022",75.4
2024-01-19 21:39:00,VIN-D1573,15.4,89.1,"10.9460,108.4419",89.1
2024-01-19 21:42:00,VIN-D1574,92.4,48.3,"12.2388,109.1967",84.5
2024-01-19 21:45:00,VIN-D1575,80.9,9.6,"21.0285,105.8542",96.3
2024-01-19 21:48:00,VIN-D1576,62.5,88.3,"16.0544,108.2022",73.7
2024-01-19 21:51:00,VIN-D1577,112.3,31.8,"12.2388,109.1967",87.3
2024-01-19 21:54:00,VIN-D1578,4.2,72.5,"10.0452,105.7469",91.2
2024-01-19 21:57:00,VIN-D1579,69.9,42.6,"10.9460,108.4419",91.7
2024-01-19 22:00:00,VIN-D1580,60.7,33.3,"10.8231,106.6297",100.3
2024-01-19 22:03:00,VIN-D1581,95.5,32.1,"11.9404,108.4583",106.0
2024-01-19 22:06:00,VIN-D1582,75.1,89.0,"10.0452,105.7469",84.7
2024-01-19 22:09:00,VIN-D1583,60.4,61.4,"10.9460,108.4419",100.1
2024-01-19 22:12:00,VIN-D1584,6.7,41.4,"10.0452,105.7469",97.3
2024-01-19 22:15:00,VIN-D1585,21.3,37.3,"16.0544,108.2022",95.8
2024-01-19 22:18:00,VIN-D1586,6.5,99.1,"11.9404,108.4583",82.4
2024-01-19 22:21:00,VIN-D1587,9.7,44.9,"10.9460,108.4419",93.7
2024-01-19 22:24:00,VIN-D1588,34.8,75.9,"10.9460,108.4419",95.8
2024-01-19 22:27:00,VIN-D1589,63.0,80.3,"20.8449,106.6881",78.6
2024-01-19 22:30:00,VIN-D1590,49.7,92.4,"10.0452,105.7469",104.8
2024-01-19 22:33:00,VIN-D1591,39.1,73.3,"11.9404,108.4583",109.1
2024-01-19 22:36:00,VIN-D1592,70.3,71.9,"21.0285,105.8542",74.6
2024-01-19 22:39:00,VIN-D1593,67.2,76.1,"16.0544,108.2022",79.2
2024-01-19 22:42:00,VIN-D1594,75.9,96.3,"10.8231,106.6297",73.5
2024-01-19 22:45:00,VIN-D1595,33.7,25.3,"10.9460,108.4419",92.8
2024-01-19 22:48:00,VIN-D1596,16.5,69.1,"20.8449,106.6881",105.3
2024-01-19 22:51:00,VIN-D1597,42.4,77.8,"10.9460,108.4419",97.2
2024-01-19 22:54:00,VIN-D1598,68.4,72.3,"16.0544,108.2022",102.4
2024-01-19 22:57:00,VIN-D1599,95.3,6.9,"21.0285,105.8542",70.9
2024-01-19 23:00:00,VIN-D1600,3.6,75.5,"16.0544,108.2022",90.2
2024-01-19 23:03:00,VIN-D1601,48.9,44.5,"10.8231,106.6297",85.8
2024-01-19 23:06:00,VIN-D1602,38.4,35.6,"11.9404,108.4583",93.4
2024-01-19 23:09:00,VIN-D1603,12.9,87.4,"10.8231,106.6297",92.6
2024-01-19 23:12:00,VIN-D1604,47.7,14.3,"10.8231,106.6297",96.6
2024-01-19 23:15:00,VIN-D1605,1.0,72.8,"11.9404,108.4583",90.6
2024-01-19 23:18:00,VIN-D1606,58.0,22.4,"16.0544,108.2022",96.4
2024-01-19 23:21:00,VIN-D1607,58.1,69.0,"12.2388,109.1967",105.1
2024-01-19 23:24:00,VIN-D1608,86.5,61.0,"20.8449,106.6881",86.9
2024-01-19 23:27:00,VIN-D1609,84.5,17.2,"12.2388,109.1967",102.6
2024-01-19 23:30:00,VIN-D1610,23.8,9.3,"11.9404,108.4583",74.6
2024-01-19 23:33:00,VIN-D1611,14.9,49.2,"11.9404,108.4583",72.6
2024-01-19 23:36:00,VIN-D1612,78.3,87.1,"12.2388,109.1967",78.2
2024-01-19 23:39:00,VIN-D1613,113.2,36.1,"20.8449,106.6881",88.5
2024-01-19 23:42:00,VIN-D1614,81.1,69.6,"10.9460,108.4419",87.8
2024-01-19 23:45:00,VIN-D1615,30.1,73.6,"16.0544,108.2022",85.5
2024-01-19 23:48:00,VIN-D1616,100.0,36.8,"10.9460,108.4419",82.9
2024-01-19 23:51:00,VIN-D1617,24.8,11.6,"12.2388,109.1967",98.4
2024-01-19 23:54:00,VIN-D1618,70.8,61.9,"12.2388,109.1967",70.0
2024-01-19 23:57:00,VIN-D1619,109.5,12.1,"16.0544,108.2022",104.7
2024-01-20 00:00:00,VIN-D1620,3.6,79.9,"21.0285,105.8542",107.6
2024-01-20 00:03:00,VIN-D1621,119.0,61.7,"10.9460,108.4419",103.7
2024-01-20 00:06:00,VIN-D1622,119.6,42.3,"20.8449,106.6881",94.2
2024-01-20 00:09:00,VIN-D1623,59.7,68.5,"10.9460,108.4419",76.1
2024-01-20 00:12:00,VIN-D1624,101.4,92.1,"21.0285,105.8542",88.4
2024-01-20 00:15:00,VIN-D1625,90.1,21.2,"10.0452,105.7469",84.7
2024-01-20 00:18:00,VIN-D1626,50.8,67.4,"10.0452,105.7469",101.3
2024-01-20 00:21:00,VIN-D1627,88.2,25.7,"11.9404,108.4583",100.3
2024-01-20 00:24:00,VIN-D1628,46.4,98.9,"11.9404,108.4583",98.6
2024-01-20 00:27:00,VIN-D1629,106.0,36.0,"10.9460,108.4419",99.1
2024-01-20 00:30:00,VIN-D1630,106.7,51.5,"11.9404,108.4583",99.2
2024-01-20 00:33:00,VIN-D1631,56.9,58.2,"21.0285,105.8542",99.8
2024-01-20 00:36:00,VIN-D1632,79.3,21.7,"10.0452,105.7469",96.1
2024-01-20 00:39:00,VIN-D1633,35.7,48.8,"20.8449,106.6881",80.7
2024-01-20 00:42:00,VIN-D1634,87.1,76.2,"21.0285,105.8542",77.3
2024-01-20 00:45:00,VIN-D1635,45.5,29.7,"10.0452,105.7469",96.3
2024-01-20 00:48:00,VIN-D1636,80.4,27.5,"20.8449,106.6881",77.0
2024-01-20 00:51:00,VIN-D1637,115.4,46.9,"20.8449,106.6881",97.9
2024-01-20 00:54:00,VIN-D1638,30.7,60.1,"10.8231,106.6297",93.3
2024-01-20 00:57:00,VIN-D1639,7.6,62.5,"11.9404,108.4583",85.7
2024-01-20 01:00:00,VIN-D1640,119.1,25.7,"10.8231,106.6297",72.5
2024-01-20 01:03:00,VIN-D1641,47.3,42.1,"21.0285,105.8542",101.7
2024-01-20 01:06:00,VIN-D1642,6.5,69.5,"20.8449,106.6881",80.4
2024-01-20 01:09:00,VIN-D1643,53.4,48.9,"10.8231,106.6297",104.8
2024-01-20 01:12:00,VIN-D1644,100.7,52.6,"21.0285,105.8542",78.2
2024-01-20 01:15:00,VIN-D1645,78.5,77.7,"10.0452,105.7469",104.9
2024-01-20 01:18:00,VIN-D1646,82.5,50.3,"10.0452,105.7469",94.2
2024-01-20 01:21:00,VIN-D1647,43.8,20.2,"16.0544,108.2022",100.6
2024-01-20 01:24:00,VIN-D1648,71.5,60.2,"20.8449,106.6881",87.6
2024-01-20 01:27:00,VIN-D1649,56.3,10.8,"11.9404,108.4583",81.9
2024-01-20 01:30:00,VIN-D1650,71.1,72.9,"10.8231,106.6297",89.0
2024-01-20 01:33:00,VIN-D1651,118.3,70.9,"20.8449,106.6881",94.4
2024-01-20 01:36:00,VIN-D1652,72.2,14.1,"12.2388,109.1967",98.2
2024-01-20 01:39:00,VIN-D1653,22.0,83.1,"10.9460,108.4419",70.4
2024-01-20 01:42:00,VIN-D1654,78.8,59.5,"10.0452,105.7469",101.0
2024-01-20 01:45:00,VIN-D1655,99.0,25.2,"16.0544,108.2022",85.6
2024-01-20 01:48:00,VIN-D1656,68.6,49.7,"12.2388,109.1967",86.8
2024-01-20 01:51:00,VIN-D1657,18.8,28.7,"12.2388,109.1967",73.0
2024-01-20 01:54:00,VIN-D1658,60.0,12.9,"16.0544,108.2022",99.7
2024-01-20 01:57:00,VIN-D1659,118.9,55.0,"16.0544,108.2022",98.0
2024-01-20 02:00:00,VIN-D1660,77.5,11.0,"11.9404,108.4583",101.9
2024-01-20 02:03:00,VIN-D1661,90.3,49.9,"11.9404,108.4583",83.4
2024-01-20 02:06:00,VIN-D1662,72.0,19.7,"11.9404,108.4583",84.5
2024-01-20 02:09:00,VIN-D1663,15.6,56.9,"10.9460,108.4419",96.7
2024-01-20 02:12:00,VIN-D1664,104.4,90.3,"10.0452,105.7469",70.2
2024-01-20 02:15:00,VIN-D1665,80.0,77.9,"16.0544,108.2022",94.3
2024-01-20 02:18:00,VIN-D1666,26.7,27.4,"16.0544,108.2022",91.7
2024-01-20 02:21:00,VIN-D1667,52.7,63.2,"21.0285,105.8542",85.0
2024-01-20 02:24:00,VIN-D1668,107.3,38.3,"20.8449,106.6881",82.0
2024-01-20 02:27:00,VIN-D1669,113.2,44.0,"12.2388,109.1967",104.0
2024-01-20 02:30:00,VIN-D1670,59.9,44.2,"11.9404,108.4583",82.8
2024-01-20 02:33:00,VIN-D1671,54.6,19.3,"10.0452,105.7469",74.1
2024-01-20 02:36:00,VIN-D1672,1.2,96.7,"11.9404,108.4583",99.0
2024-01-20 02:39:00,VIN-D1673,5.9,56.9,"10.9460,108.4419",82.6
2024-01-20 02:42:00,VIN-D1674,88.8,82.8,"11.9404,108.4583",100.0
2024-01-20 02:45:00,VIN-D1675,89.7,37.1,"21.0285,105.8542",96.0
2024-01-20 02:48:00,VIN-D1676,38.4,6.0,"10.8231,106.6297",92.5
2024-01-20 02:51:00,VIN-D1677,77.0,89.5,"20.8449,106.6881",89.5
2024-01-20 02:54:00,VIN-D1678,59.0,96.8,"12.2388,109.1967",90.0
2024-01-20 02:57:00,VIN-D1679,9.5,25.2,"20.8449,106.6881",85.1
2024-01-20 03:00:00,VIN-D1680,99.6,79.7,"12.2388,109.1967",85.5
2024-01-20 03:03:00,VIN-D1681,39.7,93.9,"10.0452,105.7469",82.0
2024-01-20 03:06:00,VIN-D1682,53.3,31.3,"20.8449,106.6881",109.0
2024-01-20 03:09:00,VIN-D1683,23.8,50.6,"16.0544,108.2022",76.2
2024-01-20 03:12:00,VIN-D1684,103.8,70.8,"16.0544,108.2022",90.1
2024-01-20 03:15:00,VIN-D1685,73.9,12.1,"10.8231,106.6297",77.3
2024-01-20 03:18:00,VIN-D1686,58.2,24.6,"10.9460,108.4419",79.8
2024-01-20 03:21:00,VIN-D1687,118.4,9.8,"16.0544,108.2022",74.6
2024-01-20 03:24:00,VIN-D1688,34.8,35.4,"10.8231,106.6297",80.1
2024-01-20 03:27:00,VIN-D1689,15.7,44.6,"10.9460,108.4419",104.6
2024-01-20 03:30:00,VIN-D1690,77.0,45.6,"21.0285,105.8542",80.8
2024-01-20 03:33:00,VIN-D1691,113.9,51.2,"10.0452,105.7469",109.1
2024-01-20 03:36:00,VIN-D1692,49.2,6.5,"11.9404,108.4583",93.2
2024-01-20 03:39:00,VIN-D1693,72.8,13.8,"12.2388,109.1967",89.4
2024-01-20 03:42:00,VIN-D1694,86.5,41.9,"11.9404,108.4583",78.2
2024-01-20 03:45:00,VIN-D1695,52.9,55.2,"11.9404,108.4583",91.0
2024-01-20 03:48:00,VIN-D1696,96.7,53.1,"11.9404,108.4583",106.1
2024-01-20 03:51:00,VIN-D1697,104.7,48.0,"10.0452,105.7469",74.5
2024-01-20 03:54:00,VIN-D1698,75.8,55.8,"12.2388,109.1967",80.6
2024-01-20 03:57:00,VIN-D1699,95.1,62.1,"20.8449,106.6881",72.6
2024-01-20 04:00:00,VIN-D1700,52.2,85.2,"11.9404,108.4583",77.2
2024-01-20 04:03:00,VIN-D1701,57.5,50.4,"10.9460,108.4419",81.1
2024-01-20 04:06:00,VIN-D1702,52.6,20.0,"16.0544,108.2022",78.9
2024-01-20 04:09:00,VIN-D1703,32.9,48.2,"11.9404,108.4583",85.3
2024-01-20 04:12:00,VIN-D1704,97.8,79.6,"21.0285,105.8542",107.1
2024-01-20 04:15:00,VIN-D1705,90.7,84.1,"10.9460,108.4419",83.3
2024-01-20 04:18:00,VIN-D1706,59.1,87.7,"10.0452,105.7469",75.1
2024-01-20 04:21:00,VIN-D1707,22.5,61.5,"10.8231,106.6297",106.7
2024-01-20 04:24:00,VIN-D1708,38.8,6.2,"12.2388,109.1967",84.0
2024-01-20 04:27:00,VIN-D1709,13.6,26.9,"11.9404,108.4583",92.0
2024-01-20 04:30:00,VIN-D1710,34.1,35.6,"21.0285,105.8542",92.9
2024-01-20 04:33:00,VIN-D1711,33.3,92.9,"12.2388,109.1967",86.3
2024-01-20 04:36:00,VIN-D1712,103.2,75.2,"10.9460,108.4419",74.1
2024-01-20 04:39:00,VIN-D1713,16.2,63.0,"10.0452,105.7469",107.5
2024-01-20 04:42:00,VIN-D1714,109.2,78.6,"20.8449,106.6881",83.4
2024-01-20 04:45:00,VIN-D1715,24.3,88.3,"10.0452,105.7469",105.1
2024-01-20 04:48:00,VIN-D1716,44.2,94.8,"11.9404,108.4583",107.3
2024-01-20 04:51:00,VIN-D1717,98.5,68.7,"10.8231,106.6297",92.8
2024-01-20 04:54:00,VIN-D1718,119.7,19.9,"16.0544,108.2022",99.2
2024-01-20 04:57:00,VIN-D1719,14.4,43.3,"10.8231,106.6297",91.0
2024-01-20 05:00:00,VIN-D1720,67.2,77.6,"11.9404,108.4583",95.3
2024-01-20 05:03:00,VIN-D1721,60.5,86.7,"16.0544,108.2022",101.1
2024-01-20 05:06:00,VIN-D1722,94.4,98.5,"10.9460,108.4419",104.1
2024-01-20 05:09:00,VIN-D1723,51.0,9.5,"10.9460,108.4419",88.2
2024-01-20 05:12:00,VIN-D1724,69.7,82.2,"10.0452,105.7469",104.7
2024-01-20 05:15:00,VIN-D1725,101.5,44.1,"10.9460,108.4419",96.3
2024-01-20 05:18:00,VIN-D1726,119.5,52.8,"11.9404,108.4583",107.2
2024-01-20 05:21:00,VIN-D1727,117.1,80.1,"10.8231,106.6297",97.4
2024-01-20 05:24:00,VIN-D1728,35.1,99.6,"10.8231,106.6297",87.7
2024-01-20 05:27:00,VIN-D1729,16.9,43.0,"10.8231,106.6297",97.5
2024-01-20 05:30:00,VIN-D1730,2.1,46.9,"10.0452,105.7469",98.4
2024-01-20 05:33:00,VIN-D1731,82.8,19.0,"11.9404,108.4583",75.9
2024-01-20 05:36:00,VIN-D1732,62.0,37.8,"20.8449,106.6881",79.5
2024-01-20 05:39:00,VIN-D1733,39.9,33.9,"21.0285,105.8542",99.5
2024-01-20 05:42:00,VIN-D1734,51.0,16.5,"10.9460,108.4419",87.7
2024-01-20 05:45:00,VIN-D1735,24.4,57.4,"10.9460,108.4419",76.6
2024-01-20 05:48:00,VIN-D1736,96.2,35.0,"21.0285,105.8542",98.7
2024-01-20 05:51:00,VIN-D1737,70.8,85.4,"10.9460,108.4419",96.8
2024-01-20 05:54:00,VIN-D1738,117.9,68.8,"12.2388,109.1967",70.3
2024-01-20 05:57:00,VIN-D1739,39.5,35.0,"10.0452,105.7469",97.6
2024-01-20 06:00:00,VIN-D1740,96.8,39.6,"20.8449,106.6881",83.5
2024-01-20 06:03:00,VIN-D1741,75.2,18.5,"10.0452,105.7469",104.8
2024-01-20 06:06:00,VIN-D1742,113.5,8.2,"10.9460,108.4419",99.6
2024-01-20 06:09:00,VIN-D1743,116.8,38.2,"10.0452,105.7469",104.1
2024-01-20 06:12:00,VIN-D1744,49.0,44.5,"16.0544,108.2022",72.6
2024-01-20 06:15:00,VIN-D1745,15.4,15.1,"20.8449,106.6881",91.9
2024-01-20 06:18:00,VIN-D1746,66.3,79.2,"16.0544,108.2022",89.3
2024-01-20 06:21:00,VIN-D1747,113.3,94.0,"10.0452,105.7469",88.0
2024-01-20 06:24:00,VIN-D1748,105.3,57.9,"16.0544,108.2022",74.5
2024-01-20 06:27:00,VIN-D1749,117.4,73.9,"16.0544,108.2022",82.4
2024-01-20 06:30:00,VIN-D1750,26.7,14.8,"10.0452,105.7469",70.1
2024-01-20 06:33:00,VIN-D1751,106.4,70.4,"10.8231,106.6297",103.2
2024-01-20 06:36:00,VIN-D1752,63.5,55.4,"10.8231,106.6297",86.3
2024-01-20 06:39:00,VIN-D1753,31.3,92.5,"10.0452,105.7469",109.1
2024-01-20 06:42:00,VIN-D1754,51.0,93.7,"21.0285,105.8542",86.9
2024-01-20 06:45:00,VIN-D1755,19.4,55.9,"20.8449,106.6881",83.4
2024-01-20 06:48:00,VIN-D1756,49.7,93.8,"10.9460,108.4419",89.2
2024-01-20 06:51:00,VIN-D1757,119.5,38.2,"11.9404,108.4583",88.0
2024-01-20 06:54:00,VIN-D1758,29.2,91.8,"11.9404,108.4583",81.6
2024-01-20 06:57:00,VIN-D1759,97.3,35.3,"10.9460,108.4419",89.3
2024-01-20 07:00:00,VIN-D1760,79.1,38.6,"10.8231,106.6297",81.7
2024-01-20 07:03:00,VIN-D1761,21.5,70.4,"21.0285,105.8542",71.0
2024-01-20 07:06:00,VIN-D1762,64.9,35.4,"11.9404,108.4583",91.1
2024-01-20 07:09:00,VIN-D1763,18.1,37.5,"12.2388,109.1967",100.2
2024-01-20 07:12:00,VIN-D1764,94.1,64.8,"10.8231,106.6297",91.1
2024-01-20 07:15:00,VIN-D1765,18.3,94.4,"10.8231,106.6297",101.7
2024-01-20 07:18:00,VIN-D1766,10.3,10.6,"10.9460,108.4419",99.4
2024-01-20 07:21:00,VIN-D1767,112.4,33.8,"10.0452,105.7469",74.7
2024-01-20 07:24:00,VIN-D1768,45.5,54.7,"21.0285,105.8542",87.1
2024-01-20 07:27:00,VIN-D1769,81.7,15.9,"11.9404,108.4583",95.4
2024-01-20 07:30:00,VIN-D1770,75.6,97.1,"21.0285,105.8542",79.2
2024-01-20 07:33:00,VIN-D1771,34.1,71.9,"10.9460,108.4419",96.5
2024-01-20 07:36:00,VIN-D1772,42.8,9.0,"12.2388,109.1967",83.4
2024-01-20 07:39:00,VIN-D1773,36.1,95.2,"16.0544,108.2022",75.2
2024-01-20 07:42:00,VIN-D1774,57.3,43.6,"10.8231,106.6297",107.1
2024-01-20 07:45:00,VIN-D1775,46.1,62.7,"12.2388,109.1967",95.0
2024-01-20 07:48:00,VIN-D1776,39.8,66.7,"10.8231,106.6297",106.8
2024-01-20 07:51:00,VIN-D1777,27.0,67.3,"10.0452,105.7469",92.5
2024-01-20 07:54:00,VIN-D1778,48.4,51.3,"16.0544,108.2022",82.2
2024-01-20 07:57:00,VIN-D1779,39.0,53.4,"21.0285,105.8542",89.4
2024-01-20 08:00:00,VIN-D1780,62.9,26.0,"11.9404,108.4583",72.6
2024-01-20 08:03:00,VIN-D1781,91.6,33.2,"16.0544,108.2022",80.4
2024-01-20 08:06:00,VIN-D1782,77.6,87.8,"20.8449,106.6881",86.1
2024-01-20 08:09:00,VIN-D1783,29.7,62.7,"10.8231,106.6297",99.2
2024-01-20 08:12:00,VIN-D1784,31.2,25.1,"10.8231,106.6297",80.9
2024-01-20 08:15:00,VIN-D1785,116.7,90.7,"20.8449,106.6881",89.8
2024-01-20 08:18:00,VIN-D1786,19.9,35.0,"12.2388,109.1967",70.4
2024-01-20 08:21:00,VIN-D1787,69.0,15.4,"10.9460,108.4419",72.0
2024-01-20 08:24:00,VIN-D1788,69.5,94.8,"10.0452,105.7469",72.9
2024-01-20 08:27:00,VIN-D1789,99.0,95.5,"21.0285,105.8542",105.5
2024-01-20 08:30:00,VIN-D1790,116.4,96.1,"21.0285,105.8542",78.9
2024-01-20 08:33:00,VIN-D1791,2.1,86.5,"12.2388,109.1967",85.2
2024-01-20 08:36:00,VIN-D1792,13.0,22.2,"21.0285,105.8542",84.6
2024-01-20 08:39:00,VIN-D1793,12.1,29.0,"12.2388,109.1967",107.1
2024-01-20 08:42:00,VIN-D1794,46.2,19.6,"10.9460,108.4419",79.3
2024-01-20 08:45:00,VIN-D1795,18.6,38.2,"20.8449,106.6881",74.3
2024-01-20 08:48:00,VIN-D1796,53.0,61.4,"10.9460,108.4419",85.8
2024-01-20 08:51:00,VIN-D1797,92.4,20.4,"11.9404,108.4583",107.1
2024-01-20 08:54:00,VIN-D1798,95.0,65.7,"12.2388,109.1967",89.5
2024-01-20 08:57:00,VIN-D1799,43.7,57.8,"10.9460,108.4419",74.8
2024-01-20 09:00:00,VIN-D1800,108.4,66.9,"21.0285,105.8542",100.3
2024-01-20 09:03:00,VIN-D1801,92.9,13.9,"20.8449,106.6881",71.5
2024-01-20 09:06:00,VIN-D1802,33.3,41.4,"21.0285,105.8542",80.6
2024-01-20 09:09:00,VIN-D1803,109.0,29.0,"21.0285,105.8542",105.9
2024-01-20 09:12:00,VIN-D1804,40.0,85.6,"12.2388,109.1967",100.6
2024-01-20 09:15:00,VIN-D1805,44.4,45.9,"12.2388,109.1967",108.7
2024-01-20 09:18:00,VIN-D1806,81.9,52.5,"16.0544,108.2022",94.0
2024-01-20 09:21:00,VIN-D1807,95.0,75.2,"12.2388,109.1967",99.1
2024-01-20 09:24:00,VIN-D1808,44.3,13.2,"21.0285,105.8542",103.4
2024-01-20 09:27:00,VIN-D1809,111.8,82.7,"10.8231,106.6297",80.2
2024-01-20 09:30:00,VIN-D1810,60.7,83.7,"16.0544,108.2022",70.8
2024-01-20 09:33:00,VIN-D1811,22.7,57.0,"10.0452,105.7469",87.8
2024-01-20 09:36:00,VIN-D1812,71.3,93.4,"16.0544,108.2022",82.5
2024-01-20 09:39:00,VIN-D1813,20.8,50.1,"20.8449,106.6881",70.1
2024-01-20 09:42:00,VIN-D1814,96.2,31.7,"21.0285,105.8542",82.4
2024-01-20 09:45:00,VIN-D1815,31.4,77.5,"12.2388,109.1967",70.1
2024-01-20 09:48:00,VIN-D1816,20.4,70.9,"10.0452,105.7469",84.1
2024-01-20 09:51:00,VIN-D1817,33.9,35.9,"11.9404,108.4583",85.4
2024-01-20 09:54:00,VIN-D1818,66.8,18.6,"20.8449,106.6881",98.8
2024-01-20 09:57:00,VIN-D1819,99.7,24.7,"12.2388,109.1967",107.6
2024-01-20 10:00:00,VIN-D1820,103.6,39.2,"21.0285,105.8542",103.7
2024-01-20 10:03:00,VIN-D1821,69.1,38.4,"16.0544,108.2022",104.8
2024-01-20 10:06:00,VIN-D1822,75.4,78.4,"10.9460,108.4419",83.6
2024-01-20 10:09:00,VIN-D1823,44.1,90.7,"10.8231,106.6297",90.4
2024-01-20 10:12:00,VIN-D1824,32.9,88.3,"16.0544,108.2022",97.9
2024-01-20 10:15:00,VIN-D1825,52.6,49.7,"16.0544,108.2022",85.7
2024-01-20 10:18:00,VIN-D1826,24.7,8.1,"16.0544,108.2022",96.3
2024-01-20 10:21:00,VIN-D1827,25.4,55.3,"21.0285,105.8542",99.3
2024-01-20 10:24:00,VIN-D1828,29.8,43.6,"16.0544,108.2022",88.1
2024-01-20 10:27:00,VIN-D1829,29.3,88.4,"16.0544,108.2022",88.0
2024-01-20 10:30:00,VIN-D1830,109.9,45.8,"12.2388,109.1967",87.4
2024-01-20 10:33:00,VIN-D1831,73.7,91.6,"21.0285,105.8542",93.2
2024-01-20 10:36:00,VIN-D1832,101.3,77.4,"10.9460,108.4419",95.6
2024-01-20 10:39:00,VIN-D1833,54.9,33.0,"16.0544,108.2022",109.0
2024-01-20 10:42:00,VIN-D1834,34.7,62.7,"10.0452,105.7469",101.5
2024-01-20 10:45:00,VIN-D1835,24.2,51.5,"10.9460,108.4419",76.3
2024-01-20 10:48:00,VIN-D1836,104.0,74.1,"20.8449,106.6881",86.4
2024-01-20 10:51:00,VIN-D1837,31.3,82.4,"10.8231,106.6297",106.4
2024-01-20 10:54:00,VIN-D1838,39.6,43.4,"20.8449,106.6881",105.9
2024-01-20 10:57:00,VIN-D1839,77.5,24.9,"16.0544,108.2022",71.3
2024-01-20 11:00:00,VIN-D1840,9.1,16.7,"10.0452,105.7469",105.0
2024-01-20 11:03:00,VIN-D1841,58.0,61.7,"11.9404,108.4583",79.7
2024-01-20 11:06:00,VIN-D1842,4.9,24.7,"10.0452,105.7469",77.6
2024-01-20 11:09:00,VIN-D1843,12.2,35.3,"21.0285,105.8542",90.5
2024-01-20 11:12:00,VIN-D1844,12.6,43.3,"10.8231,106.6297",76.3
2024-01-20 11:15:00,VIN-D1845,50.8,56.1,"21.0285,105.8542",104.9
2024-01-20 11:18:00,VIN-D1846,26.6,55.2,"11.9404,108.4583",108.2
2024-01-20 11:21:00,VIN-D1847,8.6,38.6,"10.0452,105.7469",92.5
2024-01-20 11:24:00,VIN-D1848,65.3,14.0,"10.9460,108.4419",79.8
2024-01-20 11:27:00,VIN-D1849,97.1,86.7,"21.0285,105.8542",70.9
2024-01-20 11:30:00,VIN-D1850,45.3,45.5,"20.8449,106.6881",103.8
2024-01-20 11:33:00,VIN-D1851,28.3,41.1,"10.8231,106.6297",81.6
2024-01-20 11:36:00,VIN-D1852,4.5,18.4,"16.0544,108.2022",102.4
2024-01-20 11:39:00,VIN-D1853,37.3,95.4,"16.0544,108.2022",75.8
2024-01-20 11:42:00,VIN-D1854,110.8,37.0,"16.0544,108.2022",104.8
2024-01-20 11:45:00,VIN-D1855,107.3,96.4,"21.0285,105.8542",107.7
2024-01-20 11:48:00,VIN-D1856,93.2,37.0,"20.8449,106.6881",75.0
2024-01-20 11:51:00,VIN-D1857,7.2,32.5,"21.0285,105.8542",82.9
2024-01-20 11:54:00,VIN-D1858,57.6,63.3,"10.9460,108.4419",106.9
2024-01-20 11:57:00,VIN-D1859,2.1,17.9,"21.0285,105.8542",71.5
2024-01-20 12:00:00,VIN-D1860,119.9,50.4,"11.9404,108.4583",77.4
2024-01-20 12:03:00,VIN-D1861,114.7,55.4,"20.8449,106.6881",107.3
2024-01-20 12:06:00,VIN-D1862,6.0,55.7,"20.8449,106.6881",92.1
2024-01-20 12:09:00,VIN-D1863,91.5,57.9,"16.0544,108.2022",74.5
2024-01-20 12:12:00,VIN-D1864,5.0,95.6,"10.9460,108.4419",109.4
2024-01-20 12:15:00,VIN-D1865,6.5,70.2,"10.9460,108.4419",73.3
2024-01-20 12:18:00,VIN-D1866,33.7,23.8,"10.8231,106.6297",77.8
2024-01-20 12:21:00,VIN-D1867,1.2,89.9,"16.0544,108.2022",71.0
2024-01-20 12:24:00,VIN-D1868,6.2,85.3,"20.8449,106.6881",77.1
2024-01-20 12:27:00,VIN-D1869,95.5,50.8,"16.0544,108.2022",109.4
2024-01-20 12:30:00,VIN-D1870,112.3,51.8,"11.9404,108.4583",105.7
2024-01-20 12:33:00,VIN-D1871,53.9,54.7,"16.0544,108.2022",72.5
2024-01-20 12:36:00,VIN-D1872,20.2,26.7,"21.0285,105.8542",105.6
2024-01-20 12:39:00,VIN-D1873,112.7,19.5,"10.0452,105.7469",76.9
2024-01-20 12:42:00,VIN-D1874,69.0,68.7,"16.0544,108.2022",108.6
2024-01-20 12:45:00,VIN-D1875,39.4,8.5,"12.2388,109.1967",93.7
2024-01-20 12:48:00,VIN-D1876,102.4,28.6,"12.2388,109.1967",89.6
2024-01-20 12:51:00,VIN-D1877,106.0,32.7,"21.0285,105.8542",90.2
2024-01-20 12:54:00,VIN-D1878,48.2,34.6,"12.2388,109.1967",88.2
2024-01-20 12:57:00,VIN-D1879,6.3,50.2,"16.0544,108.2022",99.5
2024-01-20 13:00:00,VIN-D1880,32.4,45.7,"20.8449,106.6881",86.4
2024-01-20 13:03:00,VIN-D1881,71.8,54.7,"10.9460,108.4419",103.7
2024-01-20 13:06:00,VIN-D1882,43.1,65.7,"11.9404,108.4583",95.9
2024-01-20 13:09:00,VIN-D1883,33.6,92.2,"10.0452,105.7469",91.6
2024-01-20 13:12:00,VIN-D1884,43.3,6.3,"10.9460,108.4419",99.9
2024-01-20 13:15:00,VIN-D1885,116.3,63.6,"10.8231,106.6297",99.3
2024-01-20 13:18:00,VIN-D1886,13.9,80.0,"21.0285,105.8542",95.2
2024-01-20 13:21:00,VIN-D1887,9.3,26.6,"11.9404,108.4583",109.7
2024-01-20 13:24:00,VIN-D1888,84.8,5.2,"10.0452,105.7469",78.4
2024-01-20 13:27:00,VIN-D1889,13.2,76.9,"20.8449,106.6881",93.2
2024-01-20 13:30:00,VIN-D1890,31.8,16.0,"21.0285,105.8542",82.5
2024-01-20 13:33:00,VIN-D1891,3.7,89.2,"10.0452,105.7469",109.6
2024-01-20 13:36:00,VIN-D1892,110.2,36.1,"10.8231,106.6297",104.0
2024-01-20 13:39:00,VIN-D1893,52.2,98.7,"20.8449,106.6881",72.2
2024-01-20 13:42:00,VIN-D1894,68.0,12.3,"20.8449,106.6881",99.7
2024-01-20 13:45:00,VIN-D1895,15.7,41.7,"10.0452,105.7469",79.2
2024-01-20 13:48:00,VIN-D1896,45.5,32.8,"16.0544,108.2022",77.6
2024-01-20 13:51:00,VIN-D1897,0.9,50.2,"10.9460,108.4419",74.8
2024-01-20 13:54:00,VIN-D1898,95.3,33.0,"10.9460,108.4419",106.8
2024-01-20 13:57:00,VIN-D1899,30.0,36.8,"21.0285,105.8542",94.1
2024-01-20 14:00:00,VIN-D1900,76.4,39.4,"21.0285,105.8542",93.9
2024-01-20 14:03:00,VIN-D1901,85.2,5.5,"11.9404,108.4583",86.5
2024-01-20 14:06:00,VIN-D1902,52.9,81.8,"11.9404,108.4583",76.3
2024-01-20 14:09:00,VIN-D1903,50.1,26.5,"11.9404,108.4583",73.5
2024-01-20 14:12:00,VIN-D1904,96.0,27.7,"16.0544,108.2022",80.5
2024-01-20 14:15:00,VIN-D1905,28.8,94.8,"16.0544,108.2022",98.2
2024-01-20 14:18:00,VIN-D1906,96.8,97.4,"20.8449,106.6881",89.2
2024-01-20 14:21:00,VIN-D1907,11.7,42.7,"11.9404,108.4583",99.7
2024-01-20 14:24:00,VIN-D1908,2.6,33.0,"16.0544,108.2022",108.7
2024-01-20 14:27:00,VIN-D1909,44.0,47.3,"10.9460,108.4419",81.5
2024-01-20 14:30:00,VIN-D1910,79.7,60.1,"11.9404,108.4583",88.8
2024-01-20 14:33:00,VIN-D1911,59.8,23.2,"16.0544,108.2022",98.5
2024-01-20 14:36:00,VIN-D1912,103.6,64.3,"10.9460,108.4419",97.8
2024-01-20 14:39:00,VIN-D1913,81.3,38.0,"20.8449,106.6881",109.4
2024-01-20 14:42:00,VIN-D1914,37.9,49.1,"21.0285,105.8542",86.0
2024-01-20 14:45:00,VIN-D1915,87.4,86.9,"21.0285,105.8542",89.1
2024-01-20 14:48:00,VIN-D1916,12.7,87.2,"21.0285,105.8542",73.7
2024-01-20 14:51:00,VIN-D1917,31.0,73.7,"21.0285,105.8542",76.3
2024-01-20 14:54:00,VIN-D1918,84.2,52.6,"11.9404,108.4583",105.5
2024-01-20 14:57:00,VIN-D1919,115.9,46.8,"21.0285,105.8542",106.6
2024-01-20 15:00:00,VIN-D1920,112.2,47.1,"10.9460,108.4419",105.8
2024-01-20 15:03:00,VIN-D1921,106.2,30.1,"10.8231,106.6297",97.3
2024-01-20 15:06:00,VIN-D1922,48.3,35.5,"11.9404,108.4583",96.2
2024-01-20 15:09:00,VIN-D1923,65.1,50.2,"10.8231,106.6297",77.7
2024-01-20 15:12:00,VIN-D1924,0.9,16.6,"21.0285,105.8542",107.3
2024-01-20 15:15:00,VIN-D1925,48.4,91.1,"10.9460,108.4419",71.2
2024-01-20 15:18:00,VIN-D1926,12.5,66.8,"10.8231,106.6297",74.5
2024-01-20 15:21:00,VIN-D1927,80.7,47.9,"10.0452,105.7469",104.3
2024-01-20 15:24:00,VIN-D1928,79.8,54.6,"21.0285,105.8542",88.2
2024-01-20 15:27:00,VIN-D1929,3.6,28.2,"11.9404,108.4583",88.8
2024-01-20 15:30:00,VIN-D1930,45.7,95.7,"20.8449,106.6881",80.4
2024-01-20 15:33:00,VIN-D1931,3.7,59.1,"11.9404,108.4583",81.6
2024-01-20 15:36:00,VIN-D1932,15.6,42.9,"10.8231,106.6297",98.4
2024-01-20 15:39:00,VIN-D1933,104.8,57.5,"16.0544,108.2022",104.1
2024-01-20 15:42:00,VIN-D1934,9.0,45.0,"12.2388,109.1967",78.2
2024-01-20 15:45:00,VIN-D1935,91.5,21.4,"21.0285,105.8542",103.4
2024-01-20 15:48:00,VIN-D1936,30.4,99.9,"11.9404,108.4583",105.1
2024-01-20 15:51:00,VIN-D1937,79.1,94.5,"16.0544,108.2022",81.0
2024-01-20 15:54:00,VIN-D1938,90.3,18.9,"10.0452,105.7469",108.1
2024-01-20 15:57:00,VIN-D1939,7.5,45.4,"12.2388,109.1967",75.1
2024-01-20 16:00:00,VIN-D1940,8.8,12.5,"12.2388,109.1967",86.0
2024-01-20 16:03:00,VIN-D1941,26.9,81.6,"11.9404,108.4583",73.9
2024-01-20 16:06:00,VIN-D1942,84.2,63.3,"10.0452,105.7469",81.2
2024-01-20 16:09:00,VIN-D1943,82.7,42.1,"16.0544,108.2022",72.6
2024-01-20 16:12:00,VIN-D1944,90.4,32.2,"12.2388,109.1967",83.0
2024-01-20 16:15:00,VIN-D1945,91.3,27.2,"20.8449,106.6881",100.1
2024-01-20 16:18:00,VIN-D1946,32.4,80.3,"10.8231,106.6297",87.2
2024-01-20 16:21:00,VIN-D1947,93.5,66.3,"12.2388,109.1967",74.1
2024-01-20 16:24:00,VIN-D1948,82.9,25.3,"21.0285,105.8542",107.3
2024-01-20 16:27:00,VIN-D1949,77.0,32.6,"20.8449,106.6881",99.7
2024-01-20 16:30:00,VIN-D1950,94.8,65.1,"10.8231,106.6297",107.9
2024-01-20 16:33:00,VIN-D1951,65.2,85.5,"10.8231,106.6297",95.6
2024-01-20 16:36:00,VIN-D1952,64.3,59.8,"11.9404,108.4583",88.1
2024-01-20 16:39:00,VIN-D1953,45.1,15.6,"10.0452,105.7469",109.4
2024-01-20 16:42:00,VIN-D1954,32.9,71.1,"11.9404,108.4583",95.4
2024-01-20 16:45:00,VIN-D1955,116.0,65.7,"10.9460,108.4419",82.3
2024-01-20 16:48:00,VIN-D1956,59.8,27.6,"10.0452,105.7469",84.8
2024-01-20 16:51:00,VIN-D1957,78.5,67.0,"10.9460,108.4419",79.9
2024-01-20 16:54:00,VIN-D1958,91.1,50.4,"21.0285,105.8542",96.6
2024-01-20 16:57:00,VIN-D1959,60.2,39.2,"11.9404,108.4583",103.5
2024-01-20 17:00:00,VIN-D1960,9.2,81.8,"10.9460,108.4419",101.9
2024-01-20 17:03:00,VIN-D1961,38.4,29.1,"10.8231,106.6297",101.8
2024-01-20 17:06:00,VIN-D1962,25.7,6.8,"21.0285,105.8542",90.7
2024-01-20 17:09:00,VIN-D1963,74.6,57.9,"10.9460,108.4419",80.7
2024-01-20 17:12:00,VIN-D1964,2.1,63.9,"16.0544,108.2022",92.6
2024-01-20 17:15:00,VIN-D1965,39.3,79.8,"11.9404,108.4583",71.3
2024-01-20 17:18:00,VIN-D1966,42.0,92.6,"16.0544,108.2022",90.1
2024-01-20 17:21:00,VIN-D1967,63.7,47.5,"16.0544,108.2022",85.6
2024-01-20 17:24:00,VIN-D1968,60.6,42.7,"10.0452,105.7469",99.6
2024-01-20 17:27:00,VIN-D1969,72.8,65.3,"16.0544,108.2022",81.5
2024-01-20 17:30:00,VIN-D1970,51.1,65.4,"21.0285,105.8542",93.9
2024-01-20 17:33:00,VIN-D1971,103.4,8.3,"20.8449,106.6881",77.1
2024-01-20 17:36:00,VIN-D1972,58.6,66.4,"10.8231,106.6297",90.4
2024-01-20 17:39:00,VIN-D1973,63.9,74.9,"10.8231,106.6297",85.8
2024-01-20 17:42:00,VIN-D1974,95.9,13.5,"21.0285,105.8542",76.0
2024-01-20 17:45:00,VIN-D1975,80.1,16.2,"11.9404,108.4583",94.1
2024-01-20 17:48:00,VIN-D1976,105.4,19.1,"16.0544,108.2022",78.4
2024-01-20 17:51:00,VIN-D1977,114.7,22.6,"20.8449,106.6881",89.4
2024-01-20 17:54:00,VIN-D1978,16.4,5.2,"10.0452,105.7469",90.8
2024-01-20 17:57:00,VIN-D1979,41.3,76.9,"20.8449,106.6881",74.9
2024-01-20 18:00:00,VIN-D1980,21.0,48.7,"21.0285,105.8542",108.3
2024-01-20 18:03:00,VIN-D1981,31.3,23.0,"16.0544,108.2022",89.9
2024-01-20 18:06:00,VIN-D1982,85.0,22.9,"10.0452,105.7469",82.6
2024-01-20 18:09:00,VIN-D1983,59.0,71.5,"12.2388,109.1967",77.2
2024-01-20 18:12:00,VIN-D1984,94.1,69.2,"12.2388,109.1967",98.9
2024-01-20 18:15:00,VIN-D1985,1.4,29.0,"10.8231,106.6297",87.6
2024-01-20 18:18:00,VIN-D1986,28.6,50.7,"21.0285,105.8542",84.8
2024-01-20 18:21:00,VIN-D1987,61.0,11.2,"12.2388,109.1967",75.7
2024-01-20 18:24:00,VIN-D1988,6.0,86.6,"11.9404,108.4583",109.9
2024-01-20 18:27:00,VIN-D1989,16.3,96.1,"11.9404,108.4583",79.0
2024-01-20 18:30:00,VIN-D1990,104.4,65.9,"10.8231,106.6297",104.5
2024-01-20 18:33:00,VIN-D1991,69.0,39.1,"10.9460,108.4419",89.8
2024-01-20 18:36:00,VIN-D1992,96.1,72.1,"10.0452,105.7469",85.8
2024-01-20 18:39:00,VIN-D1993,80.6,22.3,"10.0452,105.7469",88.4
2024-01-20 18:42:00,VIN-D1994,41.8,19.2,"21.0285,105.8542",86.9
2024-01-20 18:45:00,VIN-D1995,81.7,90.9,"16.0544,108.2022",93.3
2024-01-20 18:48:00,VIN-D1996,10.2,35.5,"21.0285,105.8542",96.4
2024-01-20 18:51:00,VIN-D1997,76.4,27.7,"10.0452,105.7469",72.0
2024-01-20 18:54:00,VIN-D1998,3.5,36.2,"11.9404,108.4583",107.8
2024-01-20 18:57:00,VIN-D1999,81.2,21.9,"12.2388,109.1967",86.2
2024-01-20 19:00:00,VIN-D2000,69.2,95.7,"12.2388,109.1967",98.5
2024-01-20 19:03:00,VIN-D2001,105.2,21.2,"16.0544,108.2022",102.9
2024-01-20 19:06:00,VIN-D2002,15.1,26.7,"16.0544,108.2022",106.3
2024-01-20 19:09:00,VIN-D2003,66.9,79.6,"11.9404,108.4583",105.5
2024-01-20 19:12:00,VIN-D2004,103.2,50.1,"12.2388,109.1967",78.3
2024-01-20 19:15:00,VIN-D2005,99.7,15.0,"10.9460,108.4419",70.5
2024-01-20 19:18:00,VIN-D2006,63.2,38.6,"10.9460,108.4419",108.4
2024-01-20 19:21:00,VIN-D2007,24.6,63.7,"21.0285,105.8542",79.0
2024-01-20 19:24:00,VIN-D2008,118.5,45.3,"16.0544,108.2022",75.6
2024-01-20 19:27:00,VIN-D2009,77.9,54.0,"10.0452,105.7469",87.9
2024-01-20 19:30:00,VIN-D2010,44.7,64.3,"21.0285,105.8542",107.0
2024-01-20 19:33:00,VIN-D2011,101.1,33.7,"10.0452,105.7469",91.6
2024-01-20 19:36:00,VIN-D2012,23.7,65.6,"10.9460,108.4419",105.5
2024-01-20 19:39:00,VIN-D2013,96.5,56.7,"21.0285,105.8542",78.9
2024-01-20 19:42:00,VIN-D2014,25.1,10.8,"12.2388,109.1967",93.0
2024-01-20 19:45:00,VIN-D2015,47.5,34.1,"11.9404,108.4583",82.5
2024-01-20 19:48:00,VIN-D2016,3.7,86.4,"10.8231,106.6297",70.6
2024-01-20 19:51:00,VIN-D2017,109.7,92.2,"11.9404,108.4583",96.0
2024-01-20 19:54:00,VIN-D2018,60.9,17.4,"10.0452,105.7469",106.7
2024-01-20 19:57:00,VIN-D2019,66.2,14.6,"21.0285,105.8542",101.2
2024-01-20 20:00:00,VIN-D2020,3.3,57.8,"16.0544,108.2022",92.6
2024-01-20 20:03:00,VIN-D2021,89.5,54.2,"11.9404,108.4583",72.3
2024-01-20 20:06:00,VIN-D2022,111.7,74.3,"12.2388,109.1967",89.7
2024-01-20 20:09:00,VIN-D2023,71.0,57.6,"16.0544,108.2022",108.5
2024-01-20 20:12:00,VIN-D2024,61.9,75.0,"10.0452,105.7469",88.6
2024-01-20 20:15:00,VIN-D2025,119.1,45.5,"12.2388,109.1967",74.0
2024-01-20 20:18:00,VIN-D2026,106.1,81.7,"10.0452,105.7469",78.7
2024-01-20 20:21:00,VIN-D2027,4.0,78.3,"20.8449,106.6881",86.4
2024-01-20 20:24:00,VIN-D2028,81.7,51.9,"20.8449,106.6881",78.5
2024-01-20 20:27:00,VIN-D2029,108.7,13.6,"21.0285,105.8542",98.7
2024-01-20 20:30:00,VIN-D2030,83.6,99.9,"11.9404,108.4583",83.5
2024-01-20 20:33:00,VIN-D2031,26.4,61.5,"10.9460,108.4419",78.2
2024-01-20 20:36:00,VIN-D2032,13.7,23.1,"10.8231,106.6297",79.2
2024-01-20 20:39:00,VIN-D2033,59.1,12.3,"10.9460,108.4419",70.3
2024-01-20 20:42:00,VIN-D2034,113.7,51.1,"10.0452,105.7469",71.1
2024-01-20 20:45:00,VIN-D2035,11.7,56.2,"16.0544,108.2022",105.2
2024-01-20 20:48:00,VIN-D2036,107.5,32.2,"11.9404,108.4583",90.7
2024-01-20 20:51:00,VIN-D2037,5.4,18.7,"21.0285,105.8542",85.6
2024-01-20 20:54:00,VIN-D2038,99.4,47.6,"12.2388,109.1967",75.1
2024-01-20 20:57:00,VIN-D2039,51.8,30.7,"10.9460,108.4419",79.8
2024-01-20 21:00:00,VIN-D2040,43.2,80.0,"11.9404,108.4583",72.4
2024-01-20 21:03:00,VIN-D2041,51.0,36.2,"16.0544,108.2022",93.0
2024-01-20 21:06:00,VIN-D2042,72.7,36.9,"10.0452,105.7469",85.4
2024-01-20 21:09:00,VIN-D2043,109.8,46.9,"21.0285,105.8542",75.2
2024-01-20 21:12:00,VIN-D2044,97.7,98.7,"10.8231,106.6297",94.9
2024-01-20 21:15:00,VIN-D2045,57.2,82.2,"10.8231,106.6297",103.9
2024-01-20 21:18:00,VIN-D2046,37.7,97.7,"11.9404,108.4583",70.4
2024-01-20 21:21:00,VIN-D2047,117.4,14.4,"20.8449,106.6881",91.6
2024-01-20 21:24:00,VIN-D2048,96.1,93.7,"12.2388,109.1967",81.1
2024-01-20 21:27:00,VIN-D2049,52.3,95.4,"10.9460,108.4419",110.0
2024-01-20 21:30:00,VIN-D2050,89.3,73.3,"21.0285,105.8542",103.0
2024-01-20 21:33:00,VIN-D2051,53.7,33.0,"16.0544,108.2022",71.3
2024-01-20 21:36:00,VIN-D2052,37.8,10.3,"11.9404,108.4583",106.2
2024-01-20 21:39:00,VIN-D2053,116.8,92.5,"11.9404,108.4583",86.8
2024-01-20 21:42:00,VIN-D2054,95.7,31.7,"16.0544,108.2022",71.9
2024-01-20 21:45:00,VIN-D2055,87.5,66.4,"11.9404,108.4583",94.1
2024-01-20 21:48:00,VIN-D2056,71.6,28.1,"10.8231,106.6297",72.9
2024-01-20 21:51:00,VIN-D2057,106.1,87.1,"21.0285,105.8542",82.1
2024-01-20 21:54:00,VIN-D2058,4.0,75.1,"10.8231,106.6297",85.5
2024-01-20 21:57:00,VIN-D2059,57.5,59.2,"12.2388,109.1967",101.3
2024-01-20 22:00:00,VIN-D2060,32.6,46.2,"12.2388,109.1967",90.8
2024-01-20 22:03:00,VIN-D2061,0.7,9.7,"10.8231,106.6297",105.6
2024-01-20 22:06:00,VIN-D2062,4.5,32.8,"20.8449,106.6881",80.2
2024-01-20 22:09:00,VIN-D2063,43.1,64.2,"20.8449,106.6881",91.1
2024-01-20 22:12:00,VIN-D2064,25.3,74.5,"10.9460,108.4419",84.0
2024-01-20 22:15:00,VIN-D2065,43.4,6.8,"16.0544,108.2022",104.4
2024-01-20 22:18:00,VIN-D2066,47.6,17.8,"10.9460,108.4419",86.9
2024-01-20 22:21:00,VIN-D2067,10.0,23.3,"10.8231,106.6297",97.9
2024-01-20 22:24:00,VIN-D2068,72.3,75.2,"21.0285,105.8542",109.5
2024-01-20 22:27:00,VIN-D2069,13.5,68.4,"21.0285,105.8542",101.7
2024-01-20 22:30:00,VIN-D2070,46.1,21.8,"11.9404,108.4583",72.4
2024-01-20 22:33:00,VIN-D2071,81.0,40.0,"11.9404,108.4583",94.1
2024-01-20 22:36:00,VIN-D2072,37.0,15.3,"10.8231,106.6297",87.6
2024-01-20 22:39:00,VIN-D2073,100.6,85.8,"10.9460,108.4419",80.3
2024-01-20 22:42:00,VIN-D2074,75.8,70.0,"10.9460,108.4419",108.0
2024-01-20 22:45:00,VIN-D2075,58.1,77.8,"20.8449,106.6881",105.1
2024-01-20 22:48:00,VIN-D2076,98.2,84.1,"21.0285,105.8542",95.0
2024-01-20 22:51:00,VIN-D2077,82.9,89.8,"16.0544,108.2022",98.0
2024-01-20 22:54:00,VIN-D2078,14.6,48.6,"10.9460,108.4419",72.3
2024-01-20 22:57:00,VIN-D2079,43.5,96.5,"21.0285,105.8542",86.5
2024-01-20 23:00:00,VIN-D2080,30.5,32.8,"20.8449,106.6881",93.7
2024-01-20 23:03:00,VIN-D2081,33.9,77.3,"16.0544,108.2022",80.1
2024-01-20 23:06:00,VIN-D2082,37.0,94.4,"10.0452,105.7469",77.4
2024-01-20 23:09:00,VIN-D2083,107.4,11.4,"21.0285,105.8542",104.2
2024-01-20 23:12:00,VIN-D2084,95.4,87.1,"16.0544,108.2022",80.9
2024-01-20 23:15:00,VIN-D2085,89.5,69.7,"10.9460,108.4419",107.3
2024-01-20 23:18:00,VIN-D2086,71.5,72.5,"10.9460,108.4419",99.9
2024-01-20 23:21:00,VIN-D2087,39.0,59.6,"12.2388,109.1967",106.6
2024-01-20 23:24:00,VIN-D2088,35.9,55.4,"12.2388,109.1967",70.8
2024-01-20 23:27:00,VIN-D2089,0.6,67.8,"20.8449,106.6881",83.6
2024-01-20 23:30:00,VIN-D2090,91.3,56.7,"20.8449,106.6881",79.4
2024-01-20 23:33:00,VIN-D2091,116.5,60.1,"12.2388,109.1967",92.4
2024-01-20 23:36:00,VIN-D2092,101.2,52.8,"10.8231,106.6297",95.8
2024-01-20 23:39:00,VIN-D2093,57.2,28.2,"20.8449,106.6881",96.6
2024-01-20 23:42:00,VIN-D2094,80.8,50.3,"12.2388,109.1967",104.1
2024-01-20 23:45:00,VIN-D2095,56.4,24.5,"10.8231,106.6297",82.9
2024-01-20 23:48:00,VIN-D2096,32.9,19.1,"21.0285,105.8542",92.5
2024-01-20 23:51:00,VIN-D2097,102.6,48.2,"20.8449,106.6881",75.1
2024-01-20 23:54:00,VIN-D2098,64.6,47.4,"10.9460,108.4419",87.4
2024-01-20 23:57:00,VIN-D2099,54.9,45.4,"20.8449,106.6881",100.1
2024-01-21 00:00:00,VIN-D2100,83.0,12.8,"21.0285,105.8542",94.1
2024-01-21 00:03:00,VIN-D2101,107.3,20.5,"12.2388,109.1967",75.0
2024-01-21 00:06:00,VIN-D2102,69.2,66.6,"10.0452,105.7469",74.5
2024-01-21 00:09:00,VIN-D2103,52.2,60.0,"10.8231,106.6297",91.2
2024-01-21 00:12:00,VIN-D2104,42.6,76.4,"10.9460,108.4419",82.7
2024-01-21 00:15:00,VIN-D2105,14.0,64.7,"20.8449,106.6881",99.3
2024-01-21 00:18:00,VIN-D2106,25.5,89.6,"20.8449,106.6881",89.4
2024-01-21 00:21:00,VIN-D2107,79.4,86.3,"10.9460,108.4419",89.1
2024-01-21 00:24:00,VIN-D2108,57.8,83.4,"21.0285,105.8542",80.9
2024-01-21 00:27:00,VIN-D2109,42.7,47.8,"10.9460,108.4419",107.8
2024-01-21 00:30:00,VIN-D2110,6.6,97.1,"10.8231,106.6297",97.9
2024-01-21 00:33:00,VIN-D2111,43.2,96.5,"12.2388,109.1967",94.7
2024-01-21 00:36:00,VIN-D2112,4.3,83.9,"11.9404,108.4583",88.3
2024-01-21 00:39:00,VIN-D2113,38.9,40.2,"10.0452,105.7469",89.6
2024-01-21 00:42:00,VIN-D2114,114.0,30.4,"12.2388,109.1967",84.3
2024-01-21 00:45:00,VIN-D2115,87.9,72.4,"10.9460,108.4419",85.6
2024-01-21 00:48:00,VIN-D2116,100.0,76.5,"20.8449,106.6881",78.4
2024-01-21 00:51:00,VIN-D2117,99.4,70.5,"16.0544,108.2022",70.1
2024-01-21 00:54:00,VIN-D2118,108.6,36.7,"11.9404,108.4583",108.1
2024-01-21 00:57:00,VIN-D2119,93.6,70.2,"16.0544,108.2022",88.8
2024-01-21 01:00:00,VIN-D2120,88.0,17.4,"16.0544,108.2022",89.0
2024-01-21 01:03:00,VIN-D2121,68.6,68.9,"10.9460,108.4419",72.4
2024-01-21 01:06:00,VIN-D2122,86.1,60.2,"12.2388,109.1967",103.7
2024-01-21 01:09:00,VIN-D2123,103.6,74.9,"20.8449,106.6881",102.7
2024-01-21 01:12:00,VIN-D2124,2.7,43.9,"20.8449,106.6881",102.4
2024-01-21 01:15:00,VIN-D2125,64.8,79.9,"16.0544,108.2022",101.1
2024-01-21 01:18:00,VIN-D2126,52.2,88.1,"12.2388,109.1967",91.6
2024-01-21 01:21:00,VIN-D2127,77.0,78.2,"12.2388,109.1967",77.9
2024-01-21 01:24:00,VIN-D2128,43.2,10.4,"10.9460,108.4419",94.1
2024-01-21 01:27:00,VIN-D2129,47.8,14.7,"11.9404,108.4583",79.0
2024-01-21 01:30:00,VIN-D2130,59.5,79.2,"12.2388,109.1967",75.6
2024-01-21 01:33:00,VIN-D2131,58.9,44.9,"12.2388,109.1967",92.6
2024-01-21 01:36:00,VIN-D2132,7.8,15.6,"10.0452,105.7469",107.8
2024-01-21 01:39:00,VIN-D2133,51.4,36.7,"10.9460,108.4419",102.1
2024-01-21 01:42:00,VIN-D2134,41.2,21.7,"10.8231,106.6297",74.0
2024-01-21 01:45:00,VIN-D2135,72.8,38.1,"10.9460,108.4419",91.2
2024-01-21 01:48:00,VIN-D2136,57.6,53.4,"10.0452,105.7469",72.1
2024-01-21 01:51:00,VIN-D2137,80.4,7.0,"21.0285,105.8542",77.9
2024-01-21 01:54:00,VIN-D2138,90.5,76.2,"10.8231,106.6297",75.7
2024-01-21 01:57:00,VIN-D2139,113.6,50.6,"10.0452,105.7469",77.1
2024-01-21 02:00:00,VIN-D2140,118.5,59.6,"16.0544,108.2022",100.3
2024-01-21 02:03:00,VIN-D2141,33.4,31.7,"10.8231,106.6297",73.6
2024-01-21 02:06:00,VIN-D2142,45.5,59.8,"11.9404,108.4583",106.3
2024-01-21 02:09:00,VIN-D2143,73.6,16.2,"16.0544,108.2022",92.9
2024-01-21 02:12:00,VIN-D2144,36.1,90.6,"10.8231,106.6297",79.9
2024-01-21 02:15:00,VIN-D2145,118.9,56.5,"10.9460,108.4419",109.7
2024-01-21 02:18:00,VIN-D2146,108.7,30.0,"11.9404,108.4583",93.6
2024-01-21 02:21:00,VIN-D2147,11.5,12.8,"16.0544,108.2022",71.1
2024-01-21 02:24:00,VIN-D2148,22.6,26.9,"10.8231,106.6297",109.7
2024-01-21 02:27:00,VIN-D2149,72.3,41.6,"20.8449,106.6881",97.2
2024-01-21 02:30:00,VIN-D2150,77.6,29.1,"10.0452,105.7469",93.0
2024-01-21 02:33:00,VIN-D2151,111.3,83.6,"10.0452,105.7469",98.8
2024-01-21 02:36:00,VIN-D2152,42.9,86.9,"12.2388,109.1967",105.5
2024-01-21 02:39:00,VIN-D2153,63.6,33.5,"10.0452,105.7469",89.0
2024-01-21 02:42:00,VIN-D2154,57.5,34.1,"11.9404,108.4583",72.1
2024-01-21 02:45:00,VIN-D2155,29.2,82.5,"16.0544,108.2022",105.0
2024-01-21 02:48:00,VIN-D2156,57.0,18.0,"21.0285,105.8542",109.8
2024-01-21 02:51:00,VIN-D2157,69.1,82.3,"20.8449,106.6881",76.3
2024-01-21 02:54:00,VIN-D2158,5.6,84.9,"11.9404,108.4583",77.9
2024-01-21 02:57:00,VIN-D2159,50.9,63.7,"16.0544,108.2022",81.1
2024-01-21 03:00:00,VIN-D2160,101.0,65.2,"10.0452,105.7469",97.6
2024-01-21 03:03:00,VIN-D2161,17.2,95.6,"10.9460,108.4419",100.5
2024-01-21 03:06:00,VIN-D2162,58.5,89.1,"12.2388,109.1967",104.4
2024-01-21 03:09:00,VIN-D2163,9.5,21.3,"20.8449,106.6881",87.7
2024-01-21 03:12:00,VIN-D2164,60.8,50.6,"10.9460,108.4419",101.5
2024-01-21 03:15:00,VIN-D2165,46.0,63.6,"10.8231,106.6297",81.8
2024-01-21 03:18:00,VIN-D2166,53.2,72.0,"16.0544,108.2022",93.9
2024-01-21 03:21:00,VIN-D2167,103.9,95.9,"20.8449,106.6881",82.5
2024-01-21 03:24:00,VIN-D2168,100.2,31.8,"11.9404,108.4583",89.4
2024-01-21 03:27:00,VIN-D2169,8.9,53.8,"16.0544,108.2022",70.7
2024-01-21 03:30:00,VIN-D2170,2.4,12.4,"10.8231,106.6297",88.4
2024-01-21 03:33:00,VIN-D2171,12.3,11.6,"12.2388,109.1967",80.0
2024-01-21 03:36:00,VIN-D2172,82.6,48.4,"16.0544,108.2022",86.9
2024-01-21 03:39:00,VIN-D2173,52.5,92.7,"12.2388,109.1967",94.8
2024-01-21 03:42:00,VIN-D2174,26.6,39.0,"10.8231,106.6297",73.2
2024-01-21 03:45:00,VIN-D2175,25.1,24.9,"21.0285,105.8542",96.5
2024-01-21 03:48:00,VIN-D2176,3.6,15.8,"11.9404,108.4583",90.4
2024-01-21 03:51:00,VIN-D2177,44.3,47.1,"10.0452,105.7469",108.2
2024-01-21 03:54:00,VIN-D2178,11.0,25.8,"10.8231,106.6297",97.8
2024-01-21 03:57:00,VIN-D2179,86.9,73.0,"10.9460,108.4419",81.0
2024-01-21 04:00:00,VIN-D2180,22.9,91.0,"10.9460,108.4419",84.4
2024-01-21 04:03:00,VIN-D2181,114.2,81.2,"10.0452,105.7469",70.3
2024-01-21 04:06:00,VIN-D2182,113.2,72.0,"10.9460,108.4419",78.5
2024-01-21 04:09:00,VIN-D2183,25.6,84.2,"10.9460,108.4419",102.5
2024-01-21 04:12:00,VIN-D2184,79.1,12.9,"10.8231,106.6297",73.9
2024-01-21 04:15:00,VIN-D2185,105.7,32.5,"16.0544,108.2022",86.5
2024-01-21 04:18:00,VIN-D2186,9.2,80.9,"16.0544,108.2022",106.8
2024-01-21 04:21:00,VIN-D2187,19.1,74.0,"12.2388,109.1967",70.6
2024-01-21 04:24:00,VIN-D2188,0.0,12.3,"20.8449,106.6881",83.4
2024-01-21 04:27:00,VIN-D2189,101.6,61.4,"20.8449,106.6881",72.1
2024-01-21 04:30:00,VIN-D2190,109.9,34.7,"21.0285,105.8542",109.0
2024-01-21 04:33:00,VIN-D2191,32.5,37.4,"10.8231,106.6297",103.4
2024-01-21 04:36:00,VIN-D2192,99.4,12.9,"10.8231,106.6297",109.8
2024-01-21 04:39:00,VIN-D2193,3.9,33.8,"10.8231,106.6297",73.3
2024-01-21 04:42:00,VIN-D2194,37.9,28.0,"21.0285,105.8542",98.3
2024-01-21 04:45:00,VIN-D2195,68.7,36.2,"20.8449,106.6881",72.3
2024-01-21 04:48:00,VIN-D2196,115.7,50.8,"10.0452,105.7469",102.0
2024-01-21 04:51:00,VIN-D2197,84.3,31.0,"10.9460,108.4419",109.9
2024-01-21 04:54:00,VIN-D2198,72.8,44.6,"11.9404,108.4583",80.3
2024-01-21 04:57:00,VIN-D2199,60.3,89.6,"20.8449,106.6881",76.0
2024-01-21 05:00:00,VIN-D2200,56.7,5.8,"12.2388,109.1967",76.8
2024-01-21 05:03:00,VIN-D2201,37.2,87.2,"10.8231,106.6297",85.5
2024-01-21 05:06:00,VIN-D2202,105.2,68.0,"20.8449,106.6881",100.3
2024-01-21 05:09:00,VIN-D2203,93.6,77.2,"11.9404,108.4583",104.1
2024-01-21 05:12:00,VIN-D2204,105.6,75.2,"16.0544,108.2022",89.9
2024-01-21 05:15:00,VIN-D2205,59.9,80.4,"12.2388,109.1967",92.5
2024-01-21 05:18:00,VIN-D2206,99.3,14.2,"10.8231,106.6297",84.8
2024-01-21 05:21:00,VIN-D2207,66.8,95.0,"10.9460,108.4419",96.8
2024-01-21 05:24:00,VIN-D2208,103.5,38.6,"10.9460,108.4419",71.7
2024-01-21 05:27:00,VIN-D2209,20.4,51.7,"20.8449,106.6881",104.0
2024-01-21 05:30:00,VIN-D2210,39.1,9.4,"12.2388,109.1967",99.4
2024-01-21 05:33:00,VIN-D2211,11.0,33.4,"12.2388,109.1967",99.9
2024-01-21 05:36:00,VIN-D2212,74.9,92.8,"16.0544,108.2022",99.9
2024-01-21 05:39:00,VIN-D2213,59.2,64.8,"10.8231,106.6297",98.0
2024-01-21 05:42:00,VIN-D2214,101.8,11.2,"21.0285,105.8542",79.1
2024-01-21 05:45:00,VIN-D2215,80.3,67.5,"16.0544,108.2022",86.4
2024-01-21 05:48:00,VIN-D2216,30.2,63.7,"10.9460,108.4419",71.7
2024-01-21 05:51:00,VIN-D2217,17.2,11.0,"21.0285,105.8542",81.8
2024-01-21 05:54:00,VIN-D2218,104.9,93.1,"10.9460,108.4419",109.0
2024-01-21 05:57:00,VIN-D2219,79.1,12.5,"10.8231,106.6297",71.8
2024-01-21 06:00:00,VIN-D2220,64.2,90.7,"10.0452,105.7469",87.0
2024-01-21 06:03:00,VIN-D2221,69.2,19.6,"10.0452,105.7469",93.8
2024-01-21 06:06:00,VIN-D2222,78.1,49.4,"20.8449,106.6881",99.5
2024-01-21 06:09:00,VIN-D2223,82.0,34.7,"21.0285,105.8542",104.6
2024-01-21 06:12:00,VIN-D2224,94.0,35.6,"10.8231,106.6297",101.9
2024-01-21 06:15:00,VIN-D2225,51.9,12.6,"10.9460,108.4419",83.9
2024-01-21 06:18:00,VIN-D2226,115.4,72.5,"10.8231,106.6297",70.2
2024-01-21 06:21:00,VIN-D2227,53.9,50.0,"12.2388,109.1967",77.2
2024-01-21 06:24:00,VIN-D2228,34.1,39.9,"10.9460,108.4419",87.5
2024-01-21 06:27:00,VIN-D2229,63.5,45.6,"10.9460,108.4419",89.3
2024-01-21 06:30:00,VIN-D2230,5.5,45.6,"16.0544,108.2022",97.5
2024-01-21 06:33:00,VIN-D2231,72.5,20.1,"16.0544,108.2022",92.1
2024-01-21 06:36:00,VIN-D2232,27.9,60.7,"21.0285,105.8542",80.4
2024-01-21 06:39:00,VIN-D2233,1.3,65.3,"16.0544,108.2022",74.4
2024-01-21 06:42:00,VIN-D2234,19.0,95.4,"11.9404,108.4583",94.9
2024-01-21 06:45:00,VIN-D2235,64.2,23.6,"10.9460,108.4419",106.5
2024-01-21 06:48:00,VIN-D2236,33.6,70.4,"21.0285,105.8542",76.8
2024-01-21 06:51:00,VIN-D2237,92.4,37.8,"12.2388,109.1967",102.3
2024-01-21 06:54:00,VIN-D2238,82.6,64.7,"20.8449,106.6881",93.6
2024-01-21 06:57:00,VIN-D2239,101.7,99.0,"10.8231,106.6297",73.6
2024-01-21 07:00:00,VIN-D2240,80.5,20.7,"20.8449,106.6881",101.9
2024-01-21 07:03:00,VIN-D2241,7.3,25.5,"21.0285,105.8542",99.7
2024-01-21 07:06:00,VIN-D2242,103.2,56.3,"16.0544,108.2022",84.3
2024-01-21 07:09:00,VIN-D2243,98.9,8.7,"21.0285,105.8542",104.0
2024-01-21 07:12:00,VIN-D2244,105.0,21.0,"10.8231,106.6297",99.4
2024-01-21 07:15:00,VIN-D2245,47.8,27.9,"10.8231,106.6297",79.1
2024-01-21 07:18:00,VIN-D2246,44.6,37.0,"11.9404,108.4583",105.4
2024-01-21 07:21:00,VIN-D2247,74.7,35.2,"20.8449,106.6881",87.5
2024-01-21 07:24:00,VIN-D2248,45.5,12.3,"20.8449,106.6881",76.1
2024-01-21 07:27:00,VIN-D2249,68.7,88.2,"11.9404,108.4583",91.7
2024-01-21 07:30:00,VIN-D2250,47.6,88.0,"10.0452,105.7469",85.4
2024-01-21 07:33:00,VIN-D2251,118.4,17.6,"11.9404,108.4583",79.7
2024-01-21 07:36:00,VIN-D2252,103.4,53.8,"10.0452,105.7469",107.0
2024-01-21 07:39:00,VIN-D2253,97.1,63.8,"16.0544,108.2022",83.0
2024-01-21 07:42:00,VIN-D2254,33.1,9.4,"10.8231,106.6297",85.5
2024-01-21 07:45:00,VIN-D2255,32.2,63.2,"10.9460,108.4419",102.8
2024-01-21 07:48:00,VIN-D2256,98.7,91.1,"10.9460,108.4419",106.5
2024-01-21 07:51:00,VIN-D2257,98.1,55.9,"10.0452,105.7469",95.4
2024-01-21 07:54:00,VIN-D2258,34.5,16.1,"10.8231,106.6297",109.3
2024-01-21 07:57:00,VIN-D2259,76.8,46.5,"11.9404,108.4583",91.6
2024-01-21 08:00:00,VIN-D2260,61.8,99.3,"10.0452,105.7469",104.1
2024-01-21 08:03:00,VIN-D2261,90.6,80.1,"10.0452,105.7469",108.2
2024-01-21 08:06:00,VIN-D2262,90.8,31.3,"10.8231,106.6297",79.0
2024-01-21 08:09:00,VIN-D2263,97.4,84.5,"20.8449,106.6881",70.1
2024-01-21 08:12:00,VIN-D2264,64.0,71.1,"10.9460,108.4419",105.5
2024-01-21 08:15:00,VIN-D2265,46.1,58.7,"10.0452,105.7469",88.8
2024-01-21 08:18:00,VIN-D2266,74.9,5.5,"12.2388,109.1967",88.7
2024-01-21 08:21:00,VIN-D2267,73.3,9.8,"11.9404,108.4583",99.9
2024-01-21 08:24:00,VIN-D2268,98.6,10.5,"10.9460,108.4419",70.6
2024-01-21 08:27:00,VIN-D2269,58.6,55.3,"10.8231,106.6297",76.4
2024-01-21 08:30:00,VIN-D2270,54.7,30.0,"21.0285,105.8542",109.9
2024-01-21 08:33:00,VIN-D2271,0.5,94.7,"10.8231,106.6297",82.8
2024-01-21 08:36:00,VIN-D2272,75.7,9.7,"21.0285,105.8542",105.8
2024-01-21 08:39:00,VIN-D2273,65.5,95.3,"10.9460,108.4419",83.1
2024-01-21 08:42:00,VIN-D2274,57.9,90.8,"10.8231,106.6297",91.7
2024-01-21 08:45:00,VIN-D2275,21.6,34.2,"20.8449,106.6881",76.4
2024-01-21 08:48:00,VIN-D2276,19.8,35.9,"10.8231,106.6297",87.8
2024-01-21 08:51:00,VIN-D2277,41.3,26.3,"10.8231,106.6297",84.8
2024-01-21 08:54:00,VIN-D2278,16.8,55.9,"21.0285,105.8542",82.8
2024-01-21 08:57:00,VIN-D2279,44.4,10.3,"10.0452,105.7469",83.2
2024-01-21 09:00:00,VIN-D2280,30.3,12.7,"10.9460,108.4419",92.1
2024-01-21 09:03:00,VIN-D2281,56.9,77.3,"11.9404,108.4583",70.5
2024-01-21 09:06:00,VIN-D2282,43.4,24.8,"21.0285,105.8542",105.1
2024-01-21 09:09:00,VIN-D2283,76.2,13.3,"10.8231,106.6297",84.4
2024-01-21 09:12:00,VIN-D2284,11.1,32.5,"16.0544,108.2022",70.9
2024-01-21 09:15:00,VIN-D2285,85.6,83.4,"10.9460,108.4419",80.3
2024-01-21 09:18:00,VIN-D2286,111.0,97.9,"11.9404,108.4583",72.7
2024-01-21 09:21:00,VIN-D2287,51.3,62.4,"10.0452,105.7469",78.7
2024-01-21 09:24:00,VIN-D2288,92.6,49.9,"16.0544,108.2022",101.4
2024-01-21 09:27:00,VIN-D2289,45.9,59.3,"12.2388,109.1967",87.9
2024-01-21 09:30:00,VIN-D2290,61.3,84.5,"10.0452,105.7469",71.7
2024-01-21 09:33:00,VIN-D2291,112.3,69.1,"16.0544,108.2022",104.0
2024-01-21 09:36:00,VIN-D2292,72.3,40.7,"10.8231,106.6297",84.7
2024-01-21 09:39:00,VIN-D2293,23.8,82.1,"10.9460,108.4419",73.2
2024-01-21 09:42:00,VIN-D2294,36.2,82.2,"21.0285,105.8542",78.1
2024-01-21 09:45:00,VIN-D2295,24.6,85.3,"21.0285,105.8542",75.5
2024-01-21 09:48:00,VIN-D2296,37.6,98.9,"21.0285,105.8542",92.7
2024-01-21 09:51:00,VIN-D2297,107.2,42.0,"12.2388,109.1967",104.8
2024-01-21 09:54:00,VIN-D2298,51.7,24.7,"20.8449,106.6881",84.0
2024-01-21 09:57:00,VIN-D2299,83.2,13.0,"12.2388,109.1967",106.0
2024-01-21 10:00:00,VIN-D2300,116.2,70.8,"12.2388,109.1967",84.9
2024-01-21 10:03:00,VIN-D2301,50.5,77.3,"11.9404,108.4583",71.3
2024-01-21 10:06:00,VIN-D2302,65.2,35.4,"21.0285,105.8542",106.6
2024-01-21 10:09:00,VIN-D2303,45.8,27.1,"21.0285,105.8542",91.4
2024-01-21 10:12:00,VIN-D2304,74.1,60.0,"20.8449,106.6881",101.2
2024-01-21 10:15:00,VIN-D2305,28.8,69.0,"10.8231,106.6297",75.1
2024-01-21 10:18:00,VIN-D2306,0.9,19.8,"10.0452,105.7469",79.6
2024-01-21 10:21:00,VIN-D2307,26.6,54.2,"10.0452,105.7469",74.1
2024-01-21 10:24:00,VIN-D2308,68.4,5.4,"16.0544,108.2022",83.0
2024-01-21 10:27:00,VIN-D2309,73.3,72.8,"16.0544,108.2022",89.8
2024-01-21 10:30:00,VIN-D2310,31.0,7.3,"12.2388,109.1967",79.8
2024-01-21 10:33:00,VIN-D2311,100.2,92.1,"20.8449,106.6881",87.1
2024-01-21 10:36:00,VIN-D2312,36.4,8.8,"10.9460,108.4419",96.1
2024-01-21 10:39:00,VIN-D2313,46.6,75.1,"10.9460,108.4419",82.6
2024-01-21 10:42:00,VIN-D2314,88.0,62.6,"20.8449,106.6881",78.1
2024-01-21 10:45:00,VIN-D2315,60.4,38.9,"10.9460,108.4419",77.7
2024-01-21 10:48:00,VIN-D2316,6.9,57.7,"16.0544,108.2022",78.0
2024-01-21 10:51:00,VIN-D2317,106.0,9.1,"10.9460,108.4419",71.2
2024-01-21 10:54:00,VIN-D2318,73.0,99.4,"16.0544,108.2022",81.8
2024-01-21 10:57:00,VIN-D2319,60.0,64.9,"10.9460,108.4419",84.5
2024-01-21 11:00:00,VIN-D2320,62.8,92.6,"16.0544,108.2022",74.2
2024-01-21 11:03:00,VIN-D2321,67.6,67.7,"20.8449,106.6881",103.6
2024-01-21 11:06:00,VIN-D2322,48.5,55.1,"16.0544,108.2022",90.2
2024-01-21 11:09:00,VIN-D2323,78.0,88.5,"20.8449,106.6881",70.5
2024-01-21 11:12:00,VIN-D2324,45.4,89.0,"20.8449,106.6881",104.1
2024-01-21 11:15:00,VIN-D2325,60.5,91.3,"21.0285,105.8542",105.0
2024-01-21 11:18:00,VIN-D2326,19.2,60.9,"12.2388,109.1967",99.1
2024-01-21 11:21:00,VIN-D2327,19.6,21.3,"12.2388,109.1967",85.1
2024-01-21 11:24:00,VIN-D2328,60.4,7.2,"21.0285,105.8542",97.1
2024-01-21 11:27:00,VIN-D2329,71.6,19.9,"12.2388,109.1967",74.0
2024-01-21 11:30:00,VIN-D2330,73.3,79.7,"10.9460,108.4419",70.3
2024-01-21 11:33:00,VIN-D2331,14.8,58.0,"10.0452,105.7469",80.6
2024-01-21 11:36:00,VIN-D2332,87.0,63.7,"11.9404,108.4583",105.4
2024-01-21 11:39:00,VIN-D2333,31.0,91.3,"10.9460,108.4419",92.0
2024-01-21 11:42:00,VIN-D2334,5.3,82.9,"12.2388,109.1967",105.9
2024-01-21 11:45:00,VIN-D2335,64.1,23.3,"20.8449,106.6881",106.0
2024-01-21 11:48:00,VIN-D2336,38.2,40.8,"10.9460,108.4419",106.6
2024-01-21 11:51:00,VIN-D2337,76.1,41.8,"16.0544,108.2022",74.0
2024-01-21 11:54:00,VIN-D2338,8.4,99.6,"10.8231,106.6297",86.9
2024-01-21 11:57:00,VIN-D2339,50.7,74.1,"12.2388,109.1967",72.2
2024-01-21 12:00:00,VIN-D2340,110.6,62.6,"10.9460,108.4419",95.4
2024-01-21 12:03:00,VIN-D2341,36.4,65.8,"10.9460,108.4419",99.0
2024-01-21 12:06:00,VIN-D2342,1.0,71.8,"10.9460,108.4419",91.0
2024-01-21 12:09:00,VIN-D2343,110.7,66.0,"11.9404,108.4583",98.2
2024-01-21 12:12:00,VIN-D2344,100.9,46.7,"16.0544,108.2022",86.7
2024-01-21 12:15:00,VIN-D2345,105.2,55.0,"10.9460,108.4419",70.9
2024-01-21 12:18:00,VIN-D2346,119.2,12.6,"11.9404,108.4583",89.5
2024-01-21 12:21:00,VIN-D2347,114.1,14.4,"10.9460,108.4419",78.0
2024-01-21 12:24:00,VIN-D2348,9.3,82.8,"21.0285,105.8542",103.6
2024-01-21 12:27:00,VIN-D2349,80.2,41.8,"16.0544,108.2022",80.8
2024-01-21 12:30:00,VIN-D2350,71.3,31.2,"12.2388,109.1967",79.9
2024-01-21 12:33:00,VIN-D2351,100.2,52.2,"16.0544,108.2022",88.0
2024-01-21 12:36:00,VIN-D2352,86.7,8.7,"10.9460,108.4419",86.3
2024-01-21 12:39:00,VIN-D2353,16.2,55.1,"10.8231,106.6297",106.9
2024-01-21 12:42:00,VIN-D2354,52.9,31.1,"20.8449,106.6881",80.1
2024-01-21 12:45:00,VIN-D2355,1.6,15.9,"10.9460,108.4419",88.0
2024-01-21 12:48:00,VIN-D2356,48.8,41.7,"21.0285,105.8542",94.0
2024-01-21 12:51:00,VIN-D2357,83.8,53.5,"11.9404,108.4583",103.7
2024-01-21 12:54:00,VIN-D2358,41.2,16.9,"11.9404,108.4583",96.6
2024-01-21 12:57:00,VIN-D2359,36.1,30.0,"20.8449,106.6881",86.1
2024-01-21 13:00:00,VIN-D2360,20.9,22.0,"10.8231,106.6297",109.8
2024-01-21 13:03:00,VIN-D2361,19.4,98.4,"20.8449,106.6881",88.9
2024-01-21 13:06:00,VIN-D2362,32.6,46.2,"10.8231,106.6297",74.0
2024-01-21 13:09:00,VIN-D2363,118.7,29.7,"10.0452,105.7469",90.7
2024-01-21 13:12:00,VIN-D2364,52.6,92.8,"10.0452,105.7469",92.3
2024-01-21 13:15:00,VIN-D2365,80.5,54.9,"10.0452,105.7469",94.6
2024-01-21 13:18:00,VIN-D2366,96.4,84.3,"20.8449,106.6881",75.5
2024-01-21 13:21:00,VIN-D2367,43.0,88.7,"20.8449,106.6881",96.0
2024-01-21 13:24:00,VIN-D2368,88.8,22.7,"20.8449,106.6881",105.7
2024-01-21 13:27:00,VIN-D2369,118.0,10.7,"11.9404,108.4583",86.1
2024-01-21 13:30:00,VIN-D2370,59.7,65.9,"10.8231,106.6297",92.4
2024-01-21 13:33:00,VIN-D2371,37.5,51.6,"21.0285,105.8542",98.2
2024-01-21 13:36:00,VIN-D2372,99.9,60.1,"20.8449,106.6881",75.8
2024-01-21 13:39:00,VIN-D2373,27.8,39.7,"20.8449,106.6881",71.3
2024-01-21 13:42:00,VIN-D2374,87.6,19.1,"20.8449,106.6881",86.5
2024-01-21 13:45:00,VIN-D2375,34.2,42.1,"10.8231,106.6297",93.4
2024-01-21 13:48:00,VIN-D2376,52.1,32.1,"10.8231,106.6297",92.7
2024-01-21 13:51:00,VIN-D2377,102.9,5.6,"21.0285,105.8542",87.2
2024-01-21 13:54:00,VIN-D2378,42.7,68.3,"11.9404,108.4583",82.4
2024-01-21 13:57:00,VIN-D2379,113.1,93.9,"10.0452,105.7469",71.5
2024-01-21 14:00:00,VIN-D2380,11.5,89.1,"12.2388,109.1967",104.2
2024-01-21 14:03:00,VIN-D2381,15.6,74.8,"10.9460,108.4419",99.1
2024-01-21 14:06:00,VIN-D2382,103.5,66.8,"16.0544,108.2022",102.2
2024-01-21 14:09:00,VIN-D2383,0.5,66.4,"16.0544,108.2022",102.9
2024-01-21 14:12:00,VIN-D2384,15.7,68.2,"10.9460,108.4419",97.5
2024-01-21 14:15:00,VIN-D2385,98.9,10.4,"10.0452,105.7469",76.3
2024-01-21 14:18:00,VIN-D2386,49.4,42.7,"20.8449,106.6881",92.8
2024-01-21 14:21:00,VIN-D2387,12.7,76.2,"10.8231,106.6297",95.1
2024-01-21 14:24:00,VIN-D2388,81.5,43.4,"21.0285,105.8542",104.6
2024-01-21 14:27:00,VIN-D2389,97.7,13.9,"12.2388,109.1967",70.0
2024-01-21 14:30:00,VIN-D2390,17.6,8.2,"10.8231,106.6297",86.3
2024-01-21 14:33:00,VIN-D2391,21.1,98.0,"20.8449,106.6881",106.3
2024-01-21 14:36:00,VIN-D2392,30.9,34.5,"12.2388,109.1967",100.5
2024-01-21 14:39:00,VIN-D2393,49.7,18.3,"20.8449,106.6881",96.9
2024-01-21 14:42:00,VIN-D2394,109.7,10.8,"11.9404,108.4583",108.9
2024-01-21 14:45:00,VIN-D2395,34.1,89.4,"12.2388,109.1967",73.2
2024-01-21 14:48:00,VIN-D2396,119.5,6.4,"11.9404,108.4583",98.0
2024-01-21 14:51:00,VIN-D2397,105.3,23.3,"10.9460,108.4419",83.7
2024-01-21 14:54:00,VIN-D2398,71.9,90.5,"10.9460,108.4419",106.9
2024-01-21 14:57:00,VIN-D2399,67.7,75.2,"10.8231,106.6297",80.4
2024-01-21 15:00:00,VIN-D2400,8.4,37.7,"11.9404,108.4583",76.5
2024-01-21 15:03:00,VIN-D2401,94.7,55.3,"16.0544,108.2022",100.5
2024-01-21 15:06:00,VIN-D2402,6.0,86.9,"20.8449,106.6881",106.9
2024-01-21 15:09:00,VIN-D2403,32.9,26.9,"10.0452,105.7469",95.1
2024-01-21 15:12:00,VIN-D2404,119.6,62.3,"10.9460,108.4419",88.3
2024-01-21 15:15:00,VIN-D2405,33.5,66.1,"12.2388,109.1967",79.1
2024-01-21 15:18:00,VIN-D2406,93.1,97.7,"12.2388,109.1967",83.8
2024-01-21 15:21:00,VIN-D2407,54.8,45.7,"10.9460,108.4419",97.7
2024-01-21 15:24:00,VIN-D2408,87.8,88.4,"10.8231,106.6297",81.8
2024-01-21 15:27:00,VIN-D2409,102.8,49.9,"10.9460,108.4419",75.2
2024-01-21 15:30:00,VIN-D2410,76.4,77.6,"12.2388,109.1967",106.5
2024-01-21 15:33:00,VIN-D2411,57.7,79.8,"10.0452,105.7469",96.5
2024-01-21 15:36:00,VIN-D2412,35.5,58.5,"10.8231,106.6297",86.4
2024-01-21 15:39:00,VIN-D2413,75.3,80.3,"21.0285,105.8542",70.9
2024-01-21 15:42:00,VIN-D2414,71.6,47.0,"12.2388,109.1967",81.7
2024-01-21 15:45:00,VIN-D2415,20.8,53.2,"10.0452,105.7469",72.6
2024-01-21 15:48:00,VIN-D2416,76.3,17.5,"16.0544,108.2022",90.1
2024-01-21 15:51:00,VIN-D2417,50.8,53.1,"10.9460,108.4419",108.8
2024-01-21 15:54:00,VIN-D2418,6.0,92.4,"16.0544,108.2022",81.4
2024-01-21 15:57:00,VIN-D2419,71.1,5.2,"11.9404,108.4583",88.8
2024-01-21 16:00:00,VIN-D2420,68.8,13.4,"12.2388,109.1967",79.1
2024-01-21 16:03:00,VIN-D2421,81.4,38.3,"20.8449,106.6881",84.0
2024-01-21 16:06:00,VIN-D2422,14.0,19.0,"10.0452,105.7469",81.5
2024-01-21 16:09:00,VIN-D2423,110.3,31.1,"10.9460,108.4419",97.7
2024-01-21 16:12:00,VIN-D2424,61.7,6.9,"10.0452,105.7469",72.8
2024-01-21 16:15:00,VIN-D2425,88.0,61.1,"12.2388,109.1967",79.5
2024-01-21 16:18:00,VIN-D2426,112.0,56.3,"12.2388,109.1967",104.3
2024-01-21 16:21:00,VIN-D2427,74.3,75.5,"10.0452,105.7469",109.9
2024-01-21 16:24:00,VIN-D2428,87.4,16.7,"16.0544,108.2022",72.9
2024-01-21 16:27:00,VIN-D2429,12.1,11.8,"20.8449,106.6881",82.3
2024-01-21 16:30:00,VIN-D2430,18.3,97.4,"21.0285,105.8542",82.8
2024-01-21 16:33:00,VIN-D2431,31.5,52.1,"10.0452,105.7469",100.7
2024-01-21 16:36:00,VIN-D2432,76.3,48.3,"10.9460,108.4419",72.3
2024-01-21 16:39:00,VIN-D2433,102.7,47.2,"11.9404,108.4583",107.9
2024-01-21 16:42:00,VIN-D2434,86.6,65.7,"16.0544,108.2022",85.4
2024-01-21 16:45:00,VIN-D2435,26.1,47.2,"16.0544,108.2022",107.3
2024-01-21 16:48:00,VIN-D2436,85.7,88.0,"10.0452,105.7469",75.2
2024-01-21 16:51:00,VIN-D2437,40.2,19.5,"10.9460,108.4419",94.3
2024-01-21 16:54:00,VIN-D2438,6.3,75.2,"10.8231,106.6297",89.3
2024-01-21 16:57:00,VIN-D2439,74.6,80.2,"10.0452,105.7469",87.6
2024-01-21 17:00:00,VIN-D2440,111.0,52.4,"11.9404,108.4583",76.5
2024-01-21 17:03:00,VIN-D2441,116.5,23.1,"20.8449,106.6881",103.4
2024-01-21 17:06:00,VIN-D2442,23.4,58.7,"21.0285,105.8542",102.4
2024-01-21 17:09:00,VIN-D2443,36.1,31.3,"21.0285,105.8542",104.7
2024-01-21 17:12:00,VIN-D2444,96.8,56.8,"10.0452,105.7469",109.3
2024-01-21 17:15:00,VIN-D2445,109.7,48.0,"16.0544,108.2022",91.1
2024-01-21 17:18:00,VIN-D2446,48.0,18.9,"10.8231,106.6297",74.0
2024-01-21 17:21:00,VIN-D2447,96.4,38.4,"11.9404,108.4583",94.1
2024-01-21 17:24:00,VIN-D2448,69.3,20.8,"12.2388,109.1967",87.9
2024-01-21 17:27:00,VIN-D2449,96.1,84.0,"10.9460,108.4419",108.3
2024-01-21 17:30:00,VIN-D2450,43.3,36.5,"10.0452,105.7469",77.7
2024-01-21 17:33:00,VIN-D2451,24.6,97.7,"10.9460,108.4419",93.0
2024-01-21 17:36:00,VIN-D2452,92.9,11.8,"10.0452,105.7469",95.6
2024-01-21 17:39:00,VIN-D2453,98.1,36.3,"20.8449,106.6881",105.2
2024-01-21 17:42:00,VIN-D2454,74.0,45.2,"21.0285,105.8542",104.4
2024-01-21 17:45:00,VIN-D2455,45.5,64.9,"16.0544,108.2022",74.5
2024-01-21 17:48:00,VIN-D2456,2.4,6.9,"10.8231,106.6297",76.9
2024-01-21 17:51:00,VIN-D2457,63.4,34.2,"11.9404,108.4583",105.5
2024-01-21 17:54:00,VIN-D2458,98.6,68.7,"10.9460,108.4419",72.3
2024-01-21 17:57:00,VIN-D2459,0.6,16.5,"16.0544,108.2022",107.7
2024-01-21 18:00:00,VIN-D2460,27.3,90.3,"10.8231,106.6297",105.0
2024-01-21 18:03:00,VIN-D2461,94.3,23.4,"10.8231,106.6297",83.2
2024-01-21 18:06:00,VIN-D2462,25.9,52.1,"20.8449,106.6881",109.5
2024-01-21 18:09:00,VIN-D2463,25.0,74.4,"10.9460,108.4419",95.3
2024-01-21 18:12:00,VIN-D2464,108.8,69.9,"10.9460,108.4419",81.5
2024-01-21 18:15:00,VIN-D2465,101.1,41.6,"16.0544,108.2022",77.2
2024-01-21 18:18:00,VIN-D2466,109.3,69.3,"10.9460,108.4419",82.7
2024-01-21 18:21:00,VIN-D2467,10.7,76.0,"11.9404,108.4583",76.5
2024-01-21 18:24:00,VIN-D2468,31.2,80.4,"10.9460,108.4419",75.4
2024-01-21 18:27:00,VIN-D2469,78.8,47.2,"10.9460,108.4419",94.1
2024-01-21 18:30:00,VIN-D2470,87.9,34.5,"12.2388,109.1967",80.0
2024-01-21 18:33:00,VIN-D2471,73.0,81.9,"21.0285,105.8542",93.7
2024-01-21 18:36:00,VIN-D2472,67.7,67.7,"11.9404,108.4583",108.8
2024-01-21 18:39:00,VIN-D2473,69.0,97.4,"20.8449,106.6881",77.0
2024-01-21 18:42:00,VIN-D2474,31.5,24.2,"12.2388,109.1967",70.3
2024-01-21 18:45:00,VIN-D2475,69.0,93.6,"16.0544,108.2022",100.7
2024-01-21 18:48:00,VIN-D2476,53.6,68.2,"11.9404,108.4583",88.0
2024-01-21 18:51:00,VIN-D2477,110.8,68.2,"20.8449,106.6881",91.1
2024-01-21 18:54:00,VIN-D2478,0.7,47.2,"11.9404,108.4583",97.0
2024-01-21 18:57:00,VIN-D2479,107.5,19.8,"21.0285,105.8542",95.9
2024-01-21 19:00:00,VIN-D2480,14.2,7.9,"10.0452,105.7469",73.6
2024-01-21 19:03:00,VIN-D2481,63.8,48.0,"10.8231,106.6297",89.1
2024-01-21 19:06:00,VIN-D2482,69.5,31.0,"11.9404,108.4583",86.6
2024-01-21 19:09:00,VIN-D2483,114.2,12.3,"20.8449,106.6881",102.2
2024-01-21 19:12:00,VIN-D2484,87.4,70.2,"10.8231,106.6297",108.7
2024-01-21 19:15:00,VIN-D2485,86.4,10.2,"12.2388,109.1967",79.4
2024-01-21 19:18:00,VIN-D2486,119.4,78.0,"10.8231,106.6297",109.5
2024-01-21 19:21:00,VIN-D2487,47.1,40.3,"10.9460,108.4419",85.1
2024-01-21 19:24:00,VIN-D2488,36.5,40.2,"20.8449,106.6881",84.5
2024-01-21 19:27:00,VIN-D2489,55.0,23.3,"16.0544,108.2022",93.5
2024-01-21 19:30:00,VIN-D2490,57.2,97.5,"21.0285,105.8542",100.6
2024-01-21 19:33:00,VIN-D2491,40.5,46.2,"11.9404,108.4583",94.6
2024-01-21 19:36:00,VIN-D2492,95.1,81.2,"16.0544,108.2022",79.7
2024-01-21 19:39:00,VIN-D2493,6.5,79.4,"20.8449,106.6881",100.4
2024-01-21 19:42:00,VIN-D2494,22.3,34.5,"10.9460,108.4419",95.5
2024-01-21 19:45:00,VIN-D2495,103.7,84.6,"20.8449,106.6881",108.0
2024-01-21 19:48:00,VIN-D2496,40.1,85.7,"10.9460,108.4419",78.8
2024-01-21 19:51:00,VIN-D2497,100.2,6.2,"10.0452,105.7469",101.0
2024-01-21 19:54:00,VIN-D2498,104.8,20.7,"10.8231,106.6297",108.0
2024-01-21 19:57:00,VIN-D2499,85.1,11.7,"20.8449,106.6881",76.0
2024-01-21 20:00:00,VIN-D2500,24.3,93.8,"20.8449,106.6881",74.5
