Timestamp,VIN,EngineTemp
2024-01-01 00:03:00,VIN-A0001,79.8
2024-01-01 00:06:00,VIN-A0002,93.6
2024-01-01 00:09:00,VIN-A0003,90.2
2024-01-01 00:12:00,VIN-A0004,78.8
2024-01-01 00:15:00,VIN-A0005,100.4
2024-01-01 00:18:00,VIN-A0006,76.2
2024-01-01 00:21:00,VIN-A0007,85.2
2024-01-01 00:24:00,VIN-A0008,102.3
2024-01-01 00:27:00,VIN-A0009,73.2
2024-01-01 00:30:00,VIN-A0010,93.1
2024-01-01 00:33:00,VIN-A0011,100.9
2024-01-01 00:36:00,VIN-A0012,85.2
2024-01-01 00:39:00,VIN-A0013,84.8
2024-01-01 00:42:00,VIN-A0014,94.4
2024-01-01 00:45:00,VIN-A0015,88.5
2024-01-01 00:48:00,VIN-A0016,97.4
2024-01-01 00:51:00,VIN-A0017,102.9
2024-01-01 00:54:00,VIN-A0018,78.4
2024-01-01 00:57:00,VIN-A0019,78.5
2024-01-01 01:00:00,VIN-A0020,75.7
2024-01-01 01:03:00,VIN-A0021,99.9
2024-01-01 01:06:00,VIN-A0022,78.8
2024-01-01 01:09:00,VIN-A0023,100.2
2024-01-01 01:12:00,VIN-A0024,101.7
2024-01-01 01:15:00,VIN-A0025,93.8
2024-01-01 01:18:00,VIN-A0026,97.2
2024-01-01 01:21:00,VIN-A0027,100.7
2024-01-01 01:24:00,VIN-A0028,88.1
2024-01-01 01:27:00,VIN-A0029,108.9
2024-01-01 01:30:00,VIN-A0030,104.8
2024-01-01 01:33:00,VIN-A0031,76.1
2024-01-01 01:36:00,VIN-A0032,94.0
2024-01-01 01:39:00,VIN-A0033,105.1
2024-01-01 01:42:00,VIN-A0034,79.6
2024-01-01 01:45:00,VIN-A0035,102.6
2024-01-01 01:48:00,VIN-A0036,75.1
2024-01-01 01:51:00,VIN-A0037,91.1
2024-01-01 01:54:00,VIN-A0038,98.5
2024-01-01 01:57:00,VIN-A0039,87.5
2024-01-01 02:00:00,VIN-A0040,72.6
2024-01-01 02:03:00,VIN-A0041,70.3
2024-01-01 02:06:00,VIN-A0042,106.2
2024-01-01 02:09:00,VIN-A0043,81.1
2024-01-01 02:12:00,VIN-A0044,79.7
2024-01-01 02:15:00,VIN-A0045,73.9
2024-01-01 02:18:00,VIN-A0046,104.6
2024-01-01 02:21:00,VIN-A0047,72.4
2024-01-01 02:24:00,VIN-A0048,79.9
2024-01-01 02:27:00,VIN-A0049,77.3
2024-01-01 02:30:00,VIN-A0050,87.7
2024-01-01 02:33:00,VIN-A0051,96.1
2024-01-01 02:36:00,VIN-A0052,107.1
2024-01-01 02:39:00,VIN-A0053,89.3
2024-01-01 02:42:00,VIN-A0054,85.2
2024-01-01 02:45:00,VIN-A0055,81.4
2024-01-01 02:48:00,VIN-A0056,76.2
2024-01-01 02:51:00,VIN-A0057,99.9
2024-01-01 02:54:00,VIN-A0058,72.3
2024-01-01 02:57:00,VIN-A0059,93.8
2024-01-01 03:00:00,VIN-A0060,107.7
2024-01-01 03:03:00,VIN-A0061,94.8
2024-01-01 03:06:00,VIN-A0062,107.4
2024-01-01 03:09:00,VIN-A0063,80.6
2024-01-01 03:12:00,VIN-A0064,82.6
2024-01-01 03:15:00,VIN-A0065,94.8
2024-01-01 03:18:00,VIN-A0066,90.2
2024-01-01 03:21:00,VIN-A0067,105.2
2024-01-01 03:24:00,VIN-A0068,94.5
2024-01-01 03:27:00,VIN-A0069,96.7
2024-01-01 03:30:00,VIN-A0070,107.6
2024-01-01 03:33:00,VIN-A0071,99.7
2024-01-01 03:36:00,VIN-A0072,98.7
2024-01-01 03:39:00,VIN-A0073,90.2
2024-01-01 03:42:00,VIN-A0074,73.7
2024-01-01 03:45:00,VIN-A0075,83.3
2024-01-01 03:48:00,VIN-A0076,99.6
2024-01-01 03:51:00,VIN-A0077,74.5
2024-01-01 03:54:00,VIN-A0078,91.8
2024-01-01 03:57:00,VIN-A0079,87.2
2024-01-01 04:00:00,VIN-A0080,106.0
2024-01-01 04:03:00,VIN-A0081,84.1
2024-01-01 04:06:00,VIN-A0082,107.0
2024-01-01 04:09:00,VIN-A0083,105.3
2024-01-01 04:12:00,VIN-A0084,101.3
2024-01-01 04:15:00,VIN-A0085,80.7
2024-01-01 04:18:00,VIN-A0086,104.3
2024-01-01 04:21:00,VIN-A0087,84.0
2024-01-01 04:24:00,VIN-A0088,70.9
2024-01-01 04:27:00,VIN-A0089,108.7
2024-01-01 04:30:00,VIN-A0090,97.2
2024-01-01 04:33:00,VIN-A0091,74.6
2024-01-01 04:36:00,VIN-A0092,71.5
2024-01-01 04:39:00,VIN-A0093,87.5
2024-01-01 04:42:00,VIN-A0094,80.2
2024-01-01 04:45:00,VIN-A0095,84.6
2024-01-01 04:48:00,VIN-A0096,94.9
2024-01-01 04:51:00,VIN-A0097,90.3
2024-01-01 04:54:00,VIN-A0098,92.2
2024-01-01 04:57:00,VIN-A0099,97.1
2024-01-01 05:00:00,VIN-A0100,86.2
2024-01-01 05:03:00,VIN-A0101,87.2
2024-01-01 05:06:00,VIN-A0102,87.7
2024-01-01 05:09:00,VIN-A0103,96.4
2024-01-01 05:12:00,VIN-A0104,73.7
2024-01-01 05:15:00,VIN-A0105,79.0
2024-01-01 05:18:00,VIN-A0106,109.4
2024-01-01 05:21:00,VIN-A0107,86.6
2024-01-01 05:24:00,VIN-A0108,89.8
2024-01-01 05:27:00,VIN-A0109,105.7
2024-01-01 05:30:00,VIN-A0110,78.8
2024-01-01 05:33:00,VIN-A0111,72.0
2024-01-01 05:36:00,VIN-A0112,75.3
2024-01-01 05:39:00,VIN-A0113,108.0
2024-01-01 05:42:00,VIN-A0114,103.2
2024-01-01 05:45:00,VIN-A0115,88.0
2024-01-01 05:48:00,VIN-A0116,100.6
2024-01-01 05:51:00,VIN-A0117,87.6
2024-01-01 05:54:00,VIN-A0118,82.8
2024-01-01 05:57:00,VIN-A0119,85.3
2024-01-01 06:00:00,VIN-A0120,86.3
2024-01-01 06:03:00,VIN-A0121,103.3
2024-01-01 06:06:00,VIN-A0122,104.3
2024-01-01 06:09:00,VIN-A0123,107.7
2024-01-01 06:12:00,VIN-A0124,91.5
2024-01-01 06:15:00,VIN-A0125,89.5
2024-01-01 06:18:00,VIN-A0126,83.4
2024-01-01 06:21:00,VIN-A0127,103.6
2024-01-01 06:24:00,VIN-A0128,106.3
2024-01-01 06:27:00,VIN-A0129,95.7
2024-01-01 06:30:00,VIN-A0130,80.4
2024-01-01 06:33:00,VIN-A0131,100.4
2024-01-01 06:36:00,VIN-A0132,80.1
2024-01-01 06:39:00,VIN-A0133,110.0
2024-01-01 06:42:00,VIN-A0134,100.2
2024-01-01 06:45:00,VIN-A0135,94.9
2024-01-01 06:48:00,VIN-A0136,92.6
2024-01-01 06:51:00,VIN-A0137,76.7
2024-01-01 06:54:00,VIN-A0138,101.1
2024-01-01 06:57:00,VIN-A0139,107.2
2024-01-01 07:00:00,VIN-A0140,85.9
2024-01-01 07:03:00,VIN-A0141,74.1
2024-01-01 07:06:00,VIN-A0142,101.8
2024-01-01 07:09:00,VIN-A0143,96.5
2024-01-01 07:12:00,VIN-A0144,104.0
2024-01-01 07:15:00,VIN-A0145,95.4
2024-01-01 07:18:00,VIN-A0146,77.0
2024-01-01 07:21:00,VIN-A0147,88.6
2024-01-01 07:24:00,VIN-A0148,104.1
2024-01-01 07:27:00,VIN-A0149,79.8
2024-01-01 07:30:00,VIN-A0150,83.5
2024-01-01 07:33:00,VIN-A0151,78.5
2024-01-01 07:36:00,VIN-A0152,92.2
2024-01-01 07:39:00,VIN-A0153,98.8
2024-01-01 07:42:00,VIN-A0154,95.8
2024-01-01 07:45:00,VIN-A0155,81.8
2024-01-01 07:48:00,VIN-A0156,88.9
2024-01-01 07:51:00,VIN-A0157,84.1
2024-01-01 07:54:00,VIN-A0158,74.8
2024-01-01 07:57:00,VIN-A0159,77.7
2024-01-01 08:00:00,VIN-A0160,109.2
2024-01-01 08:03:00,VIN-A0161,77.2
2024-01-01 08:06:00,VIN-A0162,71.8
2024-01-01 08:09:00,VIN-A0163,95.5
2024-01-01 08:12:00,VIN-A0164,93.0
2024-01-01 08:15:00,VIN-A0165,108.6
2024-01-01 08:18:00,VIN-A0166,102.9
2024-01-01 08:21:00,VIN-A0167,76.1
2024-01-01 08:24:00,VIN-A0168,109.8
2024-01-01 08:27:00,VIN-A0169,101.0
2024-01-01 08:30:00,VIN-A0170,104.4
2024-01-01 08:33:00,VIN-A0171,94.4
2024-01-01 08:36:00,VIN-A0172,95.0
2024-01-01 08:39:00,VIN-A0173,77.0
2024-01-01 08:42:00,VIN-A0174,97.6
2024-01-01 08:45:00,VIN-A0175,98.3
2024-01-01 08:48:00,VIN-A0176,107.0
2024-01-01 08:51:00,VIN-A0177,87.0
2024-01-01 08:54:00,VIN-A0178,103.1
2024-01-01 08:57:00,VIN-A0179,93.8
2024-01-01 09:00:00,VIN-A0180,75.0
2024-01-01 09:03:00,VIN-A0181,90.0
2024-01-01 09:06:00,VIN-A0182,105.6
2024-01-01 09:09:00,VIN-A0183,73.7
2024-01-01 09:12:00,VIN-A0184,110.0
2024-01-01 09:15:00,VIN-A0185,100.5
2024-01-01 09:18:00,VIN-A0186,106.6
2024-01-01 09:21:00,VIN-A0187,108.8
2024-01-01 09:24:00,VIN-A0188,96.8
2024-01-01 09:27:00,VIN-A0189,81.5
2024-01-01 09:30:00,VIN-A0190,88.2
2024-01-01 09:33:00,VIN-A0191,104.6
2024-01-01 09:36:00,VIN-A0192,86.5
2024-01-01 09:39:00,VIN-A0193,95.0
2024-01-01 09:42:00,VIN-A0194,107.1
2024-01-01 09:45:00,VIN-A0195,71.2
2024-01-01 09:48:00,VIN-A0196,82.4
2024-01-01 09:51:00,VIN-A0197,109.7
2024-01-01 09:54:00,VIN-A0198,95.9
2024-01-01 09:57:00,VIN-A0199,90.4
2024-01-01 10:00:00,VIN-A0200,79.7
2024-01-01 10:03:00,VIN-A0201,104.6
2024-01-01 10:06:00,VIN-A0202,83.6
2024-01-01 10:09:00,VIN-A0203,81.3
2024-01-01 10:12:00,VIN-A0204,104.6
2024-01-01 10:15:00,VIN-A0205,92.1
2024-01-01 10:18:00,VIN-A0206,104.8
2024-01-01 10:21:00,VIN-A0207,79.3
2024-01-01 10:24:00,VIN-A0208,98.2
2024-01-01 10:27:00,VIN-A0209,89.8
2024-01-01 10:30:00,VIN-A0210,104.8
2024-01-01 10:33:00,VIN-A0211,70.6
2024-01-01 10:36:00,VIN-A0212,73.0
2024-01-01 10:39:00,VIN-A0213,96.0
2024-01-01 10:42:00,VIN-A0214,108.2
2024-01-01 10:45:00,VIN-A0215,104.9
2024-01-01 10:48:00,VIN-A0216,109.9
2024-01-01 10:51:00,VIN-A0217,100.4
2024-01-01 10:54:00,VIN-A0218,97.8
2024-01-01 10:57:00,VIN-A0219,81.7
2024-01-01 11:00:00,VIN-A0220,92.6
2024-01-01 11:03:00,VIN-A0221,94.4
2024-01-01 11:06:00,VIN-A0222,106.5
2024-01-01 11:09:00,VIN-A0223,88.4
2024-01-01 11:12:00,VIN-A0224,106.0
2024-01-01 11:15:00,VIN-A0225,107.8
2024-01-01 11:18:00,VIN-A0226,97.6
2024-01-01 11:21:00,VIN-A0227,104.1
2024-01-01 11:24:00,VIN-A0228,93.0
2024-01-01 11:27:00,VIN-A0229,81.0
2024-01-01 11:30:00,VIN-A0230,106.4
2024-01-01 11:33:00,VIN-A0231,101.0
2024-01-01 11:36:00,VIN-A0232,95.5
2024-01-01 11:39:00,VIN-A0233,95.1
2024-01-01 11:42:00,VIN-A0234,101.5
2024-01-01 11:45:00,VIN-A0235,73.6
2024-01-01 11:48:00,VIN-A0236,78.0
2024-01-01 11:51:00,VIN-A0237,91.2
2024-01-01 11:54:00,VIN-A0238,106.6
2024-01-01 11:57:00,VIN-A0239,99.9
2024-01-01 12:00:00,VIN-A0240,75.6
2024-01-01 12:03:00,VIN-A0241,108.7
2024-01-01 12:06:00,VIN-A0242,70.6
2024-01-01 12:09:00,VIN-A0243,93.4
2024-01-01 12:12:00,VIN-A0244,97.0
2024-01-01 12:15:00,VIN-A0245,106.6
2024-01-01 12:18:00,VIN-A0246,106.4
2024-01-01 12:21:00,VIN-A0247,71.8
2024-01-01 12:24:00,VIN-A0248,73.9
2024-01-01 12:27:00,VIN-A0249,84.8
2024-01-01 12:30:00,VIN-A0250,93.5
2024-01-01 12:33:00,VIN-A0251,103.3
2024-01-01 12:36:00,VIN-A0252,71.3
2024-01-01 12:39:00,VIN-A0253,104.2
2024-01-01 12:42:00,VIN-A0254,72.4
2024-01-01 12:45:00,VIN-A0255,73.7
2024-01-01 12:48:00,VIN-A0256,72.0
2024-01-01 12:51:00,VIN-A0257,72.7
2024-01-01 12:54:00,VIN-A0258,102.5
2024-01-01 12:57:00,VIN-A0259,81.1
2024-01-01 13:00:00,VIN-A0260,101.9
2024-01-01 13:03:00,VIN-A0261,70.6
2024-01-01 13:06:00,VIN-A0262,70.6
2024-01-01 13:09:00,VIN-A0263,91.0
2024-01-01 13:12:00,VIN-A0264,90.5
2024-01-01 13:15:00,VIN-A0265,99.1
2024-01-01 13:18:00,VIN-A0266,88.3
2024-01-01 13:21:00,VIN-A0267,103.9
2024-01-01 13:24:00,VIN-A0268,72.9
2024-01-01 13:27:00,VIN-A0269,75.0
2024-01-01 13:30:00,VIN-A0270,85.2
2024-01-01 13:33:00,VIN-A0271,74.0
2024-01-01 13:36:00,VIN-A0272,87.2
2024-01-01 13:39:00,VIN-A0273,85.9
2024-01-01 13:42:00,VIN-A0274,96.6
2024-01-01 13:45:00,VIN-A0275,72.7
2024-01-01 13:48:00,VIN-A0276,99.8
2024-01-01 13:51:00,VIN-A0277,93.5
2024-01-01 13:54:00,VIN-A0278,86.4
2024-01-01 13:57:00,VIN-A0279,104.7
2024-01-01 14:00:00,VIN-A0280,84.1
2024-01-01 14:03:00,VIN-A0281,79.0
2024-01-01 14:06:00,VIN-A0282,74.6
2024-01-01 14:09:00,VIN-A0283,103.8
2024-01-01 14:12:00,VIN-A0284,94.4
2024-01-01 14:15:00,VIN-A0285,77.2
2024-01-01 14:18:00,VIN-A0286,84.0
2024-01-01 14:21:00,VIN-A0287,72.8
2024-01-01 14:24:00,VIN-A0288,99.8
2024-01-01 14:27:00,VIN-A0289,76.3
2024-01-01 14:30:00,VIN-A0290,105.3
2024-01-01 14:33:00,VIN-A0291,97.0
2024-01-01 14:36:00,VIN-A0292,94.3
2024-01-01 14:39:00,VIN-A0293,83.8
2024-01-01 14:42:00,VIN-A0294,91.1
2024-01-01 14:45:00,VIN-A0295,70.3
2024-01-01 14:48:00,VIN-A0296,100.6
2024-01-01 14:51:00,VIN-A0297,99.9
2024-01-01 14:54:00,VIN-A0298,90.0
2024-01-01 14:57:00,VIN-A0299,85.9
2024-01-01 15:00:00,VIN-A0300,106.8
2024-01-01 15:03:00,VIN-A0301,98.4
2024-01-01 15:06:00,VIN-A0302,108.6
2024-01-01 15:09:00,VIN-A0303,103.3
2024-01-01 15:12:00,VIN-A0304,79.7
2024-01-01 15:15:00,VIN-A0305,104.8
2024-01-01 15:18:00,VIN-A0306,73.1
2024-01-01 15:21:00,VIN-A0307,106.2
2024-01-01 15:24:00,VIN-A0308,79.5
2024-01-01 15:27:00,VIN-A0309,100.4
2024-01-01 15:30:00,VIN-A0310,88.6
2024-01-01 15:33:00,VIN-A0311,104.6
2024-01-01 15:36:00,VIN-A0312,88.8
2024-01-01 15:39:00,VIN-A0313,84.1
2024-01-01 15:42:00,VIN-A0314,72.3
2024-01-01 15:45:00,VIN-A0315,94.6
2024-01-01 15:48:00,VIN-A0316,88.0
2024-01-01 15:51:00,VIN-A0317,94.2
2024-01-01 15:54:00,VIN-A0318,74.1
2024-01-01 15:57:00,VIN-A0319,90.2
2024-01-01 16:00:00,VIN-A0320,109.6
2024-01-01 16:03:00,VIN-A0321,84.9
2024-01-01 16:06:00,VIN-A0322,97.2
2024-01-01 16:09:00,VIN-A0323,72.6
2024-01-01 16:12:00,VIN-A0324,80.1
2024-01-01 16:15:00,VIN-A0325,83.3
2024-01-01 16:18:00,VIN-A0326,82.4
2024-01-01 16:21:00,VIN-A0327,93.8
2024-01-01 16:24:00,VIN-A0328,95.7
2024-01-01 16:27:00,VIN-A0329,95.8
2024-01-01 16:30:00,VIN-A0330,82.4
2024-01-01 16:33:00,VIN-A0331,77.7
2024-01-01 16:36:00,VIN-A0332,103.8
2024-01-01 16:39:00,VIN-A0333,96.5
2024-01-01 16:42:00,VIN-A0334,76.2
2024-01-01 16:45:00,VIN-A0335,98.8
2024-01-01 16:48:00,VIN-A0336,108.8
2024-01-01 16:51:00,VIN-A0337,79.4
2024-01-01 16:54:00,VIN-A0338,106.2
2024-01-01 16:57:00,VIN-A0339,88.5
2024-01-01 17:00:00,VIN-A0340,108.7
2024-01-01 17:03:00,VIN-A0341,104.9
2024-01-01 17:06:00,VIN-A0342,92.2
2024-01-01 17:09:00,VIN-A0343,81.4
2024-01-01 17:12:00,VIN-A0344,103.2
2024-01-01 17:15:00,VIN-A0345,105.4
2024-01-01 17:18:00,VIN-A0346,90.1
2024-01-01 17:21:00,VIN-A0347,79.0
2024-01-01 17:24:00,VIN-A0348,101.7
2024-01-01 17:27:00,VIN-A0349,97.8
2024-01-01 17:30:00,VIN-A0350,94.6
2024-01-01 17:33:00,VIN-A0351,103.4
2024-01-01 17:36:00,VIN-A0352,74.4
2024-01-01 17:39:00,VIN-A0353,79.5
2024-01-01 17:42:00,VIN-A0354,74.4
2024-01-01 17:45:00,VIN-A0355,95.3
2024-01-01 17:48:00,VIN-A0356,87.2
2024-01-01 17:51:00,VIN-A0357,77.5
2024-01-01 17:54:00,VIN-A0358,72.7
2024-01-01 17:57:00,VIN-A0359,85.6
2024-01-01 18:00:00,VIN-A0360,80.1
2024-01-01 18:03:00,VIN-A0361,79.6
2024-01-01 18:06:00,VIN-A0362,75.3
2024-01-01 18:09:00,VIN-A0363,103.2
2024-01-01 18:12:00,VIN-A0364,95.3
2024-01-01 18:15:00,VIN-A0365,71.5
2024-01-01 18:18:00,VIN-A0366,82.6
2024-01-01 18:21:00,VIN-A0367,80.1
2024-01-01 18:24:00,VIN-A0368,104.5
2024-01-01 18:27:00,VIN-A0369,75.0
2024-01-01 18:30:00,VIN-A0370,105.8
2024-01-01 18:33:00,VIN-A0371,97.7
2024-01-01 18:36:00,VIN-A0372,102.0
2024-01-01 18:39:00,VIN-A0373,91.8
2024-01-01 18:42:00,VIN-A0374,82.3
2024-01-01 18:45:00,VIN-A0375,84.1
2024-01-01 18:48:00,VIN-A0376,94.6
2024-01-01 18:51:00,VIN-A0377,73.0
2024-01-01 18:54:00,VIN-A0378,108.1
2024-01-01 18:57:00,VIN-A0379,71.4
2024-01-01 19:00:00,VIN-A0380,84.5
2024-01-01 19:03:00,VIN-A0381,97.2
2024-01-01 19:06:00,VIN-A0382,93.0
2024-01-01 19:09:00,VIN-A0383,80.0
2024-01-01 19:12:00,VIN-A0384,90.7
2024-01-01 19:15:00,VIN-A0385,98.2
2024-01-01 19:18:00,VIN-A0386,78.0
2024-01-01 19:21:00,VIN-A0387,105.9
2024-01-01 19:24:00,VIN-A0388,96.7
2024-01-01 19:27:00,VIN-A0389,105.7
2024-01-01 19:30:00,VIN-A0390,101.7
2024-01-01 19:33:00,VIN-A0391,101.7
2024-01-01 19:36:00,VIN-A0392,92.2
2024-01-01 19:39:00,VIN-A0393,94.5
2024-01-01 19:42:00,VIN-A0394,91.0
2024-01-01 19:45:00,VIN-A0395,75.0
2024-01-01 19:48:00,VIN-A0396,97.2
2024-01-01 19:51:00,VIN-A0397,100.7
2024-01-01 19:54:00,VIN-A0398,103.3
2024-01-01 19:57:00,VIN-A0399,82.9
2024-01-01 20:00:00,VIN-A0400,103.8
2024-01-01 20:03:00,VIN-A0401,75.0
2024-01-01 20:06:00,VIN-A0402,93.7
2024-01-01 20:09:00,VIN-A0403,103.7
2024-01-01 20:12:00,VIN-A0404,73.2
2024-01-01 20:15:00,VIN-A0405,96.0
2024-01-01 20:18:00,VIN-A0406,89.9
2024-01-01 20:21:00,VIN-A0407,89.3
2024-01-01 20:24:00,VIN-A0408,88.1
2024-01-01 20:27:00,VIN-A0409,89.4
2024-01-01 20:30:00,VIN-A0410,104.5
2024-01-01 20:33:00,VIN-A0411,109.0
2024-01-01 20:36:00,VIN-A0412,82.8
2024-01-01 20:39:00,VIN-A0413,75.6
2024-01-01 20:42:00,VIN-A0414,79.9
2024-01-01 20:45:00,VIN-A0415,107.4
2024-01-01 20:48:00,VIN-A0416,89.9
2024-01-01 20:51:00,VIN-A0417,89.9
2024-01-01 20:54:00,VIN-A0418,108.7
2024-01-01 20:57:00,VIN-A0419,81.3
2024-01-01 21:00:00,VIN-A0420,81.4
2024-01-01 21:03:00,VIN-A0421,105.3
2024-01-01 21:06:00,VIN-A0422,71.8
2024-01-01 21:09:00,VIN-A0423,92.1
2024-01-01 21:12:00,VIN-A0424,103.0
2024-01-01 21:15:00,VIN-A0425,109.0
2024-01-01 21:18:00,VIN-A0426,92.3
2024-01-01 21:21:00,VIN-A0427,90.0
2024-01-01 21:24:00,VIN-A0428,102.2
2024-01-01 21:27:00,VIN-A0429,83.1
2024-01-01 21:30:00,VIN-A0430,93.7
2024-01-01 21:33:00,VIN-A0431,98.3
2024-01-01 21:36:00,VIN-A0432,83.2
2024-01-01 21:39:00,VIN-A0433,101.9
2024-01-01 21:42:00,VIN-A0434,93.9
2024-01-01 21:45:00,VIN-A0435,98.9
2024-01-01 21:48:00,VIN-A0436,75.9
2024-01-01 21:51:00,VIN-A0437,77.6
2024-01-01 21:54:00,VIN-A0438,97.6
2024-01-01 21:57:00,VIN-A0439,104.9
2024-01-01 22:00:00,VIN-A0440,90.7
2024-01-01 22:03:00,VIN-A0441,91.0
2024-01-01 22:06:00,VIN-A0442,91.9
2024-01-01 22:09:00,VIN-A0443,94.4
2024-01-01 22:12:00,VIN-A0444,79.0
2024-01-01 22:15:00,VIN-A0445,98.2
2024-01-01 22:18:00,VIN-A0446,84.0
2024-01-01 22:21:00,VIN-A0447,81.5
2024-01-01 22:24:00,VIN-A0448,102.7
2024-01-01 22:27:00,VIN-A0449,71.7
2024-01-01 22:30:00,VIN-A0450,96.2
2024-01-01 22:33:00,VIN-A0451,107.3
2024-01-01 22:36:00,VIN-A0452,79.7
2024-01-01 22:39:00,VIN-A0453,72.1
2024-01-01 22:42:00,VIN-A0454,97.2
2024-01-01 22:45:00,VIN-A0455,86.3
2024-01-01 22:48:00,VIN-A0456,96.0
2024-01-01 22:51:00,VIN-A0457,95.8
2024-01-01 22:54:00,VIN-A0458,91.4
2024-01-01 22:57:00,VIN-A0459,86.7
2024-01-01 23:00:00,VIN-A0460,109.9
2024-01-01 23:03:00,VIN-A0461,105.1
2024-01-01 23:06:00,VIN-A0462,107.1
2024-01-01 23:09:00,VIN-A0463,105.6
2024-01-01 23:12:00,VIN-A0464,77.7
2024-01-01 23:15:00,VIN-A0465,95.9
2024-01-01 23:18:00,VIN-A0466,101.6
2024-01-01 23:21:00,VIN-A0467,94.4
2024-01-01 23:24:00,VIN-A0468,90.6
2024-01-01 23:27:00,VIN-A0469,109.3
2024-01-01 23:30:00,VIN-A0470,80.4
2024-01-01 23:33:00,VIN-A0471,82.1
2024-01-01 23:36:00,VIN-A0472,97.7
2024-01-01 23:39:00,VIN-A0473,76.4
2024-01-01 23:42:00,VIN-A0474,97.6
2024-01-01 23:45:00,VIN-A0475,94.6
2024-01-01 23:48:00,VIN-A0476,88.2
2024-01-01 23:51:00,VIN-A0477,100.3
2024-01-01 23:54:00,VIN-A0478,97.2
2024-01-01 23:57:00,VIN-A0479,91.1
2024-01-02 00:00:00,VIN-A0480,72.5
2024-01-02 00:03:00,VIN-A0481,76.6
2024-01-02 00:06:00,VIN-A0482,98.7
2024-01-02 00:09:00,VIN-A0483,102.3
2024-01-02 00:12:00,VIN-A0484,92.6
2024-01-02 00:15:00,VIN-A0485,98.9
2024-01-02 00:18:00,VIN-A0486,93.1
2024-01-02 00:21:00,VIN-A0487,91.6
2024-01-02 00:24:00,VIN-A0488,71.3
2024-01-02 00:27:00,VIN-A0489,85.0
2024-01-02 00:30:00,VIN-A0490,85.0
2024-01-02 00:33:00,VIN-A0491,96.1
2024-01-02 00:36:00,VIN-A0492,91.2
2024-01-02 00:39:00,VIN-A0493,100.2
2024-01-02 00:42:00,VIN-A0494,91.3
2024-01-02 00:45:00,VIN-A0495,76.2
2024-01-02 00:48:00,VIN-A0496,71.3
2024-01-02 00:51:00,VIN-A0497,79.6
2024-01-02 00:54:00,VIN-A0498,93.9
2024-01-02 00:57:00,VIN-A0499,86.1
2024-01-02 01:00:00,VIN-A0500,75.6
2024-01-02 01:03:00,VIN-A0501,93.1
2024-01-02 01:06:00,VIN-A0502,82.1
2024-01-02 01:09:00,VIN-A0503,86.5
2024-01-02 01:12:00,VIN-A0504,95.0
2024-01-02 01:15:00,VIN-A0505,107.7
2024-01-02 01:18:00,VIN-A0506,97.9
2024-01-02 01:21:00,VIN-A0507,100.2
2024-01-02 01:24:00,VIN-A0508,104.3
2024-01-02 01:27:00,VIN-A0509,92.5
2024-01-02 01:30:00,VIN-A0510,85.5
2024-01-02 01:33:00,VIN-A0511,106.9
2024-01-02 01:36:00,VIN-A0512,72.1
2024-01-02 01:39:00,VIN-A0513,104.9
2024-01-02 01:42:00,VIN-A0514,89.2
2024-01-02 01:45:00,VIN-A0515,78.5
2024-01-02 01:48:00,VIN-A0516,106.6
2024-01-02 01:51:00,VIN-A0517,106.6
2024-01-02 01:54:00,VIN-A0518,88.7
2024-01-02 01:57:00,VIN-A0519,90.5
2024-01-02 02:00:00,VIN-A0520,100.5
2024-01-02 02:03:00,VIN-A0521,86.6
2024-01-02 02:06:00,VIN-A0522,70.6
2024-01-02 02:09:00,VIN-A0523,81.8
2024-01-02 02:12:00,VIN-A0524,90.0
2024-01-02 02:15:00,VIN-A0525,100.5
2024-01-02 02:18:00,VIN-A0526,88.4
2024-01-02 02:21:00,VIN-A0527,98.8
2024-01-02 02:24:00,VIN-A0528,91.0
2024-01-02 02:27:00,VIN-A0529,100.6
2024-01-02 02:30:00,VIN-A0530,72.7
2024-01-02 02:33:00,VIN-A0531,84.9
2024-01-02 02:36:00,VIN-A0532,96.4
2024-01-02 02:39:00,VIN-A0533,70.5
2024-01-02 02:42:00,VIN-A0534,70.7
2024-01-02 02:45:00,VIN-A0535,74.3
2024-01-02 02:48:00,VIN-A0536,94.8
2024-01-02 02:51:00,VIN-A0537,73.2
2024-01-02 02:54:00,VIN-A0538,109.6
2024-01-02 02:57:00,VIN-A0539,96.1
2024-01-02 03:00:00,VIN-A0540,86.2
2024-01-02 03:03:00,VIN-A0541,98.1
2024-01-02 03:06:00,VIN-A0542,92.6
2024-01-02 03:09:00,VIN-A0543,79.2
2024-01-02 03:12:00,VIN-A0544,80.8
2024-01-02 03:15:00,VIN-A0545,106.0
2024-01-02 03:18:00,VIN-A0546,70.6
2024-01-02 03:21:00,VIN-A0547,107.2
2024-01-02 03:24:00,VIN-A0548,97.1
2024-01-02 03:27:00,VIN-A0549,101.6
2024-01-02 03:30:00,VIN-A0550,72.1
2024-01-02 03:33:00,VIN-A0551,94.2
2024-01-02 03:36:00,VIN-A0552,71.2
2024-01-02 03:39:00,VIN-A0553,79.1
2024-01-02 03:42:00,VIN-A0554,97.2
2024-01-02 03:45:00,VIN-A0555,101.9
2024-01-02 03:48:00,VIN-A0556,85.2
2024-01-02 03:51:00,VIN-A0557,82.7
2024-01-02 03:54:00,VIN-A0558,87.8
2024-01-02 03:57:00,VIN-A0559,77.5
2024-01-02 04:00:00,VIN-A0560,74.1
2024-01-02 04:03:00,VIN-A0561,104.5
2024-01-02 04:06:00,VIN-A0562,99.0
2024-01-02 04:09:00,VIN-A0563,92.9
2024-01-02 04:12:00,VIN-A0564,80.8
2024-01-02 04:15:00,VIN-A0565,87.4
2024-01-02 04:18:00,VIN-A0566,84.4
2024-01-02 04:21:00,VIN-A0567,93.8
2024-01-02 04:24:00,VIN-A0568,70.3
2024-01-02 04:27:00,VIN-A0569,102.2
2024-01-02 04:30:00,VIN-A0570,82.0
2024-01-02 04:33:00,VIN-A0571,82.6
2024-01-02 04:36:00,VIN-A0572,99.4
2024-01-02 04:39:00,VIN-A0573,83.0
2024-01-02 04:42:00,VIN-A0574,74.6
2024-01-02 04:45:00,VIN-A0575,97.3
2024-01-02 04:48:00,VIN-A0576,107.7
2024-01-02 04:51:00,VIN-A0577,102.8
2024-01-02 04:54:00,VIN-A0578,75.6
2024-01-02 04:57:00,VIN-A0579,98.6
2024-01-02 05:00:00,VIN-A0580,93.3
2024-01-02 05:03:00,VIN-A0581,91.7
2024-01-02 05:06:00,VIN-A0582,74.4
2024-01-02 05:09:00,VIN-A0583,95.9
2024-01-02 05:12:00,VIN-A0584,108.7
2024-01-02 05:15:00,VIN-A0585,70.4
2024-01-02 05:18:00,VIN-A0586,87.8
2024-01-02 05:21:00,VIN-A0587,83.8
2024-01-02 05:24:00,VIN-A0588,106.8
2024-01-02 05:27:00,VIN-A0589,83.9
2024-01-02 05:30:00,VIN-A0590,83.9
2024-01-02 05:33:00,VIN-A0591,82.8
2024-01-02 05:36:00,VIN-A0592,70.9
2024-01-02 05:39:00,VIN-A0593,107.2
2024-01-02 05:42:00,VIN-A0594,83.2
2024-01-02 05:45:00,VIN-A0595,95.2
2024-01-02 05:48:00,VIN-A0596,71.2
2024-01-02 05:51:00,VIN-A0597,85.6
2024-01-02 05:54:00,VIN-A0598,93.1
2024-01-02 05:57:00,VIN-A0599,83.0
2024-01-02 06:00:00,VIN-A0600,91.1
2024-01-02 06:03:00,VIN-A0601,93.5
2024-01-02 06:06:00,VIN-A0602,102.5
2024-01-02 06:09:00,VIN-A0603,96.9
2024-01-02 06:12:00,VIN-A0604,77.3
2024-01-02 06:15:00,VIN-A0605,93.9
2024-01-02 06:18:00,VIN-A0606,95.4
2024-01-02 06:21:00,VIN-A0607,92.2
2024-01-02 06:24:00,VIN-A0608,103.7
2024-01-02 06:27:00,VIN-A0609,89.4
2024-01-02 06:30:00,VIN-A0610,86.4
2024-01-02 06:33:00,VIN-A0611,89.5
2024-01-02 06:36:00,VIN-A0612,81.7
2024-01-02 06:39:00,VIN-A0613,101.2
2024-01-02 06:42:00,VIN-A0614,92.0
2024-01-02 06:45:00,VIN-A0615,91.7
2024-01-02 06:48:00,VIN-A0616,91.9
2024-01-02 06:51:00,VIN-A0617,81.9
2024-01-02 06:54:00,VIN-A0618,104.5
2024-01-02 06:57:00,VIN-A0619,101.0
2024-01-02 07:00:00,VIN-A0620,104.4
2024-01-02 07:03:00,VIN-A0621,101.4
2024-01-02 07:06:00,VIN-A0622,91.3
2024-01-02 07:09:00,VIN-A0623,81.6
2024-01-02 07:12:00,VIN-A0624,75.4
2024-01-02 07:15:00,VIN-A0625,109.7
2024-01-02 07:18:00,VIN-A0626,80.0
2024-01-02 07:21:00,VIN-A0627,89.6
2024-01-02 07:24:00,VIN-A0628,85.0
2024-01-02 07:27:00,VIN-A0629,86.1
2024-01-02 07:30:00,VIN-A0630,88.2
2024-01-02 07:33:00,VIN-A0631,99.2
2024-01-02 07:36:00,VIN-A0632,104.0
2024-01-02 07:39:00,VIN-A0633,103.0
2024-01-02 07:42:00,VIN-A0634,83.5
2024-01-02 07:45:00,VIN-A0635,101.5
2024-01-02 07:48:00,VIN-A0636,74.0
2024-01-02 07:51:00,VIN-A0637,107.2
2024-01-02 07:54:00,VIN-A0638,78.1
2024-01-02 07:57:00,VIN-A0639,76.4
2024-01-02 08:00:00,VIN-A0640,80.0
2024-01-02 08:03:00,VIN-A0641,72.1
2024-01-02 08:06:00,VIN-A0642,87.2
2024-01-02 08:09:00,VIN-A0643,89.1
2024-01-02 08:12:00,VIN-A0644,70.4
2024-01-02 08:15:00,VIN-A0645,97.8
2024-01-02 08:18:00,VIN-A0646,99.2
2024-01-02 08:21:00,VIN-A0647,75.5
2024-01-02 08:24:00,VIN-A0648,95.7
2024-01-02 08:27:00,VIN-A0649,94.4
2024-01-02 08:30:00,VIN-A0650,95.1
2024-01-02 08:33:00,VIN-A0651,104.4
2024-01-02 08:36:00,VIN-A0652,93.6
2024-01-02 08:39:00,VIN-A0653,101.6
2024-01-02 08:42:00,VIN-A0654,92.1
2024-01-02 08:45:00,VIN-A0655,103.9
2024-01-02 08:48:00,VIN-A0656,99.9
2024-01-02 08:51:00,VIN-A0657,89.8
2024-01-02 08:54:00,VIN-A0658,91.1
2024-01-02 08:57:00,VIN-A0659,75.3
2024-01-02 09:00:00,VIN-A0660,91.9
2024-01-02 09:03:00,VIN-A0661,70.7
2024-01-02 09:06:00,VIN-A0662,106.9
2024-01-02 09:09:00,VIN-A0663,95.1
2024-01-02 09:12:00,VIN-A0664,73.3
2024-01-02 09:15:00,VIN-A0665,73.3
2024-01-02 09:18:00,VIN-A0666,91.5
2024-01-02 09:21:00,VIN-A0667,82.4
2024-01-02 09:24:00,VIN-A0668,72.3
2024-01-02 09:27:00,VIN-A0669,94.5
2024-01-02 09:30:00,VIN-A0670,74.8
2024-01-02 09:33:00,VIN-A0671,89.9
2024-01-02 09:36:00,VIN-A0672,76.7
2024-01-02 09:39:00,VIN-A0673,99.3
2024-01-02 09:42:00,VIN-A0674,102.3
2024-01-02 09:45:00,VIN-A0675,89.8
2024-01-02 09:48:00,VIN-A0676,84.7
2024-01-02 09:51:00,VIN-A0677,79.1
2024-01-02 09:54:00,VIN-A0678,79.8
2024-01-02 09:57:00,VIN-A0679,77.2
2024-01-02 10:00:00,VIN-A0680,79.0
2024-01-02 10:03:00,VIN-A0681,80.9
2024-01-02 10:06:00,VIN-A0682,77.2
2024-01-02 10:09:00,VIN-A0683,72.8
2024-01-02 10:12:00,VIN-A0684,83.1
2024-01-02 10:15:00,VIN-A0685,81.7
2024-01-02 10:18:00,VIN-A0686,88.6
2024-01-02 10:21:00,VIN-A0687,99.3
2024-01-02 10:24:00,VIN-A0688,70.3
2024-01-02 10:27:00,VIN-A0689,95.4
2024-01-02 10:30:00,VIN-A0690,70.1
2024-01-02 10:33:00,VIN-A0691,74.2
2024-01-02 10:36:00,VIN-A0692,108.4
2024-01-02 10:39:00,VIN-A0693,73.7
2024-01-02 10:42:00,VIN-A0694,98.0
2024-01-02 10:45:00,VIN-A0695,93.2
2024-01-02 10:48:00,VIN-A0696,73.0
2024-01-02 10:51:00,VIN-A0697,79.5
2024-01-02 10:54:00,VIN-A0698,98.0
2024-01-02 10:57:00,VIN-A0699,79.3
2024-01-02 11:00:00,VIN-A0700,76.2
2024-01-02 11:03:00,VIN-A0701,74.8
2024-01-02 11:06:00,VIN-A0702,82.3
2024-01-02 11:09:00,VIN-A0703,102.3
2024-01-02 11:12:00,VIN-A0704,78.6
2024-01-02 11:15:00,VIN-A0705,108.7
2024-01-02 11:18:00,VIN-A0706,80.4
2024-01-02 11:21:00,VIN-A0707,104.2
2024-01-02 11:24:00,VIN-A0708,88.5
2024-01-02 11:27:00,VIN-A0709,72.5
2024-01-02 11:30:00,VIN-A0710,102.9
2024-01-02 11:33:00,VIN-A0711,93.3
2024-01-02 11:36:00,VIN-A0712,109.9
2024-01-02 11:39:00,VIN-A0713,73.7
2024-01-02 11:42:00,VIN-A0714,71.7
2024-01-02 11:45:00,VIN-A0715,102.9
2024-01-02 11:48:00,VIN-A0716,76.9
2024-01-02 11:51:00,VIN-A0717,87.8
2024-01-02 11:54:00,VIN-A0718,95.9
2024-01-02 11:57:00,VIN-A0719,72.4
2024-01-02 12:00:00,VIN-A0720,95.7
2024-01-02 12:03:00,VIN-A0721,109.6
2024-01-02 12:06:00,VIN-A0722,83.8
2024-01-02 12:09:00,VIN-A0723,77.2
2024-01-02 12:12:00,VIN-A0724,72.3
2024-01-02 12:15:00,VIN-A0725,109.0
2024-01-02 12:18:00,VIN-A0726,91.3
2024-01-02 12:21:00,VIN-A0727,93.0
2024-01-02 12:24:00,VIN-A0728,77.0
2024-01-02 12:27:00,VIN-A0729,106.6
2024-01-02 12:30:00,VIN-A0730,92.5
2024-01-02 12:33:00,VIN-A0731,91.7
2024-01-02 12:36:00,VIN-A0732,79.3
2024-01-02 12:39:00,VIN-A0733,83.3
2024-01-02 12:42:00,VIN-A0734,98.7
2024-01-02 12:45:00,VIN-A0735,72.4
2024-01-02 12:48:00,VIN-A0736,101.0
2024-01-02 12:51:00,VIN-A0737,84.9
2024-01-02 12:54:00,VIN-A0738,83.5
2024-01-02 12:57:00,VIN-A0739,101.7
2024-01-02 13:00:00,VIN-A0740,98.3
2024-01-02 13:03:00,VIN-A0741,78.9
2024-01-02 13:06:00,VIN-A0742,99.4
2024-01-02 13:09:00,VIN-A0743,108.0
2024-01-02 13:12:00,VIN-A0744,77.3
2024-01-02 13:15:00,VIN-A0745,95.6
2024-01-02 13:18:00,VIN-A0746,99.8
2024-01-02 13:21:00,VIN-A0747,95.4
2024-01-02 13:24:00,VIN-A0748,87.9
2024-01-02 13:27:00,VIN-A0749,84.0
2024-01-02 13:30:00,VIN-A0750,85.4
2024-01-02 13:33:00,VIN-A0751,89.7
2024-01-02 13:36:00,VIN-A0752,103.2
2024-01-02 13:39:00,VIN-A0753,76.5
2024-01-02 13:42:00,VIN-A0754,70.8
2024-01-02 13:45:00,VIN-A0755,76.8
2024-01-02 13:48:00,VIN-A0756,83.5
2024-01-02 13:51:00,VIN-A0757,87.3
2024-01-02 13:54:00,VIN-A0758,76.3
2024-01-02 13:57:00,VIN-A0759,86.4
2024-01-02 14:00:00,VIN-A0760,96.4
2024-01-02 14:03:00,VIN-A0761,92.9
2024-01-02 14:06:00,VIN-A0762,70.2
2024-01-02 14:09:00,VIN-A0763,78.0
2024-01-02 14:12:00,VIN-A0764,109.1
2024-01-02 14:15:00,VIN-A0765,88.8
2024-01-02 14:18:00,VIN-A0766,77.4
2024-01-02 14:21:00,VIN-A0767,71.8
2024-01-02 14:24:00,VIN-A0768,92.6
2024-01-02 14:27:00,VIN-A0769,73.4
2024-01-02 14:30:00,VIN-A0770,92.1
2024-01-02 14:33:00,VIN-A0771,108.6
2024-01-02 14:36:00,VIN-A0772,89.1
2024-01-02 14:39:00,VIN-A0773,90.1
2024-01-02 14:42:00,VIN-A0774,74.8
2024-01-02 14:45:00,VIN-A0775,108.9
2024-01-02 14:48:00,VIN-A0776,73.1
2024-01-02 14:51:00,VIN-A0777,103.4
2024-01-02 14:54:00,VIN-A0778,73.5
2024-01-02 14:57:00,VIN-A0779,90.8
2024-01-02 15:00:00,VIN-A0780,74.5
2024-01-02 15:03:00,VIN-A0781,107.0
2024-01-02 15:06:00,VIN-A0782,104.7
2024-01-02 15:09:00,VIN-A0783,85.3
2024-01-02 15:12:00,VIN-A0784,76.9
2024-01-02 15:15:00,VIN-A0785,71.6
2024-01-02 15:18:00,VIN-A0786,72.0
2024-01-02 15:21:00,VIN-A0787,70.8
2024-01-02 15:24:00,VIN-A0788,103.7
2024-01-02 15:27:00,VIN-A0789,75.4
2024-01-02 15:30:00,VIN-A0790,80.8
2024-01-02 15:33:00,VIN-A0791,87.7
2024-01-02 15:36:00,VIN-A0792,100.4
2024-01-02 15:39:00,VIN-A0793,72.6
2024-01-02 15:42:00,VIN-A0794,76.9
2024-01-02 15:45:00,VIN-A0795,80.0
2024-01-02 15:48:00,VIN-A0796,81.0
2024-01-02 15:51:00,VIN-A0797,97.2
2024-01-02 15:54:00,VIN-A0798,77.1
2024-01-02 15:57:00,VIN-A0799,83.8
2024-01-02 16:00:00,VIN-A0800,81.4
2024-01-02 16:03:00,VIN-A0801,104.3
2024-01-02 16:06:00,VIN-A0802,96.1
2024-01-02 16:09:00,VIN-A0803,89.0
2024-01-02 16:12:00,VIN-A0804,79.0
2024-01-02 16:15:00,VIN-A0805,87.0
2024-01-02 16:18:00,VIN-A0806,78.7
2024-01-02 16:21:00,VIN-A0807,93.4
2024-01-02 16:24:00,VIN-A0808,92.5
2024-01-02 16:27:00,VIN-A0809,89.3
2024-01-02 16:30:00,VIN-A0810,104.5
2024-01-02 16:33:00,VIN-A0811,77.5
2024-01-02 16:36:00,VIN-A0812,102.2
2024-01-02 16:39:00,VIN-A0813,97.2
2024-01-02 16:42:00,VIN-A0814,80.4
2024-01-02 16:45:00,VIN-A0815,93.3
2024-01-02 16:48:00,VIN-A0816,99.1
2024-01-02 16:51:00,VIN-A0817,106.3
2024-01-02 16:54:00,VIN-A0818,103.6
2024-01-02 16:57:00,VIN-A0819,88.8
2024-01-02 17:00:00,VIN-A0820,107.9
2024-01-02 17:03:00,VIN-A0821,84.2
2024-01-02 17:06:00,VIN-A0822,84.9
2024-01-02 17:09:00,VIN-A0823,88.8
2024-01-02 17:12:00,VIN-A0824,88.9
2024-01-02 17:15:00,VIN-A0825,91.2
2024-01-02 17:18:00,VIN-A0826,75.5
2024-01-02 17:21:00,VIN-A0827,75.7
2024-01-02 17:24:00,VIN-A0828,89.5
2024-01-02 17:27:00,VIN-A0829,70.2
2024-01-02 17:30:00,VIN-A0830,93.1
2024-01-02 17:33:00,VIN-A0831,75.2
2024-01-02 17:36:00,VIN-A0832,108.6
2024-01-02 17:39:00,VIN-A0833,99.2
2024-01-02 17:42:00,VIN-A0834,70.7
2024-01-02 17:45:00,VIN-A0835,97.7
2024-01-02 17:48:00,VIN-A0836,90.1
2024-01-02 17:51:00,VIN-A0837,81.9
2024-01-02 17:54:00,VIN-A0838,87.3
2024-01-02 17:57:00,VIN-A0839,84.4
2024-01-02 18:00:00,VIN-A0840,70.8
2024-01-02 18:03:00,VIN-A0841,99.4
2024-01-02 18:06:00,VIN-A0842,98.4
2024-01-02 18:09:00,VIN-A0843,100.8
2024-01-02 18:12:00,VIN-A0844,96.5
2024-01-02 18:15:00,VIN-A0845,86.7
2024-01-02 18:18:00,VIN-A0846,98.1
2024-01-02 18:21:00,VIN-A0847,82.0
2024-01-02 18:24:00,VIN-A0848,94.9
2024-01-02 18:27:00,VIN-A0849,90.5
2024-01-02 18:30:00,VIN-A0850,89.9
2024-01-02 18:33:00,VIN-A0851,84.3
2024-01-02 18:36:00,VIN-A0852,106.4
2024-01-02 18:39:00,VIN-A0853,70.1
2024-01-02 18:42:00,VIN-A0854,76.0
2024-01-02 18:45:00,VIN-A0855,106.2
2024-01-02 18:48:00,VIN-A0856,80.6
2024-01-02 18:51:00,VIN-A0857,104.1
2024-01-02 18:54:00,VIN-A0858,99.5
2024-01-02 18:57:00,VIN-A0859,70.4
2024-01-02 19:00:00,VIN-A0860,84.3
2024-01-02 19:03:00,VIN-A0861,84.9
2024-01-02 19:06:00,VIN-A0862,108.5
2024-01-02 19:09:00,VIN-A0863,102.0
2024-01-02 19:12:00,VIN-A0864,75.3
2024-01-02 19:15:00,VIN-A0865,74.1
2024-01-02 19:18:00,VIN-A0866,77.3
2024-01-02 19:21:00,VIN-A0867,104.5
2024-01-02 19:24:00,VIN-A0868,89.3
2024-01-02 19:27:00,VIN-A0869,71.8
2024-01-02 19:30:00,VIN-A0870,109.1
2024-01-02 19:33:00,VIN-A0871,87.3
2024-01-02 19:36:00,VIN-A0872,75.9
2024-01-02 19:39:00,VIN-A0873,70.5
2024-01-02 19:42:00,VIN-A0874,104.1
2024-01-02 19:45:00,VIN-A0875,82.8
2024-01-02 19:48:00,VIN-A0876,92.0
2024-01-02 19:51:00,VIN-A0877,88.4
2024-01-02 19:54:00,VIN-A0878,87.9
2024-01-02 19:57:00,VIN-A0879,74.1
2024-01-02 20:00:00,VIN-A0880,103.0
2024-01-02 20:03:00,VIN-A0881,105.6
2024-01-02 20:06:00,VIN-A0882,108.0
2024-01-02 20:09:00,VIN-A0883,103.8
2024-01-02 20:12:00,VIN-A0884,98.7
2024-01-02 20:15:00,VIN-A0885,100.4
2024-01-02 20:18:00,VIN-A0886,91.9
2024-01-02 20:21:00,VIN-A0887,89.7
2024-01-02 20:24:00,VIN-A0888,74.3
2024-01-02 20:27:00,VIN-A0889,78.6
2024-01-02 20:30:00,VIN-A0890,74.3
2024-01-02 20:33:00,VIN-A0891,100.9
2024-01-02 20:36:00,VIN-A0892,108.6
2024-01-02 20:39:00,VIN-A0893,103.6
2024-01-02 20:42:00,VIN-A0894,97.7
2024-01-02 20:45:00,VIN-A0895,85.5
2024-01-02 20:48:00,VIN-A0896,86.7
2024-01-02 20:51:00,VIN-A0897,80.9
2024-01-02 20:54:00,VIN-A0898,102.2
2024-01-02 20:57:00,VIN-A0899,103.7
2024-01-02 21:00:00,VIN-A0900,78.0
2024-01-02 21:03:00,VIN-A0901,106.8
2024-01-02 21:06:00,VIN-A0902,90.2
2024-01-02 21:09:00,VIN-A0903,100.4
2024-01-02 21:12:00,VIN-A0904,97.0
2024-01-02 21:15:00,VIN-A0905,102.3
2024-01-02 21:18:00,VIN-A0906,72.1
2024-01-02 21:21:00,VIN-A0907,109.3
2024-01-02 21:24:00,VIN-A0908,97.6
2024-01-02 21:27:00,VIN-A0909,84.3
2024-01-02 21:30:00,VIN-A0910,99.7
2024-01-02 21:33:00,VIN-A0911,97.7
2024-01-02 21:36:00,VIN-A0912,108.3
2024-01-02 21:39:00,VIN-A0913,70.5
2024-01-02 21:42:00,VIN-A0914,103.2
2024-01-02 21:45:00,VIN-A0915,100.2
2024-01-02 21:48:00,VIN-A0916,81.8
2024-01-02 21:51:00,VIN-A0917,108.5
2024-01-02 21:54:00,VIN-A0918,87.1
2024-01-02 21:57:00,VIN-A0919,70.2
2024-01-02 22:00:00,VIN-A0920,76.1
2024-01-02 22:03:00,VIN-A0921,89.6
2024-01-02 22:06:00,VIN-A0922,91.0
2024-01-02 22:09:00,VIN-A0923,86.6
2024-01-02 22:12:00,VIN-A0924,105.3
2024-01-02 22:15:00,VIN-A0925,78.7
2024-01-02 22:18:00,VIN-A0926,74.6
2024-01-02 22:21:00,VIN-A0927,108.4
2024-01-02 22:24:00,VIN-A0928,85.4
2024-01-02 22:27:00,VIN-A0929,90.6
2024-01-02 22:30:00,VIN-A0930,105.9
2024-01-02 22:33:00,VIN-A0931,76.7
2024-01-02 22:36:00,VIN-A0932,95.1
2024-01-02 22:39:00,VIN-A0933,104.6
2024-01-02 22:42:00,VIN-A0934,95.9
2024-01-02 22:45:00,VIN-A0935,71.0
2024-01-02 22:48:00,VIN-A0936,72.2
2024-01-02 22:51:00,VIN-A0937,106.4
2024-01-02 22:54:00,VIN-A0938,87.3
2024-01-02 22:57:00,VIN-A0939,95.7
2024-01-02 23:00:00,VIN-A0940,98.0
2024-01-02 23:03:00,VIN-A0941,81.6
2024-01-02 23:06:00,VIN-A0942,100.6
2024-01-02 23:09:00,VIN-A0943,89.0
2024-01-02 23:12:00,VIN-A0944,101.9
2024-01-02 23:15:00,VIN-A0945,81.9
2024-01-02 23:18:00,VIN-A0946,108.3
2024-01-02 23:21:00,VIN-A0947,74.9
2024-01-02 23:24:00,VIN-A0948,82.2
2024-01-02 23:27:00,VIN-A0949,78.5
2024-01-02 23:30:00,VIN-A0950,76.4
2024-01-02 23:33:00,VIN-A0951,74.6
2024-01-02 23:36:00,VIN-A0952,104.1
2024-01-02 23:39:00,VIN-A0953,95.8
2024-01-02 23:42:00,VIN-A0954,73.9
2024-01-02 23:45:00,VIN-A0955,84.3
2024-01-02 23:48:00,VIN-A0956,94.8
2024-01-02 23:51:00,VIN-A0957,83.1
2024-01-02 23:54:00,VIN-A0958,92.6
2024-01-02 23:57:00,VIN-A0959,76.7
2024-01-03 00:00:00,VIN-A0960,81.1
2024-01-03 00:03:00,VIN-A0961,105.1
2024-01-03 00:06:00,VIN-A0962,89.5
2024-01-03 00:09:00,VIN-A0963,103.7
2024-01-03 00:12:00,VIN-A0964,80.5
2024-01-03 00:15:00,VIN-A0965,105.7
2024-01-03 00:18:00,VIN-A0966,100.8
2024-01-03 00:21:00,VIN-A0967,91.7
2024-01-03 00:24:00,VIN-A0968,84.6
2024-01-03 00:27:00,VIN-A0969,75.4
2024-01-03 00:30:00,VIN-A0970,90.1
2024-01-03 00:33:00,VIN-A0971,100.3
2024-01-03 00:36:00,VIN-A0972,99.4
2024-01-03 00:39:00,VIN-A0973,100.5
2024-01-03 00:42:00,VIN-A0974,71.7
2024-01-03 00:45:00,VIN-A0975,85.5
2024-01-03 00:48:00,VIN-A0976,109.2
2024-01-03 00:51:00,VIN-A0977,103.4
2024-01-03 00:54:00,VIN-A0978,85.1
2024-01-03 00:57:00,VIN-A0979,90.7
2024-01-03 01:00:00,VIN-A0980,84.1
2024-01-03 01:03:00,VIN-A0981,105.5
2024-01-03 01:06:00,VIN-A0982,76.6
2024-01-03 01:09:00,VIN-A0983,76.0
2024-01-03 01:12:00,VIN-A0984,96.4
2024-01-03 01:15:00,VIN-A0985,89.3
2024-01-03 01:18:00,VIN-A0986,95.9
2024-01-03 01:21:00,VIN-A0987,92.9
2024-01-03 01:24:00,VIN-A0988,105.6
2024-01-03 01:27:00,VIN-A0989,90.7
2024-01-03 01:30:00,VIN-A0990,105.1
2024-01-03 01:33:00,VIN-A0991,78.7
2024-01-03 01:36:00,VIN-A0992,76.8
2024-01-03 01:39:00,VIN-A0993,94.9
2024-01-03 01:42:00,VIN-A0994,106.9
2024-01-03 01:45:00,VIN-A0995,85.4
2024-01-03 01:48:00,VIN-A0996,103.1
2024-01-03 01:51:00,VIN-A0997,105.1
2024-01-03 01:54:00,VIN-A0998,89.3
2024-01-03 01:57:00,VIN-A0999,105.9
2024-01-03 02:00:00,VIN-A1000,84.8
2024-01-03 02:03:00,VIN-A1001,107.5
2024-01-03 02:06:00,VIN-A1002,93.6
2024-01-03 02:09:00,VIN-A1003,87.0
2024-01-03 02:12:00,VIN-A1004,81.3
2024-01-03 02:15:00,VIN-A1005,70.2
2024-01-03 02:18:00,VIN-A1006,90.8
2024-01-03 02:21:00,VIN-A1007,86.4
2024-01-03 02:24:00,VIN-A1008,80.5
2024-01-03 02:27:00,VIN-A1009,109.7
2024-01-03 02:30:00,VIN-A1010,77.1
2024-01-03 02:33:00,VIN-A1011,93.1
2024-01-03 02:36:00,VIN-A1012,104.2
2024-01-03 02:39:00,VIN-A1013,101.3
2024-01-03 02:42:00,VIN-A1014,101.4
2024-01-03 02:45:00,VIN-A1015,76.4
2024-01-03 02:48:00,VIN-A1016,102.9
2024-01-03 02:51:00,VIN-A1017,72.6
2024-01-03 02:54:00,VIN-A1018,99.0
2024-01-03 02:57:00,VIN-A1019,98.5
2024-01-03 03:00:00,VIN-A1020,95.6
2024-01-03 03:03:00,VIN-A1021,77.8
2024-01-03 03:06:00,VIN-A1022,94.6
2024-01-03 03:09:00,VIN-A1023,109.0
2024-01-03 03:12:00,VIN-A1024,84.1
2024-01-03 03:15:00,VIN-A1025,99.5
2024-01-03 03:18:00,VIN-A1026,99.0
2024-01-03 03:21:00,VIN-A1027,108.5
2024-01-03 03:24:00,VIN-A1028,88.2
2024-01-03 03:27:00,VIN-A1029,86.3
2024-01-03 03:30:00,VIN-A1030,83.6
2024-01-03 03:33:00,VIN-A1031,105.0
2024-01-03 03:36:00,VIN-A1032,108.6
2024-01-03 03:39:00,VIN-A1033,108.4
2024-01-03 03:42:00,VIN-A1034,89.3
2024-01-03 03:45:00,VIN-A1035,97.1
2024-01-03 03:48:00,VIN-A1036,90.7
2024-01-03 03:51:00,VIN-A1037,81.5
2024-01-03 03:54:00,VIN-A1038,73.0
2024-01-03 03:57:00,VIN-A1039,78.7
2024-01-03 04:00:00,VIN-A1040,90.0
2024-01-03 04:03:00,VIN-A1041,78.3
2024-01-03 04:06:00,VIN-A1042,76.2
2024-01-03 04:09:00,VIN-A1043,94.6
2024-01-03 04:12:00,VIN-A1044,103.9
2024-01-03 04:15:00,VIN-A1045,89.6
2024-01-03 04:18:00,VIN-A1046,85.9
2024-01-03 04:21:00,VIN-A1047,89.1
2024-01-03 04:24:00,VIN-A1048,104.4
2024-01-03 04:27:00,VIN-A1049,97.9
2024-01-03 04:30:00,VIN-A1050,97.0
2024-01-03 04:33:00,VIN-A1051,94.5
2024-01-03 04:36:00,VIN-A1052,80.8
2024-01-03 04:39:00,VIN-A1053,90.0
2024-01-03 04:42:00,VIN-A1054,84.6
2024-01-03 04:45:00,VIN-A1055,109.2
2024-01-03 04:48:00,VIN-A1056,102.2
2024-01-03 04:51:00,VIN-A1057,75.8
2024-01-03 04:54:00,VIN-A1058,77.1
2024-01-03 04:57:00,VIN-A1059,101.4
2024-01-03 05:00:00,VIN-A1060,85.9
2024-01-03 05:03:00,VIN-A1061,89.1
2024-01-03 05:06:00,VIN-A1062,80.4
2024-01-03 05:09:00,VIN-A1063,83.8
2024-01-03 05:12:00,VIN-A1064,93.1
2024-01-03 05:15:00,VIN-A1065,84.2
2024-01-03 05:18:00,VIN-A1066,105.6
2024-01-03 05:21:00,VIN-A1067,104.7
2024-01-03 05:24:00,VIN-A1068,95.3
2024-01-03 05:27:00,VIN-A1069,73.2
2024-01-03 05:30:00,VIN-A1070,98.4
2024-01-03 05:33:00,VIN-A1071,101.2
2024-01-03 05:36:00,VIN-A1072,86.6
2024-01-03 05:39:00,VIN-A1073,96.5
2024-01-03 05:42:00,VIN-A1074,78.4
2024-01-03 05:45:00,VIN-A1075,91.9
2024-01-03 05:48:00,VIN-A1076,74.2
2024-01-03 05:51:00,VIN-A1077,82.4
2024-01-03 05:54:00,VIN-A1078,75.3
2024-01-03 05:57:00,VIN-A1079,104.4
2024-01-03 06:00:00,VIN-A1080,91.9
2024-01-03 06:03:00,VIN-A1081,93.6
2024-01-03 06:06:00,VIN-A1082,90.9
2024-01-03 06:09:00,VIN-A1083,89.3
2024-01-03 06:12:00,VIN-A1084,84.6
2024-01-03 06:15:00,VIN-A1085,90.9
2024-01-03 06:18:00,VIN-A1086,88.8
2024-01-03 06:21:00,VIN-A1087,82.0
2024-01-03 06:24:00,VIN-A1088,101.9
2024-01-03 06:27:00,VIN-A1089,85.8
2024-01-03 06:30:00,VIN-A1090,103.1
2024-01-03 06:33:00,VIN-A1091,90.7
2024-01-03 06:36:00,VIN-A1092,81.4
2024-01-03 06:39:00,VIN-A1093,77.5
2024-01-03 06:42:00,VIN-A1094,95.5
2024-01-03 06:45:00,VIN-A1095,77.5
2024-01-03 06:48:00,VIN-A1096,77.4
2024-01-03 06:51:00,VIN-A1097,99.1
2024-01-03 06:54:00,VIN-A1098,78.7
2024-01-03 06:57:00,VIN-A1099,109.9
2024-01-03 07:00:00,VIN-A1100,73.2
2024-01-03 07:03:00,VIN-A1101,101.0
2024-01-03 07:06:00,VIN-A1102,105.8
2024-01-03 07:09:00,VIN-A1103,74.9
2024-01-03 07:12:00,VIN-A1104,79.9
2024-01-03 07:15:00,VIN-A1105,90.8
2024-01-03 07:18:00,VIN-A1106,107.4
2024-01-03 07:21:00,VIN-A1107,80.1
2024-01-03 07:24:00,VIN-A1108,104.5
2024-01-03 07:27:00,VIN-A1109,83.0
2024-01-03 07:30:00,VIN-A1110,85.8
2024-01-03 07:33:00,VIN-A1111,97.5
2024-01-03 07:36:00,VIN-A1112,76.3
2024-01-03 07:39:00,VIN-A1113,72.4
2024-01-03 07:42:00,VIN-A1114,75.0
2024-01-03 07:45:00,VIN-A1115,102.2
2024-01-03 07:48:00,VIN-A1116,84.3
2024-01-03 07:51:00,VIN-A1117,98.3
2024-01-03 07:54:00,VIN-A1118,77.6
2024-01-03 07:57:00,VIN-A1119,81.0
2024-01-03 08:00:00,VIN-A1120,72.8
2024-01-03 08:03:00,VIN-A1121,91.7
2024-01-03 08:06:00,VIN-A1122,99.3
2024-01-03 08:09:00,VIN-A1123,101.0
2024-01-03 08:12:00,VIN-A1124,77.6
2024-01-03 08:15:00,VIN-A1125,94.5
2024-01-03 08:18:00,VIN-A1126,73.9
2024-01-03 08:21:00,VIN-A1127,77.1
2024-01-03 08:24:00,VIN-A1128,74.0
2024-01-03 08:27:00,VIN-A1129,91.0
2024-01-03 08:30:00,VIN-A1130,78.8
2024-01-03 08:33:00,VIN-A1131,96.2
2024-01-03 08:36:00,VIN-A1132,102.0
2024-01-03 08:39:00,VIN-A1133,102.9
2024-01-03 08:42:00,VIN-A1134,91.2
2024-01-03 08:45:00,VIN-A1135,107.8
2024-01-03 08:48:00,VIN-A1136,91.3
2024-01-03 08:51:00,VIN-A1137,92.8
2024-01-03 08:54:00,VIN-A1138,99.8
2024-01-03 08:57:00,VIN-A1139,98.1
2024-01-03 09:00:00,VIN-A1140,92.0
2024-01-03 09:03:00,VIN-A1141,107.3
2024-01-03 09:06:00,VIN-A1142,103.8
2024-01-03 09:09:00,VIN-A1143,94.3
2024-01-03 09:12:00,VIN-A1144,84.4
2024-01-03 09:15:00,VIN-A1145,99.1
2024-01-03 09:18:00,VIN-A1146,109.7
2024-01-03 09:21:00,VIN-A1147,78.6
2024-01-03 09:24:00,VIN-A1148,106.8
2024-01-03 09:27:00,VIN-A1149,73.8
2024-01-03 09:30:00,VIN-A1150,84.7
2024-01-03 09:33:00,VIN-A1151,73.7
2024-01-03 09:36:00,VIN-A1152,98.9
2024-01-03 09:39:00,VIN-A1153,93.8
2024-01-03 09:42:00,VIN-A1154,73.1
2024-01-03 09:45:00,VIN-A1155,105.2
2024-01-03 09:48:00,VIN-A1156,104.8
2024-01-03 09:51:00,VIN-A1157,95.4
2024-01-03 09:54:00,VIN-A1158,82.8
2024-01-03 09:57:00,VIN-A1159,76.1
2024-01-03 10:00:00,VIN-A1160,100.1
2024-01-03 10:03:00,VIN-A1161,81.6
2024-01-03 10:06:00,VIN-A1162,89.0
2024-01-03 10:09:00,VIN-A1163,73.4
2024-01-03 10:12:00,VIN-A1164,100.5
2024-01-03 10:15:00,VIN-A1165,96.1
2024-01-03 10:18:00,VIN-A1166,79.7
2024-01-03 10:21:00,VIN-A1167,74.5
2024-01-03 10:24:00,VIN-A1168,82.8
2024-01-03 10:27:00,VIN-A1169,76.8
2024-01-03 10:30:00,VIN-A1170,94.9
2024-01-03 10:33:00,VIN-A1171,78.0
2024-01-03 10:36:00,VIN-A1172,74.5
2024-01-03 10:39:00,VIN-A1173,104.8
2024-01-03 10:42:00,VIN-A1174,82.2
2024-01-03 10:45:00,VIN-A1175,78.2
2024-01-03 10:48:00,VIN-A1176,94.9
2024-01-03 10:51:00,VIN-A1177,85.1
2024-01-03 10:54:00,VIN-A1178,76.8
2024-01-03 10:57:00,VIN-A1179,72.1
2024-01-03 11:00:00,VIN-A1180,96.4
2024-01-03 11:03:00,VIN-A1181,104.6
2024-01-03 11:06:00,VIN-A1182,79.2
2024-01-03 11:09:00,VIN-A1183,106.2
2024-01-03 11:12:00,VIN-A1184,77.5
2024-01-03 11:15:00,VIN-A1185,71.6
2024-01-03 11:18:00,VIN-A1186,85.7
2024-01-03 11:21:00,VIN-A1187,84.2
2024-01-03 11:24:00,VIN-A1188,102.5
2024-01-03 11:27:00,VIN-A1189,107.8
2024-01-03 11:30:00,VIN-A1190,105.9
2024-01-03 11:33:00,VIN-A1191,90.8
2024-01-03 11:36:00,VIN-A1192,86.7
2024-01-03 11:39:00,VIN-A1193,106.4
2024-01-03 11:42:00,VIN-A1194,96.1
2024-01-03 11:45:00,VIN-A1195,104.5
2024-01-03 11:48:00,VIN-A1196,87.2
2024-01-03 11:51:00,VIN-A1197,82.7
2024-01-03 11:54:00,VIN-A1198,77.4
2024-01-03 11:57:00,VIN-A1199,100.6
2024-01-03 12:00:00,VIN-A1200,82.1
2024-01-03 12:03:00,VIN-A1201,76.1
2024-01-03 12:06:00,VIN-A1202,100.5
2024-01-03 12:09:00,VIN-A1203,93.9
2024-01-03 12:12:00,VIN-A1204,97.5
2024-01-03 12:15:00,VIN-A1205,98.5
2024-01-03 12:18:00,VIN-A1206,89.0
2024-01-03 12:21:00,VIN-A1207,100.6
2024-01-03 12:24:00,VIN-A1208,78.9
2024-01-03 12:27:00,VIN-A1209,72.6
2024-01-03 12:30:00,VIN-A1210,97.5
2024-01-03 12:33:00,VIN-A1211,86.2
2024-01-03 12:36:00,VIN-A1212,98.8
2024-01-03 12:39:00,VIN-A1213,90.8
2024-01-03 12:42:00,VIN-A1214,105.1
2024-01-03 12:45:00,VIN-A1215,92.3
2024-01-03 12:48:00,VIN-A1216,77.6
2024-01-03 12:51:00,VIN-A1217,88.5
2024-01-03 12:54:00,VIN-A1218,97.6
2024-01-03 12:57:00,VIN-A1219,73.6
2024-01-03 13:00:00,VIN-A1220,85.7
2024-01-03 13:03:00,VIN-A1221,93.6
2024-01-03 13:06:00,VIN-A1222,73.6
2024-01-03 13:09:00,VIN-A1223,98.7
2024-01-03 13:12:00,VIN-A1224,95.4
2024-01-03 13:15:00,VIN-A1225,85.1
2024-01-03 13:18:00,VIN-A1226,92.6
2024-01-03 13:21:00,VIN-A1227,77.2
2024-01-03 13:24:00,VIN-A1228,99.2
2024-01-03 13:27:00,VIN-A1229,74.7
2024-01-03 13:30:00,VIN-A1230,70.5
2024-01-03 13:33:00,VIN-A1231,94.3
2024-01-03 13:36:00,VIN-A1232,88.1
2024-01-03 13:39:00,VIN-A1233,79.8
2024-01-03 13:42:00,VIN-A1234,72.0
2024-01-03 13:45:00,VIN-A1235,75.8
2024-01-03 13:48:00,VIN-A1236,83.2
2024-01-03 13:51:00,VIN-A1237,76.5
2024-01-03 13:54:00,VIN-A1238,108.7
2024-01-03 13:57:00,VIN-A1239,73.7
2024-01-03 14:00:00,VIN-A1240,102.8
2024-01-03 14:03:00,VIN-A1241,81.7
2024-01-03 14:06:00,VIN-A1242,83.2
2024-01-03 14:09:00,VIN-A1243,94.5
2024-01-03 14:12:00,VIN-A1244,89.3
2024-01-03 14:15:00,VIN-A1245,87.1
2024-01-03 14:18:00,VIN-A1246,107.1
2024-01-03 14:21:00,VIN-A1247,89.7
2024-01-03 14:24:00,VIN-A1248,109.2
2024-01-03 14:27:00,VIN-A1249,99.5
2024-01-03 14:30:00,VIN-A1250,86.6
2024-01-03 14:33:00,VIN-A1251,70.5
2024-01-03 14:36:00,VIN-A1252,82.3
2024-01-03 14:39:00,VIN-A1253,74.6
2024-01-03 14:42:00,VIN-A1254,103.3
2024-01-03 14:45:00,VIN-A1255,106.6
2024-01-03 14:48:00,VIN-A1256,76.2
2024-01-03 14:51:00,VIN-A1257,88.5
2024-01-03 14:54:00,VIN-A1258,103.4
2024-01-03 14:57:00,VIN-A1259,92.2
2024-01-03 15:00:00,VIN-A1260,102.0
2024-01-03 15:03:00,VIN-A1261,81.2
2024-01-03 15:06:00,VIN-A1262,92.8
2024-01-03 15:09:00,VIN-A1263,98.2
2024-01-03 15:12:00,VIN-A1264,73.5
2024-01-03 15:15:00,VIN-A1265,78.6
2024-01-03 15:18:00,VIN-A1266,101.1
2024-01-03 15:21:00,VIN-A1267,102.0
2024-01-03 15:24:00,VIN-A1268,106.9
2024-01-03 15:27:00,VIN-A1269,75.7
2024-01-03 15:30:00,VIN-A1270,78.2
2024-01-03 15:33:00,VIN-A1271,70.2
2024-01-03 15:36:00,VIN-A1272,83.3
2024-01-03 15:39:00,VIN-A1273,70.9
2024-01-03 15:42:00,VIN-A1274,82.8
2024-01-03 15:45:00,VIN-A1275,100.9
2024-01-03 15:48:00,VIN-A1276,80.9
2024-01-03 15:51:00,VIN-A1277,78.3
2024-01-03 15:54:00,VIN-A1278,107.7
2024-01-03 15:57:00,VIN-A1279,72.8
2024-01-03 16:00:00,VIN-A1280,72.0
2024-01-03 16:03:00,VIN-A1281,74.2
2024-01-03 16:06:00,VIN-A1282,98.2
2024-01-03 16:09:00,VIN-A1283,94.7
2024-01-03 16:12:00,VIN-A1284,108.9
2024-01-03 16:15:00,VIN-A1285,73.7
2024-01-03 16:18:00,VIN-A1286,88.2
2024-01-03 16:21:00,VIN-A1287,88.8
2024-01-03 16:24:00,VIN-A1288,106.5
2024-01-03 16:27:00,VIN-A1289,101.6
2024-01-03 16:30:00,VIN-A1290,72.6
2024-01-03 16:33:00,VIN-A1291,81.3
2024-01-03 16:36:00,VIN-A1292,86.2
2024-01-03 16:39:00,VIN-A1293,101.7
2024-01-03 16:42:00,VIN-A1294,79.5
2024-01-03 16:45:00,VIN-A1295,85.4
2024-01-03 16:48:00,VIN-A1296,101.4
2024-01-03 16:51:00,VIN-A1297,76.9
2024-01-03 16:54:00,VIN-A1298,74.6
2024-01-03 16:57:00,VIN-A1299,102.9
2024-01-03 17:00:00,VIN-A1300,93.9
2024-01-03 17:03:00,VIN-A1301,83.1
2024-01-03 17:06:00,VIN-A1302,102.7
2024-01-03 17:09:00,VIN-A1303,100.3
2024-01-03 17:12:00,VIN-A1304,85.6
2024-01-03 17:15:00,VIN-A1305,82.0
2024-01-03 17:18:00,VIN-A1306,98.7
2024-01-03 17:21:00,VIN-A1307,94.5
2024-01-03 17:24:00,VIN-A1308,72.5
2024-01-03 17:27:00,VIN-A1309,98.1
2024-01-03 17:30:00,VIN-A1310,104.6
2024-01-03 17:33:00,VIN-A1311,95.0
2024-01-03 17:36:00,VIN-A1312,91.8
2024-01-03 17:39:00,VIN-A1313,92.2
2024-01-03 17:42:00,VIN-A1314,76.2
2024-01-03 17:45:00,VIN-A1315,70.5
2024-01-03 17:48:00,VIN-A1316,96.3
2024-01-03 17:51:00,VIN-A1317,95.7
2024-01-03 17:54:00,VIN-A1318,94.9
2024-01-03 17:57:00,VIN-A1319,85.4
2024-01-03 18:00:00,VIN-A1320,93.1
2024-01-03 18:03:00,VIN-A1321,86.4
2024-01-03 18:06:00,VIN-A1322,92.7
2024-01-03 18:09:00,VIN-A1323,108.5
2024-01-03 18:12:00,VIN-A1324,88.6
2024-01-03 18:15:00,VIN-A1325,79.8
2024-01-03 18:18:00,VIN-A1326,97.4
2024-01-03 18:21:00,VIN-A1327,106.1
2024-01-03 18:24:00,VIN-A1328,90.5
2024-01-03 18:27:00,VIN-A1329,84.1
2024-01-03 18:30:00,VIN-A1330,71.4
2024-01-03 18:33:00,VIN-A1331,72.5
2024-01-03 18:36:00,VIN-A1332,96.3
2024-01-03 18:39:00,VIN-A1333,81.5
2024-01-03 18:42:00,VIN-A1334,80.1
2024-01-03 18:45:00,VIN-A1335,70.6
2024-01-03 18:48:00,VIN-A1336,96.4
2024-01-03 18:51:00,VIN-A1337,89.4
2024-01-03 18:54:00,VIN-A1338,109.4
2024-01-03 18:57:00,VIN-A1339,103.5
2024-01-03 19:00:00,VIN-A1340,79.5
2024-01-03 19:03:00,VIN-A1341,93.1
2024-01-03 19:06:00,VIN-A1342,100.2
2024-01-03 19:09:00,VIN-A1343,89.0
2024-01-03 19:12:00,VIN-A1344,85.2
2024-01-03 19:15:00,VIN-A1345,91.2
2024-01-03 19:18:00,VIN-A1346,85.3
2024-01-03 19:21:00,VIN-A1347,73.9
2024-01-03 19:24:00,VIN-A1348,94.4
2024-01-03 19:27:00,VIN-A1349,80.7
2024-01-03 19:30:00,VIN-A1350,88.4
2024-01-03 19:33:00,VIN-A1351,90.8
2024-01-03 19:36:00,VIN-A1352,91.9
2024-01-03 19:39:00,VIN-A1353,86.4
2024-01-03 19:42:00,VIN-A1354,78.8
2024-01-03 19:45:00,VIN-A1355,94.8
2024-01-03 19:48:00,VIN-A1356,108.0
2024-01-03 19:51:00,VIN-A1357,73.5
2024-01-03 19:54:00,VIN-A1358,105.8
2024-01-03 19:57:00,VIN-A1359,96.4
2024-01-03 20:00:00,VIN-A1360,100.8
2024-01-03 20:03:00,VIN-A1361,80.3
2024-01-03 20:06:00,VIN-A1362,85.3
2024-01-03 20:09:00,VIN-A1363,77.1
2024-01-03 20:12:00,VIN-A1364,94.4
2024-01-03 20:15:00,VIN-A1365,91.6
2024-01-03 20:18:00,VIN-A1366,106.5
2024-01-03 20:21:00,VIN-A1367,72.8
2024-01-03 20:24:00,VIN-A1368,105.9
2024-01-03 20:27:00,VIN-A1369,96.6
2024-01-03 20:30:00,VIN-A1370,93.0
2024-01-03 20:33:00,VIN-A1371,89.1
2024-01-03 20:36:00,VIN-A1372,91.6
2024-01-03 20:39:00,VIN-A1373,74.8
2024-01-03 20:42:00,VIN-A1374,97.3
2024-01-03 20:45:00,VIN-A1375,84.6
2024-01-03 20:48:00,VIN-A1376,100.4
2024-01-03 20:51:00,VIN-A1377,108.7
2024-01-03 20:54:00,VIN-A1378,105.9
2024-01-03 20:57:00,VIN-A1379,105.4
2024-01-03 21:00:00,VIN-A1380,77.7
2024-01-03 21:03:00,VIN-A1381,85.6
2024-01-03 21:06:00,VIN-A1382,91.4
2024-01-03 21:09:00,VIN-A1383,71.5
2024-01-03 21:12:00,VIN-A1384,86.2
2024-01-03 21:15:00,VIN-A1385,107.6
2024-01-03 21:18:00,VIN-A1386,107.0
2024-01-03 21:21:00,VIN-A1387,88.8
2024-01-03 21:24:00,VIN-A1388,70.6
2024-01-03 21:27:00,VIN-A1389,88.2
2024-01-03 21:30:00,VIN-A1390,74.6
2024-01-03 21:33:00,VIN-A1391,102.2
2024-01-03 21:36:00,VIN-A1392,83.0
2024-01-03 21:39:00,VIN-A1393,82.9
2024-01-03 21:42:00,VIN-A1394,93.7
2024-01-03 21:45:00,VIN-A1395,100.3
2024-01-03 21:48:00,VIN-A1396,87.5
2024-01-03 21:51:00,VIN-A1397,101.6
2024-01-03 21:54:00,VIN-A1398,70.6
2024-01-03 21:57:00,VIN-A1399,107.0
2024-01-03 22:00:00,VIN-A1400,86.6
2024-01-03 22:03:00,VIN-A1401,78.2
2024-01-03 22:06:00,VIN-A1402,79.6
2024-01-03 22:09:00,VIN-A1403,98.7
2024-01-03 22:12:00,VIN-A1404,83.9
2024-01-03 22:15:00,VIN-A1405,109.5
2024-01-03 22:18:00,VIN-A1406,88.6
2024-01-03 22:21:00,VIN-A1407,77.7
2024-01-03 22:24:00,VIN-A1408,89.9
2024-01-03 22:27:00,VIN-A1409,95.8
2024-01-03 22:30:00,VIN-A1410,94.7
2024-01-03 22:33:00,VIN-A1411,99.6
2024-01-03 22:36:00,VIN-A1412,89.4
2024-01-03 22:39:00,VIN-A1413,93.7
2024-01-03 22:42:00,VIN-A1414,79.2
2024-01-03 22:45:00,VIN-A1415,99.5
2024-01-03 22:48:00,VIN-A1416,72.9
2024-01-03 22:51:00,VIN-A1417,75.8
2024-01-03 22:54:00,VIN-A1418,84.9
2024-01-03 22:57:00,VIN-A1419,109.0
2024-01-03 23:00:00,VIN-A1420,81.2
2024-01-03 23:03:00,VIN-A1421,76.8
2024-01-03 23:06:00,VIN-A1422,101.6
2024-01-03 23:09:00,VIN-A1423,93.1
2024-01-03 23:12:00,VIN-A1424,104.3
2024-01-03 23:15:00,VIN-A1425,103.5
2024-01-03 23:18:00,VIN-A1426,79.9
2024-01-03 23:21:00,VIN-A1427,106.6
2024-01-03 23:24:00,VIN-A1428,71.6
2024-01-03 23:27:00,VIN-A1429,87.0
2024-01-03 23:30:00,VIN-A1430,88.1
2024-01-03 23:33:00,VIN-A1431,97.7
2024-01-03 23:36:00,VIN-A1432,81.8
2024-01-03 23:39:00,VIN-A1433,96.8
2024-01-03 23:42:00,VIN-A1434,109.1
2024-01-03 23:45:00,VIN-A1435,77.4
2024-01-03 23:48:00,VIN-A1436,104.4
2024-01-03 23:51:00,VIN-A1437,91.2
2024-01-03 23:54:00,VIN-A1438,101.5
2024-01-03 23:57:00,VIN-A1439,90.6
2024-01-04 00:00:00,VIN-A1440,74.4
2024-01-04 00:03:00,VIN-A1441,84.7
2024-01-04 00:06:00,VIN-A1442,75.5
2024-01-04 00:09:00,VIN-A1443,99.5
2024-01-04 00:12:00,VIN-A1444,100.1
2024-01-04 00:15:00,VIN-A1445,90.1
2024-01-04 00:18:00,VIN-A1446,83.8
2024-01-04 00:21:00,VIN-A1447,88.8
2024-01-04 00:24:00,VIN-A1448,88.1
2024-01-04 00:27:00,VIN-A1449,77.5
2024-01-04 00:30:00,VIN-A1450,105.9
2024-01-04 00:33:00,VIN-A1451,76.6
2024-01-04 00:36:00,VIN-A1452,105.0
2024-01-04 00:39:00,VIN-A1453,86.7
2024-01-04 00:42:00,VIN-A1454,83.9
2024-01-04 00:45:00,VIN-A1455,77.6
2024-01-04 00:48:00,VIN-A1456,86.5
2024-01-04 00:51:00,VIN-A1457,89.4
2024-01-04 00:54:00,VIN-A1458,88.3
2024-01-04 00:57:00,VIN-A1459,76.9
2024-01-04 01:00:00,VIN-A1460,100.8
2024-01-04 01:03:00,VIN-A1461,108.2
2024-01-04 01:06:00,VIN-A1462,77.3
2024-01-04 01:09:00,VIN-A1463,76.5
2024-01-04 01:12:00,VIN-A1464,87.6
2024-01-04 01:15:00,VIN-A1465,96.6
2024-01-04 01:18:00,VIN-A1466,91.6
2024-01-04 01:21:00,VIN-A1467,86.2
2024-01-04 01:24:00,VIN-A1468,107.1
2024-01-04 01:27:00,VIN-A1469,95.9
2024-01-04 01:30:00,VIN-A1470,102.0
2024-01-04 01:33:00,VIN-A1471,97.6
2024-01-04 01:36:00,VIN-A1472,97.1
2024-01-04 01:39:00,VIN-A1473,87.8
2024-01-04 01:42:00,VIN-A1474,93.3
2024-01-04 01:45:00,VIN-A1475,77.8
2024-01-04 01:48:00,VIN-A1476,109.0
2024-01-04 01:51:00,VIN-A1477,106.3
2024-01-04 01:54:00,VIN-A1478,84.8
2024-01-04 01:57:00,VIN-A1479,82.3
2024-01-04 02:00:00,VIN-A1480,99.1
2024-01-04 02:03:00,VIN-A1481,81.5
2024-01-04 02:06:00,VIN-A1482,99.1
2024-01-04 02:09:00,VIN-A1483,75.7
2024-01-04 02:12:00,VIN-A1484,72.6
2024-01-04 02:15:00,VIN-A1485,70.3
2024-01-04 02:18:00,VIN-A1486,92.2
2024-01-04 02:21:00,VIN-A1487,78.0
2024-01-04 02:24:00,VIN-A1488,71.7
2024-01-04 02:27:00,VIN-A1489,89.8
2024-01-04 02:30:00,VIN-A1490,76.2
2024-01-04 02:33:00,VIN-A1491,75.0
2024-01-04 02:36:00,VIN-A1492,89.7
2024-01-04 02:39:00,VIN-A1493,100.6
2024-01-04 02:42:00,VIN-A1494,93.2
2024-01-04 02:45:00,VIN-A1495,109.0
2024-01-04 02:48:00,VIN-A1496,103.8
2024-01-04 02:51:00,VIN-A1497,88.4
2024-01-04 02:54:00,VIN-A1498,80.9
2024-01-04 02:57:00,VIN-A1499,71.9
2024-01-04 03:00:00,VIN-A1500,90.6
2024-01-04 03:03:00,VIN-A1501,94.0
2024-01-04 03:06:00,VIN-A1502,103.1
2024-01-04 03:09:00,VIN-A1503,73.8
2024-01-04 03:12:00,VIN-A1504,75.5
2024-01-04 03:15:00,VIN-A1505,83.6
2024-01-04 03:18:00,VIN-A1506,90.1
2024-01-04 03:21:00,VIN-A1507,86.7
2024-01-04 03:24:00,VIN-A1508,106.9
2024-01-04 03:27:00,VIN-A1509,75.6
2024-01-04 03:30:00,VIN-A1510,76.9
2024-01-04 03:33:00,VIN-A1511,78.9
2024-01-04 03:36:00,VIN-A1512,82.3
2024-01-04 03:39:00,VIN-A1513,97.6
2024-01-04 03:42:00,VIN-A1514,100.3
2024-01-04 03:45:00,VIN-A1515,88.8
2024-01-04 03:48:00,VIN-A1516,96.7
2024-01-04 03:51:00,VIN-A1517,93.5
2024-01-04 03:54:00,VIN-A1518,73.6
2024-01-04 03:57:00,VIN-A1519,84.1
2024-01-04 04:00:00,VIN-A1520,90.2
2024-01-04 04:03:00,VIN-A1521,91.2
2024-01-04 04:06:00,VIN-A1522,106.1
2024-01-04 04:09:00,VIN-A1523,107.0
2024-01-04 04:12:00,VIN-A1524,84.7
2024-01-04 04:15:00,VIN-A1525,77.2
2024-01-04 04:18:00,VIN-A1526,90.6
2024-01-04 04:21:00,VIN-A1527,74.9
2024-01-04 04:24:00,VIN-A1528,98.2
2024-01-04 04:27:00,VIN-A1529,89.7
2024-01-04 04:30:00,VIN-A1530,97.5
2024-01-04 04:33:00,VIN-A1531,81.6
2024-01-04 04:36:00,VIN-A1532,105.8
2024-01-04 04:39:00,VIN-A1533,77.2
2024-01-04 04:42:00,VIN-A1534,85.9
2024-01-04 04:45:00,VIN-A1535,75.7
2024-01-04 04:48:00,VIN-A1536,99.7
2024-01-04 04:51:00,VIN-A1537,109.0
2024-01-04 04:54:00,VIN-A1538,74.9
2024-01-04 04:57:00,VIN-A1539,100.6
2024-01-04 05:00:00,VIN-A1540,84.2
2024-01-04 05:03:00,VIN-A1541,90.5
2024-01-04 05:06:00,VIN-A1542,80.0
2024-01-04 05:09:00,VIN-A1543,71.2
2024-01-04 05:12:00,VIN-A1544,97.1
2024-01-04 05:15:00,VIN-A1545,76.1
2024-01-04 05:18:00,VIN-A1546,96.4
2024-01-04 05:21:00,VIN-A1547,78.1
2024-01-04 05:24:00,VIN-A1548,91.7
2024-01-04 05:27:00,VIN-A1549,108.1
2024-01-04 05:30:00,VIN-A1550,85.3
2024-01-04 05:33:00,VIN-A1551,71.4
2024-01-04 05:36:00,VIN-A1552,105.4
2024-01-04 05:39:00,VIN-A1553,98.6
2024-01-04 05:42:00,VIN-A1554,96.4
2024-01-04 05:45:00,VIN-A1555,92.5
2024-01-04 05:48:00,VIN-A1556,89.8
2024-01-04 05:51:00,VIN-A1557,100.7
2024-01-04 05:54:00,VIN-A1558,75.1
2024-01-04 05:57:00,VIN-A1559,100.6
2024-01-04 06:00:00,VIN-A1560,83.8
2024-01-04 06:03:00,VIN-A1561,79.9
2024-01-04 06:06:00,VIN-A1562,104.8
2024-01-04 06:09:00,VIN-A1563,71.5
2024-01-04 06:12:00,VIN-A1564,80.7
2024-01-04 06:15:00,VIN-A1565,85.1
2024-01-04 06:18:00,VIN-A1566,74.0
2024-01-04 06:21:00,VIN-A1567,76.7
2024-01-04 06:24:00,VIN-A1568,89.9
2024-01-04 06:27:00,VIN-A1569,81.5
2024-01-04 06:30:00,VIN-A1570,102.2
2024-01-04 06:33:00,VIN-A1571,93.7
2024-01-04 06:36:00,VIN-A1572,87.1
2024-01-04 06:39:00,VIN-A1573,90.2
2024-01-04 06:42:00,VIN-A1574,78.0
2024-01-04 06:45:00,VIN-A1575,96.9
2024-01-04 06:48:00,VIN-A1576,93.1
2024-01-04 06:51:00,VIN-A1577,80.7
2024-01-04 06:54:00,VIN-A1578,107.4
2024-01-04 06:57:00,VIN-A1579,84.6
2024-01-04 07:00:00,VIN-A1580,103.8
2024-01-04 07:03:00,VIN-A1581,95.4
2024-01-04 07:06:00,VIN-A1582,95.8
2024-01-04 07:09:00,VIN-A1583,79.5
2024-01-04 07:12:00,VIN-A1584,88.6
2024-01-04 07:15:00,VIN-A1585,78.1
2024-01-04 07:18:00,VIN-A1586,96.3
2024-01-04 07:21:00,VIN-A1587,101.3
2024-01-04 07:24:00,VIN-A1588,94.1
2024-01-04 07:27:00,VIN-A1589,105.9
2024-01-04 07:30:00,VIN-A1590,107.7
2024-01-04 07:33:00,VIN-A1591,92.8
2024-01-04 07:36:00,VIN-A1592,89.9
2024-01-04 07:39:00,VIN-A1593,83.2
2024-01-04 07:42:00,VIN-A1594,107.4
2024-01-04 07:45:00,VIN-A1595,108.8
2024-01-04 07:48:00,VIN-A1596,89.6
2024-01-04 07:51:00,VIN-A1597,91.8
2024-01-04 07:54:00,VIN-A1598,105.2
2024-01-04 07:57:00,VIN-A1599,102.9
2024-01-04 08:00:00,VIN-A1600,103.7
2024-01-04 08:03:00,VIN-A1601,80.1
2024-01-04 08:06:00,VIN-A1602,106.1
2024-01-04 08:09:00,VIN-A1603,104.3
2024-01-04 08:12:00,VIN-A1604,107.1
2024-01-04 08:15:00,VIN-A1605,81.9
2024-01-04 08:18:00,VIN-A1606,95.3
2024-01-04 08:21:00,VIN-A1607,101.6
2024-01-04 08:24:00,VIN-A1608,88.8
2024-01-04 08:27:00,VIN-A1609,105.1
2024-01-04 08:30:00,VIN-A1610,90.3
2024-01-04 08:33:00,VIN-A1611,88.1
2024-01-04 08:36:00,VIN-A1612,95.2
2024-01-04 08:39:00,VIN-A1613,78.0
2024-01-04 08:42:00,VIN-A1614,76.3
2024-01-04 08:45:00,VIN-A1615,103.9
2024-01-04 08:48:00,VIN-A1616,88.1
2024-01-04 08:51:00,VIN-A1617,97.5
2024-01-04 08:54:00,VIN-A1618,73.4
2024-01-04 08:57:00,VIN-A1619,107.8
2024-01-04 09:00:00,VIN-A1620,106.9
2024-01-04 09:03:00,VIN-A1621,109.0
2024-01-04 09:06:00,VIN-A1622,72.0
2024-01-04 09:09:00,VIN-A1623,73.6
2024-01-04 09:12:00,VIN-A1624,70.6
2024-01-04 09:15:00,VIN-A1625,103.1
2024-01-04 09:18:00,VIN-A1626,77.6
2024-01-04 09:21:00,VIN-A1627,99.9
2024-01-04 09:24:00,VIN-A1628,94.0
2024-01-04 09:27:00,VIN-A1629,86.7
2024-01-04 09:30:00,VIN-A1630,109.0
2024-01-04 09:33:00,VIN-A1631,84.8
2024-01-04 09:36:00,VIN-A1632,88.8
2024-01-04 09:39:00,VIN-A1633,97.5
2024-01-04 09:42:00,VIN-A1634,72.9
2024-01-04 09:45:00,VIN-A1635,88.8
2024-01-04 09:48:00,VIN-A1636,70.2
2024-01-04 09:51:00,VIN-A1637,96.9
2024-01-04 09:54:00,VIN-A1638,93.2
2024-01-04 09:57:00,VIN-A1639,105.1
2024-01-04 10:00:00,VIN-A1640,75.7
2024-01-04 10:03:00,VIN-A1641,90.0
2024-01-04 10:06:00,VIN-A1642,107.0
2024-01-04 10:09:00,VIN-A1643,90.7
2024-01-04 10:12:00,VIN-A1644,100.5
2024-01-04 10:15:00,VIN-A1645,72.1
2024-01-04 10:18:00,VIN-A1646,88.8
2024-01-04 10:21:00,VIN-A1647,109.8
2024-01-04 10:24:00,VIN-A1648,109.6
2024-01-04 10:27:00,VIN-A1649,103.8
2024-01-04 10:30:00,VIN-A1650,78.1
2024-01-04 10:33:00,VIN-A1651,92.5
2024-01-04 10:36:00,VIN-A1652,91.0
2024-01-04 10:39:00,VIN-A1653,79.8
2024-01-04 10:42:00,VIN-A1654,71.0
2024-01-04 10:45:00,VIN-A1655,84.9
2024-01-04 10:48:00,VIN-A1656,76.2
2024-01-04 10:51:00,VIN-A1657,88.2
2024-01-04 10:54:00,VIN-A1658,83.2
2024-01-04 10:57:00,VIN-A1659,83.0
2024-01-04 11:00:00,VIN-A1660,78.5
2024-01-04 11:03:00,VIN-A1661,101.9
2024-01-04 11:06:00,VIN-A1662,73.7
2024-01-04 11:09:00,VIN-A1663,73.6
2024-01-04 11:12:00,VIN-A1664,81.4
2024-01-04 11:15:00,VIN-A1665,81.9
2024-01-04 11:18:00,VIN-A1666,106.1
2024-01-04 11:21:00,VIN-A1667,103.3
2024-01-04 11:24:00,VIN-A1668,89.1
2024-01-04 11:27:00,VIN-A1669,102.4
2024-01-04 11:30:00,VIN-A1670,73.7
2024-01-04 11:33:00,VIN-A1671,95.9
2024-01-04 11:36:00,VIN-A1672,81.6
2024-01-04 11:39:00,VIN-A1673,82.0
2024-01-04 11:42:00,VIN-A1674,103.7
2024-01-04 11:45:00,VIN-A1675,92.0
2024-01-04 11:48:00,VIN-A1676,86.5
2024-01-04 11:51:00,VIN-A1677,84.2
2024-01-04 11:54:00,VIN-A1678,74.6
2024-01-04 11:57:00,VIN-A1679,103.7
2024-01-04 12:00:00,VIN-A1680,82.6
2024-01-04 12:03:00,VIN-A1681,95.0
2024-01-04 12:06:00,VIN-A1682,78.4
2024-01-04 12:09:00,VIN-A1683,104.9
2024-01-04 12:12:00,VIN-A1684,85.8
2024-01-04 12:15:00,VIN-A1685,97.7
2024-01-04 12:18:00,VIN-A1686,82.1
2024-01-04 12:21:00,VIN-A1687,102.2
2024-01-04 12:24:00,VIN-A1688,74.5
2024-01-04 12:27:00,VIN-A1689,78.4
2024-01-04 12:30:00,VIN-A1690,103.7
2024-01-04 12:33:00,VIN-A1691,82.0
2024-01-04 12:36:00,VIN-A1692,74.7
2024-01-04 12:39:00,VIN-A1693,108.6
2024-01-04 12:42:00,VIN-A1694,78.1
2024-01-04 12:45:00,VIN-A1695,83.4
2024-01-04 12:48:00,VIN-A1696,109.2
2024-01-04 12:51:00,VIN-A1697,71.5
2024-01-04 12:54:00,VIN-A1698,79.3
2024-01-04 12:57:00,VIN-A1699,92.1
2024-01-04 13:00:00,VIN-A1700,74.7
2024-01-04 13:03:00,VIN-A1701,97.9
2024-01-04 13:06:00,VIN-A1702,88.8
2024-01-04 13:09:00,VIN-A1703,106.9
2024-01-04 13:12:00,VIN-A1704,75.2
2024-01-04 13:15:00,VIN-A1705,103.3
2024-01-04 13:18:00,VIN-A1706,102.0
2024-01-04 13:21:00,VIN-A1707,97.6
2024-01-04 13:24:00,VIN-A1708,78.0
2024-01-04 13:27:00,VIN-A1709,107.7
2024-01-04 13:30:00,VIN-A1710,110.0
2024-01-04 13:33:00,VIN-A1711,77.0
2024-01-04 13:36:00,VIN-A1712,83.5
2024-01-04 13:39:00,VIN-A1713,89.5
2024-01-04 13:42:00,VIN-A1714,100.8
2024-01-04 13:45:00,VIN-A1715,98.3
2024-01-04 13:48:00,VIN-A1716,108.5
2024-01-04 13:51:00,VIN-A1717,102.9
2024-01-04 13:54:00,VIN-A1718,104.8
2024-01-04 13:57:00,VIN-A1719,98.3
2024-01-04 14:00:00,VIN-A1720,76.2
2024-01-04 14:03:00,VIN-A1721,103.9
2024-01-04 14:06:00,VIN-A1722,79.8
2024-01-04 14:09:00,VIN-A1723,73.4
2024-01-04 14:12:00,VIN-A1724,95.2
2024-01-04 14:15:00,VIN-A1725,101.5
2024-01-04 14:18:00,VIN-A1726,105.9
2024-01-04 14:21:00,VIN-A1727,107.7
2024-01-04 14:24:00,VIN-A1728,73.4
2024-01-04 14:27:00,VIN-A1729,87.4
2024-01-04 14:30:00,VIN-A1730,106.1
2024-01-04 14:33:00,VIN-A1731,86.8
2024-01-04 14:36:00,VIN-A1732,98.9
2024-01-04 14:39:00,VIN-A1733,106.0
2024-01-04 14:42:00,VIN-A1734,87.8
2024-01-04 14:45:00,VIN-A1735,97.9
2024-01-04 14:48:00,VIN-A1736,101.0
2024-01-04 14:51:00,VIN-A1737,85.6
2024-01-04 14:54:00,VIN-A1738,78.5
2024-01-04 14:57:00,VIN-A1739,100.3
2024-01-04 15:00:00,VIN-A1740,79.7
2024-01-04 15:03:00,VIN-A1741,99.3
2024-01-04 15:06:00,VIN-A1742,75.0
2024-01-04 15:09:00,VIN-A1743,81.9
2024-01-04 15:12:00,VIN-A1744,102.2
2024-01-04 15:15:00,VIN-A1745,84.0
2024-01-04 15:18:00,VIN-A1746,98.6
2024-01-04 15:21:00,VIN-A1747,90.7
2024-01-04 15:24:00,VIN-A1748,73.9
2024-01-04 15:27:00,VIN-A1749,73.7
2024-01-04 15:30:00,VIN-A1750,87.8
2024-01-04 15:33:00,VIN-A1751,104.9
2024-01-04 15:36:00,VIN-A1752,97.6
2024-01-04 15:39:00,VIN-A1753,103.0
2024-01-04 15:42:00,VIN-A1754,75.2
2024-01-04 15:45:00,VIN-A1755,97.8
2024-01-04 15:48:00,VIN-A1756,107.8
2024-01-04 15:51:00,VIN-A1757,74.4
2024-01-04 15:54:00,VIN-A1758,74.7
2024-01-04 15:57:00,VIN-A1759,89.4
2024-01-04 16:00:00,VIN-A1760,71.9
2024-01-04 16:03:00,VIN-A1761,77.3
2024-01-04 16:06:00,VIN-A1762,72.7
2024-01-04 16:09:00,VIN-A1763,92.6
2024-01-04 16:12:00,VIN-A1764,103.4
2024-01-04 16:15:00,VIN-A1765,90.2
2024-01-04 16:18:00,VIN-A1766,76.0
2024-01-04 16:21:00,VIN-A1767,85.5
2024-01-04 16:24:00,VIN-A1768,108.3
2024-01-04 16:27:00,VIN-A1769,104.6
2024-01-04 16:30:00,VIN-A1770,92.4
2024-01-04 16:33:00,VIN-A1771,108.2
2024-01-04 16:36:00,VIN-A1772,100.0
2024-01-04 16:39:00,VIN-A1773,108.5
2024-01-04 16:42:00,VIN-A1774,73.4
2024-01-04 16:45:00,VIN-A1775,89.7
2024-01-04 16:48:00,VIN-A1776,86.6
2024-01-04 16:51:00,VIN-A1777,73.6
2024-01-04 16:54:00,VIN-A1778,75.8
2024-01-04 16:57:00,VIN-A1779,108.1
2024-01-04 17:00:00,VIN-A1780,77.3
2024-01-04 17:03:00,VIN-A1781,82.8
2024-01-04 17:06:00,VIN-A1782,107.7
2024-01-04 17:09:00,VIN-A1783,100.1
2024-01-04 17:12:00,VIN-A1784,108.0
2024-01-04 17:15:00,VIN-A1785,72.6
2024-01-04 17:18:00,VIN-A1786,80.8
2024-01-04 17:21:00,VIN-A1787,100.5
2024-01-04 17:24:00,VIN-A1788,87.8
2024-01-04 17:27:00,VIN-A1789,84.9
2024-01-04 17:30:00,VIN-A1790,108.5
2024-01-04 17:33:00,VIN-A1791,108.4
2024-01-04 17:36:00,VIN-A1792,70.0
2024-01-04 17:39:00,VIN-A1793,103.6
2024-01-04 17:42:00,VIN-A1794,93.4
2024-01-04 17:45:00,VIN-A1795,82.0
2024-01-04 17:48:00,VIN-A1796,99.0
2024-01-04 17:51:00,VIN-A1797,94.4
2024-01-04 17:54:00,VIN-A1798,95.4
2024-01-04 17:57:00,VIN-A1799,79.8
2024-01-04 18:00:00,VIN-A1800,108.4
2024-01-04 18:03:00,VIN-A1801,95.9
2024-01-04 18:06:00,VIN-A1802,96.9
2024-01-04 18:09:00,VIN-A1803,100.5
2024-01-04 18:12:00,VIN-A1804,91.5
2024-01-04 18:15:00,VIN-A1805,96.9
2024-01-04 18:18:00,VIN-A1806,85.5
2024-01-04 18:21:00,VIN-A1807,75.0
2024-01-04 18:24:00,VIN-A1808,78.9
2024-01-04 18:27:00,VIN-A1809,77.7
2024-01-04 18:30:00,VIN-A1810,79.4
2024-01-04 18:33:00,VIN-A1811,89.7
2024-01-04 18:36:00,VIN-A1812,77.8
2024-01-04 18:39:00,VIN-A1813,92.8
2024-01-04 18:42:00,VIN-A1814,72.6
2024-01-04 18:45:00,VIN-A1815,107.3
2024-01-04 18:48:00,VIN-A1816,77.7
2024-01-04 18:51:00,VIN-A1817,97.2
2024-01-04 18:54:00,VIN-A1818,95.6
2024-01-04 18:57:00,VIN-A1819,87.3
2024-01-04 19:00:00,VIN-A1820,89.8
2024-01-04 19:03:00,VIN-A1821,71.9
2024-01-04 19:06:00,VIN-A1822,70.2
2024-01-04 19:09:00,VIN-A1823,109.6
2024-01-04 19:12:00,VIN-A1824,106.7
2024-01-04 19:15:00,VIN-A1825,95.0
2024-01-04 19:18:00,VIN-A1826,93.7
2024-01-04 19:21:00,VIN-A1827,79.9
2024-01-04 19:24:00,VIN-A1828,102.9
2024-01-04 19:27:00,VIN-A1829,101.0
2024-01-04 19:30:00,VIN-A1830,93.2
2024-01-04 19:33:00,VIN-A1831,85.1
2024-01-04 19:36:00,VIN-A1832,72.5
2024-01-04 19:39:00,VIN-A1833,72.6
2024-01-04 19:42:00,VIN-A1834,104.0
2024-01-04 19:45:00,VIN-A1835,79.3
2024-01-04 19:48:00,VIN-A1836,88.1
2024-01-04 19:51:00,VIN-A1837,83.6
2024-01-04 19:54:00,VIN-A1838,90.7
2024-01-04 19:57:00,VIN-A1839,93.8
2024-01-04 20:00:00,VIN-A1840,106.2
2024-01-04 20:03:00,VIN-A1841,86.8
2024-01-04 20:06:00,VIN-A1842,75.5
2024-01-04 20:09:00,VIN-A1843,90.5
2024-01-04 20:12:00,VIN-A1844,75.9
2024-01-04 20:15:00,VIN-A1845,108.8
2024-01-04 20:18:00,VIN-A1846,72.3
2024-01-04 20:21:00,VIN-A1847,86.9
2024-01-04 20:24:00,VIN-A1848,101.4
2024-01-04 20:27:00,VIN-A1849,94.0
2024-01-04 20:30:00,VIN-A1850,94.6
2024-01-04 20:33:00,VIN-A1851,105.0
2024-01-04 20:36:00,VIN-A1852,95.6
2024-01-04 20:39:00,VIN-A1853,79.6
2024-01-04 20:42:00,VIN-A1854,102.3
2024-01-04 20:45:00,VIN-A1855,84.5
2024-01-04 20:48:00,VIN-A1856,75.7
2024-01-04 20:51:00,VIN-A1857,71.8
2024-01-04 20:54:00,VIN-A1858,78.8
2024-01-04 20:57:00,VIN-A1859,77.1
2024-01-04 21:00:00,VIN-A1860,70.8
2024-01-04 21:03:00,VIN-A1861,83.5
2024-01-04 21:06:00,VIN-A1862,102.4
2024-01-04 21:09:00,VIN-A1863,105.1
2024-01-04 21:12:00,VIN-A1864,101.8
2024-01-04 21:15:00,VIN-A1865,82.7
2024-01-04 21:18:00,VIN-A1866,100.5
2024-01-04 21:21:00,VIN-A1867,101.6
2024-01-04 21:24:00,VIN-A1868,104.9
2024-01-04 21:27:00,VIN-A1869,78.4
2024-01-04 21:30:00,VIN-A1870,76.7
2024-01-04 21:33:00,VIN-A1871,89.9
2024-01-04 21:36:00,VIN-A1872,91.0
2024-01-04 21:39:00,VIN-A1873,80.7
2024-01-04 21:42:00,VIN-A1874,78.3
2024-01-04 21:45:00,VIN-A1875,85.8
2024-01-04 21:48:00,VIN-A1876,107.4
2024-01-04 21:51:00,VIN-A1877,100.1
2024-01-04 21:54:00,VIN-A1878,93.4
2024-01-04 21:57:00,VIN-A1879,88.0
2024-01-04 22:00:00,VIN-A1880,82.7
2024-01-04 22:03:00,VIN-A1881,80.6
2024-01-04 22:06:00,VIN-A1882,103.7
2024-01-04 22:09:00,VIN-A1883,107.1
2024-01-04 22:12:00,VIN-A1884,91.8
2024-01-04 22:15:00,VIN-A1885,82.1
2024-01-04 22:18:00,VIN-A1886,77.6
2024-01-04 22:21:00,VIN-A1887,70.3
2024-01-04 22:24:00,VIN-A1888,107.8
2024-01-04 22:27:00,VIN-A1889,88.9
2024-01-04 22:30:00,VIN-A1890,104.6
2024-01-04 22:33:00,VIN-A1891,89.0
2024-01-04 22:36:00,VIN-A1892,98.9
2024-01-04 22:39:00,VIN-A1893,103.8
2024-01-04 22:42:00,VIN-A1894,78.4
2024-01-04 22:45:00,VIN-A1895,75.6
2024-01-04 22:48:00,VIN-A1896,90.0
2024-01-04 22:51:00,VIN-A1897,86.8
2024-01-04 22:54:00,VIN-A1898,83.0
2024-01-04 22:57:00,VIN-A1899,76.1
2024-01-04 23:00:00,VIN-A1900,109.2
2024-01-04 23:03:00,VIN-A1901,77.5
2024-01-04 23:06:00,VIN-A1902,95.6
2024-01-04 23:09:00,VIN-A1903,71.3
2024-01-04 23:12:00,VIN-A1904,78.0
2024-01-04 23:15:00,VIN-A1905,79.3
2024-01-04 23:18:00,VIN-A1906,84.7
2024-01-04 23:21:00,VIN-A1907,85.6
2024-01-04 23:24:00,VIN-A1908,89.1
2024-01-04 23:27:00,VIN-A1909,75.2
2024-01-04 23:30:00,VIN-A1910,76.4
2024-01-04 23:33:00,VIN-A1911,90.1
2024-01-04 23:36:00,VIN-A1912,109.6
2024-01-04 23:39:00,VIN-A1913,91.0
2024-01-04 23:42:00,VIN-A1914,88.5
2024-01-04 23:45:00,VIN-A1915,83.9
2024-01-04 23:48:00,VIN-A1916,94.5
2024-01-04 23:51:00,VIN-A1917,77.2
2024-01-04 23:54:00,VIN-A1918,106.4
2024-01-04 23:57:00,VIN-A1919,97.9
2024-01-05 00:00:00,VIN-A1920,81.0
2024-01-05 00:03:00,VIN-A1921,97.9
2024-01-05 00:06:00,VIN-A1922,86.5
2024-01-05 00:09:00,VIN-A1923,73.1
2024-01-05 00:12:00,VIN-A1924,86.4
2024-01-05 00:15:00,VIN-A1925,88.5
2024-01-05 00:18:00,VIN-A1926,85.2
2024-01-05 00:21:00,VIN-A1927,71.5
2024-01-05 00:24:00,VIN-A1928,83.1
2024-01-05 00:27:00,VIN-A1929,73.3
2024-01-05 00:30:00,VIN-A1930,75.6
2024-01-05 00:33:00,VIN-A1931,103.5
2024-01-05 00:36:00,VIN-A1932,91.4
2024-01-05 00:39:00,VIN-A1933,97.1
2024-01-05 00:42:00,VIN-A1934,98.6
2024-01-05 00:45:00,VIN-A1935,97.9
2024-01-05 00:48:00,VIN-A1936,85.6
2024-01-05 00:51:00,VIN-A1937,71.9
2024-01-05 00:54:00,VIN-A1938,85.0
2024-01-05 00:57:00,VIN-A1939,71.1
2024-01-05 01:00:00,VIN-A1940,78.8
2024-01-05 01:03:00,VIN-A1941,99.0
2024-01-05 01:06:00,VIN-A1942,82.9
2024-01-05 01:09:00,VIN-A1943,107.6
2024-01-05 01:12:00,VIN-A1944,82.9
2024-01-05 01:15:00,VIN-A1945,85.6
2024-01-05 01:18:00,VIN-A1946,96.0
2024-01-05 01:21:00,VIN-A1947,86.4
2024-01-05 01:24:00,VIN-A1948,98.5
2024-01-05 01:27:00,VIN-A1949,80.1
2024-01-05 01:30:00,VIN-A1950,97.1
2024-01-05 01:33:00,VIN-A1951,77.0
2024-01-05 01:36:00,VIN-A1952,72.7
2024-01-05 01:39:00,VIN-A1953,85.3
2024-01-05 01:42:00,VIN-A1954,79.3
2024-01-05 01:45:00,VIN-A1955,79.5
2024-01-05 01:48:00,VIN-A1956,72.4
2024-01-05 01:51:00,VIN-A1957,85.0
2024-01-05 01:54:00,VIN-A1958,99.6
2024-01-05 01:57:00,VIN-A1959,90.8
2024-01-05 02:00:00,VIN-A1960,100.0
2024-01-05 02:03:00,VIN-A1961,79.7
2024-01-05 02:06:00,VIN-A1962,102.1
2024-01-05 02:09:00,VIN-A1963,90.9
2024-01-05 02:12:00,VIN-A1964,104.8
2024-01-05 02:15:00,VIN-A1965,107.5
2024-01-05 02:18:00,VIN-A1966,79.5
2024-01-05 02:21:00,VIN-A1967,76.6
2024-01-05 02:24:00,VIN-A1968,82.1
2024-01-05 02:27:00,VIN-A1969,80.9
2024-01-05 02:30:00,VIN-A1970,85.9
2024-01-05 02:33:00,VIN-A1971,100.4
2024-01-05 02:36:00,VIN-A1972,100.5
2024-01-05 02:39:00,VIN-A1973,93.8
2024-01-05 02:42:00,VIN-A1974,85.2
2024-01-05 02:45:00,VIN-A1975,72.9
2024-01-05 02:48:00,VIN-A1976,106.6
2024-01-05 02:51:00,VIN-A1977,89.7
2024-01-05 02:54:00,VIN-A1978,85.4
2024-01-05 02:57:00,VIN-A1979,86.4
2024-01-05 03:00:00,VIN-A1980,107.3
2024-01-05 03:03:00,VIN-A1981,100.9
2024-01-05 03:06:00,VIN-A1982,95.4
2024-01-05 03:09:00,VIN-A1983,107.1
2024-01-05 03:12:00,VIN-A1984,106.9
2024-01-05 03:15:00,VIN-A1985,97.9
2024-01-05 03:18:00,VIN-A1986,107.8
2024-01-05 03:21:00,VIN-A1987,70.5
2024-01-05 03:24:00,VIN-A1988,85.9
2024-01-05 03:27:00,VIN-A1989,105.0
2024-01-05 03:30:00,VIN-A1990,90.0
2024-01-05 03:33:00,VIN-A1991,99.4
2024-01-05 03:36:00,VIN-A1992,74.4
2024-01-05 03:39:00,VIN-A1993,80.8
2024-01-05 03:42:00,VIN-A1994,70.3
2024-01-05 03:45:00,VIN-A1995,72.8
2024-01-05 03:48:00,VIN-A1996,99.3
2024-01-05 03:51:00,VIN-A1997,77.9
2024-01-05 03:54:00,VIN-A1998,92.7
2024-01-05 03:57:00,VIN-A1999,102.4
2024-01-05 04:00:00,VIN-A2000,87.6
2024-01-05 04:03:00,VIN-A2001,73.2
2024-01-05 04:06:00,VIN-A2002,83.7
2024-01-05 04:09:00,VIN-A2003,70.4
2024-01-05 04:12:00,VIN-A2004,73.9
2024-01-05 04:15:00,VIN-A2005,107.3
2024-01-05 04:18:00,VIN-A2006,83.5
2024-01-05 04:21:00,VIN-A2007,102.7
2024-01-05 04:24:00,VIN-A2008,94.4
2024-01-05 04:27:00,VIN-A2009,70.1
2024-01-05 04:30:00,VIN-A2010,71.0
2024-01-05 04:33:00,VIN-A2011,84.7
2024-01-05 04:36:00,VIN-A2012,90.6
2024-01-05 04:39:00,VIN-A2013,70.7
2024-01-05 04:42:00,VIN-A2014,97.1
2024-01-05 04:45:00,VIN-A2015,83.9
2024-01-05 04:48:00,VIN-A2016,109.5
2024-01-05 04:51:00,VIN-A2017,81.8
2024-01-05 04:54:00,VIN-A2018,75.1
2024-01-05 04:57:00,VIN-A2019,76.7
2024-01-05 05:00:00,VIN-A2020,79.7
2024-01-05 05:03:00,VIN-A2021,74.2
2024-01-05 05:06:00,VIN-A2022,106.1
2024-01-05 05:09:00,VIN-A2023,96.6
2024-01-05 05:12:00,VIN-A2024,106.9
2024-01-05 05:15:00,VIN-A2025,104.9
2024-01-05 05:18:00,VIN-A2026,95.8
2024-01-05 05:21:00,VIN-A2027,96.2
2024-01-05 05:24:00,VIN-A2028,102.3
2024-01-05 05:27:00,VIN-A2029,74.5
2024-01-05 05:30:00,VIN-A2030,99.8
2024-01-05 05:33:00,VIN-A2031,108.2
2024-01-05 05:36:00,VIN-A2032,93.6
2024-01-05 05:39:00,VIN-A2033,82.8
2024-01-05 05:42:00,VIN-A2034,90.8
2024-01-05 05:45:00,VIN-A2035,70.4
2024-01-05 05:48:00,VIN-A2036,103.5
2024-01-05 05:51:00,VIN-A2037,75.8
2024-01-05 05:54:00,VIN-A2038,94.0
2024-01-05 05:57:00,VIN-A2039,80.9
2024-01-05 06:00:00,VIN-A2040,89.8
2024-01-05 06:03:00,VIN-A2041,76.1
2024-01-05 06:06:00,VIN-A2042,98.0
2024-01-05 06:09:00,VIN-A2043,104.3
2024-01-05 06:12:00,VIN-A2044,109.6
2024-01-05 06:15:00,VIN-A2045,109.6
2024-01-05 06:18:00,VIN-A2046,81.3
2024-01-05 06:21:00,VIN-A2047,73.9
2024-01-05 06:24:00,VIN-A2048,104.0
2024-01-05 06:27:00,VIN-A2049,93.1
2024-01-05 06:30:00,VIN-A2050,78.4
2024-01-05 06:33:00,VIN-A2051,84.5
2024-01-05 06:36:00,VIN-A2052,85.1
2024-01-05 06:39:00,VIN-A2053,107.0
2024-01-05 06:42:00,VIN-A2054,107.8
2024-01-05 06:45:00,VIN-A2055,93.7
2024-01-05 06:48:00,VIN-A2056,79.8
2024-01-05 06:51:00,VIN-A2057,97.5
2024-01-05 06:54:00,VIN-A2058,101.0
2024-01-05 06:57:00,VIN-A2059,101.1
2024-01-05 07:00:00,VIN-A2060,95.3
2024-01-05 07:03:00,VIN-A2061,73.3
2024-01-05 07:06:00,VIN-A2062,70.9
2024-01-05 07:09:00,VIN-A2063,97.7
2024-01-05 07:12:00,VIN-A2064,89.4
2024-01-05 07:15:00,VIN-A2065,74.0
2024-01-05 07:18:00,VIN-A2066,86.2
2024-01-05 07:21:00,VIN-A2067,72.6
2024-01-05 07:24:00,VIN-A2068,100.1
2024-01-05 07:27:00,VIN-A2069,77.2
2024-01-05 07:30:00,VIN-A2070,102.0
2024-01-05 07:33:00,VIN-A2071,96.1
2024-01-05 07:36:00,VIN-A2072,73.4
2024-01-05 07:39:00,VIN-A2073,86.9
2024-01-05 07:42:00,VIN-A2074,71.8
2024-01-05 07:45:00,VIN-A2075,96.4
2024-01-05 07:48:00,VIN-A2076,90.9
2024-01-05 07:51:00,VIN-A2077,97.5
2024-01-05 07:54:00,VIN-A2078,77.5
2024-01-05 07:57:00,VIN-A2079,94.1
2024-01-05 08:00:00,VIN-A2080,99.2
2024-01-05 08:03:00,VIN-A2081,85.3
2024-01-05 08:06:00,VIN-A2082,107.8
2024-01-05 08:09:00,VIN-A2083,91.4
2024-01-05 08:12:00,VIN-A2084,98.6
2024-01-05 08:15:00,VIN-A2085,86.8
2024-01-05 08:18:00,VIN-A2086,85.2
2024-01-05 08:21:00,VIN-A2087,75.0
2024-01-05 08:24:00,VIN-A2088,83.2
2024-01-05 08:27:00,VIN-A2089,75.9
2024-01-05 08:30:00,VIN-A2090,85.1
2024-01-05 08:33:00,VIN-A2091,101.3
2024-01-05 08:36:00,VIN-A2092,93.6
2024-01-05 08:39:00,VIN-A2093,98.0
2024-01-05 08:42:00,VIN-A2094,105.9
2024-01-05 08:45:00,VIN-A2095,77.2
2024-01-05 08:48:00,VIN-A2096,89.1
2024-01-05 08:51:00,VIN-A2097,96.3
2024-01-05 08:54:00,VIN-A2098,72.1
2024-01-05 08:57:00,VIN-A2099,97.1
2024-01-05 09:00:00,VIN-A2100,109.4
2024-01-05 09:03:00,VIN-A2101,108.1
2024-01-05 09:06:00,VIN-A2102,82.2
2024-01-05 09:09:00,VIN-A2103,100.8
2024-01-05 09:12:00,VIN-A2104,99.2
2024-01-05 09:15:00,VIN-A2105,73.4
2024-01-05 09:18:00,VIN-A2106,108.5
2024-01-05 09:21:00,VIN-A2107,89.2
2024-01-05 09:24:00,VIN-A2108,86.2
2024-01-05 09:27:00,VIN-A2109,98.6
2024-01-05 09:30:00,VIN-A2110,109.8
2024-01-05 09:33:00,VIN-A2111,94.3
2024-01-05 09:36:00,VIN-A2112,77.0
2024-01-05 09:39:00,VIN-A2113,108.1
2024-01-05 09:42:00,VIN-A2114,108.8
2024-01-05 09:45:00,VIN-A2115,81.6
2024-01-05 09:48:00,VIN-A2116,99.5
2024-01-05 09:51:00,VIN-A2117,107.2
2024-01-05 09:54:00,VIN-A2118,107.4
2024-01-05 09:57:00,VIN-A2119,84.2
2024-01-05 10:00:00,VIN-A2120,74.3
2024-01-05 10:03:00,VIN-A2121,84.2
2024-01-05 10:06:00,VIN-A2122,91.2
2024-01-05 10:09:00,VIN-A2123,70.3
2024-01-05 10:12:00,VIN-A2124,85.8
2024-01-05 10:15:00,VIN-A2125,91.5
2024-01-05 10:18:00,VIN-A2126,76.5
2024-01-05 10:21:00,VIN-A2127,105.3
2024-01-05 10:24:00,VIN-A2128,71.6
2024-01-05 10:27:00,VIN-A2129,76.4
2024-01-05 10:30:00,VIN-A2130,74.8
2024-01-05 10:33:00,VIN-A2131,83.0
2024-01-05 10:36:00,VIN-A2132,75.3
2024-01-05 10:39:00,VIN-A2133,76.2
2024-01-05 10:42:00,VIN-A2134,72.1
2024-01-05 10:45:00,VIN-A2135,87.4
2024-01-05 10:48:00,VIN-A2136,79.9
2024-01-05 10:51:00,VIN-A2137,81.2
2024-01-05 10:54:00,VIN-A2138,96.7
2024-01-05 10:57:00,VIN-A2139,98.0
2024-01-05 11:00:00,VIN-A2140,79.2
2024-01-05 11:03:00,VIN-A2141,107.2
2024-01-05 11:06:00,VIN-A2142,104.6
2024-01-05 11:09:00,VIN-A2143,78.9
2024-01-05 11:12:00,VIN-A2144,95.8
2024-01-05 11:15:00,VIN-A2145,107.7
2024-01-05 11:18:00,VIN-A2146,77.3
2024-01-05 11:21:00,VIN-A2147,78.5
2024-01-05 11:24:00,VIN-A2148,87.2
2024-01-05 11:27:00,VIN-A2149,82.2
2024-01-05 11:30:00,VIN-A2150,83.2
2024-01-05 11:33:00,VIN-A2151,79.5
2024-01-05 11:36:00,VIN-A2152,105.5
2024-01-05 11:39:00,VIN-A2153,71.6
2024-01-05 11:42:00,VIN-A2154,77.7
2024-01-05 11:45:00,VIN-A2155,82.1
2024-01-05 11:48:00,VIN-A2156,71.8
2024-01-05 11:51:00,VIN-A2157,105.7
2024-01-05 11:54:00,VIN-A2158,105.8
2024-01-05 11:57:00,VIN-A2159,72.7
2024-01-05 12:00:00,VIN-A2160,76.7
2024-01-05 12:03:00,VIN-A2161,71.8
2024-01-05 12:06:00,VIN-A2162,99.6
2024-01-05 12:09:00,VIN-A2163,76.6
2024-01-05 12:12:00,VIN-A2164,86.0
2024-01-05 12:15:00,VIN-A2165,92.9
2024-01-05 12:18:00,VIN-A2166,90.2
2024-01-05 12:21:00,VIN-A2167,81.9
2024-01-05 12:24:00,VIN-A2168,71.8
2024-01-05 12:27:00,VIN-A2169,107.7
2024-01-05 12:30:00,VIN-A2170,95.7
2024-01-05 12:33:00,VIN-A2171,70.1
2024-01-05 12:36:00,VIN-A2172,83.0
2024-01-05 12:39:00,VIN-A2173,98.9
2024-01-05 12:42:00,VIN-A2174,109.4
2024-01-05 12:45:00,VIN-A2175,78.8
2024-01-05 12:48:00,VIN-A2176,91.5
2024-01-05 12:51:00,VIN-A2177,98.9
2024-01-05 12:54:00,VIN-A2178,104.8
2024-01-05 12:57:00,VIN-A2179,78.8
2024-01-05 13:00:00,VIN-A2180,76.2
2024-01-05 13:03:00,VIN-A2181,75.9
2024-01-05 13:06:00,VIN-A2182,77.4
2024-01-05 13:09:00,VIN-A2183,107.7
2024-01-05 13:12:00,VIN-A2184,76.5
2024-01-05 13:15:00,VIN-A2185,72.8
2024-01-05 13:18:00,VIN-A2186,74.0
2024-01-05 13:21:00,VIN-A2187,94.1
2024-01-05 13:24:00,VIN-A2188,100.5
2024-01-05 13:27:00,VIN-A2189,100.8
2024-01-05 13:30:00,VIN-A2190,101.7
2024-01-05 13:33:00,VIN-A2191,104.1
2024-01-05 13:36:00,VIN-A2192,102.6
2024-01-05 13:39:00,VIN-A2193,72.2
2024-01-05 13:42:00,VIN-A2194,70.8
2024-01-05 13:45:00,VIN-A2195,90.5
2024-01-05 13:48:00,VIN-A2196,71.0
2024-01-05 13:51:00,VIN-A2197,79.0
2024-01-05 13:54:00,VIN-A2198,89.7
2024-01-05 13:57:00,VIN-A2199,84.3
2024-01-05 14:00:00,VIN-A2200,105.8
2024-01-05 14:03:00,VIN-A2201,94.0
2024-01-05 14:06:00,VIN-A2202,95.0
2024-01-05 14:09:00,VIN-A2203,106.6
2024-01-05 14:12:00,VIN-A2204,101.6
2024-01-05 14:15:00,VIN-A2205,82.8
2024-01-05 14:18:00,VIN-A2206,102.6
2024-01-05 14:21:00,VIN-A2207,75.8
2024-01-05 14:24:00,VIN-A2208,84.1
2024-01-05 14:27:00,VIN-A2209,94.1
2024-01-05 14:30:00,VIN-A2210,85.3
2024-01-05 14:33:00,VIN-A2211,91.3
2024-01-05 14:36:00,VIN-A2212,91.1
2024-01-05 14:39:00,VIN-A2213,98.1
2024-01-05 14:42:00,VIN-A2214,84.5
2024-01-05 14:45:00,VIN-A2215,72.4
2024-01-05 14:48:00,VIN-A2216,81.8
2024-01-05 14:51:00,VIN-A2217,79.7
2024-01-05 14:54:00,VIN-A2218,74.7
2024-01-05 14:57:00,VIN-A2219,97.8
2024-01-05 15:00:00,VIN-A2220,96.5
2024-01-05 15:03:00,VIN-A2221,71.2
2024-01-05 15:06:00,VIN-A2222,70.5
2024-01-05 15:09:00,VIN-A2223,88.8
2024-01-05 15:12:00,VIN-A2224,88.8
2024-01-05 15:15:00,VIN-A2225,81.5
2024-01-05 15:18:00,VIN-A2226,94.2
2024-01-05 15:21:00,VIN-A2227,103.3
2024-01-05 15:24:00,VIN-A2228,106.8
2024-01-05 15:27:00,VIN-A2229,107.3
2024-01-05 15:30:00,VIN-A2230,109.1
2024-01-05 15:33:00,VIN-A2231,78.8
2024-01-05 15:36:00,VIN-A2232,102.7
2024-01-05 15:39:00,VIN-A2233,103.1
2024-01-05 15:42:00,VIN-A2234,77.8
2024-01-05 15:45:00,VIN-A2235,71.1
2024-01-05 15:48:00,VIN-A2236,78.5
2024-01-05 15:51:00,VIN-A2237,92.1
2024-01-05 15:54:00,VIN-A2238,73.4
2024-01-05 15:57:00,VIN-A2239,71.8
2024-01-05 16:00:00,VIN-A2240,109.2
2024-01-05 16:03:00,VIN-A2241,82.6
2024-01-05 16:06:00,VIN-A2242,98.1
2024-01-05 16:09:00,VIN-A2243,90.1
2024-01-05 16:12:00,VIN-A2244,89.1
2024-01-05 16:15:00,VIN-A2245,76.1
2024-01-05 16:18:00,VIN-A2246,108.1
2024-01-05 16:21:00,VIN-A2247,100.8
2024-01-05 16:24:00,VIN-A2248,87.9
2024-01-05 16:27:00,VIN-A2249,71.6
2024-01-05 16:30:00,VIN-A2250,78.4
2024-01-05 16:33:00,VIN-A2251,92.7
2024-01-05 16:36:00,VIN-A2252,75.7
2024-01-05 16:39:00,VIN-A2253,90.0
2024-01-05 16:42:00,VIN-A2254,76.5
2024-01-05 16:45:00,VIN-A2255,72.8
2024-01-05 16:48:00,VIN-A2256,109.1
2024-01-05 16:51:00,VIN-A2257,107.6
2024-01-05 16:54:00,VIN-A2258,104.4
2024-01-05 16:57:00,VIN-A2259,87.6
2024-01-05 17:00:00,VIN-A2260,84.9
2024-01-05 17:03:00,VIN-A2261,105.1
2024-01-05 17:06:00,VIN-A2262,99.6
2024-01-05 17:09:00,VIN-A2263,76.2
2024-01-05 17:12:00,VIN-A2264,104.2
2024-01-05 17:15:00,VIN-A2265,84.0
2024-01-05 17:18:00,VIN-A2266,74.4
2024-01-05 17:21:00,VIN-A2267,100.7
2024-01-05 17:24:00,VIN-A2268,83.7
2024-01-05 17:27:00,VIN-A2269,74.6
2024-01-05 17:30:00,VIN-A2270,75.8
2024-01-05 17:33:00,VIN-A2271,72.5
2024-01-05 17:36:00,VIN-A2272,78.5
2024-01-05 17:39:00,VIN-A2273,80.8
2024-01-05 17:42:00,VIN-A2274,81.0
2024-01-05 17:45:00,VIN-A2275,104.9
2024-01-05 17:48:00,VIN-A2276,77.4
2024-01-05 17:51:00,VIN-A2277,83.7
2024-01-05 17:54:00,VIN-A2278,107.7
2024-01-05 17:57:00,VIN-A2279,108.6
2024-01-05 18:00:00,VIN-A2280,102.9
2024-01-05 18:03:00,VIN-A2281,73.1
2024-01-05 18:06:00,VIN-A2282,96.6
2024-01-05 18:09:00,VIN-A2283,70.6
2024-01-05 18:12:00,VIN-A2284,104.6
2024-01-05 18:15:00,VIN-A2285,80.5
2024-01-05 18:18:00,VIN-A2286,95.4
2024-01-05 18:21:00,VIN-A2287,78.7
2024-01-05 18:24:00,VIN-A2288,94.0
2024-01-05 18:27:00,VIN-A2289,108.9
2024-01-05 18:30:00,VIN-A2290,70.6
2024-01-05 18:33:00,VIN-A2291,98.0
2024-01-05 18:36:00,VIN-A2292,84.1
2024-01-05 18:39:00,VIN-A2293,74.5
2024-01-05 18:42:00,VIN-A2294,92.1
2024-01-05 18:45:00,VIN-A2295,103.8
2024-01-05 18:48:00,VIN-A2296,98.1
2024-01-05 18:51:00,VIN-A2297,109.8
2024-01-05 18:54:00,VIN-A2298,94.7
2024-01-05 18:57:00,VIN-A2299,95.3
2024-01-05 19:00:00,VIN-A2300,104.1
2024-01-05 19:03:00,VIN-A2301,74.6
2024-01-05 19:06:00,VIN-A2302,108.7
2024-01-05 19:09:00,VIN-A2303,70.3
2024-01-05 19:12:00,VIN-A2304,80.7
2024-01-05 19:15:00,VIN-A2305,96.9
2024-01-05 19:18:00,VIN-A2306,70.6
2024-01-05 19:21:00,VIN-A2307,83.4
2024-01-05 19:24:00,VIN-A2308,92.2
2024-01-05 19:27:00,VIN-A2309,103.1
2024-01-05 19:30:00,VIN-A2310,107.6
2024-01-05 19:33:00,VIN-A2311,106.2
2024-01-05 19:36:00,VIN-A2312,98.4
2024-01-05 19:39:00,VIN-A2313,103.7
2024-01-05 19:42:00,VIN-A2314,107.9
2024-01-05 19:45:00,VIN-A2315,70.5
2024-01-05 19:48:00,VIN-A2316,92.9
2024-01-05 19:51:00,VIN-A2317,95.4
2024-01-05 19:54:00,VIN-A2318,81.9
2024-01-05 19:57:00,VIN-A2319,100.8
2024-01-05 20:00:00,VIN-A2320,95.1
2024-01-05 20:03:00,VIN-A2321,74.4
2024-01-05 20:06:00,VIN-A2322,81.3
2024-01-05 20:09:00,VIN-A2323,103.8
2024-01-05 20:12:00,VIN-A2324,89.6
2024-01-05 20:15:00,VIN-A2325,78.4
2024-01-05 20:18:00,VIN-A2326,102.3
2024-01-05 20:21:00,VIN-A2327,96.4
2024-01-05 20:24:00,VIN-A2328,109.0
2024-01-05 20:27:00,VIN-A2329,76.3
2024-01-05 20:30:00,VIN-A2330,94.2
2024-01-05 20:33:00,VIN-A2331,78.7
2024-01-05 20:36:00,VIN-A2332,83.1
2024-01-05 20:39:00,VIN-A2333,80.7
2024-01-05 20:42:00,VIN-A2334,98.3
2024-01-05 20:45:00,VIN-A2335,87.4
2024-01-05 20:48:00,VIN-A2336,76.9
2024-01-05 20:51:00,VIN-A2337,108.5
2024-01-05 20:54:00,VIN-A2338,76.6
2024-01-05 20:57:00,VIN-A2339,105.3
2024-01-05 21:00:00,VIN-A2340,94.9
2024-01-05 21:03:00,VIN-A2341,85.0
2024-01-05 21:06:00,VIN-A2342,105.6
2024-01-05 21:09:00,VIN-A2343,81.7
2024-01-05 21:12:00,VIN-A2344,85.9
2024-01-05 21:15:00,VIN-A2345,101.6
2024-01-05 21:18:00,VIN-A2346,84.9
2024-01-05 21:21:00,VIN-A2347,97.5
2024-01-05 21:24:00,VIN-A2348,105.9
2024-01-05 21:27:00,VIN-A2349,91.1
2024-01-05 21:30:00,VIN-A2350,93.0
2024-01-05 21:33:00,VIN-A2351,82.7
2024-01-05 21:36:00,VIN-A2352,89.9
2024-01-05 21:39:00,VIN-A2353,88.1
2024-01-05 21:42:00,VIN-A2354,93.1
2024-01-05 21:45:00,VIN-A2355,106.5
2024-01-05 21:48:00,VIN-A2356,71.5
2024-01-05 21:51:00,VIN-A2357,95.8
2024-01-05 21:54:00,VIN-A2358,98.9
2024-01-05 21:57:00,VIN-A2359,73.2
2024-01-05 22:00:00,VIN-A2360,85.7
2024-01-05 22:03:00,VIN-A2361,103.7
2024-01-05 22:06:00,VIN-A2362,71.9
2024-01-05 22:09:00,VIN-A2363,104.5
2024-01-05 22:12:00,VIN-A2364,77.6
2024-01-05 22:15:00,VIN-A2365,107.4
2024-01-05 22:18:00,VIN-A2366,74.4
2024-01-05 22:21:00,VIN-A2367,97.5
2024-01-05 22:24:00,VIN-A2368,107.0
2024-01-05 22:27:00,VIN-A2369,104.5
2024-01-05 22:30:00,VIN-A2370,95.5
2024-01-05 22:33:00,VIN-A2371,93.1
2024-01-05 22:36:00,VIN-A2372,100.9
2024-01-05 22:39:00,VIN-A2373,98.5
2024-01-05 22:42:00,VIN-A2374,96.4
2024-01-05 22:45:00,VIN-A2375,73.0
2024-01-05 22:48:00,VIN-A2376,88.7
2024-01-05 22:51:00,VIN-A2377,78.3
2024-01-05 22:54:00,VIN-A2378,100.4
2024-01-05 22:57:00,VIN-A2379,103.9
2024-01-05 23:00:00,VIN-A2380,85.4
2024-01-05 23:03:00,VIN-A2381,101.2
2024-01-05 23:06:00,VIN-A2382,97.5
2024-01-05 23:09:00,VIN-A2383,75.9
2024-01-05 23:12:00,VIN-A2384,70.7
2024-01-05 23:15:00,VIN-A2385,96.5
2024-01-05 23:18:00,VIN-A2386,84.2
2024-01-05 23:21:00,VIN-A2387,90.3
2024-01-05 23:24:00,VIN-A2388,72.0
2024-01-05 23:27:00,VIN-A2389,81.8
2024-01-05 23:30:00,VIN-A2390,90.7
2024-01-05 23:33:00,VIN-A2391,108.4
2024-01-05 23:36:00,VIN-A2392,93.0
2024-01-05 23:39:00,VIN-A2393,79.1
2024-01-05 23:42:00,VIN-A2394,85.7
2024-01-05 23:45:00,VIN-A2395,89.8
2024-01-05 23:48:00,VIN-A2396,98.2
2024-01-05 23:51:00,VIN-A2397,90.1
2024-01-05 23:54:00,VIN-A2398,104.1
2024-01-05 23:57:00,VIN-A2399,76.7
2024-01-06 00:00:00,VIN-A2400,96.6
2024-01-06 00:03:00,VIN-A2401,105.3
2024-01-06 00:06:00,VIN-A2402,93.8
2024-01-06 00:09:00,VIN-A2403,104.9
2024-01-06 00:12:00,VIN-A2404,92.7
2024-01-06 00:15:00,VIN-A2405,100.2
2024-01-06 00:18:00,VIN-A2406,88.1
2024-01-06 00:21:00,VIN-A2407,96.5
2024-01-06 00:24:00,VIN-A2408,82.0
2024-01-06 00:27:00,VIN-A2409,74.5
2024-01-06 00:30:00,VIN-A2410,75.9
2024-01-06 00:33:00,VIN-A2411,84.3
2024-01-06 00:36:00,VIN-A2412,84.4
2024-01-06 00:39:00,VIN-A2413,95.5
2024-01-06 00:42:00,VIN-A2414,109.5
2024-01-06 00:45:00,VIN-A2415,105.5
2024-01-06 00:48:00,VIN-A2416,82.4
2024-01-06 00:51:00,VIN-A2417,103.4
2024-01-06 00:54:00,VIN-A2418,81.5
2024-01-06 00:57:00,VIN-A2419,88.7
2024-01-06 01:00:00,VIN-A2420,82.1
2024-01-06 01:03:00,VIN-A2421,88.2
2024-01-06 01:06:00,VIN-A2422,72.1
2024-01-06 01:09:00,VIN-A2423,72.0
2024-01-06 01:12:00,VIN-A2424,108.1
2024-01-06 01:15:00,VIN-A2425,87.3
2024-01-06 01:18:00,VIN-A2426,88.9
2024-01-06 01:21:00,VIN-A2427,86.9
2024-01-06 01:24:00,VIN-A2428,106.8
2024-01-06 01:27:00,VIN-A2429,97.2
2024-01-06 01:30:00,VIN-A2430,80.0
2024-01-06 01:33:00,VIN-A2431,73.4
2024-01-06 01:36:00,VIN-A2432,85.0
2024-01-06 01:39:00,VIN-A2433,91.1
2024-01-06 01:42:00,VIN-A2434,88.7
2024-01-06 01:45:00,VIN-A2435,88.5
2024-01-06 01:48:00,VIN-A2436,73.5
2024-01-06 01:51:00,VIN-A2437,93.2
2024-01-06 01:54:00,VIN-A2438,72.1
2024-01-06 01:57:00,VIN-A2439,88.5
2024-01-06 02:00:00,VIN-A2440,73.4
2024-01-06 02:03:00,VIN-A2441,83.3
2024-01-06 02:06:00,VIN-A2442,97.6
2024-01-06 02:09:00,VIN-A2443,98.1
2024-01-06 02:12:00,VIN-A2444,75.5
2024-01-06 02:15:00,VIN-A2445,82.0
2024-01-06 02:18:00,VIN-A2446,102.2
2024-01-06 02:21:00,VIN-A2447,70.0
2024-01-06 02:24:00,VIN-A2448,79.9
2024-01-06 02:27:00,VIN-A2449,85.6
2024-01-06 02:30:00,VIN-A2450,109.3
2024-01-06 02:33:00,VIN-A2451,102.9
2024-01-06 02:36:00,VIN-A2452,87.3
2024-01-06 02:39:00,VIN-A2453,76.8
2024-01-06 02:42:00,VIN-A2454,89.2
2024-01-06 02:45:00,VIN-A2455,84.7
2024-01-06 02:48:00,VIN-A2456,88.6
2024-01-06 02:51:00,VIN-A2457,88.3
2024-01-06 02:54:00,VIN-A2458,71.4
2024-01-06 02:57:00,VIN-A2459,71.7
2024-01-06 03:00:00,VIN-A2460,105.3
2024-01-06 03:03:00,VIN-A2461,84.3
2024-01-06 03:06:00,VIN-A2462,106.1
2024-01-06 03:09:00,VIN-A2463,96.2
2024-01-06 03:12:00,VIN-A2464,88.4
2024-01-06 03:15:00,VIN-A2465,106.9
2024-01-06 03:18:00,VIN-A2466,85.1
2024-01-06 03:21:00,VIN-A2467,75.2
2024-01-06 03:24:00,VIN-A2468,93.4
2024-01-06 03:27:00,VIN-A2469,104.1
2024-01-06 03:30:00,VIN-A2470,90.0
2024-01-06 03:33:00,VIN-A2471,109.3
2024-01-06 03:36:00,VIN-A2472,74.2
2024-01-06 03:39:00,VIN-A2473,100.2
2024-01-06 03:42:00,VIN-A2474,74.6
2024-01-06 03:45:00,VIN-A2475,94.3
2024-01-06 03:48:00,VIN-A2476,74.3
2024-01-06 03:51:00,VIN-A2477,77.8
2024-01-06 03:54:00,VIN-A2478,78.0
2024-01-06 03:57:00,VIN-A2479,73.4
2024-01-06 04:00:00,VIN-A2480,78.1
2024-01-06 04:03:00,VIN-A2481,101.0
2024-01-06 04:06:00,VIN-A2482,77.4
2024-01-06 04:09:00,VIN-A2483,77.6
2024-01-06 04:12:00,VIN-A2484,84.3
2024-01-06 04:15:00,VIN-A2485,87.6
2024-01-06 04:18:00,VIN-A2486,75.1
2024-01-06 04:21:00,VIN-A2487,79.2
2024-01-06 04:24:00,VIN-A2488,102.9
2024-01-06 04:27:00,VIN-A2489,98.1
2024-01-06 04:30:00,VIN-A2490,73.0
2024-01-06 04:33:00,VIN-A2491,86.0
2024-01-06 04:36:00,VIN-A2492,93.3
2024-01-06 04:39:00,VIN-A2493,71.3
2024-01-06 04:42:00,VIN-A2494,75.6
2024-01-06 04:45:00,VIN-A2495,79.4
2024-01-06 04:48:00,VIN-A2496,83.8
2024-01-06 04:51:00,VIN-A2497,105.5
2024-01-06 04:54:00,VIN-A2498,74.2
2024-01-06 04:57:00,VIN-A2499,87.3
2024-01-06 05:00:00,VIN-A2500,70.9
2024-01-06 05:03:00,VIN-B0001,91.4
2024-01-06 05:06:00,VIN-B0002,92.1
2024-01-06 05:09:00,VIN-B0003,87.2
2024-01-06 05:12:00,VIN-B0004,74.7
2024-01-06 05:15:00,VIN-B0005,77.7
2024-01-06 05:18:00,VIN-B0006,73.7
2024-01-06 05:21:00,VIN-B0007,109.6
2024-01-06 05:24:00,VIN-B0008,73.1
2024-01-06 05:27:00,VIN-B0009,82.6
2024-01-06 05:30:00,VIN-B0010,75.2
2024-01-06 05:33:00,VIN-B0011,73.1
2024-01-06 05:36:00,VIN-B0012,105.9
2024-01-06 05:39:00,VIN-B0013,107.7
2024-01-06 05:42:00,VIN-B0014,91.1
2024-01-06 05:45:00,VIN-B0015,72.2
2024-01-06 05:48:00,VIN-B0016,81.2
2024-01-06 05:51:00,VIN-B0017,82.2
2024-01-06 05:54:00,VIN-B0018,71.4
2024-01-06 05:57:00,VIN-B0019,108.1
2024-01-06 06:00:00,VIN-B0020,81.1
2024-01-06 06:03:00,VIN-B0021,72.4
2024-01-06 06:06:00,VIN-B0022,104.5
2024-01-06 06:09:00,VIN-B0023,85.2
2024-01-06 06:12:00,VIN-B0024,71.3
2024-01-06 06:15:00,VIN-B0025,106.9
2024-01-06 06:18:00,VIN-B0026,100.3
2024-01-06 06:21:00,VIN-B0027,104.6
2024-01-06 06:24:00,VIN-B0028,102.3
2024-01-06 06:27:00,VIN-B0029,104.3
2024-01-06 06:30:00,VIN-B0030,76.5
2024-01-06 06:33:00,VIN-B0031,75.3
2024-01-06 06:36:00,VIN-B0032,73.4
2024-01-06 06:39:00,VIN-B0033,92.8
2024-01-06 06:42:00,VIN-B0034,96.4
2024-01-06 06:45:00,VIN-B0035,75.0
2024-01-06 06:48:00,VIN-B0036,103.9
2024-01-06 06:51:00,VIN-B0037,88.7
2024-01-06 06:54:00,VIN-B0038,86.3
2024-01-06 06:57:00,VIN-B0039,108.1
2024-01-06 07:00:00,VIN-B0040,80.4
2024-01-06 07:03:00,VIN-B0041,75.9
2024-01-06 07:06:00,VIN-B0042,96.2
2024-01-06 07:09:00,VIN-B0043,93.2
2024-01-06 07:12:00,VIN-B0044,108.1
2024-01-06 07:15:00,VIN-B0045,97.1
2024-01-06 07:18:00,VIN-B0046,94.0
2024-01-06 07:21:00,VIN-B0047,74.5
2024-01-06 07:24:00,VIN-B0048,103.2
2024-01-06 07:27:00,VIN-B0049,105.0
2024-01-06 07:30:00,VIN-B0050,83.4
2024-01-06 07:33:00,VIN-B0051,107.7
2024-01-06 07:36:00,VIN-B0052,71.8
2024-01-06 07:39:00,VIN-B0053,74.2
2024-01-06 07:42:00,VIN-B0054,107.6
2024-01-06 07:45:00,VIN-B0055,85.2
2024-01-06 07:48:00,VIN-B0056,108.3
2024-01-06 07:51:00,VIN-B0057,91.6
2024-01-06 07:54:00,VIN-B0058,94.3
2024-01-06 07:57:00,VIN-B0059,80.8
2024-01-06 08:00:00,VIN-B0060,83.1
2024-01-06 08:03:00,VIN-B0061,88.2
2024-01-06 08:06:00,VIN-B0062,87.8
2024-01-06 08:09:00,VIN-B0063,84.1
2024-01-06 08:12:00,VIN-B0064,94.2
2024-01-06 08:15:00,VIN-B0065,107.0
2024-01-06 08:18:00,VIN-B0066,94.2
2024-01-06 08:21:00,VIN-B0067,73.3
2024-01-06 08:24:00,VIN-B0068,95.3
2024-01-06 08:27:00,VIN-B0069,70.6
2024-01-06 08:30:00,VIN-B0070,99.7
2024-01-06 08:33:00,VIN-B0071,71.0
2024-01-06 08:36:00,VIN-B0072,106.2
2024-01-06 08:39:00,VIN-B0073,98.5
2024-01-06 08:42:00,VIN-B0074,93.7
2024-01-06 08:45:00,VIN-B0075,73.0
2024-01-06 08:48:00,VIN-B0076,95.2
2024-01-06 08:51:00,VIN-B0077,98.0
2024-01-06 08:54:00,VIN-B0078,76.1
2024-01-06 08:57:00,VIN-B0079,85.2
2024-01-06 09:00:00,VIN-B0080,107.8
2024-01-06 09:03:00,VIN-B0081,71.9
2024-01-06 09:06:00,VIN-B0082,81.4
2024-01-06 09:09:00,VIN-B0083,71.7
2024-01-06 09:12:00,VIN-B0084,87.2
2024-01-06 09:15:00,VIN-B0085,74.0
2024-01-06 09:18:00,VIN-B0086,89.5
2024-01-06 09:21:00,VIN-B0087,109.6
2024-01-06 09:24:00,VIN-B0088,75.6
2024-01-06 09:27:00,VIN-B0089,71.1
2024-01-06 09:30:00,VIN-B0090,70.3
2024-01-06 09:33:00,VIN-B0091,81.3
2024-01-06 09:36:00,VIN-B0092,90.8
2024-01-06 09:39:00,VIN-B0093,98.7
2024-01-06 09:42:00,VIN-B0094,89.7
2024-01-06 09:45:00,VIN-B0095,99.3
2024-01-06 09:48:00,VIN-B0096,99.8
2024-01-06 09:51:00,VIN-B0097,90.3
2024-01-06 09:54:00,VIN-B0098,98.3
2024-01-06 09:57:00,VIN-B0099,74.0
2024-01-06 10:00:00,VIN-B0100,103.7
2024-01-06 10:03:00,VIN-B0101,108.0
2024-01-06 10:06:00,VIN-B0102,104.9
2024-01-06 10:09:00,VIN-B0103,76.1
2024-01-06 10:12:00,VIN-B0104,75.3
2024-01-06 10:15:00,VIN-B0105,70.1
2024-01-06 10:18:00,VIN-B0106,98.4
2024-01-06 10:21:00,VIN-B0107,95.2
2024-01-06 10:24:00,VIN-B0108,105.1
2024-01-06 10:27:00,VIN-B0109,89.6
2024-01-06 10:30:00,VIN-B0110,81.8
2024-01-06 10:33:00,VIN-B0111,86.8
2024-01-06 10:36:00,VIN-B0112,74.6
2024-01-06 10:39:00,VIN-B0113,83.9
2024-01-06 10:42:00,VIN-B0114,103.6
2024-01-06 10:45:00,VIN-B0115,71.2
2024-01-06 10:48:00,VIN-B0116,72.4
2024-01-06 10:51:00,VIN-B0117,86.4
2024-01-06 10:54:00,VIN-B0118,106.5
2024-01-06 10:57:00,VIN-B0119,95.5
2024-01-06 11:00:00,VIN-B0120,92.9
2024-01-06 11:03:00,VIN-B0121,107.9
2024-01-06 11:06:00,VIN-B0122,108.0
2024-01-06 11:09:00,VIN-B0123,106.5
2024-01-06 11:12:00,VIN-B0124,90.7
2024-01-06 11:15:00,VIN-B0125,103.5
2024-01-06 11:18:00,VIN-B0126,102.1
2024-01-06 11:21:00,VIN-B0127,92.1
2024-01-06 11:24:00,VIN-B0128,100.2
2024-01-06 11:27:00,VIN-B0129,71.7
2024-01-06 11:30:00,VIN-B0130,71.4
2024-01-06 11:33:00,VIN-B0131,96.2
2024-01-06 11:36:00,VIN-B0132,104.5
2024-01-06 11:39:00,VIN-B0133,70.8
2024-01-06 11:42:00,VIN-B0134,73.8
2024-01-06 11:45:00,VIN-B0135,101.4
2024-01-06 11:48:00,VIN-B0136,81.0
2024-01-06 11:51:00,VIN-B0137,85.1
2024-01-06 11:54:00,VIN-B0138,92.4
2024-01-06 11:57:00,VIN-B0139,85.3
2024-01-06 12:00:00,VIN-B0140,100.5
2024-01-06 12:03:00,VIN-B0141,85.9
2024-01-06 12:06:00,VIN-B0142,95.7
2024-01-06 12:09:00,VIN-B0143,73.8
2024-01-06 12:12:00,VIN-B0144,93.7
2024-01-06 12:15:00,VIN-B0145,90.9
2024-01-06 12:18:00,VIN-B0146,100.7
2024-01-06 12:21:00,VIN-B0147,103.4
2024-01-06 12:24:00,VIN-B0148,104.9
2024-01-06 12:27:00,VIN-B0149,91.8
2024-01-06 12:30:00,VIN-B0150,88.5
2024-01-06 12:33:00,VIN-B0151,106.8
2024-01-06 12:36:00,VIN-B0152,100.3
2024-01-06 12:39:00,VIN-B0153,77.9
2024-01-06 12:42:00,VIN-B0154,89.8
2024-01-06 12:45:00,VIN-B0155,100.0
2024-01-06 12:48:00,VIN-B0156,74.7
2024-01-06 12:51:00,VIN-B0157,90.9
2024-01-06 12:54:00,VIN-B0158,75.7
2024-01-06 12:57:00,VIN-B0159,90.8
2024-01-06 13:00:00,VIN-B0160,107.1
2024-01-06 13:03:00,VIN-B0161,76.6
2024-01-06 13:06:00,VIN-B0162,86.7
2024-01-06 13:09:00,VIN-B0163,82.5
2024-01-06 13:12:00,VIN-B0164,83.2
2024-01-06 13:15:00,VIN-B0165,72.7
2024-01-06 13:18:00,VIN-B0166,95.2
2024-01-06 13:21:00,VIN-B0167,93.4
2024-01-06 13:24:00,VIN-B0168,107.4
2024-01-06 13:27:00,VIN-B0169,73.1
2024-01-06 13:30:00,VIN-B0170,77.1
2024-01-06 13:33:00,VIN-B0171,83.2
2024-01-06 13:36:00,VIN-B0172,108.7
2024-01-06 13:39:00,VIN-B0173,78.4
2024-01-06 13:42:00,VIN-B0174,73.7
2024-01-06 13:45:00,VIN-B0175,89.0
2024-01-06 13:48:00,VIN-B0176,75.5
2024-01-06 13:51:00,VIN-B0177,83.1
2024-01-06 13:54:00,VIN-B0178,85.1
2024-01-06 13:57:00,VIN-B0179,103.5
2024-01-06 14:00:00,VIN-B0180,108.2
2024-01-06 14:03:00,VIN-B0181,103.6
2024-01-06 14:06:00,VIN-B0182,97.4
2024-01-06 14:09:00,VIN-B0183,77.1
2024-01-06 14:12:00,VIN-B0184,99.1
2024-01-06 14:15:00,VIN-B0185,85.3
2024-01-06 14:18:00,VIN-B0186,77.8
2024-01-06 14:21:00,VIN-B0187,83.1
2024-01-06 14:24:00,VIN-B0188,94.3
2024-01-06 14:27:00,VIN-B0189,85.9
2024-01-06 14:30:00,VIN-B0190,95.0
2024-01-06 14:33:00,VIN-B0191,109.9
2024-01-06 14:36:00,VIN-B0192,100.0
2024-01-06 14:39:00,VIN-B0193,71.5
2024-01-06 14:42:00,VIN-B0194,98.2
2024-01-06 14:45:00,VIN-B0195,86.8
2024-01-06 14:48:00,VIN-B0196,82.6
2024-01-06 14:51:00,VIN-B0197,96.2
2024-01-06 14:54:00,VIN-B0198,105.9
2024-01-06 14:57:00,VIN-B0199,90.7
2024-01-06 15:00:00,VIN-B0200,72.6
2024-01-06 15:03:00,VIN-B0201,73.4
2024-01-06 15:06:00,VIN-B0202,97.5
2024-01-06 15:09:00,VIN-B0203,82.4
2024-01-06 15:12:00,VIN-B0204,92.7
2024-01-06 15:15:00,VIN-B0205,73.5
2024-01-06 15:18:00,VIN-B0206,77.4
2024-01-06 15:21:00,VIN-B0207,101.5
2024-01-06 15:24:00,VIN-B0208,105.1
2024-01-06 15:27:00,VIN-B0209,99.9
2024-01-06 15:30:00,VIN-B0210,98.2
2024-01-06 15:33:00,VIN-B0211,86.6
2024-01-06 15:36:00,VIN-B0212,77.1
2024-01-06 15:39:00,VIN-B0213,73.7
2024-01-06 15:42:00,VIN-B0214,103.2
2024-01-06 15:45:00,VIN-B0215,76.2
2024-01-06 15:48:00,VIN-B0216,83.9
2024-01-06 15:51:00,VIN-B0217,83.7
2024-01-06 15:54:00,VIN-B0218,73.6
2024-01-06 15:57:00,VIN-B0219,80.4
2024-01-06 16:00:00,VIN-B0220,89.0
2024-01-06 16:03:00,VIN-B0221,96.3
2024-01-06 16:06:00,VIN-B0222,95.2
2024-01-06 16:09:00,VIN-B0223,89.0
2024-01-06 16:12:00,VIN-B0224,106.5
2024-01-06 16:15:00,VIN-B0225,100.1
2024-01-06 16:18:00,VIN-B0226,99.2
2024-01-06 16:21:00,VIN-B0227,94.0
2024-01-06 16:24:00,VIN-B0228,108.8
2024-01-06 16:27:00,VIN-B0229,86.8
2024-01-06 16:30:00,VIN-B0230,93.7
2024-01-06 16:33:00,VIN-B0231,105.5
2024-01-06 16:36:00,VIN-B0232,108.1
2024-01-06 16:39:00,VIN-B0233,101.5
2024-01-06 16:42:00,VIN-B0234,102.1
2024-01-06 16:45:00,VIN-B0235,96.3
2024-01-06 16:48:00,VIN-B0236,73.2
2024-01-06 16:51:00,VIN-B0237,99.0
2024-01-06 16:54:00,VIN-B0238,70.2
2024-01-06 16:57:00,VIN-B0239,98.0
2024-01-06 17:00:00,VIN-B0240,98.2
2024-01-06 17:03:00,VIN-B0241,82.7
2024-01-06 17:06:00,VIN-B0242,105.9
2024-01-06 17:09:00,VIN-B0243,93.9
2024-01-06 17:12:00,VIN-B0244,78.9
2024-01-06 17:15:00,VIN-B0245,84.5
2024-01-06 17:18:00,VIN-B0246,106.6
2024-01-06 17:21:00,VIN-B0247,71.8
2024-01-06 17:24:00,VIN-B0248,96.2
2024-01-06 17:27:00,VIN-B0249,97.0
2024-01-06 17:30:00,VIN-B0250,77.2
2024-01-06 17:33:00,VIN-B0251,88.6
2024-01-06 17:36:00,VIN-B0252,96.2
2024-01-06 17:39:00,VIN-B0253,82.8
2024-01-06 17:42:00,VIN-B0254,70.5
2024-01-06 17:45:00,VIN-B0255,100.9
2024-01-06 17:48:00,VIN-B0256,94.1
2024-01-06 17:51:00,VIN-B0257,101.2
2024-01-06 17:54:00,VIN-B0258,74.5
2024-01-06 17:57:00,VIN-B0259,104.8
2024-01-06 18:00:00,VIN-B0260,77.9
2024-01-06 18:03:00,VIN-B0261,87.4
2024-01-06 18:06:00,VIN-B0262,88.4
2024-01-06 18:09:00,VIN-B0263,80.1
2024-01-06 18:12:00,VIN-B0264,91.7
2024-01-06 18:15:00,VIN-B0265,87.9
2024-01-06 18:18:00,VIN-B0266,84.3
2024-01-06 18:21:00,VIN-B0267,77.0
2024-01-06 18:24:00,VIN-B0268,95.3
2024-01-06 18:27:00,VIN-B0269,97.6
2024-01-06 18:30:00,VIN-B0270,71.6
2024-01-06 18:33:00,VIN-B0271,85.3
2024-01-06 18:36:00,VIN-B0272,86.9
2024-01-06 18:39:00,VIN-B0273,98.9
2024-01-06 18:42:00,VIN-B0274,108.6
2024-01-06 18:45:00,VIN-B0275,94.6
2024-01-06 18:48:00,VIN-B0276,85.0
2024-01-06 18:51:00,VIN-B0277,81.0
2024-01-06 18:54:00,VIN-B0278,94.2
2024-01-06 18:57:00,VIN-B0279,70.2
2024-01-06 19:00:00,VIN-B0280,81.0
2024-01-06 19:03:00,VIN-B0281,73.9
2024-01-06 19:06:00,VIN-B0282,72.5
2024-01-06 19:09:00,VIN-B0283,93.5
2024-01-06 19:12:00,VIN-B0284,89.0
2024-01-06 19:15:00,VIN-B0285,83.9
2024-01-06 19:18:00,VIN-B0286,78.4
2024-01-06 19:21:00,VIN-B0287,86.1
2024-01-06 19:24:00,VIN-B0288,95.3
2024-01-06 19:27:00,VIN-B0289,99.9
2024-01-06 19:30:00,VIN-B0290,88.1
2024-01-06 19:33:00,VIN-B0291,95.0
2024-01-06 19:36:00,VIN-B0292,100.1
2024-01-06 19:39:00,VIN-B0293,85.0
2024-01-06 19:42:00,VIN-B0294,73.9
2024-01-06 19:45:00,VIN-B0295,77.1
2024-01-06 19:48:00,VIN-B0296,92.0
2024-01-06 19:51:00,VIN-B0297,82.8
2024-01-06 19:54:00,VIN-B0298,90.1
2024-01-06 19:57:00,VIN-B0299,89.8
2024-01-06 20:00:00,VIN-B0300,76.3
2024-01-06 20:03:00,VIN-B0301,91.3
2024-01-06 20:06:00,VIN-B0302,97.3
2024-01-06 20:09:00,VIN-B0303,109.0
2024-01-06 20:12:00,VIN-B0304,75.5
2024-01-06 20:15:00,VIN-B0305,107.8
2024-01-06 20:18:00,VIN-B0306,97.4
2024-01-06 20:21:00,VIN-B0307,92.1
2024-01-06 20:24:00,VIN-B0308,88.3
2024-01-06 20:27:00,VIN-B0309,107.5
2024-01-06 20:30:00,VIN-B0310,72.6
2024-01-06 20:33:00,VIN-B0311,79.8
2024-01-06 20:36:00,VIN-B0312,108.9
2024-01-06 20:39:00,VIN-B0313,104.9
2024-01-06 20:42:00,VIN-B0314,70.3
2024-01-06 20:45:00,VIN-B0315,104.5
2024-01-06 20:48:00,VIN-B0316,105.3
2024-01-06 20:51:00,VIN-B0317,87.5
2024-01-06 20:54:00,VIN-B0318,103.1
2024-01-06 20:57:00,VIN-B0319,98.7
2024-01-06 21:00:00,VIN-B0320,101.5
2024-01-06 21:03:00,VIN-B0321,98.9
2024-01-06 21:06:00,VIN-B0322,106.5
2024-01-06 21:09:00,VIN-B0323,83.2
2024-01-06 21:12:00,VIN-B0324,100.1
2024-01-06 21:15:00,VIN-B0325,83.2
2024-01-06 21:18:00,VIN-B0326,93.8
2024-01-06 21:21:00,VIN-B0327,71.0
2024-01-06 21:24:00,VIN-B0328,82.3
2024-01-06 21:27:00,VIN-B0329,89.0
2024-01-06 21:30:00,VIN-B0330,75.9
2024-01-06 21:33:00,VIN-B0331,71.1
2024-01-06 21:36:00,VIN-B0332,80.4
2024-01-06 21:39:00,VIN-B0333,89.1
2024-01-06 21:42:00,VIN-B0334,93.5
2024-01-06 21:45:00,VIN-B0335,104.6
2024-01-06 21:48:00,VIN-B0336,77.0
2024-01-06 21:51:00,VIN-B0337,83.7
2024-01-06 21:54:00,VIN-B0338,94.3
2024-01-06 21:57:00,VIN-B0339,84.3
2024-01-06 22:00:00,VIN-B0340,103.6
2024-01-06 22:03:00,VIN-B0341,99.7
2024-01-06 22:06:00,VIN-B0342,108.1
2024-01-06 22:09:00,VIN-B0343,108.8
2024-01-06 22:12:00,VIN-B0344,79.8
2024-01-06 22:15:00,VIN-B0345,79.1
2024-01-06 22:18:00,VIN-B0346,92.1
2024-01-06 22:21:00,VIN-B0347,106.2
2024-01-06 22:24:00,VIN-B0348,79.1
2024-01-06 22:27:00,VIN-B0349,73.9
2024-01-06 22:30:00,VIN-B0350,77.9
2024-01-06 22:33:00,VIN-B0351,74.0
2024-01-06 22:36:00,VIN-B0352,92.8
2024-01-06 22:39:00,VIN-B0353,98.8
2024-01-06 22:42:00,VIN-B0354,109.7
2024-01-06 22:45:00,VIN-B0355,89.7
2024-01-06 22:48:00,VIN-B0356,108.1
2024-01-06 22:51:00,VIN-B0357,83.6
2024-01-06 22:54:00,VIN-B0358,74.5
2024-01-06 22:57:00,VIN-B0359,82.8
2024-01-06 23:00:00,VIN-B0360,77.2
2024-01-06 23:03:00,VIN-B0361,107.0
2024-01-06 23:06:00,VIN-B0362,77.7
2024-01-06 23:09:00,VIN-B0363,90.1
2024-01-06 23:12:00,VIN-B0364,97.4
2024-01-06 23:15:00,VIN-B0365,83.0
2024-01-06 23:18:00,VIN-B0366,104.1
2024-01-06 23:21:00,VIN-B0367,96.1
2024-01-06 23:24:00,VIN-B0368,79.1
2024-01-06 23:27:00,VIN-B0369,84.8
2024-01-06 23:30:00,VIN-B0370,88.0
2024-01-06 23:33:00,VIN-B0371,70.2
2024-01-06 23:36:00,VIN-B0372,84.1
2024-01-06 23:39:00,VIN-B0373,70.8
2024-01-06 23:42:00,VIN-B0374,81.8
2024-01-06 23:45:00,VIN-B0375,83.0
2024-01-06 23:48:00,VIN-B0376,94.7
2024-01-06 23:51:00,VIN-B0377,79.7
2024-01-06 23:54:00,VIN-B0378,108.1
2024-01-06 23:57:00,VIN-B0379,97.5
2024-01-07 00:00:00,VIN-B0380,109.5
2024-01-07 00:03:00,VIN-B0381,95.6
2024-01-07 00:06:00,VIN-B0382,74.4
2024-01-07 00:09:00,VIN-B0383,109.1
2024-01-07 00:12:00,VIN-B0384,93.6
2024-01-07 00:15:00,VIN-B0385,79.8
2024-01-07 00:18:00,VIN-B0386,92.3
2024-01-07 00:21:00,VIN-B0387,100.9
2024-01-07 00:24:00,VIN-B0388,108.3
2024-01-07 00:27:00,VIN-B0389,77.4
2024-01-07 00:30:00,VIN-B0390,78.0
2024-01-07 00:33:00,VIN-B0391,75.6
2024-01-07 00:36:00,VIN-B0392,101.9
2024-01-07 00:39:00,VIN-B0393,70.6
2024-01-07 00:42:00,VIN-B0394,101.6
2024-01-07 00:45:00,VIN-B0395,99.4
2024-01-07 00:48:00,VIN-B0396,91.3
2024-01-07 00:51:00,VIN-B0397,93.0
2024-01-07 00:54:00,VIN-B0398,100.1
2024-01-07 00:57:00,VIN-B0399,88.6
2024-01-07 01:00:00,VIN-B0400,96.0
2024-01-07 01:03:00,VIN-B0401,88.2
2024-01-07 01:06:00,VIN-B0402,105.6
2024-01-07 01:09:00,VIN-B0403,70.8
2024-01-07 01:12:00,VIN-B0404,104.2
2024-01-07 01:15:00,VIN-B0405,96.1
2024-01-07 01:18:00,VIN-B0406,105.7
2024-01-07 01:21:00,VIN-B0407,100.9
2024-01-07 01:24:00,VIN-B0408,91.3
2024-01-07 01:27:00,VIN-B0409,91.6
2024-01-07 01:30:00,VIN-B0410,107.1
2024-01-07 01:33:00,VIN-B0411,87.0
2024-01-07 01:36:00,VIN-B0412,100.9
2024-01-07 01:39:00,VIN-B0413,74.9
2024-01-07 01:42:00,VIN-B0414,85.2
2024-01-07 01:45:00,VIN-B0415,100.8
2024-01-07 01:48:00,VIN-B0416,90.3
2024-01-07 01:51:00,VIN-B0417,100.3
2024-01-07 01:54:00,VIN-B0418,100.0
2024-01-07 01:57:00,VIN-B0419,102.0
2024-01-07 02:00:00,VIN-B0420,107.8
2024-01-07 02:03:00,VIN-B0421,86.0
2024-01-07 02:06:00,VIN-B0422,103.5
2024-01-07 02:09:00,VIN-B0423,79.2
2024-01-07 02:12:00,VIN-B0424,105.0
2024-01-07 02:15:00,VIN-B0425,71.8
2024-01-07 02:18:00,VIN-B0426,75.1
2024-01-07 02:21:00,VIN-B0427,72.4
2024-01-07 02:24:00,VIN-B0428,84.9
2024-01-07 02:27:00,VIN-B0429,77.0
2024-01-07 02:30:00,VIN-B0430,84.6
2024-01-07 02:33:00,VIN-B0431,89.9
2024-01-07 02:36:00,VIN-B0432,94.9
2024-01-07 02:39:00,VIN-B0433,105.6
2024-01-07 02:42:00,VIN-B0434,71.9
2024-01-07 02:45:00,VIN-B0435,76.3
2024-01-07 02:48:00,VIN-B0436,86.8
2024-01-07 02:51:00,VIN-B0437,109.3
2024-01-07 02:54:00,VIN-B0438,104.3
2024-01-07 02:57:00,VIN-B0439,88.8
2024-01-07 03:00:00,VIN-B0440,108.3
2024-01-07 03:03:00,VIN-B0441,99.9
2024-01-07 03:06:00,VIN-B0442,90.6
2024-01-07 03:09:00,VIN-B0443,99.7
2024-01-07 03:12:00,VIN-B0444,80.0
2024-01-07 03:15:00,VIN-B0445,83.1
2024-01-07 03:18:00,VIN-B0446,100.4
2024-01-07 03:21:00,VIN-B0447,93.2
2024-01-07 03:24:00,VIN-B0448,95.3
2024-01-07 03:27:00,VIN-B0449,75.7
2024-01-07 03:30:00,VIN-B0450,85.9
2024-01-07 03:33:00,VIN-B0451,77.5
2024-01-07 03:36:00,VIN-B0452,88.1
2024-01-07 03:39:00,VIN-B0453,74.7
2024-01-07 03:42:00,VIN-B0454,83.5
2024-01-07 03:45:00,VIN-B0455,100.9
2024-01-07 03:48:00,VIN-B0456,100.5
2024-01-07 03:51:00,VIN-B0457,95.7
2024-01-07 03:54:00,VIN-B0458,109.0
2024-01-07 03:57:00,VIN-B0459,75.1
2024-01-07 04:00:00,VIN-B0460,108.7
2024-01-07 04:03:00,VIN-B0461,75.7
2024-01-07 04:06:00,VIN-B0462,99.3
2024-01-07 04:09:00,VIN-B0463,92.5
2024-01-07 04:12:00,VIN-B0464,91.6
2024-01-07 04:15:00,VIN-B0465,85.0
2024-01-07 04:18:00,VIN-B0466,103.7
2024-01-07 04:21:00,VIN-B0467,104.3
2024-01-07 04:24:00,VIN-B0468,81.9
2024-01-07 04:27:00,VIN-B0469,88.7
2024-01-07 04:30:00,VIN-B0470,73.0
2024-01-07 04:33:00,VIN-B0471,106.9
2024-01-07 04:36:00,VIN-B0472,100.2
2024-01-07 04:39:00,VIN-B0473,100.6
2024-01-07 04:42:00,VIN-B0474,85.6
2024-01-07 04:45:00,VIN-B0475,79.9
2024-01-07 04:48:00,VIN-B0476,75.6
2024-01-07 04:51:00,VIN-B0477,78.2
2024-01-07 04:54:00,VIN-B0478,70.4
2024-01-07 04:57:00,VIN-B0479,100.9
2024-01-07 05:00:00,VIN-B0480,82.0
2024-01-07 05:03:00,VIN-B0481,76.1
2024-01-07 05:06:00,VIN-B0482,105.0
2024-01-07 05:09:00,VIN-B0483,74.5
2024-01-07 05:12:00,VIN-B0484,100.3
2024-01-07 05:15:00,VIN-B0485,79.7
2024-01-07 05:18:00,VIN-B0486,86.9
2024-01-07 05:21:00,VIN-B0487,103.7
2024-01-07 05:24:00,VIN-B0488,86.8
2024-01-07 05:27:00,VIN-B0489,70.5
2024-01-07 05:30:00,VIN-B0490,78.9
2024-01-07 05:33:00,VIN-B0491,92.4
2024-01-07 05:36:00,VIN-B0492,71.7
2024-01-07 05:39:00,VIN-B0493,93.0
2024-01-07 05:42:00,VIN-B0494,93.2
2024-01-07 05:45:00,VIN-B0495,98.7
2024-01-07 05:48:00,VIN-B0496,104.1
2024-01-07 05:51:00,VIN-B0497,102.5
2024-01-07 05:54:00,VIN-B0498,78.6
2024-01-07 05:57:00,VIN-B0499,74.0
2024-01-07 06:00:00,VIN-B0500,104.0
2024-01-07 06:03:00,VIN-B0501,84.1
2024-01-07 06:06:00,VIN-B0502,83.0
2024-01-07 06:09:00,VIN-B0503,78.4
2024-01-07 06:12:00,VIN-B0504,99.6
2024-01-07 06:15:00,VIN-B0505,103.8
2024-01-07 06:18:00,VIN-B0506,82.7
2024-01-07 06:21:00,VIN-B0507,95.6
2024-01-07 06:24:00,VIN-B0508,100.3
2024-01-07 06:27:00,VIN-B0509,84.0
2024-01-07 06:30:00,VIN-B0510,108.4
2024-01-07 06:33:00,VIN-B0511,106.4
2024-01-07 06:36:00,VIN-B0512,85.9
2024-01-07 06:39:00,VIN-B0513,98.5
2024-01-07 06:42:00,VIN-B0514,75.8
2024-01-07 06:45:00,VIN-B0515,106.9
2024-01-07 06:48:00,VIN-B0516,94.5
2024-01-07 06:51:00,VIN-B0517,87.7
2024-01-07 06:54:00,VIN-B0518,71.1
2024-01-07 06:57:00,VIN-B0519,79.8
2024-01-07 07:00:00,VIN-B0520,75.8
2024-01-07 07:03:00,VIN-B0521,103.5
2024-01-07 07:06:00,VIN-B0522,86.5
2024-01-07 07:09:00,VIN-B0523,99.9
2024-01-07 07:12:00,VIN-B0524,87.3
2024-01-07 07:15:00,VIN-B0525,82.8
2024-01-07 07:18:00,VIN-B0526,82.9
2024-01-07 07:21:00,VIN-B0527,73.9
2024-01-07 07:24:00,VIN-B0528,91.4
2024-01-07 07:27:00,VIN-B0529,98.8
2024-01-07 07:30:00,VIN-B0530,88.6
2024-01-07 07:33:00,VIN-B0531,89.9
2024-01-07 07:36:00,VIN-B0532,70.9
2024-01-07 07:39:00,VIN-B0533,89.1
2024-01-07 07:42:00,VIN-B0534,72.6
2024-01-07 07:45:00,VIN-B0535,98.5
2024-01-07 07:48:00,VIN-B0536,109.4
2024-01-07 07:51:00,VIN-B0537,83.2
2024-01-07 07:54:00,VIN-B0538,75.8
2024-01-07 07:57:00,VIN-B0539,104.5
2024-01-07 08:00:00,VIN-B0540,93.5
2024-01-07 08:03:00,VIN-B0541,91.2
2024-01-07 08:06:00,VIN-B0542,109.2
2024-01-07 08:09:00,VIN-B0543,71.2
2024-01-07 08:12:00,VIN-B0544,73.6
2024-01-07 08:15:00,VIN-B0545,102.2
2024-01-07 08:18:00,VIN-B0546,77.3
2024-01-07 08:21:00,VIN-B0547,105.2
2024-01-07 08:24:00,VIN-B0548,78.0
2024-01-07 08:27:00,VIN-B0549,83.6
2024-01-07 08:30:00,VIN-B0550,105.2
2024-01-07 08:33:00,VIN-B0551,73.8
2024-01-07 08:36:00,VIN-B0552,70.2
2024-01-07 08:39:00,VIN-B0553,104.4
2024-01-07 08:42:00,VIN-B0554,77.3
2024-01-07 08:45:00,VIN-B0555,94.0
2024-01-07 08:48:00,VIN-B0556,90.3
2024-01-07 08:51:00,VIN-B0557,107.4
2024-01-07 08:54:00,VIN-B0558,102.3
2024-01-07 08:57:00,VIN-B0559,97.3
2024-01-07 09:00:00,VIN-B0560,89.9
2024-01-07 09:03:00,VIN-B0561,107.5
2024-01-07 09:06:00,VIN-B0562,101.4
2024-01-07 09:09:00,VIN-B0563,83.5
2024-01-07 09:12:00,VIN-B0564,77.5
2024-01-07 09:15:00,VIN-B0565,102.4
2024-01-07 09:18:00,VIN-B0566,103.9
2024-01-07 09:21:00,VIN-B0567,100.3
2024-01-07 09:24:00,VIN-B0568,87.9
2024-01-07 09:27:00,VIN-B0569,86.2
2024-01-07 09:30:00,VIN-B0570,74.2
2024-01-07 09:33:00,VIN-B0571,89.9
2024-01-07 09:36:00,VIN-B0572,91.1
2024-01-07 09:39:00,VIN-B0573,105.7
2024-01-07 09:42:00,VIN-B0574,95.6
2024-01-07 09:45:00,VIN-B0575,108.7
2024-01-07 09:48:00,VIN-B0576,102.9
2024-01-07 09:51:00,VIN-B0577,90.3
2024-01-07 09:54:00,VIN-B0578,73.9
2024-01-07 09:57:00,VIN-B0579,72.9
2024-01-07 10:00:00,VIN-B0580,71.8
2024-01-07 10:03:00,VIN-B0581,107.0
2024-01-07 10:06:00,VIN-B0582,109.4
2024-01-07 10:09:00,VIN-B0583,106.7
2024-01-07 10:12:00,VIN-B0584,94.9
2024-01-07 10:15:00,VIN-B0585,78.2
2024-01-07 10:18:00,VIN-B0586,86.4
2024-01-07 10:21:00,VIN-B0587,81.1
2024-01-07 10:24:00,VIN-B0588,80.1
2024-01-07 10:27:00,VIN-B0589,97.8
2024-01-07 10:30:00,VIN-B0590,72.8
2024-01-07 10:33:00,VIN-B0591,72.7
2024-01-07 10:36:00,VIN-B0592,108.2
2024-01-07 10:39:00,VIN-B0593,91.5
2024-01-07 10:42:00,VIN-B0594,100.4
2024-01-07 10:45:00,VIN-B0595,108.0
2024-01-07 10:48:00,VIN-B0596,90.7
2024-01-07 10:51:00,VIN-B0597,79.1
2024-01-07 10:54:00,VIN-B0598,79.7
2024-01-07 10:57:00,VIN-B0599,87.7
2024-01-07 11:00:00,VIN-B0600,100.7
2024-01-07 11:03:00,VIN-B0601,107.9
2024-01-07 11:06:00,VIN-B0602,84.0
2024-01-07 11:09:00,VIN-B0603,85.2
2024-01-07 11:12:00,VIN-B0604,77.4
2024-01-07 11:15:00,VIN-B0605,71.0
2024-01-07 11:18:00,VIN-B0606,92.3
2024-01-07 11:21:00,VIN-B0607,74.5
2024-01-07 11:24:00,VIN-B0608,94.7
2024-01-07 11:27:00,VIN-B0609,71.5
2024-01-07 11:30:00,VIN-B0610,85.2
2024-01-07 11:33:00,VIN-B0611,104.3
2024-01-07 11:36:00,VIN-B0612,70.8
2024-01-07 11:39:00,VIN-B0613,81.3
2024-01-07 11:42:00,VIN-B0614,97.3
2024-01-07 11:45:00,VIN-B0615,89.2
2024-01-07 11:48:00,VIN-B0616,79.0
2024-01-07 11:51:00,VIN-B0617,110.0
2024-01-07 11:54:00,VIN-B0618,87.3
2024-01-07 11:57:00,VIN-B0619,98.4
2024-01-07 12:00:00,VIN-B0620,75.0
2024-01-07 12:03:00,VIN-B0621,86.8
2024-01-07 12:06:00,VIN-B0622,108.1
2024-01-07 12:09:00,VIN-B0623,75.3
2024-01-07 12:12:00,VIN-B0624,92.7
2024-01-07 12:15:00,VIN-B0625,106.0
2024-01-07 12:18:00,VIN-B0626,85.0
2024-01-07 12:21:00,VIN-B0627,74.3
2024-01-07 12:24:00,VIN-B0628,72.0
2024-01-07 12:27:00,VIN-B0629,96.4
2024-01-07 12:30:00,VIN-B0630,71.0
2024-01-07 12:33:00,VIN-B0631,80.9
2024-01-07 12:36:00,VIN-B0632,95.6
2024-01-07 12:39:00,VIN-B0633,86.5
2024-01-07 12:42:00,VIN-B0634,100.5
2024-01-07 12:45:00,VIN-B0635,97.0
2024-01-07 12:48:00,VIN-B0636,106.8
2024-01-07 12:51:00,VIN-B0637,82.5
2024-01-07 12:54:00,VIN-B0638,108.3
2024-01-07 12:57:00,VIN-B0639,93.3
2024-01-07 13:00:00,VIN-B0640,81.6
2024-01-07 13:03:00,VIN-B0641,76.5
2024-01-07 13:06:00,VIN-B0642,76.3
2024-01-07 13:09:00,VIN-B0643,97.6
2024-01-07 13:12:00,VIN-B0644,106.4
2024-01-07 13:15:00,VIN-B0645,88.9
2024-01-07 13:18:00,VIN-B0646,107.2
2024-01-07 13:21:00,VIN-B0647,108.8
2024-01-07 13:24:00,VIN-B0648,109.5
2024-01-07 13:27:00,VIN-B0649,95.0
2024-01-07 13:30:00,VIN-B0650,109.7
2024-01-07 13:33:00,VIN-B0651,81.7
2024-01-07 13:36:00,VIN-B0652,94.1
2024-01-07 13:39:00,VIN-B0653,109.7
2024-01-07 13:42:00,VIN-B0654,109.3
2024-01-07 13:45:00,VIN-B0655,106.2
2024-01-07 13:48:00,VIN-B0656,80.5
2024-01-07 13:51:00,VIN-B0657,100.0
2024-01-07 13:54:00,VIN-B0658,83.3
2024-01-07 13:57:00,VIN-B0659,99.4
2024-01-07 14:00:00,VIN-B0660,85.2
2024-01-07 14:03:00,VIN-B0661,83.4
2024-01-07 14:06:00,VIN-B0662,86.3
2024-01-07 14:09:00,VIN-B0663,92.1
2024-01-07 14:12:00,VIN-B0664,106.8
2024-01-07 14:15:00,VIN-B0665,104.5
2024-01-07 14:18:00,VIN-B0666,102.2
2024-01-07 14:21:00,VIN-B0667,72.6
2024-01-07 14:24:00,VIN-B0668,104.5
2024-01-07 14:27:00,VIN-B0669,104.8
2024-01-07 14:30:00,VIN-B0670,95.2
2024-01-07 14:33:00,VIN-B0671,72.2
2024-01-07 14:36:00,VIN-B0672,77.4
2024-01-07 14:39:00,VIN-B0673,101.7
2024-01-07 14:42:00,VIN-B0674,85.5
2024-01-07 14:45:00,VIN-B0675,98.3
2024-01-07 14:48:00,VIN-B0676,81.5
2024-01-07 14:51:00,VIN-B0677,87.7
2024-01-07 14:54:00,VIN-B0678,80.5
2024-01-07 14:57:00,VIN-B0679,98.0
2024-01-07 15:00:00,VIN-B0680,103.9
2024-01-07 15:03:00,VIN-B0681,95.4
2024-01-07 15:06:00,VIN-B0682,78.7
2024-01-07 15:09:00,VIN-B0683,91.2
2024-01-07 15:12:00,VIN-B0684,81.3
2024-01-07 15:15:00,VIN-B0685,83.8
2024-01-07 15:18:00,VIN-B0686,73.2
2024-01-07 15:21:00,VIN-B0687,109.1
2024-01-07 15:24:00,VIN-B0688,97.9
2024-01-07 15:27:00,VIN-B0689,99.1
2024-01-07 15:30:00,VIN-B0690,84.8
2024-01-07 15:33:00,VIN-B0691,79.1
2024-01-07 15:36:00,VIN-B0692,88.6
2024-01-07 15:39:00,VIN-B0693,88.5
2024-01-07 15:42:00,VIN-B0694,99.5
2024-01-07 15:45:00,VIN-B0695,101.5
2024-01-07 15:48:00,VIN-B0696,86.0
2024-01-07 15:51:00,VIN-B0697,76.0
2024-01-07 15:54:00,VIN-B0698,85.7
2024-01-07 15:57:00,VIN-B0699,89.9
2024-01-07 16:00:00,VIN-B0700,79.1
2024-01-07 16:03:00,VIN-B0701,87.4
2024-01-07 16:06:00,VIN-B0702,84.1
2024-01-07 16:09:00,VIN-B0703,94.3
2024-01-07 16:12:00,VIN-B0704,102.1
2024-01-07 16:15:00,VIN-B0705,95.3
2024-01-07 16:18:00,VIN-B0706,94.5
2024-01-07 16:21:00,VIN-B0707,99.0
2024-01-07 16:24:00,VIN-B0708,92.6
2024-01-07 16:27:00,VIN-B0709,86.7
2024-01-07 16:30:00,VIN-B0710,106.4
2024-01-07 16:33:00,VIN-B0711,101.5
2024-01-07 16:36:00,VIN-B0712,97.9
2024-01-07 16:39:00,VIN-B0713,98.3
2024-01-07 16:42:00,VIN-B0714,89.5
2024-01-07 16:45:00,VIN-B0715,85.4
2024-01-07 16:48:00,VIN-B0716,88.5
2024-01-07 16:51:00,VIN-B0717,72.7
2024-01-07 16:54:00,VIN-B0718,98.5
2024-01-07 16:57:00,VIN-B0719,79.9
2024-01-07 17:00:00,VIN-B0720,92.5
2024-01-07 17:03:00,VIN-B0721,109.4
2024-01-07 17:06:00,VIN-B0722,108.3
2024-01-07 17:09:00,VIN-B0723,99.4
2024-01-07 17:12:00,VIN-B0724,79.9
2024-01-07 17:15:00,VIN-B0725,81.9
2024-01-07 17:18:00,VIN-B0726,96.1
2024-01-07 17:21:00,VIN-B0727,101.0
2024-01-07 17:24:00,VIN-B0728,92.2
2024-01-07 17:27:00,VIN-B0729,107.5
2024-01-07 17:30:00,VIN-B0730,81.4
2024-01-07 17:33:00,VIN-B0731,75.0
2024-01-07 17:36:00,VIN-B0732,75.7
2024-01-07 17:39:00,VIN-B0733,95.2
2024-01-07 17:42:00,VIN-B0734,94.5
2024-01-07 17:45:00,VIN-B0735,92.6
2024-01-07 17:48:00,VIN-B0736,98.9
2024-01-07 17:51:00,VIN-B0737,75.6
2024-01-07 17:54:00,VIN-B0738,73.7
2024-01-07 17:57:00,VIN-B0739,86.5
2024-01-07 18:00:00,VIN-B0740,91.0
2024-01-07 18:03:00,VIN-B0741,91.9
2024-01-07 18:06:00,VIN-B0742,74.6
2024-01-07 18:09:00,VIN-B0743,72.3
2024-01-07 18:12:00,VIN-B0744,89.1
2024-01-07 18:15:00,VIN-B0745,108.2
2024-01-07 18:18:00,VIN-B0746,100.2
2024-01-07 18:21:00,VIN-B0747,89.7
2024-01-07 18:24:00,VIN-B0748,71.6
2024-01-07 18:27:00,VIN-B0749,70.3
2024-01-07 18:30:00,VIN-B0750,90.4
2024-01-07 18:33:00,VIN-B0751,91.4
2024-01-07 18:36:00,VIN-B0752,80.6
2024-01-07 18:39:00,VIN-B0753,100.2
2024-01-07 18:42:00,VIN-B0754,85.7
2024-01-07 18:45:00,VIN-B0755,94.1
2024-01-07 18:48:00,VIN-B0756,78.2
2024-01-07 18:51:00,VIN-B0757,99.7
2024-01-07 18:54:00,VIN-B0758,103.3
2024-01-07 18:57:00,VIN-B0759,84.4
2024-01-07 19:00:00,VIN-B0760,78.7
2024-01-07 19:03:00,VIN-B0761,104.4
2024-01-07 19:06:00,VIN-B0762,98.8
2024-01-07 19:09:00,VIN-B0763,106.8
2024-01-07 19:12:00,VIN-B0764,73.1
2024-01-07 19:15:00,VIN-B0765,94.8
2024-01-07 19:18:00,VIN-B0766,82.1
2024-01-07 19:21:00,VIN-B0767,73.9
2024-01-07 19:24:00,VIN-B0768,99.7
2024-01-07 19:27:00,VIN-B0769,81.9
2024-01-07 19:30:00,VIN-B0770,80.5
2024-01-07 19:33:00,VIN-B0771,74.8
2024-01-07 19:36:00,VIN-B0772,105.2
2024-01-07 19:39:00,VIN-B0773,73.4
2024-01-07 19:42:00,VIN-B0774,80.8
2024-01-07 19:45:00,VIN-B0775,78.6
2024-01-07 19:48:00,VIN-B0776,89.9
2024-01-07 19:51:00,VIN-B0777,93.1
2024-01-07 19:54:00,VIN-B0778,98.4
2024-01-07 19:57:00,VIN-B0779,71.0
2024-01-07 20:00:00,VIN-B0780,97.6
2024-01-07 20:03:00,VIN-B0781,104.9
2024-01-07 20:06:00,VIN-B0782,101.7
2024-01-07 20:09:00,VIN-B0783,84.6
2024-01-07 20:12:00,VIN-B0784,91.8
2024-01-07 20:15:00,VIN-B0785,82.8
2024-01-07 20:18:00,VIN-B0786,84.9
2024-01-07 20:21:00,VIN-B0787,102.6
2024-01-07 20:24:00,VIN-B0788,84.4
2024-01-07 20:27:00,VIN-B0789,83.3
2024-01-07 20:30:00,VIN-B0790,105.6
2024-01-07 20:33:00,VIN-B0791,94.0
2024-01-07 20:36:00,VIN-B0792,104.0
2024-01-07 20:39:00,VIN-B0793,103.0
2024-01-07 20:42:00,VIN-B0794,109.6
2024-01-07 20:45:00,VIN-B0795,80.2
2024-01-07 20:48:00,VIN-B0796,97.4
2024-01-07 20:51:00,VIN-B0797,99.3
2024-01-07 20:54:00,VIN-B0798,90.9
2024-01-07 20:57:00,VIN-B0799,100.0
2024-01-07 21:00:00,VIN-B0800,95.6
2024-01-07 21:03:00,VIN-B0801,98.6
2024-01-07 21:06:00,VIN-B0802,89.8
2024-01-07 21:09:00,VIN-B0803,79.7
2024-01-07 21:12:00,VIN-B0804,108.1
2024-01-07 21:15:00,VIN-B0805,74.8
2024-01-07 21:18:00,VIN-B0806,72.7
2024-01-07 21:21:00,VIN-B0807,96.5
2024-01-07 21:24:00,VIN-B0808,85.5
2024-01-07 21:27:00,VIN-B0809,95.4
2024-01-07 21:30:00,VIN-B0810,90.0
2024-01-07 21:33:00,VIN-B0811,104.4
2024-01-07 21:36:00,VIN-B0812,86.9
2024-01-07 21:39:00,VIN-B0813,109.8
2024-01-07 21:42:00,VIN-B0814,89.0
2024-01-07 21:45:00,VIN-B0815,88.2
2024-01-07 21:48:00,VIN-B0816,71.4
2024-01-07 21:51:00,VIN-B0817,78.7
2024-01-07 21:54:00,VIN-B0818,93.7
2024-01-07 21:57:00,VIN-B0819,72.8
2024-01-07 22:00:00,VIN-B0820,102.1
2024-01-07 22:03:00,VIN-B0821,93.4
2024-01-07 22:06:00,VIN-B0822,81.7
2024-01-07 22:09:00,VIN-B0823,87.1
2024-01-07 22:12:00,VIN-B0824,78.0
2024-01-07 22:15:00,VIN-B0825,100.9
2024-01-07 22:18:00,VIN-B0826,104.6
2024-01-07 22:21:00,VIN-B0827,102.3
2024-01-07 22:24:00,VIN-B0828,75.6
2024-01-07 22:27:00,VIN-B0829,87.5
2024-01-07 22:30:00,VIN-B0830,98.3
2024-01-07 22:33:00,VIN-B0831,86.7
2024-01-07 22:36:00,VIN-B0832,72.7
2024-01-07 22:39:00,VIN-B0833,89.0
2024-01-07 22:42:00,VIN-B0834,74.8
2024-01-07 22:45:00,VIN-B0835,87.8
2024-01-07 22:48:00,VIN-B0836,89.1
2024-01-07 22:51:00,VIN-B0837,74.6
2024-01-07 22:54:00,VIN-B0838,75.3
2024-01-07 22:57:00,VIN-B0839,90.4
2024-01-07 23:00:00,VIN-B0840,93.4
2024-01-07 23:03:00,VIN-B0841,82.8
2024-01-07 23:06:00,VIN-B0842,77.5
2024-01-07 23:09:00,VIN-B0843,76.9
2024-01-07 23:12:00,VIN-B0844,75.8
2024-01-07 23:15:00,VIN-B0845,89.1
2024-01-07 23:18:00,VIN-B0846,79.9
2024-01-07 23:21:00,VIN-B0847,107.5
2024-01-07 23:24:00,VIN-B0848,71.7
2024-01-07 23:27:00,VIN-B0849,96.9
2024-01-07 23:30:00,VIN-B0850,99.9
2024-01-07 23:33:00,VIN-B0851,95.8
2024-01-07 23:36:00,VIN-B0852,89.9
2024-01-07 23:39:00,VIN-B0853,72.7
2024-01-07 23:42:00,VIN-B0854,100.9
2024-01-07 23:45:00,VIN-B0855,88.6
2024-01-07 23:48:00,VIN-B0856,103.5
2024-01-07 23:51:00,VIN-B0857,90.5
2024-01-07 23:54:00,VIN-B0858,88.8
2024-01-07 23:57:00,VIN-B0859,91.3
2024-01-08 00:00:00,VIN-B0860,107.4
2024-01-08 00:03:00,VIN-B0861,82.5
2024-01-08 00:06:00,VIN-B0862,83.9
2024-01-08 00:09:00,VIN-B0863,81.1
2024-01-08 00:12:00,VIN-B0864,100.7
2024-01-08 00:15:00,VIN-B0865,77.6
2024-01-08 00:18:00,VIN-B0866,78.2
2024-01-08 00:21:00,VIN-B0867,99.0
2024-01-08 00:24:00,VIN-B0868,93.9
2024-01-08 00:27:00,VIN-B0869,85.0
2024-01-08 00:30:00,VIN-B0870,91.5
2024-01-08 00:33:00,VIN-B0871,75.0
2024-01-08 00:36:00,VIN-B0872,70.1
2024-01-08 00:39:00,VIN-B0873,88.2
2024-01-08 00:42:00,VIN-B0874,90.4
2024-01-08 00:45:00,VIN-B0875,95.1
2024-01-08 00:48:00,VIN-B0876,85.5
2024-01-08 00:51:00,VIN-B0877,100.4
2024-01-08 00:54:00,VIN-B0878,81.1
2024-01-08 00:57:00,VIN-B0879,107.0
2024-01-08 01:00:00,VIN-B0880,70.4
2024-01-08 01:03:00,VIN-B0881,81.4
2024-01-08 01:06:00,VIN-B0882,107.1
2024-01-08 01:09:00,VIN-B0883,92.1
2024-01-08 01:12:00,VIN-B0884,78.1
2024-01-08 01:15:00,VIN-B0885,92.8
2024-01-08 01:18:00,VIN-B0886,75.0
2024-01-08 01:21:00,VIN-B0887,88.4
2024-01-08 01:24:00,VIN-B0888,81.2
2024-01-08 01:27:00,VIN-B0889,93.2
2024-01-08 01:30:00,VIN-B0890,79.3
2024-01-08 01:33:00,VIN-B0891,87.7
2024-01-08 01:36:00,VIN-B0892,70.9
2024-01-08 01:39:00,VIN-B0893,87.5
2024-01-08 01:42:00,VIN-B0894,90.0
2024-01-08 01:45:00,VIN-B0895,84.9
2024-01-08 01:48:00,VIN-B0896,76.7
2024-01-08 01:51:00,VIN-B0897,86.2
2024-01-08 01:54:00,VIN-B0898,85.2
2024-01-08 01:57:00,VIN-B0899,95.8
2024-01-08 02:00:00,VIN-B0900,85.6
2024-01-08 02:03:00,VIN-B0901,87.5
2024-01-08 02:06:00,VIN-B0902,80.2
2024-01-08 02:09:00,VIN-B0903,89.1
2024-01-08 02:12:00,VIN-B0904,103.8
2024-01-08 02:15:00,VIN-B0905,73.6
2024-01-08 02:18:00,VIN-B0906,80.0
2024-01-08 02:21:00,VIN-B0907,81.7
2024-01-08 02:24:00,VIN-B0908,79.2
2024-01-08 02:27:00,VIN-B0909,104.9
2024-01-08 02:30:00,VIN-B0910,81.5
2024-01-08 02:33:00,VIN-B0911,79.4
2024-01-08 02:36:00,VIN-B0912,72.7
2024-01-08 02:39:00,VIN-B0913,91.4
2024-01-08 02:42:00,VIN-B0914,98.9
2024-01-08 02:45:00,VIN-B0915,101.5
2024-01-08 02:48:00,VIN-B0916,90.5
2024-01-08 02:51:00,VIN-B0917,85.8
2024-01-08 02:54:00,VIN-B0918,79.7
2024-01-08 02:57:00,VIN-B0919,88.5
2024-01-08 03:00:00,VIN-B0920,76.5
2024-01-08 03:03:00,VIN-B0921,75.4
2024-01-08 03:06:00,VIN-B0922,97.1
2024-01-08 03:09:00,VIN-B0923,105.6
2024-01-08 03:12:00,VIN-B0924,101.5
2024-01-08 03:15:00,VIN-B0925,100.1
2024-01-08 03:18:00,VIN-B0926,75.0
2024-01-08 03:21:00,VIN-B0927,103.7
2024-01-08 03:24:00,VIN-B0928,85.0
2024-01-08 03:27:00,VIN-B0929,100.0
2024-01-08 03:30:00,VIN-B0930,88.0
2024-01-08 03:33:00,VIN-B0931,96.0
2024-01-08 03:36:00,VIN-B0932,106.0
2024-01-08 03:39:00,VIN-B0933,88.7
2024-01-08 03:42:00,VIN-B0934,75.2
2024-01-08 03:45:00,VIN-B0935,105.9
2024-01-08 03:48:00,VIN-B0936,84.0
2024-01-08 03:51:00,VIN-B0937,73.1
2024-01-08 03:54:00,VIN-B0938,71.6
2024-01-08 03:57:00,VIN-B0939,84.1
2024-01-08 04:00:00,VIN-B0940,70.4
2024-01-08 04:03:00,VIN-B0941,72.4
2024-01-08 04:06:00,VIN-B0942,71.0
2024-01-08 04:09:00,VIN-B0943,83.9
2024-01-08 04:12:00,VIN-B0944,105.3
2024-01-08 04:15:00,VIN-B0945,96.7
2024-01-08 04:18:00,VIN-B0946,109.9
2024-01-08 04:21:00,VIN-B0947,96.4
2024-01-08 04:24:00,VIN-B0948,75.8
2024-01-08 04:27:00,VIN-B0949,81.0
2024-01-08 04:30:00,VIN-B0950,108.1
2024-01-08 04:33:00,VIN-B0951,102.0
2024-01-08 04:36:00,VIN-B0952,109.6
2024-01-08 04:39:00,VIN-B0953,104.4
2024-01-08 04:42:00,VIN-B0954,78.8
2024-01-08 04:45:00,VIN-B0955,74.6
2024-01-08 04:48:00,VIN-B0956,94.7
2024-01-08 04:51:00,VIN-B0957,93.1
2024-01-08 04:54:00,VIN-B0958,95.3
2024-01-08 04:57:00,VIN-B0959,102.2
2024-01-08 05:00:00,VIN-B0960,87.4
2024-01-08 05:03:00,VIN-B0961,90.0
2024-01-08 05:06:00,VIN-B0962,102.1
2024-01-08 05:09:00,VIN-B0963,103.8
2024-01-08 05:12:00,VIN-B0964,106.2
2024-01-08 05:15:00,VIN-B0965,86.5
2024-01-08 05:18:00,VIN-B0966,73.2
2024-01-08 05:21:00,VIN-B0967,101.0
2024-01-08 05:24:00,VIN-B0968,102.6
2024-01-08 05:27:00,VIN-B0969,83.4
2024-01-08 05:30:00,VIN-B0970,105.2
2024-01-08 05:33:00,VIN-B0971,86.2
2024-01-08 05:36:00,VIN-B0972,83.4
2024-01-08 05:39:00,VIN-B0973,74.0
2024-01-08 05:42:00,VIN-B0974,91.6
2024-01-08 05:45:00,VIN-B0975,109.7
2024-01-08 05:48:00,VIN-B0976,81.7
2024-01-08 05:51:00,VIN-B0977,96.6
2024-01-08 05:54:00,VIN-B0978,83.2
2024-01-08 05:57:00,VIN-B0979,94.6
2024-01-08 06:00:00,VIN-B0980,105.9
2024-01-08 06:03:00,VIN-B0981,93.7
2024-01-08 06:06:00,VIN-B0982,75.5
2024-01-08 06:09:00,VIN-B0983,95.7
2024-01-08 06:12:00,VIN-B0984,97.6
2024-01-08 06:15:00,VIN-B0985,97.8
2024-01-08 06:18:00,VIN-B0986,81.7
2024-01-08 06:21:00,VIN-B0987,101.8
2024-01-08 06:24:00,VIN-B0988,79.6
2024-01-08 06:27:00,VIN-B0989,72.3
2024-01-08 06:30:00,VIN-B0990,75.0
2024-01-08 06:33:00,VIN-B0991,97.5
2024-01-08 06:36:00,VIN-B0992,86.4
2024-01-08 06:39:00,VIN-B0993,107.5
2024-01-08 06:42:00,VIN-B0994,84.6
2024-01-08 06:45:00,VIN-B0995,71.3
2024-01-08 06:48:00,VIN-B0996,102.5
2024-01-08 06:51:00,VIN-B0997,88.0
2024-01-08 06:54:00,VIN-B0998,96.3
2024-01-08 06:57:00,VIN-B0999,70.3
2024-01-08 07:00:00,VIN-B1000,73.7
2024-01-08 07:03:00,VIN-B1001,105.4
2024-01-08 07:06:00,VIN-B1002,106.3
2024-01-08 07:09:00,VIN-B1003,95.3
2024-01-08 07:12:00,VIN-B1004,83.5
2024-01-08 07:15:00,VIN-B1005,78.4
2024-01-08 07:18:00,VIN-B1006,91.2
2024-01-08 07:21:00,VIN-B1007,87.4
2024-01-08 07:24:00,VIN-B1008,108.6
2024-01-08 07:27:00,VIN-B1009,71.8
2024-01-08 07:30:00,VIN-B1010,89.0
2024-01-08 07:33:00,VIN-B1011,106.9
2024-01-08 07:36:00,VIN-B1012,82.0
2024-01-08 07:39:00,VIN-B1013,96.7
2024-01-08 07:42:00,VIN-B1014,91.2
2024-01-08 07:45:00,VIN-B1015,79.6
2024-01-08 07:48:00,VIN-B1016,102.1
2024-01-08 07:51:00,VIN-B1017,70.7
2024-01-08 07:54:00,VIN-B1018,100.8
2024-01-08 07:57:00,VIN-B1019,91.4
2024-01-08 08:00:00,VIN-B1020,107.0
2024-01-08 08:03:00,VIN-B1021,91.8
2024-01-08 08:06:00,VIN-B1022,83.2
2024-01-08 08:09:00,VIN-B1023,75.2
2024-01-08 08:12:00,VIN-B1024,96.9
2024-01-08 08:15:00,VIN-B1025,99.2
2024-01-08 08:18:00,VIN-B1026,82.4
2024-01-08 08:21:00,VIN-B1027,73.0
2024-01-08 08:24:00,VIN-B1028,108.1
2024-01-08 08:27:00,VIN-B1029,108.6
2024-01-08 08:30:00,VIN-B1030,90.0
2024-01-08 08:33:00,VIN-B1031,89.2
2024-01-08 08:36:00,VIN-B1032,101.6
2024-01-08 08:39:00,VIN-B1033,91.8
2024-01-08 08:42:00,VIN-B1034,109.7
2024-01-08 08:45:00,VIN-B1035,89.1
2024-01-08 08:48:00,VIN-B1036,83.6
2024-01-08 08:51:00,VIN-B1037,102.3
2024-01-08 08:54:00,VIN-B1038,77.6
2024-01-08 08:57:00,VIN-B1039,109.0
2024-01-08 09:00:00,VIN-B1040,92.3
2024-01-08 09:03:00,VIN-B1041,78.0
2024-01-08 09:06:00,VIN-B1042,92.8
2024-01-08 09:09:00,VIN-B1043,95.9
2024-01-08 09:12:00,VIN-B1044,104.5
2024-01-08 09:15:00,VIN-B1045,93.7
2024-01-08 09:18:00,VIN-B1046,74.8
2024-01-08 09:21:00,VIN-B1047,79.8
2024-01-08 09:24:00,VIN-B1048,104.3
2024-01-08 09:27:00,VIN-B1049,97.8
2024-01-08 09:30:00,VIN-B1050,83.6
2024-01-08 09:33:00,VIN-B1051,73.0
2024-01-08 09:36:00,VIN-B1052,71.0
2024-01-08 09:39:00,VIN-B1053,104.8
2024-01-08 09:42:00,VIN-B1054,84.5
2024-01-08 09:45:00,VIN-B1055,82.7
2024-01-08 09:48:00,VIN-B1056,79.3
2024-01-08 09:51:00,VIN-B1057,102.5
2024-01-08 09:54:00,VIN-B1058,106.3
2024-01-08 09:57:00,VIN-B1059,100.1
2024-01-08 10:00:00,VIN-B1060,73.7
2024-01-08 10:03:00,VIN-B1061,72.7
2024-01-08 10:06:00,VIN-B1062,105.7
2024-01-08 10:09:00,VIN-B1063,91.7
2024-01-08 10:12:00,VIN-B1064,73.3
2024-01-08 10:15:00,VIN-B1065,95.2
2024-01-08 10:18:00,VIN-B1066,76.8
2024-01-08 10:21:00,VIN-B1067,109.6
2024-01-08 10:24:00,VIN-B1068,93.1
2024-01-08 10:27:00,VIN-B1069,91.9
2024-01-08 10:30:00,VIN-B1070,77.7
2024-01-08 10:33:00,VIN-B1071,108.9
2024-01-08 10:36:00,VIN-B1072,80.0
2024-01-08 10:39:00,VIN-B1073,80.2
2024-01-08 10:42:00,VIN-B1074,86.2
2024-01-08 10:45:00,VIN-B1075,93.1
2024-01-08 10:48:00,VIN-B1076,75.3
2024-01-08 10:51:00,VIN-B1077,99.3
2024-01-08 10:54:00,VIN-B1078,81.1
2024-01-08 10:57:00,VIN-B1079,98.7
2024-01-08 11:00:00,VIN-B1080,83.7
2024-01-08 11:03:00,VIN-B1081,104.8
2024-01-08 11:06:00,VIN-B1082,87.7
2024-01-08 11:09:00,VIN-B1083,85.6
2024-01-08 11:12:00,VIN-B1084,89.6
2024-01-08 11:15:00,VIN-B1085,70.1
2024-01-08 11:18:00,VIN-B1086,99.9
2024-01-08 11:21:00,VIN-B1087,105.3
2024-01-08 11:24:00,VIN-B1088,100.8
2024-01-08 11:27:00,VIN-B1089,93.5
2024-01-08 11:30:00,VIN-B1090,78.0
2024-01-08 11:33:00,VIN-B1091,80.8
2024-01-08 11:36:00,VIN-B1092,70.7
2024-01-08 11:39:00,VIN-B1093,109.5
2024-01-08 11:42:00,VIN-B1094,74.4
2024-01-08 11:45:00,VIN-B1095,80.9
2024-01-08 11:48:00,VIN-B1096,70.8
2024-01-08 11:51:00,VIN-B1097,106.0
2024-01-08 11:54:00,VIN-B1098,95.1
2024-01-08 11:57:00,VIN-B1099,83.1
2024-01-08 12:00:00,VIN-B1100,70.1
2024-01-08 12:03:00,VIN-B1101,98.8
2024-01-08 12:06:00,VIN-B1102,93.4
2024-01-08 12:09:00,VIN-B1103,73.8
2024-01-08 12:12:00,VIN-B1104,83.0
2024-01-08 12:15:00,VIN-B1105,91.3
2024-01-08 12:18:00,VIN-B1106,97.6
2024-01-08 12:21:00,VIN-B1107,86.4
2024-01-08 12:24:00,VIN-B1108,74.1
2024-01-08 12:27:00,VIN-B1109,78.8
2024-01-08 12:30:00,VIN-B1110,80.3
2024-01-08 12:33:00,VIN-B1111,95.7
2024-01-08 12:36:00,VIN-B1112,83.6
2024-01-08 12:39:00,VIN-B1113,101.6
2024-01-08 12:42:00,VIN-B1114,71.8
2024-01-08 12:45:00,VIN-B1115,107.0
2024-01-08 12:48:00,VIN-B1116,105.5
2024-01-08 12:51:00,VIN-B1117,107.0
2024-01-08 12:54:00,VIN-B1118,107.4
2024-01-08 12:57:00,VIN-B1119,71.1
2024-01-08 13:00:00,VIN-B1120,96.7
2024-01-08 13:03:00,VIN-B1121,99.5
2024-01-08 13:06:00,VIN-B1122,77.9
2024-01-08 13:09:00,VIN-B1123,79.0
2024-01-08 13:12:00,VIN-B1124,84.7
2024-01-08 13:15:00,VIN-B1125,76.2
2024-01-08 13:18:00,VIN-B1126,85.1
2024-01-08 13:21:00,VIN-B1127,97.4
2024-01-08 13:24:00,VIN-B1128,78.5
2024-01-08 13:27:00,VIN-B1129,98.0
2024-01-08 13:30:00,VIN-B1130,105.5
2024-01-08 13:33:00,VIN-B1131,108.1
2024-01-08 13:36:00,VIN-B1132,81.2
2024-01-08 13:39:00,VIN-B1133,77.9
2024-01-08 13:42:00,VIN-B1134,107.1
2024-01-08 13:45:00,VIN-B1135,106.0
2024-01-08 13:48:00,VIN-B1136,92.4
2024-01-08 13:51:00,VIN-B1137,72.1
2024-01-08 13:54:00,VIN-B1138,79.6
2024-01-08 13:57:00,VIN-B1139,79.7
2024-01-08 14:00:00,VIN-B1140,80.4
2024-01-08 14:03:00,VIN-B1141,71.8
2024-01-08 14:06:00,VIN-B1142,102.1
2024-01-08 14:09:00,VIN-B1143,95.0
2024-01-08 14:12:00,VIN-B1144,99.5
2024-01-08 14:15:00,VIN-B1145,109.7
2024-01-08 14:18:00,VIN-B1146,101.2
2024-01-08 14:21:00,VIN-B1147,73.3
2024-01-08 14:24:00,VIN-B1148,73.3
2024-01-08 14:27:00,VIN-B1149,87.6
2024-01-08 14:30:00,VIN-B1150,101.5
2024-01-08 14:33:00,VIN-B1151,109.5
2024-01-08 14:36:00,VIN-B1152,100.1
2024-01-08 14:39:00,VIN-B1153,94.0
2024-01-08 14:42:00,VIN-B1154,90.9
2024-01-08 14:45:00,VIN-B1155,90.1
2024-01-08 14:48:00,VIN-B1156,71.6
2024-01-08 14:51:00,VIN-B1157,70.1
2024-01-08 14:54:00,VIN-B1158,95.5
2024-01-08 14:57:00,VIN-B1159,91.2
2024-01-08 15:00:00,VIN-B1160,86.5
2024-01-08 15:03:00,VIN-B1161,84.8
2024-01-08 15:06:00,VIN-B1162,101.4
2024-01-08 15:09:00,VIN-B1163,95.0
2024-01-08 15:12:00,VIN-B1164,94.1
2024-01-08 15:15:00,VIN-B1165,101.5
2024-01-08 15:18:00,VIN-B1166,75.0
2024-01-08 15:21:00,VIN-B1167,104.6
2024-01-08 15:24:00,VIN-B1168,80.5
2024-01-08 15:27:00,VIN-B1169,91.9
2024-01-08 15:30:00,VIN-B1170,90.6
2024-01-08 15:33:00,VIN-B1171,86.0
2024-01-08 15:36:00,VIN-B1172,97.9
2024-01-08 15:39:00,VIN-B1173,90.9
2024-01-08 15:42:00,VIN-B1174,86.3
2024-01-08 15:45:00,VIN-B1175,100.3
2024-01-08 15:48:00,VIN-B1176,78.6
2024-01-08 15:51:00,VIN-B1177,88.5
2024-01-08 15:54:00,VIN-B1178,76.3
2024-01-08 15:57:00,VIN-B1179,104.7
2024-01-08 16:00:00,VIN-B1180,98.8
2024-01-08 16:03:00,VIN-B1181,81.8
2024-01-08 16:06:00,VIN-B1182,96.7
2024-01-08 16:09:00,VIN-B1183,104.5
2024-01-08 16:12:00,VIN-B1184,100.9
2024-01-08 16:15:00,VIN-B1185,103.2
2024-01-08 16:18:00,VIN-B1186,88.6
2024-01-08 16:21:00,VIN-B1187,71.5
2024-01-08 16:24:00,VIN-B1188,79.6
2024-01-08 16:27:00,VIN-B1189,77.8
2024-01-08 16:30:00,VIN-B1190,85.8
2024-01-08 16:33:00,VIN-B1191,73.6
2024-01-08 16:36:00,VIN-B1192,98.9
2024-01-08 16:39:00,VIN-B1193,79.6
2024-01-08 16:42:00,VIN-B1194,78.7
2024-01-08 16:45:00,VIN-B1195,71.6
2024-01-08 16:48:00,VIN-B1196,108.2
2024-01-08 16:51:00,VIN-B1197,100.3
2024-01-08 16:54:00,VIN-B1198,108.4
2024-01-08 16:57:00,VIN-B1199,70.4
2024-01-08 17:00:00,VIN-B1200,93.4
2024-01-08 17:03:00,VIN-B1201,103.5
2024-01-08 17:06:00,VIN-B1202,83.4
2024-01-08 17:09:00,VIN-B1203,102.9
2024-01-08 17:12:00,VIN-B1204,106.7
2024-01-08 17:15:00,VIN-B1205,84.7
2024-01-08 17:18:00,VIN-B1206,73.1
2024-01-08 17:21:00,VIN-B1207,74.4
2024-01-08 17:24:00,VIN-B1208,83.7
2024-01-08 17:27:00,VIN-B1209,77.8
2024-01-08 17:30:00,VIN-B1210,94.3
2024-01-08 17:33:00,VIN-B1211,81.0
2024-01-08 17:36:00,VIN-B1212,107.4
2024-01-08 17:39:00,VIN-B1213,75.2
2024-01-08 17:42:00,VIN-B1214,103.2
2024-01-08 17:45:00,VIN-B1215,79.5
2024-01-08 17:48:00,VIN-B1216,90.8
2024-01-08 17:51:00,VIN-B1217,101.2
2024-01-08 17:54:00,VIN-B1218,105.0
2024-01-08 17:57:00,VIN-B1219,85.6
2024-01-08 18:00:00,VIN-B1220,85.5
2024-01-08 18:03:00,VIN-B1221,74.0
2024-01-08 18:06:00,VIN-B1222,84.2
2024-01-08 18:09:00,VIN-B1223,87.4
2024-01-08 18:12:00,VIN-B1224,87.0
2024-01-08 18:15:00,VIN-B1225,109.4
2024-01-08 18:18:00,VIN-B1226,74.6
2024-01-08 18:21:00,VIN-B1227,101.2
2024-01-08 18:24:00,VIN-B1228,86.3
2024-01-08 18:27:00,VIN-B1229,72.1
2024-01-08 18:30:00,VIN-B1230,94.2
2024-01-08 18:33:00,VIN-B1231,102.1
2024-01-08 18:36:00,VIN-B1232,98.6
2024-01-08 18:39:00,VIN-B1233,86.1
2024-01-08 18:42:00,VIN-B1234,100.7
2024-01-08 18:45:00,VIN-B1235,103.2
2024-01-08 18:48:00,VIN-B1236,73.6
2024-01-08 18:51:00,VIN-B1237,93.2
2024-01-08 18:54:00,VIN-B1238,83.2
2024-01-08 18:57:00,VIN-B1239,92.8
2024-01-08 19:00:00,VIN-B1240,105.6
2024-01-08 19:03:00,VIN-B1241,81.8
2024-01-08 19:06:00,VIN-B1242,92.6
2024-01-08 19:09:00,VIN-B1243,109.6
2024-01-08 19:12:00,VIN-B1244,88.3
2024-01-08 19:15:00,VIN-B1245,77.0
2024-01-08 19:18:00,VIN-B1246,90.8
2024-01-08 19:21:00,VIN-B1247,96.0
2024-01-08 19:24:00,VIN-B1248,103.4
2024-01-08 19:27:00,VIN-B1249,108.4
2024-01-08 19:30:00,VIN-B1250,106.1
2024-01-08 19:33:00,VIN-B1251,92.0
2024-01-08 19:36:00,VIN-B1252,91.8
2024-01-08 19:39:00,VIN-B1253,101.3
2024-01-08 19:42:00,VIN-B1254,95.2
2024-01-08 19:45:00,VIN-B1255,102.3
2024-01-08 19:48:00,VIN-B1256,100.7
2024-01-08 19:51:00,VIN-B1257,109.2
2024-01-08 19:54:00,VIN-B1258,101.1
2024-01-08 19:57:00,VIN-B1259,104.0
2024-01-08 20:00:00,VIN-B1260,103.3
2024-01-08 20:03:00,VIN-B1261,70.3
2024-01-08 20:06:00,VIN-B1262,106.3
2024-01-08 20:09:00,VIN-B1263,103.3
2024-01-08 20:12:00,VIN-B1264,73.2
2024-01-08 20:15:00,VIN-B1265,71.9
2024-01-08 20:18:00,VIN-B1266,73.2
2024-01-08 20:21:00,VIN-B1267,72.2
2024-01-08 20:24:00,VIN-B1268,104.9
2024-01-08 20:27:00,VIN-B1269,72.0
2024-01-08 20:30:00,VIN-B1270,70.7
2024-01-08 20:33:00,VIN-B1271,85.6
2024-01-08 20:36:00,VIN-B1272,99.0
2024-01-08 20:39:00,VIN-B1273,93.9
2024-01-08 20:42:00,VIN-B1274,99.8
2024-01-08 20:45:00,VIN-B1275,106.9
2024-01-08 20:48:00,VIN-B1276,100.8
2024-01-08 20:51:00,VIN-B1277,72.7
2024-01-08 20:54:00,VIN-B1278,73.6
2024-01-08 20:57:00,VIN-B1279,98.6
2024-01-08 21:00:00,VIN-B1280,74.3
2024-01-08 21:03:00,VIN-B1281,78.2
2024-01-08 21:06:00,VIN-B1282,73.1
2024-01-08 21:09:00,VIN-B1283,100.0
2024-01-08 21:12:00,VIN-B1284,75.3
2024-01-08 21:15:00,VIN-B1285,85.0
2024-01-08 21:18:00,VIN-B1286,82.3
2024-01-08 21:21:00,VIN-B1287,104.6
2024-01-08 21:24:00,VIN-B1288,81.8
2024-01-08 21:27:00,VIN-B1289,81.0
2024-01-08 21:30:00,VIN-B1290,97.3
2024-01-08 21:33:00,VIN-B1291,107.1
2024-01-08 21:36:00,VIN-B1292,96.7
2024-01-08 21:39:00,VIN-B1293,103.4
2024-01-08 21:42:00,VIN-B1294,74.1
2024-01-08 21:45:00,VIN-B1295,76.9
2024-01-08 21:48:00,VIN-B1296,101.4
2024-01-08 21:51:00,VIN-B1297,104.7
2024-01-08 21:54:00,VIN-B1298,105.1
2024-01-08 21:57:00,VIN-B1299,86.3
2024-01-08 22:00:00,VIN-B1300,108.4
2024-01-08 22:03:00,VIN-B1301,86.1
2024-01-08 22:06:00,VIN-B1302,98.0
2024-01-08 22:09:00,VIN-B1303,106.0
2024-01-08 22:12:00,VIN-B1304,84.6
2024-01-08 22:15:00,VIN-B1305,96.4
2024-01-08 22:18:00,VIN-B1306,83.1
2024-01-08 22:21:00,VIN-B1307,70.6
2024-01-08 22:24:00,VIN-B1308,97.5
2024-01-08 22:27:00,VIN-B1309,90.9
2024-01-08 22:30:00,VIN-B1310,83.1
2024-01-08 22:33:00,VIN-B1311,92.3
2024-01-08 22:36:00,VIN-B1312,87.2
2024-01-08 22:39:00,VIN-B1313,108.1
2024-01-08 22:42:00,VIN-B1314,101.9
2024-01-08 22:45:00,VIN-B1315,96.5
2024-01-08 22:48:00,VIN-B1316,90.3
2024-01-08 22:51:00,VIN-B1317,103.8
2024-01-08 22:54:00,VIN-B1318,95.9
2024-01-08 22:57:00,VIN-B1319,108.5
2024-01-08 23:00:00,VIN-B1320,73.7
2024-01-08 23:03:00,VIN-B1321,87.9
2024-01-08 23:06:00,VIN-B1322,71.0
2024-01-08 23:09:00,VIN-B1323,108.5
2024-01-08 23:12:00,VIN-B1324,89.8
2024-01-08 23:15:00,VIN-B1325,104.3
2024-01-08 23:18:00,VIN-B1326,98.7
2024-01-08 23:21:00,VIN-B1327,90.6
2024-01-08 23:24:00,VIN-B1328,101.6
2024-01-08 23:27:00,VIN-B1329,85.9
2024-01-08 23:30:00,VIN-B1330,84.7
2024-01-08 23:33:00,VIN-B1331,100.2
2024-01-08 23:36:00,VIN-B1332,97.4
2024-01-08 23:39:00,VIN-B1333,76.7
2024-01-08 23:42:00,VIN-B1334,104.1
2024-01-08 23:45:00,VIN-B1335,88.4
2024-01-08 23:48:00,VIN-B1336,77.4
2024-01-08 23:51:00,VIN-B1337,101.6
2024-01-08 23:54:00,VIN-B1338,91.8
2024-01-08 23:57:00,VIN-B1339,83.6
2024-01-09 00:00:00,VIN-B1340,77.5
2024-01-09 00:03:00,VIN-B1341,77.1
2024-01-09 00:06:00,VIN-B1342,86.1
2024-01-09 00:09:00,VIN-B1343,83.7
2024-01-09 00:12:00,VIN-B1344,78.9
2024-01-09 00:15:00,VIN-B1345,84.8
2024-01-09 00:18:00,VIN-B1346,108.3
2024-01-09 00:21:00,VIN-B1347,94.4
2024-01-09 00:24:00,VIN-B1348,103.0
2024-01-09 00:27:00,VIN-B1349,105.1
2024-01-09 00:30:00,VIN-B1350,107.1
2024-01-09 00:33:00,VIN-B1351,76.6
2024-01-09 00:36:00,VIN-B1352,93.3
2024-01-09 00:39:00,VIN-B1353,78.4
2024-01-09 00:42:00,VIN-B1354,74.3
2024-01-09 00:45:00,VIN-B1355,99.2
2024-01-09 00:48:00,VIN-B1356,89.0
2024-01-09 00:51:00,VIN-B1357,102.0
2024-01-09 00:54:00,VIN-B1358,108.4
2024-01-09 00:57:00,VIN-B1359,81.3
2024-01-09 01:00:00,VIN-B1360,77.1
2024-01-09 01:03:00,VIN-B1361,97.8
2024-01-09 01:06:00,VIN-B1362,100.3
2024-01-09 01:09:00,VIN-B1363,103.8
2024-01-09 01:12:00,VIN-B1364,86.1
2024-01-09 01:15:00,VIN-B1365,86.6
2024-01-09 01:18:00,VIN-B1366,101.7
2024-01-09 01:21:00,VIN-B1367,104.5
2024-01-09 01:24:00,VIN-B1368,109.3
2024-01-09 01:27:00,VIN-B1369,99.3
2024-01-09 01:30:00,VIN-B1370,101.5
2024-01-09 01:33:00,VIN-B1371,82.2
2024-01-09 01:36:00,VIN-B1372,102.5
2024-01-09 01:39:00,VIN-B1373,107.3
2024-01-09 01:42:00,VIN-B1374,102.1
2024-01-09 01:45:00,VIN-B1375,72.9
2024-01-09 01:48:00,VIN-B1376,102.0
2024-01-09 01:51:00,VIN-B1377,83.0
2024-01-09 01:54:00,VIN-B1378,92.2
2024-01-09 01:57:00,VIN-B1379,81.4
2024-01-09 02:00:00,VIN-B1380,93.5
2024-01-09 02:03:00,VIN-B1381,108.5
2024-01-09 02:06:00,VIN-B1382,88.0
2024-01-09 02:09:00,VIN-B1383,95.7
2024-01-09 02:12:00,VIN-B1384,103.8
2024-01-09 02:15:00,VIN-B1385,81.5
2024-01-09 02:18:00,VIN-B1386,102.2
2024-01-09 02:21:00,VIN-B1387,99.5
2024-01-09 02:24:00,VIN-B1388,94.3
2024-01-09 02:27:00,VIN-B1389,95.0
2024-01-09 02:30:00,VIN-B1390,90.8
2024-01-09 02:33:00,VIN-B1391,98.7
2024-01-09 02:36:00,VIN-B1392,100.7
2024-01-09 02:39:00,VIN-B1393,77.1
2024-01-09 02:42:00,VIN-B1394,82.8
2024-01-09 02:45:00,VIN-B1395,89.4
2024-01-09 02:48:00,VIN-B1396,83.0
2024-01-09 02:51:00,VIN-B1397,85.3
2024-01-09 02:54:00,VIN-B1398,85.7
2024-01-09 02:57:00,VIN-B1399,108.4
2024-01-09 03:00:00,VIN-B1400,97.5
2024-01-09 03:03:00,VIN-B1401,107.0
2024-01-09 03:06:00,VIN-B1402,83.0
2024-01-09 03:09:00,VIN-B1403,99.6
2024-01-09 03:12:00,VIN-B1404,102.0
2024-01-09 03:15:00,VIN-B1405,79.5
2024-01-09 03:18:00,VIN-B1406,83.0
2024-01-09 03:21:00,VIN-B1407,82.8
2024-01-09 03:24:00,VIN-B1408,89.6
2024-01-09 03:27:00,VIN-B1409,78.8
2024-01-09 03:30:00,VIN-B1410,92.8
2024-01-09 03:33:00,VIN-B1411,94.4
2024-01-09 03:36:00,VIN-B1412,94.1
2024-01-09 03:39:00,VIN-B1413,77.5
2024-01-09 03:42:00,VIN-B1414,83.2
2024-01-09 03:45:00,VIN-B1415,98.8
2024-01-09 03:48:00,VIN-B1416,75.5
2024-01-09 03:51:00,VIN-B1417,75.2
2024-01-09 03:54:00,VIN-B1418,75.4
2024-01-09 03:57:00,VIN-B1419,91.9
2024-01-09 04:00:00,VIN-B1420,100.4
2024-01-09 04:03:00,VIN-B1421,90.7
2024-01-09 04:06:00,VIN-B1422,97.3
2024-01-09 04:09:00,VIN-B1423,96.7
2024-01-09 04:12:00,VIN-B1424,107.0
2024-01-09 04:15:00,VIN-B1425,78.1
2024-01-09 04:18:00,VIN-B1426,95.8
2024-01-09 04:21:00,VIN-B1427,74.4
2024-01-09 04:24:00,VIN-B1428,108.2
2024-01-09 04:27:00,VIN-B1429,70.9
2024-01-09 04:30:00,VIN-B1430,96.6
2024-01-09 04:33:00,VIN-B1431,96.2
2024-01-09 04:36:00,VIN-B1432,106.5
2024-01-09 04:39:00,VIN-B1433,78.4
2024-01-09 04:42:00,VIN-B1434,75.8
2024-01-09 04:45:00,VIN-B1435,74.6
2024-01-09 04:48:00,VIN-B1436,86.4
2024-01-09 04:51:00,VIN-B1437,94.2
2024-01-09 04:54:00,VIN-B1438,85.3
2024-01-09 04:57:00,VIN-B1439,74.8
2024-01-09 05:00:00,VIN-B1440,96.5
2024-01-09 05:03:00,VIN-B1441,77.9
2024-01-09 05:06:00,VIN-B1442,81.7
2024-01-09 05:09:00,VIN-B1443,91.4
2024-01-09 05:12:00,VIN-B1444,101.1
2024-01-09 05:15:00,VIN-B1445,77.0
2024-01-09 05:18:00,VIN-B1446,95.0
2024-01-09 05:21:00,VIN-B1447,93.1
2024-01-09 05:24:00,VIN-B1448,85.0
2024-01-09 05:27:00,VIN-B1449,98.0
2024-01-09 05:30:00,VIN-B1450,103.6
2024-01-09 05:33:00,VIN-B1451,102.2
2024-01-09 05:36:00,VIN-B1452,75.1
2024-01-09 05:39:00,VIN-B1453,101.1
2024-01-09 05:42:00,VIN-B1454,81.0
2024-01-09 05:45:00,VIN-B1455,91.6
2024-01-09 05:48:00,VIN-B1456,78.5
2024-01-09 05:51:00,VIN-B1457,71.0
2024-01-09 05:54:00,VIN-B1458,74.9
2024-01-09 05:57:00,VIN-B1459,81.1
2024-01-09 06:00:00,VIN-B1460,98.8
2024-01-09 06:03:00,VIN-B1461,86.5
2024-01-09 06:06:00,VIN-B1462,83.7
2024-01-09 06:09:00,VIN-B1463,78.9
2024-01-09 06:12:00,VIN-B1464,72.3
2024-01-09 06:15:00,VIN-B1465,108.3
2024-01-09 06:18:00,VIN-B1466,84.7
2024-01-09 06:21:00,VIN-B1467,84.8
2024-01-09 06:24:00,VIN-B1468,84.9
2024-01-09 06:27:00,VIN-B1469,80.1
2024-01-09 06:30:00,VIN-B1470,88.5
2024-01-09 06:33:00,VIN-B1471,100.8
2024-01-09 06:36:00,VIN-B1472,78.3
2024-01-09 06:39:00,VIN-B1473,92.2
2024-01-09 06:42:00,VIN-B1474,89.6
2024-01-09 06:45:00,VIN-B1475,90.7
2024-01-09 06:48:00,VIN-B1476,74.3
2024-01-09 06:51:00,VIN-B1477,109.0
2024-01-09 06:54:00,VIN-B1478,90.3
2024-01-09 06:57:00,VIN-B1479,88.5
2024-01-09 07:00:00,VIN-B1480,102.5
2024-01-09 07:03:00,VIN-B1481,89.7
2024-01-09 07:06:00,VIN-B1482,98.2
2024-01-09 07:09:00,VIN-B1483,84.0
2024-01-09 07:12:00,VIN-B1484,87.0
2024-01-09 07:15:00,VIN-B1485,78.2
2024-01-09 07:18:00,VIN-B1486,94.3
2024-01-09 07:21:00,VIN-B1487,106.9
2024-01-09 07:24:00,VIN-B1488,102.9
2024-01-09 07:27:00,VIN-B1489,103.2
2024-01-09 07:30:00,VIN-B1490,72.3
2024-01-09 07:33:00,VIN-B1491,82.4
2024-01-09 07:36:00,VIN-B1492,101.8
2024-01-09 07:39:00,VIN-B1493,75.0
2024-01-09 07:42:00,VIN-B1494,93.4
2024-01-09 07:45:00,VIN-B1495,102.8
2024-01-09 07:48:00,VIN-B1496,93.0
2024-01-09 07:51:00,VIN-B1497,82.7
2024-01-09 07:54:00,VIN-B1498,102.3
2024-01-09 07:57:00,VIN-B1499,107.2
2024-01-09 08:00:00,VIN-B1500,95.6
2024-01-09 08:03:00,VIN-B1501,97.4
2024-01-09 08:06:00,VIN-B1502,74.1
2024-01-09 08:09:00,VIN-B1503,78.7
2024-01-09 08:12:00,VIN-B1504,92.8
2024-01-09 08:15:00,VIN-B1505,87.5
2024-01-09 08:18:00,VIN-B1506,93.3
2024-01-09 08:21:00,VIN-B1507,102.3
2024-01-09 08:24:00,VIN-B1508,76.6
2024-01-09 08:27:00,VIN-B1509,71.1
2024-01-09 08:30:00,VIN-B1510,74.2
2024-01-09 08:33:00,VIN-B1511,95.2
2024-01-09 08:36:00,VIN-B1512,79.4
2024-01-09 08:39:00,VIN-B1513,106.0
2024-01-09 08:42:00,VIN-B1514,108.5
2024-01-09 08:45:00,VIN-B1515,107.1
2024-01-09 08:48:00,VIN-B1516,108.8
2024-01-09 08:51:00,VIN-B1517,91.4
2024-01-09 08:54:00,VIN-B1518,90.9
2024-01-09 08:57:00,VIN-B1519,108.9
2024-01-09 09:00:00,VIN-B1520,72.5
2024-01-09 09:03:00,VIN-B1521,89.0
2024-01-09 09:06:00,VIN-B1522,103.7
2024-01-09 09:09:00,VIN-B1523,73.7
2024-01-09 09:12:00,VIN-B1524,90.4
2024-01-09 09:15:00,VIN-B1525,101.7
2024-01-09 09:18:00,VIN-B1526,88.5
2024-01-09 09:21:00,VIN-B1527,96.6
2024-01-09 09:24:00,VIN-B1528,79.2
2024-01-09 09:27:00,VIN-B1529,101.6
2024-01-09 09:30:00,VIN-B1530,89.8
2024-01-09 09:33:00,VIN-B1531,81.4
2024-01-09 09:36:00,VIN-B1532,83.3
2024-01-09 09:39:00,VIN-B1533,93.2
2024-01-09 09:42:00,VIN-B1534,77.3
2024-01-09 09:45:00,VIN-B1535,98.1
2024-01-09 09:48:00,VIN-B1536,91.9
2024-01-09 09:51:00,VIN-B1537,71.0
2024-01-09 09:54:00,VIN-B1538,87.8
2024-01-09 09:57:00,VIN-B1539,75.7
2024-01-09 10:00:00,VIN-B1540,103.0
2024-01-09 10:03:00,VIN-B1541,70.0
2024-01-09 10:06:00,VIN-B1542,80.6
2024-01-09 10:09:00,VIN-B1543,94.6
2024-01-09 10:12:00,VIN-B1544,85.8
2024-01-09 10:15:00,VIN-B1545,94.1
2024-01-09 10:18:00,VIN-B1546,73.6
2024-01-09 10:21:00,VIN-B1547,93.5
2024-01-09 10:24:00,VIN-B1548,96.4
2024-01-09 10:27:00,VIN-B1549,109.9
2024-01-09 10:30:00,VIN-B1550,79.3
2024-01-09 10:33:00,VIN-B1551,83.7
2024-01-09 10:36:00,VIN-B1552,82.8
2024-01-09 10:39:00,VIN-B1553,106.4
2024-01-09 10:42:00,VIN-B1554,89.8
2024-01-09 10:45:00,VIN-B1555,82.7
2024-01-09 10:48:00,VIN-B1556,80.9
2024-01-09 10:51:00,VIN-B1557,88.8
2024-01-09 10:54:00,VIN-B1558,100.9
2024-01-09 10:57:00,VIN-B1559,91.9
2024-01-09 11:00:00,VIN-B1560,88.5
2024-01-09 11:03:00,VIN-B1561,87.7
2024-01-09 11:06:00,VIN-B1562,101.5
2024-01-09 11:09:00,VIN-B1563,95.1
2024-01-09 11:12:00,VIN-B1564,98.0
2024-01-09 11:15:00,VIN-B1565,82.5
2024-01-09 11:18:00,VIN-B1566,83.1
2024-01-09 11:21:00,VIN-B1567,74.4
2024-01-09 11:24:00,VIN-B1568,72.3
2024-01-09 11:27:00,VIN-B1569,79.9
2024-01-09 11:30:00,VIN-B1570,84.1
2024-01-09 11:33:00,VIN-B1571,79.1
2024-01-09 11:36:00,VIN-B1572,78.3
2024-01-09 11:39:00,VIN-B1573,74.0
2024-01-09 11:42:00,VIN-B1574,85.2
2024-01-09 11:45:00,VIN-B1575,102.3
2024-01-09 11:48:00,VIN-B1576,77.2
2024-01-09 11:51:00,VIN-B1577,97.3
2024-01-09 11:54:00,VIN-B1578,87.3
2024-01-09 11:57:00,VIN-B1579,80.5
2024-01-09 12:00:00,VIN-B1580,82.6
2024-01-09 12:03:00,VIN-B1581,83.6
2024-01-09 12:06:00,VIN-B1582,100.7
2024-01-09 12:09:00,VIN-B1583,87.0
2024-01-09 12:12:00,VIN-B1584,102.0
2024-01-09 12:15:00,VIN-B1585,100.8
2024-01-09 12:18:00,VIN-B1586,85.9
2024-01-09 12:21:00,VIN-B1587,107.0
2024-01-09 12:24:00,VIN-B1588,76.4
2024-01-09 12:27:00,VIN-B1589,77.2
2024-01-09 12:30:00,VIN-B1590,97.8
2024-01-09 12:33:00,VIN-B1591,94.5
2024-01-09 12:36:00,VIN-B1592,81.2
2024-01-09 12:39:00,VIN-B1593,91.3
2024-01-09 12:42:00,VIN-B1594,70.2
2024-01-09 12:45:00,VIN-B1595,89.0
2024-01-09 12:48:00,VIN-B1596,109.7
2024-01-09 12:51:00,VIN-B1597,93.1
2024-01-09 12:54:00,VIN-B1598,107.2
2024-01-09 12:57:00,VIN-B1599,101.7
2024-01-09 13:00:00,VIN-B1600,73.0
2024-01-09 13:03:00,VIN-B1601,78.2
2024-01-09 13:06:00,VIN-B1602,83.7
2024-01-09 13:09:00,VIN-B1603,104.7
2024-01-09 13:12:00,VIN-B1604,108.9
2024-01-09 13:15:00,VIN-B1605,107.9
2024-01-09 13:18:00,VIN-B1606,90.1
2024-01-09 13:21:00,VIN-B1607,71.9
2024-01-09 13:24:00,VIN-B1608,96.1
2024-01-09 13:27:00,VIN-B1609,104.8
2024-01-09 13:30:00,VIN-B1610,107.8
2024-01-09 13:33:00,VIN-B1611,81.4
2024-01-09 13:36:00,VIN-B1612,97.3
2024-01-09 13:39:00,VIN-B1613,88.0
2024-01-09 13:42:00,VIN-B1614,79.7
2024-01-09 13:45:00,VIN-B1615,89.6
2024-01-09 13:48:00,VIN-B1616,97.4
2024-01-09 13:51:00,VIN-B1617,98.6
2024-01-09 13:54:00,VIN-B1618,94.3
2024-01-09 13:57:00,VIN-B1619,80.2
2024-01-09 14:00:00,VIN-B1620,94.4
2024-01-09 14:03:00,VIN-B1621,80.7
2024-01-09 14:06:00,VIN-B1622,105.2
2024-01-09 14:09:00,VIN-B1623,90.6
2024-01-09 14:12:00,VIN-B1624,90.2
2024-01-09 14:15:00,VIN-B1625,83.8
2024-01-09 14:18:00,VIN-B1626,80.5
2024-01-09 14:21:00,VIN-B1627,102.8
2024-01-09 14:24:00,VIN-B1628,94.1
2024-01-09 14:27:00,VIN-B1629,70.6
2024-01-09 14:30:00,VIN-B1630,79.6
2024-01-09 14:33:00,VIN-B1631,108.4
2024-01-09 14:36:00,VIN-B1632,102.2
2024-01-09 14:39:00,VIN-B1633,105.4
2024-01-09 14:42:00,VIN-B1634,109.7
2024-01-09 14:45:00,VIN-B1635,103.5
2024-01-09 14:48:00,VIN-B1636,80.2
2024-01-09 14:51:00,VIN-B1637,98.4
2024-01-09 14:54:00,VIN-B1638,103.3
2024-01-09 14:57:00,VIN-B1639,90.9
2024-01-09 15:00:00,VIN-B1640,109.0
2024-01-09 15:03:00,VIN-B1641,71.2
2024-01-09 15:06:00,VIN-B1642,109.3
2024-01-09 15:09:00,VIN-B1643,98.5
2024-01-09 15:12:00,VIN-B1644,74.8
2024-01-09 15:15:00,VIN-B1645,77.0
2024-01-09 15:18:00,VIN-B1646,88.5
2024-01-09 15:21:00,VIN-B1647,90.3
2024-01-09 15:24:00,VIN-B1648,98.6
2024-01-09 15:27:00,VIN-B1649,77.6
2024-01-09 15:30:00,VIN-B1650,106.7
2024-01-09 15:33:00,VIN-B1651,96.0
2024-01-09 15:36:00,VIN-B1652,101.4
2024-01-09 15:39:00,VIN-B1653,77.8
2024-01-09 15:42:00,VIN-B1654,103.3
2024-01-09 15:45:00,VIN-B1655,99.3
2024-01-09 15:48:00,VIN-B1656,106.6
2024-01-09 15:51:00,VIN-B1657,107.7
2024-01-09 15:54:00,VIN-B1658,103.4
2024-01-09 15:57:00,VIN-B1659,87.4
2024-01-09 16:00:00,VIN-B1660,80.7
2024-01-09 16:03:00,VIN-B1661,106.6
2024-01-09 16:06:00,VIN-B1662,98.2
2024-01-09 16:09:00,VIN-B1663,70.1
2024-01-09 16:12:00,VIN-B1664,94.6
2024-01-09 16:15:00,VIN-B1665,71.7
2024-01-09 16:18:00,VIN-B1666,87.2
2024-01-09 16:21:00,VIN-B1667,85.1
2024-01-09 16:24:00,VIN-B1668,76.4
2024-01-09 16:27:00,VIN-B1669,91.6
2024-01-09 16:30:00,VIN-B1670,88.9
2024-01-09 16:33:00,VIN-B1671,101.3
2024-01-09 16:36:00,VIN-B1672,77.2
2024-01-09 16:39:00,VIN-B1673,105.9
2024-01-09 16:42:00,VIN-B1674,70.9
2024-01-09 16:45:00,VIN-B1675,88.2
2024-01-09 16:48:00,VIN-B1676,85.2
2024-01-09 16:51:00,VIN-B1677,100.4
2024-01-09 16:54:00,VIN-B1678,107.6
2024-01-09 16:57:00,VIN-B1679,108.9
2024-01-09 17:00:00,VIN-B1680,98.2
2024-01-09 17:03:00,VIN-B1681,85.4
2024-01-09 17:06:00,VIN-B1682,81.2
2024-01-09 17:09:00,VIN-B1683,87.4
2024-01-09 17:12:00,VIN-B1684,83.4
2024-01-09 17:15:00,VIN-B1685,98.8
2024-01-09 17:18:00,VIN-B1686,102.9
2024-01-09 17:21:00,VIN-B1687,103.3
2024-01-09 17:24:00,VIN-B1688,70.1
2024-01-09 17:27:00,VIN-B1689,89.9
2024-01-09 17:30:00,VIN-B1690,72.5
2024-01-09 17:33:00,VIN-B1691,86.4
2024-01-09 17:36:00,VIN-B1692,103.1
2024-01-09 17:39:00,VIN-B1693,90.1
2024-01-09 17:42:00,VIN-B1694,70.2
2024-01-09 17:45:00,VIN-B1695,76.4
2024-01-09 17:48:00,VIN-B1696,75.4
2024-01-09 17:51:00,VIN-B1697,70.2
2024-01-09 17:54:00,VIN-B1698,73.7
2024-01-09 17:57:00,VIN-B1699,103.8
2024-01-09 18:00:00,VIN-B1700,82.6
2024-01-09 18:03:00,VIN-B1701,99.8
2024-01-09 18:06:00,VIN-B1702,72.1
2024-01-09 18:09:00,VIN-B1703,88.5
2024-01-09 18:12:00,VIN-B1704,70.2
2024-01-09 18:15:00,VIN-B1705,105.1
2024-01-09 18:18:00,VIN-B1706,98.0
2024-01-09 18:21:00,VIN-B1707,86.5
2024-01-09 18:24:00,VIN-B1708,83.8
2024-01-09 18:27:00,VIN-B1709,100.6
2024-01-09 18:30:00,VIN-B1710,109.1
2024-01-09 18:33:00,VIN-B1711,78.5
2024-01-09 18:36:00,VIN-B1712,80.3
2024-01-09 18:39:00,VIN-B1713,78.9
2024-01-09 18:42:00,VIN-B1714,78.5
2024-01-09 18:45:00,VIN-B1715,87.5
2024-01-09 18:48:00,VIN-B1716,83.5
2024-01-09 18:51:00,VIN-B1717,86.2
2024-01-09 18:54:00,VIN-B1718,99.8
2024-01-09 18:57:00,VIN-B1719,109.6
2024-01-09 19:00:00,VIN-B1720,91.9
2024-01-09 19:03:00,VIN-B1721,85.3
2024-01-09 19:06:00,VIN-B1722,86.2
2024-01-09 19:09:00,VIN-B1723,72.1
2024-01-09 19:12:00,VIN-B1724,85.7
2024-01-09 19:15:00,VIN-B1725,84.6
2024-01-09 19:18:00,VIN-B1726,99.2
2024-01-09 19:21:00,VIN-B1727,106.1
2024-01-09 19:24:00,VIN-B1728,99.2
2024-01-09 19:27:00,VIN-B1729,74.0
2024-01-09 19:30:00,VIN-B1730,73.8
2024-01-09 19:33:00,VIN-B1731,102.2
2024-01-09 19:36:00,VIN-B1732,72.2
2024-01-09 19:39:00,VIN-B1733,86.2
2024-01-09 19:42:00,VIN-B1734,102.7
2024-01-09 19:45:00,VIN-B1735,97.3
2024-01-09 19:48:00,VIN-B1736,77.3
2024-01-09 19:51:00,VIN-B1737,104.9
2024-01-09 19:54:00,VIN-B1738,100.4
2024-01-09 19:57:00,VIN-B1739,74.4
2024-01-09 20:00:00,VIN-B1740,106.3
2024-01-09 20:03:00,VIN-B1741,87.6
2024-01-09 20:06:00,VIN-B1742,81.3
2024-01-09 20:09:00,VIN-B1743,98.2
2024-01-09 20:12:00,VIN-B1744,107.2
2024-01-09 20:15:00,VIN-B1745,95.8
2024-01-09 20:18:00,VIN-B1746,71.9
2024-01-09 20:21:00,VIN-B1747,108.8
2024-01-09 20:24:00,VIN-B1748,70.1
2024-01-09 20:27:00,VIN-B1749,87.1
2024-01-09 20:30:00,VIN-B1750,72.6
2024-01-09 20:33:00,VIN-B1751,108.2
2024-01-09 20:36:00,VIN-B1752,108.4
2024-01-09 20:39:00,VIN-B1753,106.4
2024-01-09 20:42:00,VIN-B1754,84.5
2024-01-09 20:45:00,VIN-B1755,92.8
2024-01-09 20:48:00,VIN-B1756,92.8
2024-01-09 20:51:00,VIN-B1757,72.9
2024-01-09 20:54:00,VIN-B1758,71.8
2024-01-09 20:57:00,VIN-B1759,90.0
2024-01-09 21:00:00,VIN-B1760,96.5
2024-01-09 21:03:00,VIN-B1761,104.5
2024-01-09 21:06:00,VIN-B1762,85.1
2024-01-09 21:09:00,VIN-B1763,70.3
2024-01-09 21:12:00,VIN-B1764,72.9
2024-01-09 21:15:00,VIN-B1765,75.2
2024-01-09 21:18:00,VIN-B1766,91.5
2024-01-09 21:21:00,VIN-B1767,96.5
2024-01-09 21:24:00,VIN-B1768,101.6
2024-01-09 21:27:00,VIN-B1769,70.6
2024-01-09 21:30:00,VIN-B1770,103.6
2024-01-09 21:33:00,VIN-B1771,90.4
2024-01-09 21:36:00,VIN-B1772,73.5
2024-01-09 21:39:00,VIN-B1773,94.7
2024-01-09 21:42:00,VIN-B1774,108.3
2024-01-09 21:45:00,VIN-B1775,82.9
2024-01-09 21:48:00,VIN-B1776,93.7
2024-01-09 21:51:00,VIN-B1777,85.8
2024-01-09 21:54:00,VIN-B1778,96.8
2024-01-09 21:57:00,VIN-B1779,88.3
2024-01-09 22:00:00,VIN-B1780,88.5
2024-01-09 22:03:00,VIN-B1781,70.0
2024-01-09 22:06:00,VIN-B1782,103.7
2024-01-09 22:09:00,VIN-B1783,77.2
2024-01-09 22:12:00,VIN-B1784,95.9
2024-01-09 22:15:00,VIN-B1785,84.1
2024-01-09 22:18:00,VIN-B1786,98.9
2024-01-09 22:21:00,VIN-B1787,74.3
2024-01-09 22:24:00,VIN-B1788,83.3
2024-01-09 22:27:00,VIN-B1789,92.8
2024-01-09 22:30:00,VIN-B1790,98.2
2024-01-09 22:33:00,VIN-B1791,98.4
2024-01-09 22:36:00,VIN-B1792,89.2
2024-01-09 22:39:00,VIN-B1793,72.7
2024-01-09 22:42:00,VIN-B1794,90.3
2024-01-09 22:45:00,VIN-B1795,83.3
2024-01-09 22:48:00,VIN-B1796,109.8
2024-01-09 22:51:00,VIN-B1797,76.5
2024-01-09 22:54:00,VIN-B1798,91.5
2024-01-09 22:57:00,VIN-B1799,75.4
2024-01-09 23:00:00,VIN-B1800,81.1
2024-01-09 23:03:00,VIN-B1801,99.2
2024-01-09 23:06:00,VIN-B1802,72.6
2024-01-09 23:09:00,VIN-B1803,98.0
2024-01-09 23:12:00,VIN-B1804,75.1
2024-01-09 23:15:00,VIN-B1805,107.5
2024-01-09 23:18:00,VIN-B1806,75.2
2024-01-09 23:21:00,VIN-B1807,97.8
2024-01-09 23:24:00,VIN-B1808,71.7
2024-01-09 23:27:00,VIN-B1809,86.7
2024-01-09 23:30:00,VIN-B1810,77.9
2024-01-09 23:33:00,VIN-B1811,98.6
2024-01-09 23:36:00,VIN-B1812,88.3
2024-01-09 23:39:00,VIN-B1813,94.4
2024-01-09 23:42:00,VIN-B1814,96.1
2024-01-09 23:45:00,VIN-B1815,88.8
2024-01-09 23:48:00,VIN-B1816,93.3
2024-01-09 23:51:00,VIN-B1817,80.5
2024-01-09 23:54:00,VIN-B1818,72.7
2024-01-09 23:57:00,VIN-B1819,102.1
2024-01-10 00:00:00,VIN-B1820,70.6
2024-01-10 00:03:00,VIN-B1821,108.8
2024-01-10 00:06:00,VIN-B1822,88.4
2024-01-10 00:09:00,VIN-B1823,79.4
2024-01-10 00:12:00,VIN-B1824,84.5
2024-01-10 00:15:00,VIN-B1825,82.0
2024-01-10 00:18:00,VIN-B1826,109.2
2024-01-10 00:21:00,VIN-B1827,98.7
2024-01-10 00:24:00,VIN-B1828,95.9
2024-01-10 00:27:00,VIN-B1829,103.9
2024-01-10 00:30:00,VIN-B1830,73.5
2024-01-10 00:33:00,VIN-B1831,96.6
2024-01-10 00:36:00,VIN-B1832,80.7
2024-01-10 00:39:00,VIN-B1833,91.4
2024-01-10 00:42:00,VIN-B1834,99.6
2024-01-10 00:45:00,VIN-B1835,99.0
2024-01-10 00:48:00,VIN-B1836,80.5
2024-01-10 00:51:00,VIN-B1837,105.5
2024-01-10 00:54:00,VIN-B1838,107.9
2024-01-10 00:57:00,VIN-B1839,96.7
2024-01-10 01:00:00,VIN-B1840,80.4
2024-01-10 01:03:00,VIN-B1841,73.1
2024-01-10 01:06:00,VIN-B1842,86.2
2024-01-10 01:09:00,VIN-B1843,104.5
2024-01-10 01:12:00,VIN-B1844,90.0
2024-01-10 01:15:00,VIN-B1845,98.9
2024-01-10 01:18:00,VIN-B1846,107.9
2024-01-10 01:21:00,VIN-B1847,92.6
2024-01-10 01:24:00,VIN-B1848,107.2
2024-01-10 01:27:00,VIN-B1849,87.2
2024-01-10 01:30:00,VIN-B1850,83.7
2024-01-10 01:33:00,VIN-B1851,92.9
2024-01-10 01:36:00,VIN-B1852,90.3
2024-01-10 01:39:00,VIN-B1853,93.8
2024-01-10 01:42:00,VIN-B1854,85.9
2024-01-10 01:45:00,VIN-B1855,70.5
2024-01-10 01:48:00,VIN-B1856,84.7
2024-01-10 01:51:00,VIN-B1857,77.3
2024-01-10 01:54:00,VIN-B1858,109.9
2024-01-10 01:57:00,VIN-B1859,79.9
2024-01-10 02:00:00,VIN-B1860,82.0
2024-01-10 02:03:00,VIN-B1861,88.1
2024-01-10 02:06:00,VIN-B1862,79.0
2024-01-10 02:09:00,VIN-B1863,71.2
2024-01-10 02:12:00,VIN-B1864,107.6
2024-01-10 02:15:00,VIN-B1865,107.3
2024-01-10 02:18:00,VIN-B1866,73.7
2024-01-10 02:21:00,VIN-B1867,78.4
2024-01-10 02:24:00,VIN-B1868,87.3
2024-01-10 02:27:00,VIN-B1869,80.7
2024-01-10 02:30:00,VIN-B1870,71.9
2024-01-10 02:33:00,VIN-B1871,104.8
2024-01-10 02:36:00,VIN-B1872,101.9
2024-01-10 02:39:00,VIN-B1873,106.2
2024-01-10 02:42:00,VIN-B1874,86.0
2024-01-10 02:45:00,VIN-B1875,70.1
2024-01-10 02:48:00,VIN-B1876,107.0
2024-01-10 02:51:00,VIN-B1877,102.5
2024-01-10 02:54:00,VIN-B1878,83.0
2024-01-10 02:57:00,VIN-B1879,71.0
2024-01-10 03:00:00,VIN-B1880,99.2
2024-01-10 03:03:00,VIN-B1881,96.5
2024-01-10 03:06:00,VIN-B1882,94.2
2024-01-10 03:09:00,VIN-B1883,100.8
2024-01-10 03:12:00,VIN-B1884,89.8
2024-01-10 03:15:00,VIN-B1885,77.9
2024-01-10 03:18:00,VIN-B1886,90.7
2024-01-10 03:21:00,VIN-B1887,94.0
2024-01-10 03:24:00,VIN-B1888,101.4
2024-01-10 03:27:00,VIN-B1889,103.1
2024-01-10 03:30:00,VIN-B1890,75.9
2024-01-10 03:33:00,VIN-B1891,79.1
2024-01-10 03:36:00,VIN-B1892,70.1
2024-01-10 03:39:00,VIN-B1893,101.3
2024-01-10 03:42:00,VIN-B1894,73.5
2024-01-10 03:45:00,VIN-B1895,73.7
2024-01-10 03:48:00,VIN-B1896,90.5
2024-01-10 03:51:00,VIN-B1897,100.6
2024-01-10 03:54:00,VIN-B1898,85.2
2024-01-10 03:57:00,VIN-B1899,85.9
2024-01-10 04:00:00,VIN-B1900,105.7
2024-01-10 04:03:00,VIN-B1901,98.2
2024-01-10 04:06:00,VIN-B1902,106.9
2024-01-10 04:09:00,VIN-B1903,101.2
2024-01-10 04:12:00,VIN-B1904,75.2
2024-01-10 04:15:00,VIN-B1905,109.3
2024-01-10 04:18:00,VIN-B1906,106.8
2024-01-10 04:21:00,VIN-B1907,80.2
2024-01-10 04:24:00,VIN-B1908,98.7
2024-01-10 04:27:00,VIN-B1909,77.1
2024-01-10 04:30:00,VIN-B1910,77.3
2024-01-10 04:33:00,VIN-B1911,78.4
2024-01-10 04:36:00,VIN-B1912,103.3
2024-01-10 04:39:00,VIN-B1913,72.7
2024-01-10 04:42:00,VIN-B1914,85.9
2024-01-10 04:45:00,VIN-B1915,70.3
2024-01-10 04:48:00,VIN-B1916,100.9
2024-01-10 04:51:00,VIN-B1917,105.5
2024-01-10 04:54:00,VIN-B1918,86.1
2024-01-10 04:57:00,VIN-B1919,79.2
2024-01-10 05:00:00,VIN-B1920,85.4
2024-01-10 05:03:00,VIN-B1921,71.8
2024-01-10 05:06:00,VIN-B1922,107.5
2024-01-10 05:09:00,VIN-B1923,109.1
2024-01-10 05:12:00,VIN-B1924,83.2
2024-01-10 05:15:00,VIN-B1925,93.0
2024-01-10 05:18:00,VIN-B1926,88.0
2024-01-10 05:21:00,VIN-B1927,89.1
2024-01-10 05:24:00,VIN-B1928,76.7
2024-01-10 05:27:00,VIN-B1929,94.9
2024-01-10 05:30:00,VIN-B1930,76.0
2024-01-10 05:33:00,VIN-B1931,100.1
2024-01-10 05:36:00,VIN-B1932,88.5
2024-01-10 05:39:00,VIN-B1933,92.7
2024-01-10 05:42:00,VIN-B1934,87.1
2024-01-10 05:45:00,VIN-B1935,75.3
2024-01-10 05:48:00,VIN-B1936,88.4
2024-01-10 05:51:00,VIN-B1937,95.9
2024-01-10 05:54:00,VIN-B1938,107.6
2024-01-10 05:57:00,VIN-B1939,78.1
2024-01-10 06:00:00,VIN-B1940,83.2
2024-01-10 06:03:00,VIN-B1941,77.3
2024-01-10 06:06:00,VIN-B1942,93.4
2024-01-10 06:09:00,VIN-B1943,89.5
2024-01-10 06:12:00,VIN-B1944,102.0
2024-01-10 06:15:00,VIN-B1945,70.0
2024-01-10 06:18:00,VIN-B1946,82.2
2024-01-10 06:21:00,VIN-B1947,86.0
2024-01-10 06:24:00,VIN-B1948,105.4
2024-01-10 06:27:00,VIN-B1949,105.6
2024-01-10 06:30:00,VIN-B1950,104.3
2024-01-10 06:33:00,VIN-B1951,82.6
2024-01-10 06:36:00,VIN-B1952,109.0
2024-01-10 06:39:00,VIN-B1953,87.7
2024-01-10 06:42:00,VIN-B1954,75.5
2024-01-10 06:45:00,VIN-B1955,72.0
2024-01-10 06:48:00,VIN-B1956,77.2
2024-01-10 06:51:00,VIN-B1957,88.5
2024-01-10 06:54:00,VIN-B1958,109.5
2024-01-10 06:57:00,VIN-B1959,94.5
2024-01-10 07:00:00,VIN-B1960,79.9
2024-01-10 07:03:00,VIN-B1961,99.8
2024-01-10 07:06:00,VIN-B1962,101.7
2024-01-10 07:09:00,VIN-B1963,100.1
2024-01-10 07:12:00,VIN-B1964,81.0
2024-01-10 07:15:00,VIN-B1965,105.1
2024-01-10 07:18:00,VIN-B1966,75.8
2024-01-10 07:21:00,VIN-B1967,75.1
2024-01-10 07:24:00,VIN-B1968,109.5
2024-01-10 07:27:00,VIN-B1969,74.0
2024-01-10 07:30:00,VIN-B1970,75.2
2024-01-10 07:33:00,VIN-B1971,100.5
2024-01-10 07:36:00,VIN-B1972,77.7
2024-01-10 07:39:00,VIN-B1973,83.5
2024-01-10 07:42:00,VIN-B1974,71.5
2024-01-10 07:45:00,VIN-B1975,103.9
2024-01-10 07:48:00,VIN-B1976,92.7
2024-01-10 07:51:00,VIN-B1977,74.3
2024-01-10 07:54:00,VIN-B1978,83.3
2024-01-10 07:57:00,VIN-B1979,77.6
2024-01-10 08:00:00,VIN-B1980,108.6
2024-01-10 08:03:00,VIN-B1981,106.9
2024-01-10 08:06:00,VIN-B1982,98.2
2024-01-10 08:09:00,VIN-B1983,85.9
2024-01-10 08:12:00,VIN-B1984,71.9
2024-01-10 08:15:00,VIN-B1985,103.2
2024-01-10 08:18:00,VIN-B1986,71.3
2024-01-10 08:21:00,VIN-B1987,77.3
2024-01-10 08:24:00,VIN-B1988,82.1
2024-01-10 08:27:00,VIN-B1989,90.2
2024-01-10 08:30:00,VIN-B1990,101.3
2024-01-10 08:33:00,VIN-B1991,98.4
2024-01-10 08:36:00,VIN-B1992,85.3
2024-01-10 08:39:00,VIN-B1993,95.9
2024-01-10 08:42:00,VIN-B1994,72.6
2024-01-10 08:45:00,VIN-B1995,78.3
2024-01-10 08:48:00,VIN-B1996,107.9
2024-01-10 08:51:00,VIN-B1997,86.9
2024-01-10 08:54:00,VIN-B1998,99.2
2024-01-10 08:57:00,VIN-B1999,78.0
2024-01-10 09:00:00,VIN-B2000,70.4
2024-01-10 09:03:00,VIN-B2001,78.6
2024-01-10 09:06:00,VIN-B2002,77.9
2024-01-10 09:09:00,VIN-B2003,96.8
2024-01-10 09:12:00,VIN-B2004,87.5
2024-01-10 09:15:00,VIN-B2005,100.0
2024-01-10 09:18:00,VIN-B2006,76.9
2024-01-10 09:21:00,VIN-B2007,107.7
2024-01-10 09:24:00,VIN-B2008,102.6
2024-01-10 09:27:00,VIN-B2009,98.7
2024-01-10 09:30:00,VIN-B2010,91.6
2024-01-10 09:33:00,VIN-B2011,73.6
2024-01-10 09:36:00,VIN-B2012,81.7
2024-01-10 09:39:00,VIN-B2013,106.7
2024-01-10 09:42:00,VIN-B2014,99.2
2024-01-10 09:45:00,VIN-B2015,95.7
2024-01-10 09:48:00,VIN-B2016,86.6
2024-01-10 09:51:00,VIN-B2017,107.0
2024-01-10 09:54:00,VIN-B2018,91.5
2024-01-10 09:57:00,VIN-B2019,95.2
2024-01-10 10:00:00,VIN-B2020,77.2
2024-01-10 10:03:00,VIN-B2021,85.4
2024-01-10 10:06:00,VIN-B2022,106.6
2024-01-10 10:09:00,VIN-B2023,89.4
2024-01-10 10:12:00,VIN-B2024,101.8
2024-01-10 10:15:00,VIN-B2025,74.8
2024-01-10 10:18:00,VIN-B2026,97.9
2024-01-10 10:21:00,VIN-B2027,96.8
2024-01-10 10:24:00,VIN-B2028,104.2
2024-01-10 10:27:00,VIN-B2029,101.9
2024-01-10 10:30:00,VIN-B2030,74.1
2024-01-10 10:33:00,VIN-B2031,77.1
2024-01-10 10:36:00,VIN-B2032,89.8
2024-01-10 10:39:00,VIN-B2033,107.8
2024-01-10 10:42:00,VIN-B2034,77.3
2024-01-10 10:45:00,VIN-B2035,75.8
2024-01-10 10:48:00,VIN-B2036,97.4
2024-01-10 10:51:00,VIN-B2037,104.0
2024-01-10 10:54:00,VIN-B2038,97.7
2024-01-10 10:57:00,VIN-B2039,81.8
2024-01-10 11:00:00,VIN-B2040,82.2
2024-01-10 11:03:00,VIN-B2041,70.5
2024-01-10 11:06:00,VIN-B2042,104.4
2024-01-10 11:09:00,VIN-B2043,72.9
2024-01-10 11:12:00,VIN-B2044,89.9
2024-01-10 11:15:00,VIN-B2045,87.1
2024-01-10 11:18:00,VIN-B2046,86.6
2024-01-10 11:21:00,VIN-B2047,89.0
2024-01-10 11:24:00,VIN-B2048,92.7
2024-01-10 11:27:00,VIN-B2049,84.0
2024-01-10 11:30:00,VIN-B2050,71.1
2024-01-10 11:33:00,VIN-B2051,76.0
2024-01-10 11:36:00,VIN-B2052,78.7
2024-01-10 11:39:00,VIN-B2053,79.3
2024-01-10 11:42:00,VIN-B2054,95.8
2024-01-10 11:45:00,VIN-B2055,96.6
2024-01-10 11:48:00,VIN-B2056,73.0
2024-01-10 11:51:00,VIN-B2057,95.9
2024-01-10 11:54:00,VIN-B2058,99.0
2024-01-10 11:57:00,VIN-B2059,71.7
2024-01-10 12:00:00,VIN-B2060,98.2
2024-01-10 12:03:00,VIN-B2061,77.1
2024-01-10 12:06:00,VIN-B2062,101.3
2024-01-10 12:09:00,VIN-B2063,98.4
2024-01-10 12:12:00,VIN-B2064,91.4
2024-01-10 12:15:00,VIN-B2065,74.2
2024-01-10 12:18:00,VIN-B2066,92.3
2024-01-10 12:21:00,VIN-B2067,100.0
2024-01-10 12:24:00,VIN-B2068,101.8
2024-01-10 12:27:00,VIN-B2069,87.7
2024-01-10 12:30:00,VIN-B2070,90.8
2024-01-10 12:33:00,VIN-B2071,81.3
2024-01-10 12:36:00,VIN-B2072,93.8
2024-01-10 12:39:00,VIN-B2073,74.5
2024-01-10 12:42:00,VIN-B2074,77.2
2024-01-10 12:45:00,VIN-B2075,71.8
2024-01-10 12:48:00,VIN-B2076,101.8
2024-01-10 12:51:00,VIN-B2077,73.6
2024-01-10 12:54:00,VIN-B2078,93.5
2024-01-10 12:57:00,VIN-B2079,96.1
2024-01-10 13:00:00,VIN-B2080,72.3
2024-01-10 13:03:00,VIN-B2081,99.5
2024-01-10 13:06:00,VIN-B2082,70.2
2024-01-10 13:09:00,VIN-B2083,77.7
2024-01-10 13:12:00,VIN-B2084,82.9
2024-01-10 13:15:00,VIN-B2085,79.8
2024-01-10 13:18:00,VIN-B2086,107.4
2024-01-10 13:21:00,VIN-B2087,103.7
2024-01-10 13:24:00,VIN-B2088,72.4
2024-01-10 13:27:00,VIN-B2089,102.9
2024-01-10 13:30:00,VIN-B2090,77.1
2024-01-10 13:33:00,VIN-B2091,96.9
2024-01-10 13:36:00,VIN-B2092,86.3
2024-01-10 13:39:00,VIN-B2093,105.3
2024-01-10 13:42:00,VIN-B2094,77.1
2024-01-10 13:45:00,VIN-B2095,108.6
2024-01-10 13:48:00,VIN-B2096,76.2
2024-01-10 13:51:00,VIN-B2097,98.7
2024-01-10 13:54:00,VIN-B2098,84.0
2024-01-10 13:57:00,VIN-B2099,91.1
2024-01-10 14:00:00,VIN-B2100,86.2
2024-01-10 14:03:00,VIN-B2101,96.0
2024-01-10 14:06:00,VIN-B2102,103.0
2024-01-10 14:09:00,VIN-B2103,104.3
2024-01-10 14:12:00,VIN-B2104,94.8
2024-01-10 14:15:00,VIN-B2105,74.7
2024-01-10 14:18:00,VIN-B2106,108.8
2024-01-10 14:21:00,VIN-B2107,91.6
2024-01-10 14:24:00,VIN-B2108,99.4
2024-01-10 14:27:00,VIN-B2109,98.1
2024-01-10 14:30:00,VIN-B2110,91.4
2024-01-10 14:33:00,VIN-B2111,93.0
2024-01-10 14:36:00,VIN-B2112,82.3
2024-01-10 14:39:00,VIN-B2113,83.7
2024-01-10 14:42:00,VIN-B2114,95.1
2024-01-10 14:45:00,VIN-B2115,105.5
2024-01-10 14:48:00,VIN-B2116,80.7
2024-01-10 14:51:00,VIN-B2117,86.9
2024-01-10 14:54:00,VIN-B2118,93.0
2024-01-10 14:57:00,VIN-B2119,92.1
2024-01-10 15:00:00,VIN-B2120,80.2
2024-01-10 15:03:00,VIN-B2121,86.2
2024-01-10 15:06:00,VIN-B2122,74.5
2024-01-10 15:09:00,VIN-B2123,90.8
2024-01-10 15:12:00,VIN-B2124,109.9
2024-01-10 15:15:00,VIN-B2125,80.6
2024-01-10 15:18:00,VIN-B2126,96.5
2024-01-10 15:21:00,VIN-B2127,83.1
2024-01-10 15:24:00,VIN-B2128,76.6
2024-01-10 15:27:00,VIN-B2129,86.0
2024-01-10 15:30:00,VIN-B2130,103.6
2024-01-10 15:33:00,VIN-B2131,84.3
2024-01-10 15:36:00,VIN-B2132,105.0
2024-01-10 15:39:00,VIN-B2133,96.7
2024-01-10 15:42:00,VIN-B2134,80.5
2024-01-10 15:45:00,VIN-B2135,86.6
2024-01-10 15:48:00,VIN-B2136,101.5
2024-01-10 15:51:00,VIN-B2137,71.8
2024-01-10 15:54:00,VIN-B2138,74.1
2024-01-10 15:57:00,VIN-B2139,95.8
2024-01-10 16:00:00,VIN-B2140,85.5
2024-01-10 16:03:00,VIN-B2141,103.0
2024-01-10 16:06:00,VIN-B2142,87.3
2024-01-10 16:09:00,VIN-B2143,106.6
2024-01-10 16:12:00,VIN-B2144,76.5
2024-01-10 16:15:00,VIN-B2145,74.5
2024-01-10 16:18:00,VIN-B2146,71.9
2024-01-10 16:21:00,VIN-B2147,75.3
2024-01-10 16:24:00,VIN-B2148,81.0
2024-01-10 16:27:00,VIN-B2149,102.7
2024-01-10 16:30:00,VIN-B2150,85.1
2024-01-10 16:33:00,VIN-B2151,106.4
2024-01-10 16:36:00,VIN-B2152,75.5
2024-01-10 16:39:00,VIN-B2153,107.6
2024-01-10 16:42:00,VIN-B2154,79.4
2024-01-10 16:45:00,VIN-B2155,87.6
2024-01-10 16:48:00,VIN-B2156,106.0
2024-01-10 16:51:00,VIN-B2157,84.9
2024-01-10 16:54:00,VIN-B2158,73.9
2024-01-10 16:57:00,VIN-B2159,82.5
2024-01-10 17:00:00,VIN-B2160,81.5
2024-01-10 17:03:00,VIN-B2161,98.1
2024-01-10 17:06:00,VIN-B2162,99.6
2024-01-10 17:09:00,VIN-B2163,107.2
2024-01-10 17:12:00,VIN-B2164,79.5
2024-01-10 17:15:00,VIN-B2165,89.8
2024-01-10 17:18:00,VIN-B2166,94.7
2024-01-10 17:21:00,VIN-B2167,92.2
2024-01-10 17:24:00,VIN-B2168,76.8
2024-01-10 17:27:00,VIN-B2169,74.1
2024-01-10 17:30:00,VIN-B2170,84.7
2024-01-10 17:33:00,VIN-B2171,106.6
2024-01-10 17:36:00,VIN-B2172,82.3
2024-01-10 17:39:00,VIN-B2173,80.8
2024-01-10 17:42:00,VIN-B2174,84.3
2024-01-10 17:45:00,VIN-B2175,74.5
2024-01-10 17:48:00,VIN-B2176,93.2
2024-01-10 17:51:00,VIN-B2177,78.0
2024-01-10 17:54:00,VIN-B2178,71.5
2024-01-10 17:57:00,VIN-B2179,78.9
2024-01-10 18:00:00,VIN-B2180,105.0
2024-01-10 18:03:00,VIN-B2181,87.1
2024-01-10 18:06:00,VIN-B2182,102.5
2024-01-10 18:09:00,VIN-B2183,89.2
2024-01-10 18:12:00,VIN-B2184,77.4
2024-01-10 18:15:00,VIN-B2185,87.8
2024-01-10 18:18:00,VIN-B2186,107.1
2024-01-10 18:21:00,VIN-B2187,74.1
2024-01-10 18:24:00,VIN-B2188,97.4
2024-01-10 18:27:00,VIN-B2189,89.9
2024-01-10 18:30:00,VIN-B2190,107.3
2024-01-10 18:33:00,VIN-B2191,109.5
2024-01-10 18:36:00,VIN-B2192,93.5
2024-01-10 18:39:00,VIN-B2193,80.5
2024-01-10 18:42:00,VIN-B2194,97.6
2024-01-10 18:45:00,VIN-B2195,89.2
2024-01-10 18:48:00,VIN-B2196,103.3
2024-01-10 18:51:00,VIN-B2197,98.2
2024-01-10 18:54:00,VIN-B2198,106.2
2024-01-10 18:57:00,VIN-B2199,99.4
2024-01-10 19:00:00,VIN-B2200,93.3
2024-01-10 19:03:00,VIN-B2201,103.0
2024-01-10 19:06:00,VIN-B2202,100.2
2024-01-10 19:09:00,VIN-B2203,103.7
2024-01-10 19:12:00,VIN-B2204,99.8
2024-01-10 19:15:00,VIN-B2205,102.8
2024-01-10 19:18:00,VIN-B2206,105.9
2024-01-10 19:21:00,VIN-B2207,106.6
2024-01-10 19:24:00,VIN-B2208,101.6
2024-01-10 19:27:00,VIN-B2209,100.4
2024-01-10 19:30:00,VIN-B2210,73.3
2024-01-10 19:33:00,VIN-B2211,91.1
2024-01-10 19:36:00,VIN-B2212,101.0
2024-01-10 19:39:00,VIN-B2213,103.4
2024-01-10 19:42:00,VIN-B2214,93.1
2024-01-10 19:45:00,VIN-B2215,103.3
2024-01-10 19:48:00,VIN-B2216,82.6
2024-01-10 19:51:00,VIN-B2217,93.4
2024-01-10 19:54:00,VIN-B2218,95.1
2024-01-10 19:57:00,VIN-B2219,100.2
2024-01-10 20:00:00,VIN-B2220,77.8
2024-01-10 20:03:00,VIN-B2221,74.9
2024-01-10 20:06:00,VIN-B2222,79.9
2024-01-10 20:09:00,VIN-B2223,82.3
2024-01-10 20:12:00,VIN-B2224,79.7
2024-01-10 20:15:00,VIN-B2225,103.1
2024-01-10 20:18:00,VIN-B2226,71.7
2024-01-10 20:21:00,VIN-B2227,78.5
2024-01-10 20:24:00,VIN-B2228,107.3
2024-01-10 20:27:00,VIN-B2229,85.2
2024-01-10 20:30:00,VIN-B2230,78.7
2024-01-10 20:33:00,VIN-B2231,92.7
2024-01-10 20:36:00,VIN-B2232,98.2
2024-01-10 20:39:00,VIN-B2233,73.6
2024-01-10 20:42:00,VIN-B2234,73.4
2024-01-10 20:45:00,VIN-B2235,79.6
2024-01-10 20:48:00,VIN-B2236,101.6
2024-01-10 20:51:00,VIN-B2237,85.7
2024-01-10 20:54:00,VIN-B2238,103.5
2024-01-10 20:57:00,VIN-B2239,88.3
2024-01-10 21:00:00,VIN-B2240,109.9
2024-01-10 21:03:00,VIN-B2241,106.6
2024-01-10 21:06:00,VIN-B2242,102.3
2024-01-10 21:09:00,VIN-B2243,73.1
2024-01-10 21:12:00,VIN-B2244,108.4
2024-01-10 21:15:00,VIN-B2245,91.4
2024-01-10 21:18:00,VIN-B2246,103.1
2024-01-10 21:21:00,VIN-B2247,71.5
2024-01-10 21:24:00,VIN-B2248,89.6
2024-01-10 21:27:00,VIN-B2249,86.8
2024-01-10 21:30:00,VIN-B2250,80.5
2024-01-10 21:33:00,VIN-B2251,91.2
2024-01-10 21:36:00,VIN-B2252,107.1
2024-01-10 21:39:00,VIN-B2253,86.7
2024-01-10 21:42:00,VIN-B2254,92.8
2024-01-10 21:45:00,VIN-B2255,107.5
2024-01-10 21:48:00,VIN-B2256,100.2
2024-01-10 21:51:00,VIN-B2257,103.2
2024-01-10 21:54:00,VIN-B2258,75.4
2024-01-10 21:57:00,VIN-B2259,70.9
2024-01-10 22:00:00,VIN-B2260,101.6
2024-01-10 22:03:00,VIN-B2261,101.0
2024-01-10 22:06:00,VIN-B2262,107.9
2024-01-10 22:09:00,VIN-B2263,90.3
2024-01-10 22:12:00,VIN-B2264,108.5
2024-01-10 22:15:00,VIN-B2265,81.4
2024-01-10 22:18:00,VIN-B2266,73.8
2024-01-10 22:21:00,VIN-B2267,107.7
2024-01-10 22:24:00,VIN-B2268,108.8
2024-01-10 22:27:00,VIN-B2269,83.9
2024-01-10 22:30:00,VIN-B2270,72.7
2024-01-10 22:33:00,VIN-B2271,105.8
2024-01-10 22:36:00,VIN-B2272,88.0
2024-01-10 22:39:00,VIN-B2273,72.7
2024-01-10 22:42:00,VIN-B2274,74.0
2024-01-10 22:45:00,VIN-B2275,103.6
2024-01-10 22:48:00,VIN-B2276,98.6
2024-01-10 22:51:00,VIN-B2277,75.8
2024-01-10 22:54:00,VIN-B2278,93.5
2024-01-10 22:57:00,VIN-B2279,109.3
2024-01-10 23:00:00,VIN-B2280,77.3
2024-01-10 23:03:00,VIN-B2281,101.7
2024-01-10 23:06:00,VIN-B2282,76.9
2024-01-10 23:09:00,VIN-B2283,71.4
2024-01-10 23:12:00,VIN-B2284,97.5
2024-01-10 23:15:00,VIN-B2285,91.8
2024-01-10 23:18:00,VIN-B2286,107.4
2024-01-10 23:21:00,VIN-B2287,101.2
2024-01-10 23:24:00,VIN-B2288,98.9
2024-01-10 23:27:00,VIN-B2289,108.3
2024-01-10 23:30:00,VIN-B2290,89.0
2024-01-10 23:33:00,VIN-B2291,79.7
2024-01-10 23:36:00,VIN-B2292,71.0
2024-01-10 23:39:00,VIN-B2293,77.6
2024-01-10 23:42:00,VIN-B2294,76.4
2024-01-10 23:45:00,VIN-B2295,92.7
2024-01-10 23:48:00,VIN-B2296,96.2
2024-01-10 23:51:00,VIN-B2297,102.2
2024-01-10 23:54:00,VIN-B2298,99.7
2024-01-10 23:57:00,VIN-B2299,92.8
2024-01-11 00:00:00,VIN-B2300,89.0
2024-01-11 00:03:00,VIN-B2301,86.3
2024-01-11 00:06:00,VIN-B2302,100.4
2024-01-11 00:09:00,VIN-B2303,77.3
2024-01-11 00:12:00,VIN-B2304,75.8
2024-01-11 00:15:00,VIN-B2305,100.2
2024-01-11 00:18:00,VIN-B2306,93.3
2024-01-11 00:21:00,VIN-B2307,105.3
2024-01-11 00:24:00,VIN-B2308,86.8
2024-01-11 00:27:00,VIN-B2309,106.9
2024-01-11 00:30:00,VIN-B2310,94.1
2024-01-11 00:33:00,VIN-B2311,80.8
2024-01-11 00:36:00,VIN-B2312,74.5
2024-01-11 00:39:00,VIN-B2313,82.8
2024-01-11 00:42:00,VIN-B2314,76.8
2024-01-11 00:45:00,VIN-B2315,99.3
2024-01-11 00:48:00,VIN-B2316,89.2
2024-01-11 00:51:00,VIN-B2317,75.1
2024-01-11 00:54:00,VIN-B2318,90.0
2024-01-11 00:57:00,VIN-B2319,90.4
2024-01-11 01:00:00,VIN-B2320,109.1
2024-01-11 01:03:00,VIN-B2321,94.8
2024-01-11 01:06:00,VIN-B2322,71.7
2024-01-11 01:09:00,VIN-B2323,85.7
2024-01-11 01:12:00,VIN-B2324,101.4
2024-01-11 01:15:00,VIN-B2325,90.4
2024-01-11 01:18:00,VIN-B2326,90.2
2024-01-11 01:21:00,VIN-B2327,82.7
2024-01-11 01:24:00,VIN-B2328,76.7
2024-01-11 01:27:00,VIN-B2329,97.5
2024-01-11 01:30:00,VIN-B2330,106.1
2024-01-11 01:33:00,VIN-B2331,70.1
2024-01-11 01:36:00,VIN-B2332,79.9
2024-01-11 01:39:00,VIN-B2333,88.1
2024-01-11 01:42:00,VIN-B2334,90.6
2024-01-11 01:45:00,VIN-B2335,74.9
2024-01-11 01:48:00,VIN-B2336,93.2
2024-01-11 01:51:00,VIN-B2337,102.8
2024-01-11 01:54:00,VIN-B2338,99.7
2024-01-11 01:57:00,VIN-B2339,99.6
2024-01-11 02:00:00,VIN-B2340,82.0
2024-01-11 02:03:00,VIN-B2341,89.2
2024-01-11 02:06:00,VIN-B2342,70.9
2024-01-11 02:09:00,VIN-B2343,97.4
2024-01-11 02:12:00,VIN-B2344,98.9
2024-01-11 02:15:00,VIN-B2345,90.9
2024-01-11 02:18:00,VIN-B2346,97.8
2024-01-11 02:21:00,VIN-B2347,76.0
2024-01-11 02:24:00,VIN-B2348,72.7
2024-01-11 02:27:00,VIN-B2349,86.5
2024-01-11 02:30:00,VIN-B2350,81.3
2024-01-11 02:33:00,VIN-B2351,87.3
2024-01-11 02:36:00,VIN-B2352,92.0
2024-01-11 02:39:00,VIN-B2353,102.4
2024-01-11 02:42:00,VIN-B2354,97.5
2024-01-11 02:45:00,VIN-B2355,90.5
2024-01-11 02:48:00,VIN-B2356,76.0
2024-01-11 02:51:00,VIN-B2357,90.0
2024-01-11 02:54:00,VIN-B2358,106.2
2024-01-11 02:57:00,VIN-B2359,95.5
2024-01-11 03:00:00,VIN-B2360,83.8
2024-01-11 03:03:00,VIN-B2361,76.4
2024-01-11 03:06:00,VIN-B2362,92.1
2024-01-11 03:09:00,VIN-B2363,107.5
2024-01-11 03:12:00,VIN-B2364,83.8
2024-01-11 03:15:00,VIN-B2365,74.6
2024-01-11 03:18:00,VIN-B2366,78.8
2024-01-11 03:21:00,VIN-B2367,73.4
2024-01-11 03:24:00,VIN-B2368,73.5
2024-01-11 03:27:00,VIN-B2369,78.0
2024-01-11 03:30:00,VIN-B2370,72.7
2024-01-11 03:33:00,VIN-B2371,107.9
2024-01-11 03:36:00,VIN-B2372,87.4
2024-01-11 03:39:00,VIN-B2373,82.5
2024-01-11 03:42:00,VIN-B2374,96.2
2024-01-11 03:45:00,VIN-B2375,109.5
2024-01-11 03:48:00,VIN-B2376,74.3
2024-01-11 03:51:00,VIN-B2377,90.0
2024-01-11 03:54:00,VIN-B2378,108.6
2024-01-11 03:57:00,VIN-B2379,79.4
2024-01-11 04:00:00,VIN-B2380,110.0
2024-01-11 04:03:00,VIN-B2381,100.3
2024-01-11 04:06:00,VIN-B2382,96.7
2024-01-11 04:09:00,VIN-B2383,90.4
2024-01-11 04:12:00,VIN-B2384,107.4
2024-01-11 04:15:00,VIN-B2385,104.2
2024-01-11 04:18:00,VIN-B2386,105.4
2024-01-11 04:21:00,VIN-B2387,101.6
2024-01-11 04:24:00,VIN-B2388,96.5
2024-01-11 04:27:00,VIN-B2389,70.6
2024-01-11 04:30:00,VIN-B2390,90.0
2024-01-11 04:33:00,VIN-B2391,75.0
2024-01-11 04:36:00,VIN-B2392,82.3
2024-01-11 04:39:00,VIN-B2393,91.9
2024-01-11 04:42:00,VIN-B2394,101.6
2024-01-11 04:45:00,VIN-B2395,76.5
2024-01-11 04:48:00,VIN-B2396,108.8
2024-01-11 04:51:00,VIN-B2397,95.7
2024-01-11 04:54:00,VIN-B2398,101.0
2024-01-11 04:57:00,VIN-B2399,88.5
2024-01-11 05:00:00,VIN-B2400,82.3
2024-01-11 05:03:00,VIN-B2401,90.0
2024-01-11 05:06:00,VIN-B2402,91.1
2024-01-11 05:09:00,VIN-B2403,109.7
2024-01-11 05:12:00,VIN-B2404,83.9
2024-01-11 05:15:00,VIN-B2405,77.3
2024-01-11 05:18:00,VIN-B2406,77.8
2024-01-11 05:21:00,VIN-B2407,79.9
2024-01-11 05:24:00,VIN-B2408,82.4
2024-01-11 05:27:00,VIN-B2409,103.0
2024-01-11 05:30:00,VIN-B2410,72.1
2024-01-11 05:33:00,VIN-B2411,74.2
2024-01-11 05:36:00,VIN-B2412,73.2
2024-01-11 05:39:00,VIN-B2413,78.4
2024-01-11 05:42:00,VIN-B2414,79.6
2024-01-11 05:45:00,VIN-B2415,93.6
2024-01-11 05:48:00,VIN-B2416,71.8
2024-01-11 05:51:00,VIN-B2417,105.4
2024-01-11 05:54:00,VIN-B2418,97.3
2024-01-11 05:57:00,VIN-B2419,98.9
2024-01-11 06:00:00,VIN-B2420,103.8
2024-01-11 06:03:00,VIN-B2421,104.7
2024-01-11 06:06:00,VIN-B2422,78.2
2024-01-11 06:09:00,VIN-B2423,98.2
2024-01-11 06:12:00,VIN-B2424,90.9
2024-01-11 06:15:00,VIN-B2425,93.9
2024-01-11 06:18:00,VIN-B2426,107.8
2024-01-11 06:21:00,VIN-B2427,101.2
2024-01-11 06:24:00,VIN-B2428,105.8
2024-01-11 06:27:00,VIN-B2429,80.1
2024-01-11 06:30:00,VIN-B2430,89.4
2024-01-11 06:33:00,VIN-B2431,92.4
2024-01-11 06:36:00,VIN-B2432,101.9
2024-01-11 06:39:00,VIN-B2433,101.4
2024-01-11 06:42:00,VIN-B2434,70.6
2024-01-11 06:45:00,VIN-B2435,77.8
2024-01-11 06:48:00,VIN-B2436,108.6
2024-01-11 06:51:00,VIN-B2437,93.4
2024-01-11 06:54:00,VIN-B2438,92.1
2024-01-11 06:57:00,VIN-B2439,70.8
2024-01-11 07:00:00,VIN-B2440,72.7
2024-01-11 07:03:00,VIN-B2441,97.9
2024-01-11 07:06:00,VIN-B2442,82.9
2024-01-11 07:09:00,VIN-B2443,102.9
2024-01-11 07:12:00,VIN-B2444,78.7
2024-01-11 07:15:00,VIN-B2445,105.7
2024-01-11 07:18:00,VIN-B2446,94.8
2024-01-11 07:21:00,VIN-B2447,91.7
2024-01-11 07:24:00,VIN-B2448,70.4
2024-01-11 07:27:00,VIN-B2449,102.6
2024-01-11 07:30:00,VIN-B2450,74.0
2024-01-11 07:33:00,VIN-B2451,100.5
2024-01-11 07:36:00,VIN-B2452,86.2
2024-01-11 07:39:00,VIN-B2453,79.3
2024-01-11 07:42:00,VIN-B2454,70.7
2024-01-11 07:45:00,VIN-B2455,86.8
2024-01-11 07:48:00,VIN-B2456,104.2
2024-01-11 07:51:00,VIN-B2457,82.8
2024-01-11 07:54:00,VIN-B2458,91.8
2024-01-11 07:57:00,VIN-B2459,83.2
2024-01-11 08:00:00,VIN-B2460,100.6
2024-01-11 08:03:00,VIN-B2461,80.4
2024-01-11 08:06:00,VIN-B2462,100.5
2024-01-11 08:09:00,VIN-B2463,99.4
2024-01-11 08:12:00,VIN-B2464,87.4
2024-01-11 08:15:00,VIN-B2465,86.9
2024-01-11 08:18:00,VIN-B2466,72.6
2024-01-11 08:21:00,VIN-B2467,103.1
2024-01-11 08:24:00,VIN-B2468,100.2
2024-01-11 08:27:00,VIN-B2469,89.2
2024-01-11 08:30:00,VIN-B2470,82.7
2024-01-11 08:33:00,VIN-B2471,105.5
2024-01-11 08:36:00,VIN-B2472,90.1
2024-01-11 08:39:00,VIN-B2473,85.3
2024-01-11 08:42:00,VIN-B2474,100.8
2024-01-11 08:45:00,VIN-B2475,105.7
2024-01-11 08:48:00,VIN-B2476,109.9
2024-01-11 08:51:00,VIN-B2477,70.4
2024-01-11 08:54:00,VIN-B2478,75.8
2024-01-11 08:57:00,VIN-B2479,107.7
2024-01-11 09:00:00,VIN-B2480,89.0
2024-01-11 09:03:00,VIN-B2481,78.7
2024-01-11 09:06:00,VIN-B2482,94.3
2024-01-11 09:09:00,VIN-B2483,101.9
2024-01-11 09:12:00,VIN-B2484,93.7
2024-01-11 09:15:00,VIN-B2485,101.2
2024-01-11 09:18:00,VIN-B2486,101.5
2024-01-11 09:21:00,VIN-B2487,89.0
2024-01-11 09:24:00,VIN-B2488,93.8
2024-01-11 09:27:00,VIN-B2489,82.6
2024-01-11 09:30:00,VIN-B2490,88.0
2024-01-11 09:33:00,VIN-B2491,90.0
2024-01-11 09:36:00,VIN-B2492,104.0
2024-01-11 09:39:00,VIN-B2493,103.2
2024-01-11 09:42:00,VIN-B2494,89.1
2024-01-11 09:45:00,VIN-B2495,88.2
2024-01-11 09:48:00,VIN-B2496,77.0
2024-01-11 09:51:00,VIN-B2497,100.5
2024-01-11 09:54:00,VIN-B2498,87.0
2024-01-11 09:57:00,VIN-B2499,76.6
2024-01-11 10:00:00,VIN-B2500,74.6
2024-01-11 10:03:00,VIN-C0001,71.3
2024-01-11 10:06:00,VIN-C0002,108.2
2024-01-11 10:09:00,VIN-C0003,77.5
2024-01-11 10:12:00,VIN-C0004,73.8
2024-01-11 10:15:00,VIN-C0005,80.7
2024-01-11 10:18:00,VIN-C0006,104.7
2024-01-11 10:21:00,VIN-C0007,106.9
2024-01-11 10:24:00,VIN-C0008,87.8
2024-01-11 10:27:00,VIN-C0009,107.7
2024-01-11 10:30:00,VIN-C0010,86.5
2024-01-11 10:33:00,VIN-C0011,85.1
2024-01-11 10:36:00,VIN-C0012,76.4
2024-01-11 10:39:00,VIN-C0013,106.6
2024-01-11 10:42:00,VIN-C0014,99.7
2024-01-11 10:45:00,VIN-C0015,76.3
2024-01-11 10:48:00,VIN-C0016,74.3
2024-01-11 10:51:00,VIN-C0017,75.1
2024-01-11 10:54:00,VIN-C0018,77.2
2024-01-11 10:57:00,VIN-C0019,102.9
2024-01-11 11:00:00,VIN-C0020,109.0
2024-01-11 11:03:00,VIN-C0021,103.2
2024-01-11 11:06:00,VIN-C0022,103.0
2024-01-11 11:09:00,VIN-C0023,84.2
2024-01-11 11:12:00,VIN-C0024,70.9
2024-01-11 11:15:00,VIN-C0025,82.1
2024-01-11 11:18:00,VIN-C0026,100.1
2024-01-11 11:21:00,VIN-C0027,91.8
2024-01-11 11:24:00,VIN-C0028,93.8
2024-01-11 11:27:00,VIN-C0029,101.1
2024-01-11 11:30:00,VIN-C0030,94.8
2024-01-11 11:33:00,VIN-C0031,93.4
2024-01-11 11:36:00,VIN-C0032,79.9
2024-01-11 11:39:00,VIN-C0033,84.3
2024-01-11 11:42:00,VIN-C0034,83.8
2024-01-11 11:45:00,VIN-C0035,109.6
2024-01-11 11:48:00,VIN-C0036,79.0
2024-01-11 11:51:00,VIN-C0037,97.8
2024-01-11 11:54:00,VIN-C0038,77.7
2024-01-11 11:57:00,VIN-C0039,106.8
2024-01-11 12:00:00,VIN-C0040,83.9
2024-01-11 12:03:00,VIN-C0041,74.9
2024-01-11 12:06:00,VIN-C0042,73.6
2024-01-11 12:09:00,VIN-C0043,100.1
2024-01-11 12:12:00,VIN-C0044,108.1
2024-01-11 12:15:00,VIN-C0045,86.1
2024-01-11 12:18:00,VIN-C0046,81.1
2024-01-11 12:21:00,VIN-C0047,93.8
2024-01-11 12:24:00,VIN-C0048,106.1
2024-01-11 12:27:00,VIN-C0049,93.4
2024-01-11 12:30:00,VIN-C0050,74.0
2024-01-11 12:33:00,VIN-C0051,107.8
2024-01-11 12:36:00,VIN-C0052,76.0
2024-01-11 12:39:00,VIN-C0053,80.1
2024-01-11 12:42:00,VIN-C0054,105.6
2024-01-11 12:45:00,VIN-C0055,71.1
2024-01-11 12:48:00,VIN-C0056,82.6
2024-01-11 12:51:00,VIN-C0057,98.2
2024-01-11 12:54:00,VIN-C0058,84.2
2024-01-11 12:57:00,VIN-C0059,74.0
2024-01-11 13:00:00,VIN-C0060,90.7
2024-01-11 13:03:00,VIN-C0061,95.5
2024-01-11 13:06:00,VIN-C0062,85.0
2024-01-11 13:09:00,VIN-C0063,108.8
2024-01-11 13:12:00,VIN-C0064,95.1
2024-01-11 13:15:00,VIN-C0065,93.6
2024-01-11 13:18:00,VIN-C0066,100.9
2024-01-11 13:21:00,VIN-C0067,95.4
2024-01-11 13:24:00,VIN-C0068,105.2
2024-01-11 13:27:00,VIN-C0069,84.2
2024-01-11 13:30:00,VIN-C0070,76.6
2024-01-11 13:33:00,VIN-C0071,108.4
2024-01-11 13:36:00,VIN-C0072,95.5
2024-01-11 13:39:00,VIN-C0073,103.2
2024-01-11 13:42:00,VIN-C0074,98.0
2024-01-11 13:45:00,VIN-C0075,101.5
2024-01-11 13:48:00,VIN-C0076,89.3
2024-01-11 13:51:00,VIN-C0077,82.2
2024-01-11 13:54:00,VIN-C0078,99.5
2024-01-11 13:57:00,VIN-C0079,92.2
2024-01-11 14:00:00,VIN-C0080,100.2
2024-01-11 14:03:00,VIN-C0081,76.7
2024-01-11 14:06:00,VIN-C0082,92.1
2024-01-11 14:09:00,VIN-C0083,95.8
2024-01-11 14:12:00,VIN-C0084,79.8
2024-01-11 14:15:00,VIN-C0085,93.8
2024-01-11 14:18:00,VIN-C0086,85.8
2024-01-11 14:21:00,VIN-C0087,86.4
2024-01-11 14:24:00,VIN-C0088,103.1
2024-01-11 14:27:00,VIN-C0089,77.8
2024-01-11 14:30:00,VIN-C0090,70.8
2024-01-11 14:33:00,VIN-C0091,93.0
2024-01-11 14:36:00,VIN-C0092,75.4
2024-01-11 14:39:00,VIN-C0093,108.0
2024-01-11 14:42:00,VIN-C0094,86.8
2024-01-11 14:45:00,VIN-C0095,89.4
2024-01-11 14:48:00,VIN-C0096,74.4
2024-01-11 14:51:00,VIN-C0097,89.0
2024-01-11 14:54:00,VIN-C0098,78.7
2024-01-11 14:57:00,VIN-C0099,70.6
2024-01-11 15:00:00,VIN-C0100,80.9
2024-01-11 15:03:00,VIN-C0101,104.3
2024-01-11 15:06:00,VIN-C0102,101.5
2024-01-11 15:09:00,VIN-C0103,81.3
2024-01-11 15:12:00,VIN-C0104,107.5
2024-01-11 15:15:00,VIN-C0105,106.0
2024-01-11 15:18:00,VIN-C0106,88.4
2024-01-11 15:21:00,VIN-C0107,90.9
2024-01-11 15:24:00,VIN-C0108,86.9
2024-01-11 15:27:00,VIN-C0109,77.2
2024-01-11 15:30:00,VIN-C0110,102.4
2024-01-11 15:33:00,VIN-C0111,90.5
2024-01-11 15:36:00,VIN-C0112,94.8
2024-01-11 15:39:00,VIN-C0113,71.6
2024-01-11 15:42:00,VIN-C0114,82.3
2024-01-11 15:45:00,VIN-C0115,76.7
2024-01-11 15:48:00,VIN-C0116,101.8
2024-01-11 15:51:00,VIN-C0117,87.9
2024-01-11 15:54:00,VIN-C0118,105.0
2024-01-11 15:57:00,VIN-C0119,85.1
2024-01-11 16:00:00,VIN-C0120,81.2
2024-01-11 16:03:00,VIN-C0121,99.4
2024-01-11 16:06:00,VIN-C0122,93.8
2024-01-11 16:09:00,VIN-C0123,89.3
2024-01-11 16:12:00,VIN-C0124,99.0
2024-01-11 16:15:00,VIN-C0125,103.4
2024-01-11 16:18:00,VIN-C0126,91.3
2024-01-11 16:21:00,VIN-C0127,89.5
2024-01-11 16:24:00,VIN-C0128,81.7
2024-01-11 16:27:00,VIN-C0129,81.0
2024-01-11 16:30:00,VIN-C0130,73.3
2024-01-11 16:33:00,VIN-C0131,105.1
2024-01-11 16:36:00,VIN-C0132,75.3
2024-01-11 16:39:00,VIN-C0133,92.1
2024-01-11 16:42:00,VIN-C0134,84.7
2024-01-11 16:45:00,VIN-C0135,102.7
2024-01-11 16:48:00,VIN-C0136,76.0
2024-01-11 16:51:00,VIN-C0137,70.4
2024-01-11 16:54:00,VIN-C0138,96.0
2024-01-11 16:57:00,VIN-C0139,109.1
2024-01-11 17:00:00,VIN-C0140,71.3
2024-01-11 17:03:00,VIN-C0141,87.8
2024-01-11 17:06:00,VIN-C0142,78.5
2024-01-11 17:09:00,VIN-C0143,70.9
2024-01-11 17:12:00,VIN-C0144,91.9
2024-01-11 17:15:00,VIN-C0145,86.4
2024-01-11 17:18:00,VIN-C0146,101.0
2024-01-11 17:21:00,VIN-C0147,90.3
2024-01-11 17:24:00,VIN-C0148,97.1
2024-01-11 17:27:00,VIN-C0149,100.1
2024-01-11 17:30:00,VIN-C0150,97.9
2024-01-11 17:33:00,VIN-C0151,109.5
2024-01-11 17:36:00,VIN-C0152,103.9
2024-01-11 17:39:00,VIN-C0153,75.6
2024-01-11 17:42:00,VIN-C0154,95.9
2024-01-11 17:45:00,VIN-C0155,91.8
2024-01-11 17:48:00,VIN-C0156,86.3
2024-01-11 17:51:00,VIN-C0157,86.1
2024-01-11 17:54:00,VIN-C0158,89.0
2024-01-11 17:57:00,VIN-C0159,100.7
2024-01-11 18:00:00,VIN-C0160,89.6
2024-01-11 18:03:00,VIN-C0161,108.6
2024-01-11 18:06:00,VIN-C0162,88.5
2024-01-11 18:09:00,VIN-C0163,91.4
2024-01-11 18:12:00,VIN-C0164,76.9
2024-01-11 18:15:00,VIN-C0165,98.7
2024-01-11 18:18:00,VIN-C0166,108.9
2024-01-11 18:21:00,VIN-C0167,82.1
2024-01-11 18:24:00,VIN-C0168,74.5
2024-01-11 18:27:00,VIN-C0169,88.0
2024-01-11 18:30:00,VIN-C0170,94.7
2024-01-11 18:33:00,VIN-C0171,84.7
2024-01-11 18:36:00,VIN-C0172,79.3
2024-01-11 18:39:00,VIN-C0173,96.3
2024-01-11 18:42:00,VIN-C0174,101.3
2024-01-11 18:45:00,VIN-C0175,88.6
2024-01-11 18:48:00,VIN-C0176,85.5
2024-01-11 18:51:00,VIN-C0177,97.1
2024-01-11 18:54:00,VIN-C0178,74.1
2024-01-11 18:57:00,VIN-C0179,106.1
2024-01-11 19:00:00,VIN-C0180,78.0
2024-01-11 19:03:00,VIN-C0181,72.2
2024-01-11 19:06:00,VIN-C0182,71.7
2024-01-11 19:09:00,VIN-C0183,90.7
2024-01-11 19:12:00,VIN-C0184,88.2
2024-01-11 19:15:00,VIN-C0185,92.0
2024-01-11 19:18:00,VIN-C0186,103.7
2024-01-11 19:21:00,VIN-C0187,88.3
2024-01-11 19:24:00,VIN-C0188,108.1
2024-01-11 19:27:00,VIN-C0189,73.6
2024-01-11 19:30:00,VIN-C0190,98.8
2024-01-11 19:33:00,VIN-C0191,76.9
2024-01-11 19:36:00,VIN-C0192,92.3
2024-01-11 19:39:00,VIN-C0193,95.0
2024-01-11 19:42:00,VIN-C0194,109.8
2024-01-11 19:45:00,VIN-C0195,81.2
2024-01-11 19:48:00,VIN-C0196,95.2
2024-01-11 19:51:00,VIN-C0197,106.0
2024-01-11 19:54:00,VIN-C0198,102.4
2024-01-11 19:57:00,VIN-C0199,96.3
2024-01-11 20:00:00,VIN-C0200,93.4
2024-01-11 20:03:00,VIN-C0201,88.3
2024-01-11 20:06:00,VIN-C0202,92.8
2024-01-11 20:09:00,VIN-C0203,80.0
2024-01-11 20:12:00,VIN-C0204,75.3
2024-01-11 20:15:00,VIN-C0205,75.3
2024-01-11 20:18:00,VIN-C0206,84.1
2024-01-11 20:21:00,VIN-C0207,90.0
2024-01-11 20:24:00,VIN-C0208,101.6
2024-01-11 20:27:00,VIN-C0209,108.8
2024-01-11 20:30:00,VIN-C0210,103.6
2024-01-11 20:33:00,VIN-C0211,84.1
2024-01-11 20:36:00,VIN-C0212,80.0
2024-01-11 20:39:00,VIN-C0213,86.4
2024-01-11 20:42:00,VIN-C0214,87.1
2024-01-11 20:45:00,VIN-C0215,81.3
2024-01-11 20:48:00,VIN-C0216,92.7
2024-01-11 20:51:00,VIN-C0217,75.4
2024-01-11 20:54:00,VIN-C0218,77.4
2024-01-11 20:57:00,VIN-C0219,70.4
2024-01-11 21:00:00,VIN-C0220,107.9
2024-01-11 21:03:00,VIN-C0221,105.7
2024-01-11 21:06:00,VIN-C0222,93.5
2024-01-11 21:09:00,VIN-C0223,78.6
2024-01-11 21:12:00,VIN-C0224,92.2
2024-01-11 21:15:00,VIN-C0225,84.9
2024-01-11 21:18:00,VIN-C0226,79.9
2024-01-11 21:21:00,VIN-C0227,105.8
2024-01-11 21:24:00,VIN-C0228,94.1
2024-01-11 21:27:00,VIN-C0229,76.2
2024-01-11 21:30:00,VIN-C0230,105.9
2024-01-11 21:33:00,VIN-C0231,107.2
2024-01-11 21:36:00,VIN-C0232,108.3
2024-01-11 21:39:00,VIN-C0233,104.1
2024-01-11 21:42:00,VIN-C0234,78.7
2024-01-11 21:45:00,VIN-C0235,82.9
2024-01-11 21:48:00,VIN-C0236,75.3
2024-01-11 21:51:00,VIN-C0237,103.3
2024-01-11 21:54:00,VIN-C0238,81.9
2024-01-11 21:57:00,VIN-C0239,72.2
2024-01-11 22:00:00,VIN-C0240,71.2
2024-01-11 22:03:00,VIN-C0241,94.3
2024-01-11 22:06:00,VIN-C0242,92.3
2024-01-11 22:09:00,VIN-C0243,96.0
2024-01-11 22:12:00,VIN-C0244,105.2
2024-01-11 22:15:00,VIN-C0245,95.1
2024-01-11 22:18:00,VIN-C0246,74.0
2024-01-11 22:21:00,VIN-C0247,76.1
2024-01-11 22:24:00,VIN-C0248,104.0
2024-01-11 22:27:00,VIN-C0249,89.6
2024-01-11 22:30:00,VIN-C0250,108.6
2024-01-11 22:33:00,VIN-C0251,104.0
2024-01-11 22:36:00,VIN-C0252,89.8
2024-01-11 22:39:00,VIN-C0253,72.5
2024-01-11 22:42:00,VIN-C0254,108.6
2024-01-11 22:45:00,VIN-C0255,93.6
2024-01-11 22:48:00,VIN-C0256,71.6
2024-01-11 22:51:00,VIN-C0257,104.1
2024-01-11 22:54:00,VIN-C0258,92.0
2024-01-11 22:57:00,VIN-C0259,71.0
2024-01-11 23:00:00,VIN-C0260,101.0
2024-01-11 23:03:00,VIN-C0261,97.7
2024-01-11 23:06:00,VIN-C0262,101.5
2024-01-11 23:09:00,VIN-C0263,73.6
2024-01-11 23:12:00,VIN-C0264,104.6
2024-01-11 23:15:00,VIN-C0265,85.3
2024-01-11 23:18:00,VIN-C0266,92.3
2024-01-11 23:21:00,VIN-C0267,91.8
2024-01-11 23:24:00,VIN-C0268,82.8
2024-01-11 23:27:00,VIN-C0269,96.8
2024-01-11 23:30:00,VIN-C0270,71.9
2024-01-11 23:33:00,VIN-C0271,81.4
2024-01-11 23:36:00,VIN-C0272,98.7
2024-01-11 23:39:00,VIN-C0273,109.4
2024-01-11 23:42:00,VIN-C0274,77.1
2024-01-11 23:45:00,VIN-C0275,93.5
2024-01-11 23:48:00,VIN-C0276,79.5
2024-01-11 23:51:00,VIN-C0277,97.4
2024-01-11 23:54:00,VIN-C0278,96.4
2024-01-11 23:57:00,VIN-C0279,82.9
2024-01-12 00:00:00,VIN-C0280,81.3
2024-01-12 00:03:00,VIN-C0281,98.9
2024-01-12 00:06:00,VIN-C0282,72.2
2024-01-12 00:09:00,VIN-C0283,80.5
2024-01-12 00:12:00,VIN-C0284,100.5
2024-01-12 00:15:00,VIN-C0285,109.7
2024-01-12 00:18:00,VIN-C0286,94.0
2024-01-12 00:21:00,VIN-C0287,104.6
2024-01-12 00:24:00,VIN-C0288,102.4
2024-01-12 00:27:00,VIN-C0289,92.1
2024-01-12 00:30:00,VIN-C0290,79.6
2024-01-12 00:33:00,VIN-C0291,71.3
2024-01-12 00:36:00,VIN-C0292,75.9
2024-01-12 00:39:00,VIN-C0293,97.1
2024-01-12 00:42:00,VIN-C0294,98.4
2024-01-12 00:45:00,VIN-C0295,104.5
2024-01-12 00:48:00,VIN-C0296,106.7
2024-01-12 00:51:00,VIN-C0297,81.6
2024-01-12 00:54:00,VIN-C0298,99.2
2024-01-12 00:57:00,VIN-C0299,102.2
2024-01-12 01:00:00,VIN-C0300,77.2
2024-01-12 01:03:00,VIN-C0301,106.9
2024-01-12 01:06:00,VIN-C0302,100.0
2024-01-12 01:09:00,VIN-C0303,75.2
2024-01-12 01:12:00,VIN-C0304,70.2
2024-01-12 01:15:00,VIN-C0305,83.2
2024-01-12 01:18:00,VIN-C0306,85.8
2024-01-12 01:21:00,VIN-C0307,71.8
2024-01-12 01:24:00,VIN-C0308,95.9
2024-01-12 01:27:00,VIN-C0309,70.4
2024-01-12 01:30:00,VIN-C0310,109.5
2024-01-12 01:33:00,VIN-C0311,75.7
2024-01-12 01:36:00,VIN-C0312,76.3
2024-01-12 01:39:00,VIN-C0313,92.7
2024-01-12 01:42:00,VIN-C0314,93.0
2024-01-12 01:45:00,VIN-C0315,72.0
2024-01-12 01:48:00,VIN-C0316,104.5
2024-01-12 01:51:00,VIN-C0317,107.4
2024-01-12 01:54:00,VIN-C0318,109.3
2024-01-12 01:57:00,VIN-C0319,81.4
2024-01-12 02:00:00,VIN-C0320,107.0
2024-01-12 02:03:00,VIN-C0321,95.2
2024-01-12 02:06:00,VIN-C0322,83.9
2024-01-12 02:09:00,VIN-C0323,100.5
2024-01-12 02:12:00,VIN-C0324,93.9
2024-01-12 02:15:00,VIN-C0325,94.7
2024-01-12 02:18:00,VIN-C0326,70.5
2024-01-12 02:21:00,VIN-C0327,103.6
2024-01-12 02:24:00,VIN-C0328,70.4
2024-01-12 02:27:00,VIN-C0329,106.1
2024-01-12 02:30:00,VIN-C0330,102.0
2024-01-12 02:33:00,VIN-C0331,72.8
2024-01-12 02:36:00,VIN-C0332,87.6
2024-01-12 02:39:00,VIN-C0333,86.9
2024-01-12 02:42:00,VIN-C0334,83.9
2024-01-12 02:45:00,VIN-C0335,77.2
2024-01-12 02:48:00,VIN-C0336,82.3
2024-01-12 02:51:00,VIN-C0337,108.7
2024-01-12 02:54:00,VIN-C0338,97.2
2024-01-12 02:57:00,VIN-C0339,93.3
2024-01-12 03:00:00,VIN-C0340,100.3
2024-01-12 03:03:00,VIN-C0341,87.4
2024-01-12 03:06:00,VIN-C0342,93.2
2024-01-12 03:09:00,VIN-C0343,92.1
2024-01-12 03:12:00,VIN-C0344,80.6
2024-01-12 03:15:00,VIN-C0345,85.0
2024-01-12 03:18:00,VIN-C0346,109.8
2024-01-12 03:21:00,VIN-C0347,91.7
2024-01-12 03:24:00,VIN-C0348,92.5
2024-01-12 03:27:00,VIN-C0349,89.6
2024-01-12 03:30:00,VIN-C0350,97.6
2024-01-12 03:33:00,VIN-C0351,78.4
2024-01-12 03:36:00,VIN-C0352,71.6
2024-01-12 03:39:00,VIN-C0353,79.6
2024-01-12 03:42:00,VIN-C0354,85.0
2024-01-12 03:45:00,VIN-C0355,76.6
2024-01-12 03:48:00,VIN-C0356,79.0
2024-01-12 03:51:00,VIN-C0357,71.9
2024-01-12 03:54:00,VIN-C0358,80.1
2024-01-12 03:57:00,VIN-C0359,79.1
2024-01-12 04:00:00,VIN-C0360,75.5
2024-01-12 04:03:00,VIN-C0361,94.2
2024-01-12 04:06:00,VIN-C0362,102.0
2024-01-12 04:09:00,VIN-C0363,83.1
2024-01-12 04:12:00,VIN-C0364,72.3
2024-01-12 04:15:00,VIN-C0365,78.1
2024-01-12 04:18:00,VIN-C0366,98.7
2024-01-12 04:21:00,VIN-C0367,78.5
2024-01-12 04:24:00,VIN-C0368,109.7
2024-01-12 04:27:00,VIN-C0369,89.7
2024-01-12 04:30:00,VIN-C0370,86.6
2024-01-12 04:33:00,VIN-C0371,108.2
2024-01-12 04:36:00,VIN-C0372,71.1
2024-01-12 04:39:00,VIN-C0373,72.1
2024-01-12 04:42:00,VIN-C0374,76.8
2024-01-12 04:45:00,VIN-C0375,73.4
2024-01-12 04:48:00,VIN-C0376,99.1
2024-01-12 04:51:00,VIN-C0377,97.0
2024-01-12 04:54:00,VIN-C0378,90.3
2024-01-12 04:57:00,VIN-C0379,92.8
2024-01-12 05:00:00,VIN-C0380,70.6
2024-01-12 05:03:00,VIN-C0381,102.2
2024-01-12 05:06:00,VIN-C0382,105.3
2024-01-12 05:09:00,VIN-C0383,81.3
2024-01-12 05:12:00,VIN-C0384,95.8
2024-01-12 05:15:00,VIN-C0385,109.2
2024-01-12 05:18:00,VIN-C0386,99.9
2024-01-12 05:21:00,VIN-C0387,80.3
2024-01-12 05:24:00,VIN-C0388,93.6
2024-01-12 05:27:00,VIN-C0389,70.6
2024-01-12 05:30:00,VIN-C0390,75.7
2024-01-12 05:33:00,VIN-C0391,78.7
2024-01-12 05:36:00,VIN-C0392,105.7
2024-01-12 05:39:00,VIN-C0393,96.4
2024-01-12 05:42:00,VIN-C0394,92.5
2024-01-12 05:45:00,VIN-C0395,98.0
2024-01-12 05:48:00,VIN-C0396,75.5
2024-01-12 05:51:00,VIN-C0397,107.6
2024-01-12 05:54:00,VIN-C0398,83.6
2024-01-12 05:57:00,VIN-C0399,72.6
2024-01-12 06:00:00,VIN-C0400,106.4
2024-01-12 06:03:00,VIN-C0401,72.3
2024-01-12 06:06:00,VIN-C0402,72.7
2024-01-12 06:09:00,VIN-C0403,109.5
2024-01-12 06:12:00,VIN-C0404,86.0
2024-01-12 06:15:00,VIN-C0405,85.7
2024-01-12 06:18:00,VIN-C0406,97.5
2024-01-12 06:21:00,VIN-C0407,77.7
2024-01-12 06:24:00,VIN-C0408,104.3
2024-01-12 06:27:00,VIN-C0409,85.8
2024-01-12 06:30:00,VIN-C0410,93.0
2024-01-12 06:33:00,VIN-C0411,75.3
2024-01-12 06:36:00,VIN-C0412,99.3
2024-01-12 06:39:00,VIN-C0413,83.2
2024-01-12 06:42:00,VIN-C0414,82.9
2024-01-12 06:45:00,VIN-C0415,84.1
2024-01-12 06:48:00,VIN-C0416,87.2
2024-01-12 06:51:00,VIN-C0417,83.5
2024-01-12 06:54:00,VIN-C0418,81.6
2024-01-12 06:57:00,VIN-C0419,84.1
2024-01-12 07:00:00,VIN-C0420,104.5
2024-01-12 07:03:00,VIN-C0421,107.3
2024-01-12 07:06:00,VIN-C0422,78.1
2024-01-12 07:09:00,VIN-C0423,70.7
2024-01-12 07:12:00,VIN-C0424,104.7
2024-01-12 07:15:00,VIN-C0425,86.3
2024-01-12 07:18:00,VIN-C0426,76.2
2024-01-12 07:21:00,VIN-C0427,76.9
2024-01-12 07:24:00,VIN-C0428,91.6
2024-01-12 07:27:00,VIN-C0429,99.9
2024-01-12 07:30:00,VIN-C0430,93.4
2024-01-12 07:33:00,VIN-C0431,93.9
2024-01-12 07:36:00,VIN-C0432,75.4
2024-01-12 07:39:00,VIN-C0433,74.4
2024-01-12 07:42:00,VIN-C0434,82.0
2024-01-12 07:45:00,VIN-C0435,100.1
2024-01-12 07:48:00,VIN-C0436,109.5
2024-01-12 07:51:00,VIN-C0437,89.9
2024-01-12 07:54:00,VIN-C0438,97.1
2024-01-12 07:57:00,VIN-C0439,75.6
2024-01-12 08:00:00,VIN-C0440,80.8
2024-01-12 08:03:00,VIN-C0441,102.1
2024-01-12 08:06:00,VIN-C0442,83.3
2024-01-12 08:09:00,VIN-C0443,88.7
2024-01-12 08:12:00,VIN-C0444,73.9
2024-01-12 08:15:00,VIN-C0445,81.4
2024-01-12 08:18:00,VIN-C0446,108.2
2024-01-12 08:21:00,VIN-C0447,99.5
2024-01-12 08:24:00,VIN-C0448,78.1
2024-01-12 08:27:00,VIN-C0449,103.6
2024-01-12 08:30:00,VIN-C0450,97.9
2024-01-12 08:33:00,VIN-C0451,76.4
2024-01-12 08:36:00,VIN-C0452,71.2
2024-01-12 08:39:00,VIN-C0453,98.7
2024-01-12 08:42:00,VIN-C0454,103.5
2024-01-12 08:45:00,VIN-C0455,104.0
2024-01-12 08:48:00,VIN-C0456,86.1
2024-01-12 08:51:00,VIN-C0457,84.9
2024-01-12 08:54:00,VIN-C0458,88.7
2024-01-12 08:57:00,VIN-C0459,105.5
2024-01-12 09:00:00,VIN-C0460,86.6
2024-01-12 09:03:00,VIN-C0461,107.1
2024-01-12 09:06:00,VIN-C0462,78.8
2024-01-12 09:09:00,VIN-C0463,109.2
2024-01-12 09:12:00,VIN-C0464,71.4
2024-01-12 09:15:00,VIN-C0465,82.7
2024-01-12 09:18:00,VIN-C0466,72.2
2024-01-12 09:21:00,VIN-C0467,109.4
2024-01-12 09:24:00,VIN-C0468,95.1
2024-01-12 09:27:00,VIN-C0469,78.1
2024-01-12 09:30:00,VIN-C0470,103.7
2024-01-12 09:33:00,VIN-C0471,84.1
2024-01-12 09:36:00,VIN-C0472,92.3
2024-01-12 09:39:00,VIN-C0473,76.7
2024-01-12 09:42:00,VIN-C0474,92.0
2024-01-12 09:45:00,VIN-C0475,104.4
2024-01-12 09:48:00,VIN-C0476,73.2
2024-01-12 09:51:00,VIN-C0477,77.2
2024-01-12 09:54:00,VIN-C0478,95.3
2024-01-12 09:57:00,VIN-C0479,76.2
2024-01-12 10:00:00,VIN-C0480,103.9
2024-01-12 10:03:00,VIN-C0481,102.6
2024-01-12 10:06:00,VIN-C0482,106.6
2024-01-12 10:09:00,VIN-C0483,104.9
2024-01-12 10:12:00,VIN-C0484,89.2
2024-01-12 10:15:00,VIN-C0485,92.1
2024-01-12 10:18:00,VIN-C0486,96.5
2024-01-12 10:21:00,VIN-C0487,79.7
2024-01-12 10:24:00,VIN-C0488,88.4
2024-01-12 10:27:00,VIN-C0489,109.9
2024-01-12 10:30:00,VIN-C0490,70.5
2024-01-12 10:33:00,VIN-C0491,100.6
2024-01-12 10:36:00,VIN-C0492,74.0
2024-01-12 10:39:00,VIN-C0493,87.6
2024-01-12 10:42:00,VIN-C0494,91.0
2024-01-12 10:45:00,VIN-C0495,90.7
2024-01-12 10:48:00,VIN-C0496,82.4
2024-01-12 10:51:00,VIN-C0497,108.9
2024-01-12 10:54:00,VIN-C0498,108.0
2024-01-12 10:57:00,VIN-C0499,107.4
2024-01-12 11:00:00,VIN-C0500,77.9
2024-01-12 11:03:00,VIN-C0501,95.1
2024-01-12 11:06:00,VIN-C0502,99.7
2024-01-12 11:09:00,VIN-C0503,94.7
2024-01-12 11:12:00,VIN-C0504,79.3
2024-01-12 11:15:00,VIN-C0505,84.3
2024-01-12 11:18:00,VIN-C0506,93.0
2024-01-12 11:21:00,VIN-C0507,102.8
2024-01-12 11:24:00,VIN-C0508,102.6
2024-01-12 11:27:00,VIN-C0509,94.5
2024-01-12 11:30:00,VIN-C0510,104.7
2024-01-12 11:33:00,VIN-C0511,88.1
2024-01-12 11:36:00,VIN-C0512,96.5
2024-01-12 11:39:00,VIN-C0513,98.4
2024-01-12 11:42:00,VIN-C0514,92.4
2024-01-12 11:45:00,VIN-C0515,109.8
2024-01-12 11:48:00,VIN-C0516,85.0
2024-01-12 11:51:00,VIN-C0517,95.1
2024-01-12 11:54:00,VIN-C0518,101.9
2024-01-12 11:57:00,VIN-C0519,82.0
2024-01-12 12:00:00,VIN-C0520,85.6
2024-01-12 12:03:00,VIN-C0521,91.8
2024-01-12 12:06:00,VIN-C0522,80.7
2024-01-12 12:09:00,VIN-C0523,87.0
2024-01-12 12:12:00,VIN-C0524,105.9
2024-01-12 12:15:00,VIN-C0525,92.6
2024-01-12 12:18:00,VIN-C0526,105.6
2024-01-12 12:21:00,VIN-C0527,103.5
2024-01-12 12:24:00,VIN-C0528,98.2
2024-01-12 12:27:00,VIN-C0529,102.4
2024-01-12 12:30:00,VIN-C0530,93.7
2024-01-12 12:33:00,VIN-C0531,81.5
2024-01-12 12:36:00,VIN-C0532,100.8
2024-01-12 12:39:00,VIN-C0533,108.8
2024-01-12 12:42:00,VIN-C0534,98.3
2024-01-12 12:45:00,VIN-C0535,86.6
2024-01-12 12:48:00,VIN-C0536,109.6
2024-01-12 12:51:00,VIN-C0537,75.6
2024-01-12 12:54:00,VIN-C0538,81.1
2024-01-12 12:57:00,VIN-C0539,101.7
2024-01-12 13:00:00,VIN-C0540,80.7
2024-01-12 13:03:00,VIN-C0541,99.0
2024-01-12 13:06:00,VIN-C0542,89.5
2024-01-12 13:09:00,VIN-C0543,104.6
2024-01-12 13:12:00,VIN-C0544,81.0
2024-01-12 13:15:00,VIN-C0545,94.7
2024-01-12 13:18:00,VIN-C0546,72.5
2024-01-12 13:21:00,VIN-C0547,87.4
2024-01-12 13:24:00,VIN-C0548,102.5
2024-01-12 13:27:00,VIN-C0549,100.1
2024-01-12 13:30:00,VIN-C0550,99.4
2024-01-12 13:33:00,VIN-C0551,84.2
2024-01-12 13:36:00,VIN-C0552,97.4
2024-01-12 13:39:00,VIN-C0553,81.9
2024-01-12 13:42:00,VIN-C0554,70.1
2024-01-12 13:45:00,VIN-C0555,72.5
2024-01-12 13:48:00,VIN-C0556,101.2
2024-01-12 13:51:00,VIN-C0557,89.2
2024-01-12 13:54:00,VIN-C0558,92.9
2024-01-12 13:57:00,VIN-C0559,72.6
2024-01-12 14:00:00,VIN-C0560,85.0
2024-01-12 14:03:00,VIN-C0561,76.0
2024-01-12 14:06:00,VIN-C0562,91.0
2024-01-12 14:09:00,VIN-C0563,72.5
2024-01-12 14:12:00,VIN-C0564,93.3
2024-01-12 14:15:00,VIN-C0565,87.0
2024-01-12 14:18:00,VIN-C0566,90.1
2024-01-12 14:21:00,VIN-C0567,108.6
2024-01-12 14:24:00,VIN-C0568,83.0
2024-01-12 14:27:00,VIN-C0569,89.3
2024-01-12 14:30:00,VIN-C0570,89.4
2024-01-12 14:33:00,VIN-C0571,71.8
2024-01-12 14:36:00,VIN-C0572,86.9
2024-01-12 14:39:00,VIN-C0573,86.3
2024-01-12 14:42:00,VIN-C0574,104.5
2024-01-12 14:45:00,VIN-C0575,107.0
2024-01-12 14:48:00,VIN-C0576,77.2
2024-01-12 14:51:00,VIN-C0577,72.1
2024-01-12 14:54:00,VIN-C0578,105.0
2024-01-12 14:57:00,VIN-C0579,106.4
2024-01-12 15:00:00,VIN-C0580,76.7
2024-01-12 15:03:00,VIN-C0581,71.1
2024-01-12 15:06:00,VIN-C0582,73.0
2024-01-12 15:09:00,VIN-C0583,70.8
2024-01-12 15:12:00,VIN-C0584,78.2
2024-01-12 15:15:00,VIN-C0585,104.1
2024-01-12 15:18:00,VIN-C0586,79.3
2024-01-12 15:21:00,VIN-C0587,71.9
2024-01-12 15:24:00,VIN-C0588,108.4
2024-01-12 15:27:00,VIN-C0589,74.6
2024-01-12 15:30:00,VIN-C0590,78.9
2024-01-12 15:33:00,VIN-C0591,84.5
2024-01-12 15:36:00,VIN-C0592,101.9
2024-01-12 15:39:00,VIN-C0593,83.4
2024-01-12 15:42:00,VIN-C0594,75.0
2024-01-12 15:45:00,VIN-C0595,100.9
2024-01-12 15:48:00,VIN-C0596,76.9
2024-01-12 15:51:00,VIN-C0597,80.7
2024-01-12 15:54:00,VIN-C0598,79.9
2024-01-12 15:57:00,VIN-C0599,95.0
2024-01-12 16:00:00,VIN-C0600,77.1
2024-01-12 16:03:00,VIN-C0601,103.4
2024-01-12 16:06:00,VIN-C0602,109.3
2024-01-12 16:09:00,VIN-C0603,80.7
2024-01-12 16:12:00,VIN-C0604,84.8
2024-01-12 16:15:00,VIN-C0605,94.8
2024-01-12 16:18:00,VIN-C0606,88.9
2024-01-12 16:21:00,VIN-C0607,104.0
2024-01-12 16:24:00,VIN-C0608,101.1
2024-01-12 16:27:00,VIN-C0609,87.4
2024-01-12 16:30:00,VIN-C0610,92.4
2024-01-12 16:33:00,VIN-C0611,75.1
2024-01-12 16:36:00,VIN-C0612,99.9
2024-01-12 16:39:00,VIN-C0613,89.8
2024-01-12 16:42:00,VIN-C0614,89.0
2024-01-12 16:45:00,VIN-C0615,108.0
2024-01-12 16:48:00,VIN-C0616,83.0
2024-01-12 16:51:00,VIN-C0617,91.9
2024-01-12 16:54:00,VIN-C0618,86.5
2024-01-12 16:57:00,VIN-C0619,81.8
2024-01-12 17:00:00,VIN-C0620,86.6
2024-01-12 17:03:00,VIN-C0621,74.1
2024-01-12 17:06:00,VIN-C0622,97.8
2024-01-12 17:09:00,VIN-C0623,102.3
2024-01-12 17:12:00,VIN-C0624,97.6
2024-01-12 17:15:00,VIN-C0625,81.0
2024-01-12 17:18:00,VIN-C0626,92.2
2024-01-12 17:21:00,VIN-C0627,74.7
2024-01-12 17:24:00,VIN-C0628,101.4
2024-01-12 17:27:00,VIN-C0629,85.9
2024-01-12 17:30:00,VIN-C0630,99.9
2024-01-12 17:33:00,VIN-C0631,103.7
2024-01-12 17:36:00,VIN-C0632,106.7
2024-01-12 17:39:00,VIN-C0633,99.9
2024-01-12 17:42:00,VIN-C0634,70.5
2024-01-12 17:45:00,VIN-C0635,109.7
2024-01-12 17:48:00,VIN-C0636,98.7
2024-01-12 17:51:00,VIN-C0637,88.1
2024-01-12 17:54:00,VIN-C0638,78.7
2024-01-12 17:57:00,VIN-C0639,108.2
2024-01-12 18:00:00,VIN-C0640,74.5
2024-01-12 18:03:00,VIN-C0641,99.3
2024-01-12 18:06:00,VIN-C0642,79.1
2024-01-12 18:09:00,VIN-C0643,106.7
2024-01-12 18:12:00,VIN-C0644,108.3
2024-01-12 18:15:00,VIN-C0645,71.8
2024-01-12 18:18:00,VIN-C0646,73.5
2024-01-12 18:21:00,VIN-C0647,89.7
2024-01-12 18:24:00,VIN-C0648,106.3
2024-01-12 18:27:00,VIN-C0649,93.1
2024-01-12 18:30:00,VIN-C0650,100.9
2024-01-12 18:33:00,VIN-C0651,105.7
2024-01-12 18:36:00,VIN-C0652,104.1
2024-01-12 18:39:00,VIN-C0653,99.9
2024-01-12 18:42:00,VIN-C0654,79.9
2024-01-12 18:45:00,VIN-C0655,80.3
2024-01-12 18:48:00,VIN-C0656,92.1
2024-01-12 18:51:00,VIN-C0657,82.8
2024-01-12 18:54:00,VIN-C0658,92.6
2024-01-12 18:57:00,VIN-C0659,78.2
2024-01-12 19:00:00,VIN-C0660,101.5
2024-01-12 19:03:00,VIN-C0661,101.6
2024-01-12 19:06:00,VIN-C0662,93.3
2024-01-12 19:09:00,VIN-C0663,109.9
2024-01-12 19:12:00,VIN-C0664,76.5
2024-01-12 19:15:00,VIN-C0665,81.6
2024-01-12 19:18:00,VIN-C0666,104.0
2024-01-12 19:21:00,VIN-C0667,107.4
2024-01-12 19:24:00,VIN-C0668,108.8
2024-01-12 19:27:00,VIN-C0669,85.2
2024-01-12 19:30:00,VIN-C0670,79.6
2024-01-12 19:33:00,VIN-C0671,82.1
2024-01-12 19:36:00,VIN-C0672,74.9
2024-01-12 19:39:00,VIN-C0673,95.7
2024-01-12 19:42:00,VIN-C0674,73.0
2024-01-12 19:45:00,VIN-C0675,83.3
2024-01-12 19:48:00,VIN-C0676,85.5
2024-01-12 19:51:00,VIN-C0677,83.5
2024-01-12 19:54:00,VIN-C0678,99.6
2024-01-12 19:57:00,VIN-C0679,81.3
2024-01-12 20:00:00,VIN-C0680,93.3
2024-01-12 20:03:00,VIN-C0681,87.0
2024-01-12 20:06:00,VIN-C0682,109.2
2024-01-12 20:09:00,VIN-C0683,87.3
2024-01-12 20:12:00,VIN-C0684,78.3
2024-01-12 20:15:00,VIN-C0685,104.1
2024-01-12 20:18:00,VIN-C0686,88.2
2024-01-12 20:21:00,VIN-C0687,86.2
2024-01-12 20:24:00,VIN-C0688,89.1
2024-01-12 20:27:00,VIN-C0689,74.4
2024-01-12 20:30:00,VIN-C0690,90.4
2024-01-12 20:33:00,VIN-C0691,80.4
2024-01-12 20:36:00,VIN-C0692,105.1
2024-01-12 20:39:00,VIN-C0693,86.4
2024-01-12 20:42:00,VIN-C0694,89.4
2024-01-12 20:45:00,VIN-C0695,76.7
2024-01-12 20:48:00,VIN-C0696,104.8
2024-01-12 20:51:00,VIN-C0697,92.1
2024-01-12 20:54:00,VIN-C0698,70.5
2024-01-12 20:57:00,VIN-C0699,91.0
2024-01-12 21:00:00,VIN-C0700,71.3
2024-01-12 21:03:00,VIN-C0701,88.1
2024-01-12 21:06:00,VIN-C0702,98.2
2024-01-12 21:09:00,VIN-C0703,103.0
2024-01-12 21:12:00,VIN-C0704,108.7
2024-01-12 21:15:00,VIN-C0705,100.6
2024-01-12 21:18:00,VIN-C0706,101.7
2024-01-12 21:21:00,VIN-C0707,108.3
2024-01-12 21:24:00,VIN-C0708,91.0
2024-01-12 21:27:00,VIN-C0709,104.1
2024-01-12 21:30:00,VIN-C0710,106.4
2024-01-12 21:33:00,VIN-C0711,73.1
2024-01-12 21:36:00,VIN-C0712,107.2
2024-01-12 21:39:00,VIN-C0713,102.0
2024-01-12 21:42:00,VIN-C0714,92.0
2024-01-12 21:45:00,VIN-C0715,70.9
2024-01-12 21:48:00,VIN-C0716,96.9
2024-01-12 21:51:00,VIN-C0717,96.7
2024-01-12 21:54:00,VIN-C0718,80.0
2024-01-12 21:57:00,VIN-C0719,93.9
2024-01-12 22:00:00,VIN-C0720,108.3
2024-01-12 22:03:00,VIN-C0721,97.9
2024-01-12 22:06:00,VIN-C0722,93.0
2024-01-12 22:09:00,VIN-C0723,92.7
2024-01-12 22:12:00,VIN-C0724,90.8
2024-01-12 22:15:00,VIN-C0725,72.7
2024-01-12 22:18:00,VIN-C0726,79.6
2024-01-12 22:21:00,VIN-C0727,105.7
2024-01-12 22:24:00,VIN-C0728,86.6
2024-01-12 22:27:00,VIN-C0729,82.0
2024-01-12 22:30:00,VIN-C0730,78.8
2024-01-12 22:33:00,VIN-C0731,98.9
2024-01-12 22:36:00,VIN-C0732,81.8
2024-01-12 22:39:00,VIN-C0733,104.4
2024-01-12 22:42:00,VIN-C0734,91.3
2024-01-12 22:45:00,VIN-C0735,106.0
2024-01-12 22:48:00,VIN-C0736,100.7
2024-01-12 22:51:00,VIN-C0737,82.3
2024-01-12 22:54:00,VIN-C0738,94.0
2024-01-12 22:57:00,VIN-C0739,81.3
2024-01-12 23:00:00,VIN-C0740,77.0
2024-01-12 23:03:00,VIN-C0741,76.5
2024-01-12 23:06:00,VIN-C0742,109.9
2024-01-12 23:09:00,VIN-C0743,97.0
2024-01-12 23:12:00,VIN-C0744,103.9
2024-01-12 23:15:00,VIN-C0745,91.0
2024-01-12 23:18:00,VIN-C0746,94.2
2024-01-12 23:21:00,VIN-C0747,87.7
2024-01-12 23:24:00,VIN-C0748,94.0
2024-01-12 23:27:00,VIN-C0749,86.3
2024-01-12 23:30:00,VIN-C0750,84.4
2024-01-12 23:33:00,VIN-C0751,85.3
2024-01-12 23:36:00,VIN-C0752,85.8
2024-01-12 23:39:00,VIN-C0753,108.8
2024-01-12 23:42:00,VIN-C0754,90.0
2024-01-12 23:45:00,VIN-C0755,70.3
2024-01-12 23:48:00,VIN-C0756,74.2
2024-01-12 23:51:00,VIN-C0757,94.8
2024-01-12 23:54:00,VIN-C0758,70.1
2024-01-12 23:57:00,VIN-C0759,87.2
2024-01-13 00:00:00,VIN-C0760,85.1
2024-01-13 00:03:00,VIN-C0761,72.6
2024-01-13 00:06:00,VIN-C0762,70.1
2024-01-13 00:09:00,VIN-C0763,79.1
2024-01-13 00:12:00,VIN-C0764,75.5
2024-01-13 00:15:00,VIN-C0765,88.6
2024-01-13 00:18:00,VIN-C0766,83.3
2024-01-13 00:21:00,VIN-C0767,87.8
2024-01-13 00:24:00,VIN-C0768,107.8
2024-01-13 00:27:00,VIN-C0769,106.8
2024-01-13 00:30:00,VIN-C0770,108.8
2024-01-13 00:33:00,VIN-C0771,77.1
2024-01-13 00:36:00,VIN-C0772,72.7
2024-01-13 00:39:00,VIN-C0773,102.9
2024-01-13 00:42:00,VIN-C0774,86.3
2024-01-13 00:45:00,VIN-C0775,76.2
2024-01-13 00:48:00,VIN-C0776,89.1
2024-01-13 00:51:00,VIN-C0777,85.5
2024-01-13 00:54:00,VIN-C0778,83.4
2024-01-13 00:57:00,VIN-C0779,74.9
2024-01-13 01:00:00,VIN-C0780,85.1
2024-01-13 01:03:00,VIN-C0781,86.6
2024-01-13 01:06:00,VIN-C0782,103.8
2024-01-13 01:09:00,VIN-C0783,71.2
2024-01-13 01:12:00,VIN-C0784,100.9
2024-01-13 01:15:00,VIN-C0785,104.9
2024-01-13 01:18:00,VIN-C0786,80.4
2024-01-13 01:21:00,VIN-C0787,85.2
2024-01-13 01:24:00,VIN-C0788,74.1
2024-01-13 01:27:00,VIN-C0789,86.5
2024-01-13 01:30:00,VIN-C0790,105.8
2024-01-13 01:33:00,VIN-C0791,73.9
2024-01-13 01:36:00,VIN-C0792,102.2
2024-01-13 01:39:00,VIN-C0793,77.4
2024-01-13 01:42:00,VIN-C0794,104.9
2024-01-13 01:45:00,VIN-C0795,77.3
2024-01-13 01:48:00,VIN-C0796,108.5
2024-01-13 01:51:00,VIN-C0797,96.9
2024-01-13 01:54:00,VIN-C0798,109.1
2024-01-13 01:57:00,VIN-C0799,93.5
2024-01-13 02:00:00,VIN-C0800,98.3
2024-01-13 02:03:00,VIN-C0801,95.0
2024-01-13 02:06:00,VIN-C0802,108.8
2024-01-13 02:09:00,VIN-C0803,104.3
2024-01-13 02:12:00,VIN-C0804,100.6
2024-01-13 02:15:00,VIN-C0805,77.2
2024-01-13 02:18:00,VIN-C0806,94.6
2024-01-13 02:21:00,VIN-C0807,104.7
2024-01-13 02:24:00,VIN-C0808,87.5
2024-01-13 02:27:00,VIN-C0809,77.4
2024-01-13 02:30:00,VIN-C0810,88.5
2024-01-13 02:33:00,VIN-C0811,81.5
2024-01-13 02:36:00,VIN-C0812,104.3
2024-01-13 02:39:00,VIN-C0813,97.9
2024-01-13 02:42:00,VIN-C0814,96.0
2024-01-13 02:45:00,VIN-C0815,92.2
2024-01-13 02:48:00,VIN-C0816,101.0
2024-01-13 02:51:00,VIN-C0817,97.7
2024-01-13 02:54:00,VIN-C0818,82.7
2024-01-13 02:57:00,VIN-C0819,100.6
2024-01-13 03:00:00,VIN-C0820,95.2
2024-01-13 03:03:00,VIN-C0821,78.0
2024-01-13 03:06:00,VIN-C0822,71.1
2024-01-13 03:09:00,VIN-C0823,90.1
2024-01-13 03:12:00,VIN-C0824,100.9
2024-01-13 03:15:00,VIN-C0825,86.9
2024-01-13 03:18:00,VIN-C0826,107.9
2024-01-13 03:21:00,VIN-C0827,90.0
2024-01-13 03:24:00,VIN-C0828,85.2
2024-01-13 03:27:00,VIN-C0829,94.3
2024-01-13 03:30:00,VIN-C0830,71.0
2024-01-13 03:33:00,VIN-C0831,92.7
2024-01-13 03:36:00,VIN-C0832,75.8
2024-01-13 03:39:00,VIN-C0833,106.3
2024-01-13 03:42:00,VIN-C0834,73.1
2024-01-13 03:45:00,VIN-C0835,89.0
2024-01-13 03:48:00,VIN-C0836,91.6
2024-01-13 03:51:00,VIN-C0837,81.4
2024-01-13 03:54:00,VIN-C0838,80.9
2024-01-13 03:57:00,VIN-C0839,73.0
2024-01-13 04:00:00,VIN-C0840,81.0
2024-01-13 04:03:00,VIN-C0841,82.8
2024-01-13 04:06:00,VIN-C0842,74.1
2024-01-13 04:09:00,VIN-C0843,81.3
2024-01-13 04:12:00,VIN-C0844,92.0
2024-01-13 04:15:00,VIN-C0845,76.2
2024-01-13 04:18:00,VIN-C0846,86.2
2024-01-13 04:21:00,VIN-C0847,89.3
2024-01-13 04:24:00,VIN-C0848,90.6
2024-01-13 04:27:00,VIN-C0849,74.5
2024-01-13 04:30:00,VIN-C0850,87.5
2024-01-13 04:33:00,VIN-C0851,96.6
2024-01-13 04:36:00,VIN-C0852,98.8
2024-01-13 04:39:00,VIN-C0853,85.0
2024-01-13 04:42:00,VIN-C0854,93.5
2024-01-13 04:45:00,VIN-C0855,91.8
2024-01-13 04:48:00,VIN-C0856,93.1
2024-01-13 04:51:00,VIN-C0857,81.3
2024-01-13 04:54:00,VIN-C0858,88.7
2024-01-13 04:57:00,VIN-C0859,72.7
2024-01-13 05:00:00,VIN-C0860,87.1
2024-01-13 05:03:00,VIN-C0861,102.6
2024-01-13 05:06:00,VIN-C0862,78.2
2024-01-13 05:09:00,VIN-C0863,100.2
2024-01-13 05:12:00,VIN-C0864,80.2
2024-01-13 05:15:00,VIN-C0865,76.6
2024-01-13 05:18:00,VIN-C0866,87.1
2024-01-13 05:21:00,VIN-C0867,102.7
2024-01-13 05:24:00,VIN-C0868,75.0
2024-01-13 05:27:00,VIN-C0869,100.6
2024-01-13 05:30:00,VIN-C0870,108.0
2024-01-13 05:33:00,VIN-C0871,74.8
2024-01-13 05:36:00,VIN-C0872,75.1
2024-01-13 05:39:00,VIN-C0873,77.9
2024-01-13 05:42:00,VIN-C0874,106.3
2024-01-13 05:45:00,VIN-C0875,98.7
2024-01-13 05:48:00,VIN-C0876,89.6
2024-01-13 05:51:00,VIN-C0877,99.6
2024-01-13 05:54:00,VIN-C0878,109.4
2024-01-13 05:57:00,VIN-C0879,107.4
2024-01-13 06:00:00,VIN-C0880,74.3
2024-01-13 06:03:00,VIN-C0881,100.9
2024-01-13 06:06:00,VIN-C0882,71.6
2024-01-13 06:09:00,VIN-C0883,77.8
2024-01-13 06:12:00,VIN-C0884,76.1
2024-01-13 06:15:00,VIN-C0885,109.5
2024-01-13 06:18:00,VIN-C0886,101.2
2024-01-13 06:21:00,VIN-C0887,75.1
2024-01-13 06:24:00,VIN-C0888,79.8
2024-01-13 06:27:00,VIN-C0889,84.5
2024-01-13 06:30:00,VIN-C0890,72.0
2024-01-13 06:33:00,VIN-C0891,73.3
2024-01-13 06:36:00,VIN-C0892,71.8
2024-01-13 06:39:00,VIN-C0893,86.8
2024-01-13 06:42:00,VIN-C0894,83.9
2024-01-13 06:45:00,VIN-C0895,103.8
2024-01-13 06:48:00,VIN-C0896,78.8
2024-01-13 06:51:00,VIN-C0897,84.3
2024-01-13 06:54:00,VIN-C0898,81.3
2024-01-13 06:57:00,VIN-C0899,85.4
2024-01-13 07:00:00,VIN-C0900,109.4
2024-01-13 07:03:00,VIN-C0901,102.5
2024-01-13 07:06:00,VIN-C0902,97.7
2024-01-13 07:09:00,VIN-C0903,75.9
2024-01-13 07:12:00,VIN-C0904,80.6
2024-01-13 07:15:00,VIN-C0905,96.8
2024-01-13 07:18:00,VIN-C0906,97.6
2024-01-13 07:21:00,VIN-C0907,91.8
2024-01-13 07:24:00,VIN-C0908,101.6
2024-01-13 07:27:00,VIN-C0909,81.2
2024-01-13 07:30:00,VIN-C0910,86.0
2024-01-13 07:33:00,VIN-C0911,109.5
2024-01-13 07:36:00,VIN-C0912,85.3
2024-01-13 07:39:00,VIN-C0913,102.5
2024-01-13 07:42:00,VIN-C0914,93.6
2024-01-13 07:45:00,VIN-C0915,72.6
2024-01-13 07:48:00,VIN-C0916,102.4
2024-01-13 07:51:00,VIN-C0917,76.9
2024-01-13 07:54:00,VIN-C0918,98.0
2024-01-13 07:57:00,VIN-C0919,95.0
2024-01-13 08:00:00,VIN-C0920,106.9
2024-01-13 08:03:00,VIN-C0921,87.0
2024-01-13 08:06:00,VIN-C0922,91.4
2024-01-13 08:09:00,VIN-C0923,75.6
2024-01-13 08:12:00,VIN-C0924,84.0
2024-01-13 08:15:00,VIN-C0925,101.2
2024-01-13 08:18:00,VIN-C0926,103.9
2024-01-13 08:21:00,VIN-C0927,72.9
2024-01-13 08:24:00,VIN-C0928,109.2
2024-01-13 08:27:00,VIN-C0929,70.3
2024-01-13 08:30:00,VIN-C0930,94.2
2024-01-13 08:33:00,VIN-C0931,73.8
2024-01-13 08:36:00,VIN-C0932,75.6
2024-01-13 08:39:00,VIN-C0933,99.3
2024-01-13 08:42:00,VIN-C0934,86.2
2024-01-13 08:45:00,VIN-C0935,90.4
2024-01-13 08:48:00,VIN-C0936,96.3
2024-01-13 08:51:00,VIN-C0937,107.1
2024-01-13 08:54:00,VIN-C0938,71.0
2024-01-13 08:57:00,VIN-C0939,88.4
2024-01-13 09:00:00,VIN-C0940,87.0
2024-01-13 09:03:00,VIN-C0941,92.8
2024-01-13 09:06:00,VIN-C0942,73.4
2024-01-13 09:09:00,VIN-C0943,77.5
2024-01-13 09:12:00,VIN-C0944,88.6
2024-01-13 09:15:00,VIN-C0945,92.6
2024-01-13 09:18:00,VIN-C0946,89.2
2024-01-13 09:21:00,VIN-C0947,85.2
2024-01-13 09:24:00,VIN-C0948,108.4
2024-01-13 09:27:00,VIN-C0949,106.7
2024-01-13 09:30:00,VIN-C0950,74.4
2024-01-13 09:33:00,VIN-C0951,92.1
2024-01-13 09:36:00,VIN-C0952,93.6
2024-01-13 09:39:00,VIN-C0953,84.0
2024-01-13 09:42:00,VIN-C0954,95.9
2024-01-13 09:45:00,VIN-C0955,71.6
2024-01-13 09:48:00,VIN-C0956,70.2
2024-01-13 09:51:00,VIN-C0957,90.9
2024-01-13 09:54:00,VIN-C0958,84.0
2024-01-13 09:57:00,VIN-C0959,95.7
2024-01-13 10:00:00,VIN-C0960,74.9
2024-01-13 10:03:00,VIN-C0961,72.6
2024-01-13 10:06:00,VIN-C0962,89.7
2024-01-13 10:09:00,VIN-C0963,86.1
2024-01-13 10:12:00,VIN-C0964,76.5
2024-01-13 10:15:00,VIN-C0965,102.8
2024-01-13 10:18:00,VIN-C0966,105.5
2024-01-13 10:21:00,VIN-C0967,70.8
2024-01-13 10:24:00,VIN-C0968,106.2
2024-01-13 10:27:00,VIN-C0969,98.1
2024-01-13 10:30:00,VIN-C0970,107.8
2024-01-13 10:33:00,VIN-C0971,97.9
2024-01-13 10:36:00,VIN-C0972,102.3
2024-01-13 10:39:00,VIN-C0973,106.1
2024-01-13 10:42:00,VIN-C0974,72.0
2024-01-13 10:45:00,VIN-C0975,84.5
2024-01-13 10:48:00,VIN-C0976,80.2
2024-01-13 10:51:00,VIN-C0977,105.9
2024-01-13 10:54:00,VIN-C0978,84.2
2024-01-13 10:57:00,VIN-C0979,90.3
2024-01-13 11:00:00,VIN-C0980,96.5
2024-01-13 11:03:00,VIN-C0981,95.2
2024-01-13 11:06:00,VIN-C0982,87.4
2024-01-13 11:09:00,VIN-C0983,79.6
2024-01-13 11:12:00,VIN-C0984,88.9
2024-01-13 11:15:00,VIN-C0985,79.7
2024-01-13 11:18:00,VIN-C0986,96.3
2024-01-13 11:21:00,VIN-C0987,109.9
2024-01-13 11:24:00,VIN-C0988,84.2
2024-01-13 11:27:00,VIN-C0989,102.0
2024-01-13 11:30:00,VIN-C0990,91.3
2024-01-13 11:33:00,VIN-C0991,72.0
2024-01-13 11:36:00,VIN-C0992,92.7
2024-01-13 11:39:00,VIN-C0993,106.3
2024-01-13 11:42:00,VIN-C0994,95.4
2024-01-13 11:45:00,VIN-C0995,79.7
2024-01-13 11:48:00,VIN-C0996,83.4
2024-01-13 11:51:00,VIN-C0997,97.1
2024-01-13 11:54:00,VIN-C0998,109.7
2024-01-13 11:57:00,VIN-C0999,82.5
2024-01-13 12:00:00,VIN-C1000,106.4
2024-01-13 12:03:00,VIN-C1001,103.0
2024-01-13 12:06:00,VIN-C1002,77.5
2024-01-13 12:09:00,VIN-C1003,74.5
2024-01-13 12:12:00,VIN-C1004,81.0
2024-01-13 12:15:00,VIN-C1005,105.4
2024-01-13 12:18:00,VIN-C1006,103.6
2024-01-13 12:21:00,VIN-C1007,74.4
2024-01-13 12:24:00,VIN-C1008,91.1
2024-01-13 12:27:00,VIN-C1009,81.7
2024-01-13 12:30:00,VIN-C1010,109.1
2024-01-13 12:33:00,VIN-C1011,93.4
2024-01-13 12:36:00,VIN-C1012,83.8
2024-01-13 12:39:00,VIN-C1013,97.5
2024-01-13 12:42:00,VIN-C1014,75.4
2024-01-13 12:45:00,VIN-C1015,88.2
2024-01-13 12:48:00,VIN-C1016,109.9
2024-01-13 12:51:00,VIN-C1017,103.2
2024-01-13 12:54:00,VIN-C1018,100.4
2024-01-13 12:57:00,VIN-C1019,71.1
2024-01-13 13:00:00,VIN-C1020,85.7
2024-01-13 13:03:00,VIN-C1021,87.0
2024-01-13 13:06:00,VIN-C1022,79.6
2024-01-13 13:09:00,VIN-C1023,108.0
2024-01-13 13:12:00,VIN-C1024,82.4
2024-01-13 13:15:00,VIN-C1025,106.7
2024-01-13 13:18:00,VIN-C1026,87.6
2024-01-13 13:21:00,VIN-C1027,108.1
2024-01-13 13:24:00,VIN-C1028,82.3
2024-01-13 13:27:00,VIN-C1029,96.0
2024-01-13 13:30:00,VIN-C1030,86.0
2024-01-13 13:33:00,VIN-C1031,92.1
2024-01-13 13:36:00,VIN-C1032,80.2
2024-01-13 13:39:00,VIN-C1033,85.1
2024-01-13 13:42:00,VIN-C1034,98.7
2024-01-13 13:45:00,VIN-C1035,95.1
2024-01-13 13:48:00,VIN-C1036,95.9
2024-01-13 13:51:00,VIN-C1037,79.0
2024-01-13 13:54:00,VIN-C1038,96.6
2024-01-13 13:57:00,VIN-C1039,82.8
2024-01-13 14:00:00,VIN-C1040,107.9
2024-01-13 14:03:00,VIN-C1041,106.1
2024-01-13 14:06:00,VIN-C1042,78.5
2024-01-13 14:09:00,VIN-C1043,75.7
2024-01-13 14:12:00,VIN-C1044,79.1
2024-01-13 14:15:00,VIN-C1045,85.9
2024-01-13 14:18:00,VIN-C1046,78.7
2024-01-13 14:21:00,VIN-C1047,100.9
2024-01-13 14:24:00,VIN-C1048,89.5
2024-01-13 14:27:00,VIN-C1049,84.9
2024-01-13 14:30:00,VIN-C1050,72.0
2024-01-13 14:33:00,VIN-C1051,101.0
2024-01-13 14:36:00,VIN-C1052,92.4
2024-01-13 14:39:00,VIN-C1053,99.8
2024-01-13 14:42:00,VIN-C1054,76.8
2024-01-13 14:45:00,VIN-C1055,71.9
2024-01-13 14:48:00,VIN-C1056,94.2
2024-01-13 14:51:00,VIN-C1057,97.4
2024-01-13 14:54:00,VIN-C1058,91.5
2024-01-13 14:57:00,VIN-C1059,91.7
2024-01-13 15:00:00,VIN-C1060,103.2
2024-01-13 15:03:00,VIN-C1061,71.9
2024-01-13 15:06:00,VIN-C1062,81.2
2024-01-13 15:09:00,VIN-C1063,76.0
2024-01-13 15:12:00,VIN-C1064,84.5
2024-01-13 15:15:00,VIN-C1065,97.4
2024-01-13 15:18:00,VIN-C1066,90.9
2024-01-13 15:21:00,VIN-C1067,86.6
2024-01-13 15:24:00,VIN-C1068,95.9
2024-01-13 15:27:00,VIN-C1069,94.0
2024-01-13 15:30:00,VIN-C1070,95.9
2024-01-13 15:33:00,VIN-C1071,70.9
2024-01-13 15:36:00,VIN-C1072,101.2
2024-01-13 15:39:00,VIN-C1073,74.6
2024-01-13 15:42:00,VIN-C1074,101.8
2024-01-13 15:45:00,VIN-C1075,74.2
2024-01-13 15:48:00,VIN-C1076,73.2
2024-01-13 15:51:00,VIN-C1077,94.9
2024-01-13 15:54:00,VIN-C1078,107.4
2024-01-13 15:57:00,VIN-C1079,83.8
2024-01-13 16:00:00,VIN-C1080,88.1
2024-01-13 16:03:00,VIN-C1081,99.4
2024-01-13 16:06:00,VIN-C1082,100.0
2024-01-13 16:09:00,VIN-C1083,86.0
2024-01-13 16:12:00,VIN-C1084,106.9
2024-01-13 16:15:00,VIN-C1085,84.9
2024-01-13 16:18:00,VIN-C1086,91.8
2024-01-13 16:21:00,VIN-C1087,102.9
2024-01-13 16:24:00,VIN-C1088,97.5
2024-01-13 16:27:00,VIN-C1089,96.7
2024-01-13 16:30:00,VIN-C1090,105.4
2024-01-13 16:33:00,VIN-C1091,70.0
2024-01-13 16:36:00,VIN-C1092,86.6
2024-01-13 16:39:00,VIN-C1093,85.0
2024-01-13 16:42:00,VIN-C1094,109.6
2024-01-13 16:45:00,VIN-C1095,80.5
2024-01-13 16:48:00,VIN-C1096,85.1
2024-01-13 16:51:00,VIN-C1097,107.1
2024-01-13 16:54:00,VIN-C1098,70.1
2024-01-13 16:57:00,VIN-C1099,86.1
2024-01-13 17:00:00,VIN-C1100,93.1
2024-01-13 17:03:00,VIN-C1101,96.5
2024-01-13 17:06:00,VIN-C1102,83.2
2024-01-13 17:09:00,VIN-C1103,72.0
2024-01-13 17:12:00,VIN-C1104,73.3
2024-01-13 17:15:00,VIN-C1105,81.2
2024-01-13 17:18:00,VIN-C1106,91.5
2024-01-13 17:21:00,VIN-C1107,96.1
2024-01-13 17:24:00,VIN-C1108,91.0
2024-01-13 17:27:00,VIN-C1109,103.3
2024-01-13 17:30:00,VIN-C1110,95.0
2024-01-13 17:33:00,VIN-C1111,74.3
2024-01-13 17:36:00,VIN-C1112,101.6
2024-01-13 17:39:00,VIN-C1113,92.1
2024-01-13 17:42:00,VIN-C1114,87.3
2024-01-13 17:45:00,VIN-C1115,86.3
2024-01-13 17:48:00,VIN-C1116,103.2
2024-01-13 17:51:00,VIN-C1117,103.3
2024-01-13 17:54:00,VIN-C1118,74.1
2024-01-13 17:57:00,VIN-C1119,89.5
2024-01-13 18:00:00,VIN-C1120,91.0
2024-01-13 18:03:00,VIN-C1121,85.7
2024-01-13 18:06:00,VIN-C1122,74.6
2024-01-13 18:09:00,VIN-C1123,73.1
2024-01-13 18:12:00,VIN-C1124,74.6
2024-01-13 18:15:00,VIN-C1125,86.9
2024-01-13 18:18:00,VIN-C1126,88.8
2024-01-13 18:21:00,VIN-C1127,100.2
2024-01-13 18:24:00,VIN-C1128,79.7
2024-01-13 18:27:00,VIN-C1129,84.9
2024-01-13 18:30:00,VIN-C1130,97.8
2024-01-13 18:33:00,VIN-C1131,97.2
2024-01-13 18:36:00,VIN-C1132,76.1
2024-01-13 18:39:00,VIN-C1133,94.2
2024-01-13 18:42:00,VIN-C1134,74.2
2024-01-13 18:45:00,VIN-C1135,82.9
2024-01-13 18:48:00,VIN-C1136,103.3
2024-01-13 18:51:00,VIN-C1137,102.8
2024-01-13 18:54:00,VIN-C1138,102.4
2024-01-13 18:57:00,VIN-C1139,92.9
2024-01-13 19:00:00,VIN-C1140,98.9
2024-01-13 19:03:00,VIN-C1141,82.6
2024-01-13 19:06:00,VIN-C1142,70.3
2024-01-13 19:09:00,VIN-C1143,90.9
2024-01-13 19:12:00,VIN-C1144,96.0
2024-01-13 19:15:00,VIN-C1145,105.3
2024-01-13 19:18:00,VIN-C1146,106.6
2024-01-13 19:21:00,VIN-C1147,98.1
2024-01-13 19:24:00,VIN-C1148,83.1
2024-01-13 19:27:00,VIN-C1149,86.0
2024-01-13 19:30:00,VIN-C1150,108.5
2024-01-13 19:33:00,VIN-C1151,71.2
2024-01-13 19:36:00,VIN-C1152,98.3
2024-01-13 19:39:00,VIN-C1153,82.2
2024-01-13 19:42:00,VIN-C1154,73.8
2024-01-13 19:45:00,VIN-C1155,102.4
2024-01-13 19:48:00,VIN-C1156,77.4
2024-01-13 19:51:00,VIN-C1157,73.8
2024-01-13 19:54:00,VIN-C1158,81.6
2024-01-13 19:57:00,VIN-C1159,76.2
2024-01-13 20:00:00,VIN-C1160,79.8
2024-01-13 20:03:00,VIN-C1161,87.6
2024-01-13 20:06:00,VIN-C1162,74.7
2024-01-13 20:09:00,VIN-C1163,109.2
2024-01-13 20:12:00,VIN-C1164,74.1
2024-01-13 20:15:00,VIN-C1165,105.9
2024-01-13 20:18:00,VIN-C1166,82.0
2024-01-13 20:21:00,VIN-C1167,90.3
2024-01-13 20:24:00,VIN-C1168,96.7
2024-01-13 20:27:00,VIN-C1169,82.7
2024-01-13 20:30:00,VIN-C1170,71.4
2024-01-13 20:33:00,VIN-C1171,98.4
2024-01-13 20:36:00,VIN-C1172,94.0
2024-01-13 20:39:00,VIN-C1173,79.3
2024-01-13 20:42:00,VIN-C1174,103.4
2024-01-13 20:45:00,VIN-C1175,94.4
2024-01-13 20:48:00,VIN-C1176,101.3
2024-01-13 20:51:00,VIN-C1177,81.8
2024-01-13 20:54:00,VIN-C1178,80.8
2024-01-13 20:57:00,VIN-C1179,108.1
2024-01-13 21:00:00,VIN-C1180,107.6
2024-01-13 21:03:00,VIN-C1181,99.3
2024-01-13 21:06:00,VIN-C1182,102.5
2024-01-13 21:09:00,VIN-C1183,85.3
2024-01-13 21:12:00,VIN-C1184,83.7
2024-01-13 21:15:00,VIN-C1185,93.1
2024-01-13 21:18:00,VIN-C1186,94.4
2024-01-13 21:21:00,VIN-C1187,79.9
2024-01-13 21:24:00,VIN-C1188,81.3
2024-01-13 21:27:00,VIN-C1189,86.2
2024-01-13 21:30:00,VIN-C1190,70.2
2024-01-13 21:33:00,VIN-C1191,81.0
2024-01-13 21:36:00,VIN-C1192,107.4
2024-01-13 21:39:00,VIN-C1193,96.7
2024-01-13 21:42:00,VIN-C1194,93.6
2024-01-13 21:45:00,VIN-C1195,86.3
2024-01-13 21:48:00,VIN-C1196,104.9
2024-01-13 21:51:00,VIN-C1197,73.4
2024-01-13 21:54:00,VIN-C1198,73.2
2024-01-13 21:57:00,VIN-C1199,101.8
2024-01-13 22:00:00,VIN-C1200,74.1
2024-01-13 22:03:00,VIN-C1201,87.3
2024-01-13 22:06:00,VIN-C1202,91.7
2024-01-13 22:09:00,VIN-C1203,85.4
2024-01-13 22:12:00,VIN-C1204,78.2
2024-01-13 22:15:00,VIN-C1205,94.4
2024-01-13 22:18:00,VIN-C1206,70.7
2024-01-13 22:21:00,VIN-C1207,100.4
2024-01-13 22:24:00,VIN-C1208,86.3
2024-01-13 22:27:00,VIN-C1209,89.4
2024-01-13 22:30:00,VIN-C1210,106.0
2024-01-13 22:33:00,VIN-C1211,103.3
2024-01-13 22:36:00,VIN-C1212,102.1
2024-01-13 22:39:00,VIN-C1213,83.2
2024-01-13 22:42:00,VIN-C1214,91.6
2024-01-13 22:45:00,VIN-C1215,99.8
2024-01-13 22:48:00,VIN-C1216,90.6
2024-01-13 22:51:00,VIN-C1217,90.7
2024-01-13 22:54:00,VIN-C1218,104.4
2024-01-13 22:57:00,VIN-C1219,82.9
2024-01-13 23:00:00,VIN-C1220,70.9
2024-01-13 23:03:00,VIN-C1221,92.0
2024-01-13 23:06:00,VIN-C1222,70.1
2024-01-13 23:09:00,VIN-C1223,75.9
2024-01-13 23:12:00,VIN-C1224,84.0
2024-01-13 23:15:00,VIN-C1225,85.5
2024-01-13 23:18:00,VIN-C1226,99.9
2024-01-13 23:21:00,VIN-C1227,78.5
2024-01-13 23:24:00,VIN-C1228,99.9
2024-01-13 23:27:00,VIN-C1229,97.0
2024-01-13 23:30:00,VIN-C1230,97.2
2024-01-13 23:33:00,VIN-C1231,87.9
2024-01-13 23:36:00,VIN-C1232,82.1
2024-01-13 23:39:00,VIN-C1233,76.9
2024-01-13 23:42:00,VIN-C1234,107.7
2024-01-13 23:45:00,VIN-C1235,90.4
2024-01-13 23:48:00,VIN-C1236,102.5
2024-01-13 23:51:00,VIN-C1237,94.5
2024-01-13 23:54:00,VIN-C1238,103.6
2024-01-13 23:57:00,VIN-C1239,103.9
2024-01-14 00:00:00,VIN-C1240,105.1
2024-01-14 00:03:00,VIN-C1241,89.0
2024-01-14 00:06:00,VIN-C1242,71.0
2024-01-14 00:09:00,VIN-C1243,86.9
2024-01-14 00:12:00,VIN-C1244,84.0
2024-01-14 00:15:00,VIN-C1245,100.7
2024-01-14 00:18:00,VIN-C1246,101.6
2024-01-14 00:21:00,VIN-C1247,99.5
2024-01-14 00:24:00,VIN-C1248,99.0
2024-01-14 00:27:00,VIN-C1249,83.7
2024-01-14 00:30:00,VIN-C1250,96.2
2024-01-14 00:33:00,VIN-C1251,106.6
2024-01-14 00:36:00,VIN-C1252,87.2
2024-01-14 00:39:00,VIN-C1253,104.5
2024-01-14 00:42:00,VIN-C1254,72.8
2024-01-14 00:45:00,VIN-C1255,103.0
2024-01-14 00:48:00,VIN-C1256,103.3
2024-01-14 00:51:00,VIN-C1257,97.3
2024-01-14 00:54:00,VIN-C1258,101.5
2024-01-14 00:57:00,VIN-C1259,99.2
2024-01-14 01:00:00,VIN-C1260,90.4
2024-01-14 01:03:00,VIN-C1261,96.8
2024-01-14 01:06:00,VIN-C1262,86.0
2024-01-14 01:09:00,VIN-C1263,91.9
2024-01-14 01:12:00,VIN-C1264,98.5
2024-01-14 01:15:00,VIN-C1265,70.7
2024-01-14 01:18:00,VIN-C1266,98.1
2024-01-14 01:21:00,VIN-C1267,93.0
2024-01-14 01:24:00,VIN-C1268,104.2
2024-01-14 01:27:00,VIN-C1269,94.9
2024-01-14 01:30:00,VIN-C1270,80.1
2024-01-14 01:33:00,VIN-C1271,91.3
2024-01-14 01:36:00,VIN-C1272,88.0
2024-01-14 01:39:00,VIN-C1273,80.1
2024-01-14 01:42:00,VIN-C1274,80.4
2024-01-14 01:45:00,VIN-C1275,70.1
2024-01-14 01:48:00,VIN-C1276,70.7
2024-01-14 01:51:00,VIN-C1277,106.7
2024-01-14 01:54:00,VIN-C1278,103.5
2024-01-14 01:57:00,VIN-C1279,86.5
2024-01-14 02:00:00,VIN-C1280,82.1
2024-01-14 02:03:00,VIN-C1281,73.1
2024-01-14 02:06:00,VIN-C1282,90.6
2024-01-14 02:09:00,VIN-C1283,100.9
2024-01-14 02:12:00,VIN-C1284,108.0
2024-01-14 02:15:00,VIN-C1285,95.5
2024-01-14 02:18:00,VIN-C1286,83.7
2024-01-14 02:21:00,VIN-C1287,98.2
2024-01-14 02:24:00,VIN-C1288,108.8
2024-01-14 02:27:00,VIN-C1289,102.3
2024-01-14 02:30:00,VIN-C1290,85.1
2024-01-14 02:33:00,VIN-C1291,91.5
2024-01-14 02:36:00,VIN-C1292,82.4
2024-01-14 02:39:00,VIN-C1293,99.3
2024-01-14 02:42:00,VIN-C1294,102.8
2024-01-14 02:45:00,VIN-C1295,98.1
2024-01-14 02:48:00,VIN-C1296,74.1
2024-01-14 02:51:00,VIN-C1297,99.8
2024-01-14 02:54:00,VIN-C1298,103.6
2024-01-14 02:57:00,VIN-C1299,90.6
2024-01-14 03:00:00,VIN-C1300,73.6
2024-01-14 03:03:00,VIN-C1301,77.9
2024-01-14 03:06:00,VIN-C1302,84.5
2024-01-14 03:09:00,VIN-C1303,78.9
2024-01-14 03:12:00,VIN-C1304,70.4
2024-01-14 03:15:00,VIN-C1305,105.7
2024-01-14 03:18:00,VIN-C1306,84.4
2024-01-14 03:21:00,VIN-C1307,82.8
2024-01-14 03:24:00,VIN-C1308,79.5
2024-01-14 03:27:00,VIN-C1309,74.8
2024-01-14 03:30:00,VIN-C1310,75.7
2024-01-14 03:33:00,VIN-C1311,83.6
2024-01-14 03:36:00,VIN-C1312,107.4
2024-01-14 03:39:00,VIN-C1313,86.8
2024-01-14 03:42:00,VIN-C1314,109.3
2024-01-14 03:45:00,VIN-C1315,72.4
2024-01-14 03:48:00,VIN-C1316,76.4
2024-01-14 03:51:00,VIN-C1317,86.2
2024-01-14 03:54:00,VIN-C1318,76.1
2024-01-14 03:57:00,VIN-C1319,107.1
2024-01-14 04:00:00,VIN-C1320,103.4
2024-01-14 04:03:00,VIN-C1321,71.2
2024-01-14 04:06:00,VIN-C1322,99.8
2024-01-14 04:09:00,VIN-C1323,96.5
2024-01-14 04:12:00,VIN-C1324,89.7
2024-01-14 04:15:00,VIN-C1325,72.0
2024-01-14 04:18:00,VIN-C1326,108.4
2024-01-14 04:21:00,VIN-C1327,92.4
2024-01-14 04:24:00,VIN-C1328,102.2
2024-01-14 04:27:00,VIN-C1329,94.4
2024-01-14 04:30:00,VIN-C1330,83.2
2024-01-14 04:33:00,VIN-C1331,98.3
2024-01-14 04:36:00,VIN-C1332,70.6
2024-01-14 04:39:00,VIN-C1333,76.9
2024-01-14 04:42:00,VIN-C1334,86.7
2024-01-14 04:45:00,VIN-C1335,80.5
2024-01-14 04:48:00,VIN-C1336,71.7
2024-01-14 04:51:00,VIN-C1337,95.4
2024-01-14 04:54:00,VIN-C1338,87.4
2024-01-14 04:57:00,VIN-C1339,73.8
2024-01-14 05:00:00,VIN-C1340,87.3
2024-01-14 05:03:00,VIN-C1341,91.2
2024-01-14 05:06:00,VIN-C1342,83.9
2024-01-14 05:09:00,VIN-C1343,73.0
2024-01-14 05:12:00,VIN-C1344,95.9
2024-01-14 05:15:00,VIN-C1345,105.4
2024-01-14 05:18:00,VIN-C1346,92.2
2024-01-14 05:21:00,VIN-C1347,96.6
2024-01-14 05:24:00,VIN-C1348,78.6
2024-01-14 05:27:00,VIN-C1349,104.3
2024-01-14 05:30:00,VIN-C1350,99.2
2024-01-14 05:33:00,VIN-C1351,82.3
2024-01-14 05:36:00,VIN-C1352,88.4
2024-01-14 05:39:00,VIN-C1353,79.3
2024-01-14 05:42:00,VIN-C1354,105.3
2024-01-14 05:45:00,VIN-C1355,95.6
2024-01-14 05:48:00,VIN-C1356,75.0
2024-01-14 05:51:00,VIN-C1357,104.6
2024-01-14 05:54:00,VIN-C1358,103.4
2024-01-14 05:57:00,VIN-C1359,93.7
2024-01-14 06:00:00,VIN-C1360,104.9
2024-01-14 06:03:00,VIN-C1361,100.4
2024-01-14 06:06:00,VIN-C1362,84.9
2024-01-14 06:09:00,VIN-C1363,87.1
2024-01-14 06:12:00,VIN-C1364,89.4
2024-01-14 06:15:00,VIN-C1365,94.4
2024-01-14 06:18:00,VIN-C1366,89.2
2024-01-14 06:21:00,VIN-C1367,103.2
2024-01-14 06:24:00,VIN-C1368,84.3
2024-01-14 06:27:00,VIN-C1369,105.9
2024-01-14 06:30:00,VIN-C1370,107.0
2024-01-14 06:33:00,VIN-C1371,108.6
2024-01-14 06:36:00,VIN-C1372,108.8
2024-01-14 06:39:00,VIN-C1373,87.1
2024-01-14 06:42:00,VIN-C1374,101.6
2024-01-14 06:45:00,VIN-C1375,79.0
2024-01-14 06:48:00,VIN-C1376,72.9
2024-01-14 06:51:00,VIN-C1377,105.5
2024-01-14 06:54:00,VIN-C1378,79.5
2024-01-14 06:57:00,VIN-C1379,92.6
2024-01-14 07:00:00,VIN-C1380,72.4
2024-01-14 07:03:00,VIN-C1381,73.4
2024-01-14 07:06:00,VIN-C1382,76.9
2024-01-14 07:09:00,VIN-C1383,100.4
2024-01-14 07:12:00,VIN-C1384,89.2
2024-01-14 07:15:00,VIN-C1385,87.4
2024-01-14 07:18:00,VIN-C1386,81.0
2024-01-14 07:21:00,VIN-C1387,92.1
2024-01-14 07:24:00,VIN-C1388,87.5
2024-01-14 07:27:00,VIN-C1389,86.0
2024-01-14 07:30:00,VIN-C1390,83.1
2024-01-14 07:33:00,VIN-C1391,79.8
2024-01-14 07:36:00,VIN-C1392,89.4
2024-01-14 07:39:00,VIN-C1393,95.3
2024-01-14 07:42:00,VIN-C1394,100.0
2024-01-14 07:45:00,VIN-C1395,95.0
2024-01-14 07:48:00,VIN-C1396,98.4
2024-01-14 07:51:00,VIN-C1397,99.6
2024-01-14 07:54:00,VIN-C1398,99.5
2024-01-14 07:57:00,VIN-C1399,108.8
2024-01-14 08:00:00,VIN-C1400,92.3
2024-01-14 08:03:00,VIN-C1401,83.6
2024-01-14 08:06:00,VIN-C1402,85.5
2024-01-14 08:09:00,VIN-C1403,85.9
2024-01-14 08:12:00,VIN-C1404,70.1
2024-01-14 08:15:00,VIN-C1405,103.2
2024-01-14 08:18:00,VIN-C1406,94.3
2024-01-14 08:21:00,VIN-C1407,72.7
2024-01-14 08:24:00,VIN-C1408,73.8
2024-01-14 08:27:00,VIN-C1409,78.2
2024-01-14 08:30:00,VIN-C1410,90.8
2024-01-14 08:33:00,VIN-C1411,96.5
2024-01-14 08:36:00,VIN-C1412,84.0
2024-01-14 08:39:00,VIN-C1413,89.3
2024-01-14 08:42:00,VIN-C1414,95.9
2024-01-14 08:45:00,VIN-C1415,78.9
2024-01-14 08:48:00,VIN-C1416,74.1
2024-01-14 08:51:00,VIN-C1417,108.0
2024-01-14 08:54:00,VIN-C1418,100.7
2024-01-14 08:57:00,VIN-C1419,107.9
2024-01-14 09:00:00,VIN-C1420,83.8
2024-01-14 09:03:00,VIN-C1421,109.8
2024-01-14 09:06:00,VIN-C1422,95.7
2024-01-14 09:09:00,VIN-C1423,94.6
2024-01-14 09:12:00,VIN-C1424,97.8
2024-01-14 09:15:00,VIN-C1425,88.7
2024-01-14 09:18:00,VIN-C1426,78.9
2024-01-14 09:21:00,VIN-C1427,82.4
2024-01-14 09:24:00,VIN-C1428,88.7
2024-01-14 09:27:00,VIN-C1429,104.4
2024-01-14 09:30:00,VIN-C1430,92.1
2024-01-14 09:33:00,VIN-C1431,89.4
2024-01-14 09:36:00,VIN-C1432,107.1
2024-01-14 09:39:00,VIN-C1433,76.2
2024-01-14 09:42:00,VIN-C1434,95.1
2024-01-14 09:45:00,VIN-C1435,79.5
2024-01-14 09:48:00,VIN-C1436,87.8
2024-01-14 09:51:00,VIN-C1437,86.0
2024-01-14 09:54:00,VIN-C1438,80.2
2024-01-14 09:57:00,VIN-C1439,98.8
2024-01-14 10:00:00,VIN-C1440,75.0
2024-01-14 10:03:00,VIN-C1441,109.8
2024-01-14 10:06:00,VIN-C1442,84.9
2024-01-14 10:09:00,VIN-C1443,71.0
2024-01-14 10:12:00,VIN-C1444,73.1
2024-01-14 10:15:00,VIN-C1445,100.3
2024-01-14 10:18:00,VIN-C1446,88.4
2024-01-14 10:21:00,VIN-C1447,89.6
2024-01-14 10:24:00,VIN-C1448,82.6
2024-01-14 10:27:00,VIN-C1449,74.4
2024-01-14 10:30:00,VIN-C1450,96.6
2024-01-14 10:33:00,VIN-C1451,87.8
2024-01-14 10:36:00,VIN-C1452,101.6
2024-01-14 10:39:00,VIN-C1453,98.1
2024-01-14 10:42:00,VIN-C1454,88.2
2024-01-14 10:45:00,VIN-C1455,101.2
2024-01-14 10:48:00,VIN-C1456,102.8
2024-01-14 10:51:00,VIN-C1457,80.9
2024-01-14 10:54:00,VIN-C1458,76.6
2024-01-14 10:57:00,VIN-C1459,87.3
2024-01-14 11:00:00,VIN-C1460,89.2
2024-01-14 11:03:00,VIN-C1461,100.7
2024-01-14 11:06:00,VIN-C1462,90.8
2024-01-14 11:09:00,VIN-C1463,96.6
2024-01-14 11:12:00,VIN-C1464,102.2
2024-01-14 11:15:00,VIN-C1465,92.4
2024-01-14 11:18:00,VIN-C1466,109.0
2024-01-14 11:21:00,VIN-C1467,79.5
2024-01-14 11:24:00,VIN-C1468,98.3
2024-01-14 11:27:00,VIN-C1469,87.2
2024-01-14 11:30:00,VIN-C1470,96.9
2024-01-14 11:33:00,VIN-C1471,73.0
2024-01-14 11:36:00,VIN-C1472,102.2
2024-01-14 11:39:00,VIN-C1473,101.6
2024-01-14 11:42:00,VIN-C1474,103.7
2024-01-14 11:45:00,VIN-C1475,109.1
2024-01-14 11:48:00,VIN-C1476,95.2
2024-01-14 11:51:00,VIN-C1477,77.2
2024-01-14 11:54:00,VIN-C1478,107.0
2024-01-14 11:57:00,VIN-C1479,73.4
2024-01-14 12:00:00,VIN-C1480,97.5
2024-01-14 12:03:00,VIN-C1481,97.6
2024-01-14 12:06:00,VIN-C1482,90.5
2024-01-14 12:09:00,VIN-C1483,104.5
2024-01-14 12:12:00,VIN-C1484,76.6
2024-01-14 12:15:00,VIN-C1485,77.9
2024-01-14 12:18:00,VIN-C1486,74.5
2024-01-14 12:21:00,VIN-C1487,70.5
2024-01-14 12:24:00,VIN-C1488,106.8
2024-01-14 12:27:00,VIN-C1489,109.7
2024-01-14 12:30:00,VIN-C1490,108.9
2024-01-14 12:33:00,VIN-C1491,99.6
2024-01-14 12:36:00,VIN-C1492,97.6
2024-01-14 12:39:00,VIN-C1493,90.0
2024-01-14 12:42:00,VIN-C1494,92.4
2024-01-14 12:45:00,VIN-C1495,102.6
2024-01-14 12:48:00,VIN-C1496,85.5
2024-01-14 12:51:00,VIN-C1497,80.3
2024-01-14 12:54:00,VIN-C1498,86.1
2024-01-14 12:57:00,VIN-C1499,94.4
2024-01-14 13:00:00,VIN-C1500,101.8
2024-01-14 13:03:00,VIN-C1501,95.8
2024-01-14 13:06:00,VIN-C1502,98.2
2024-01-14 13:09:00,VIN-C1503,92.1
2024-01-14 13:12:00,VIN-C1504,77.5
2024-01-14 13:15:00,VIN-C1505,88.6
2024-01-14 13:18:00,VIN-C1506,108.4
2024-01-14 13:21:00,VIN-C1507,95.5
2024-01-14 13:24:00,VIN-C1508,108.1
2024-01-14 13:27:00,VIN-C1509,74.5
2024-01-14 13:30:00,VIN-C1510,92.0
2024-01-14 13:33:00,VIN-C1511,90.6
2024-01-14 13:36:00,VIN-C1512,78.0
2024-01-14 13:39:00,VIN-C1513,77.7
2024-01-14 13:42:00,VIN-C1514,86.3
2024-01-14 13:45:00,VIN-C1515,104.1
2024-01-14 13:48:00,VIN-C1516,85.1
2024-01-14 13:51:00,VIN-C1517,74.9
2024-01-14 13:54:00,VIN-C1518,71.9
2024-01-14 13:57:00,VIN-C1519,77.6
2024-01-14 14:00:00,VIN-C1520,92.7
2024-01-14 14:03:00,VIN-C1521,74.0
2024-01-14 14:06:00,VIN-C1522,98.0
2024-01-14 14:09:00,VIN-C1523,106.3
2024-01-14 14:12:00,VIN-C1524,80.1
2024-01-14 14:15:00,VIN-C1525,73.7
2024-01-14 14:18:00,VIN-C1526,100.4
2024-01-14 14:21:00,VIN-C1527,79.6
2024-01-14 14:24:00,VIN-C1528,100.6
2024-01-14 14:27:00,VIN-C1529,104.3
2024-01-14 14:30:00,VIN-C1530,83.0
2024-01-14 14:33:00,VIN-C1531,97.1
2024-01-14 14:36:00,VIN-C1532,95.6
2024-01-14 14:39:00,VIN-C1533,79.0
2024-01-14 14:42:00,VIN-C1534,83.3
2024-01-14 14:45:00,VIN-C1535,109.8
2024-01-14 14:48:00,VIN-C1536,91.7
2024-01-14 14:51:00,VIN-C1537,98.0
2024-01-14 14:54:00,VIN-C1538,103.7
2024-01-14 14:57:00,VIN-C1539,70.8
2024-01-14 15:00:00,VIN-C1540,72.1
2024-01-14 15:03:00,VIN-C1541,102.7
2024-01-14 15:06:00,VIN-C1542,86.5
2024-01-14 15:09:00,VIN-C1543,108.1
2024-01-14 15:12:00,VIN-C1544,84.5
2024-01-14 15:15:00,VIN-C1545,88.5
2024-01-14 15:18:00,VIN-C1546,76.7
2024-01-14 15:21:00,VIN-C1547,80.7
2024-01-14 15:24:00,VIN-C1548,93.2
2024-01-14 15:27:00,VIN-C1549,91.1
2024-01-14 15:30:00,VIN-C1550,85.2
2024-01-14 15:33:00,VIN-C1551,72.7
2024-01-14 15:36:00,VIN-C1552,71.4
2024-01-14 15:39:00,VIN-C1553,105.6
2024-01-14 15:42:00,VIN-C1554,100.3
2024-01-14 15:45:00,VIN-C1555,75.8
2024-01-14 15:48:00,VIN-C1556,105.2
2024-01-14 15:51:00,VIN-C1557,96.8
2024-01-14 15:54:00,VIN-C1558,109.5
2024-01-14 15:57:00,VIN-C1559,76.9
2024-01-14 16:00:00,VIN-C1560,81.5
2024-01-14 16:03:00,VIN-C1561,72.1
2024-01-14 16:06:00,VIN-C1562,80.1
2024-01-14 16:09:00,VIN-C1563,103.4
2024-01-14 16:12:00,VIN-C1564,98.3
2024-01-14 16:15:00,VIN-C1565,96.2
2024-01-14 16:18:00,VIN-C1566,82.9
2024-01-14 16:21:00,VIN-C1567,90.2
2024-01-14 16:24:00,VIN-C1568,71.3
2024-01-14 16:27:00,VIN-C1569,91.2
2024-01-14 16:30:00,VIN-C1570,101.2
2024-01-14 16:33:00,VIN-C1571,80.2
2024-01-14 16:36:00,VIN-C1572,91.2
2024-01-14 16:39:00,VIN-C1573,86.4
2024-01-14 16:42:00,VIN-C1574,83.3
2024-01-14 16:45:00,VIN-C1575,92.0
2024-01-14 16:48:00,VIN-C1576,71.1
2024-01-14 16:51:00,VIN-C1577,76.8
2024-01-14 16:54:00,VIN-C1578,71.4
2024-01-14 16:57:00,VIN-C1579,92.4
2024-01-14 17:00:00,VIN-C1580,91.6
2024-01-14 17:03:00,VIN-C1581,76.4
2024-01-14 17:06:00,VIN-C1582,80.1
2024-01-14 17:09:00,VIN-C1583,101.9
2024-01-14 17:12:00,VIN-C1584,106.6
2024-01-14 17:15:00,VIN-C1585,87.1
2024-01-14 17:18:00,VIN-C1586,88.8
2024-01-14 17:21:00,VIN-C1587,77.2
2024-01-14 17:24:00,VIN-C1588,76.0
2024-01-14 17:27:00,VIN-C1589,73.3
2024-01-14 17:30:00,VIN-C1590,107.9
2024-01-14 17:33:00,VIN-C1591,94.8
2024-01-14 17:36:00,VIN-C1592,104.7
2024-01-14 17:39:00,VIN-C1593,82.8
2024-01-14 17:42:00,VIN-C1594,76.8
2024-01-14 17:45:00,VIN-C1595,81.0
2024-01-14 17:48:00,VIN-C1596,72.2
2024-01-14 17:51:00,VIN-C1597,99.4
2024-01-14 17:54:00,VIN-C1598,70.5
2024-01-14 17:57:00,VIN-C1599,75.7
2024-01-14 18:00:00,VIN-C1600,91.4
2024-01-14 18:03:00,VIN-C1601,104.6
2024-01-14 18:06:00,VIN-C1602,79.2
2024-01-14 18:09:00,VIN-C1603,90.0
2024-01-14 18:12:00,VIN-C1604,73.8
2024-01-14 18:15:00,VIN-C1605,89.9
2024-01-14 18:18:00,VIN-C1606,71.1
2024-01-14 18:21:00,VIN-C1607,71.8
2024-01-14 18:24:00,VIN-C1608,75.1
2024-01-14 18:27:00,VIN-C1609,103.7
2024-01-14 18:30:00,VIN-C1610,100.2
2024-01-14 18:33:00,VIN-C1611,83.7
2024-01-14 18:36:00,VIN-C1612,106.6
2024-01-14 18:39:00,VIN-C1613,102.1
2024-01-14 18:42:00,VIN-C1614,108.9
2024-01-14 18:45:00,VIN-C1615,82.1
2024-01-14 18:48:00,VIN-C1616,106.6
2024-01-14 18:51:00,VIN-C1617,93.3
2024-01-14 18:54:00,VIN-C1618,90.7
2024-01-14 18:57:00,VIN-C1619,82.0
2024-01-14 19:00:00,VIN-C1620,99.1
2024-01-14 19:03:00,VIN-C1621,98.3
2024-01-14 19:06:00,VIN-C1622,81.9
2024-01-14 19:09:00,VIN-C1623,104.4
2024-01-14 19:12:00,VIN-C1624,76.6
2024-01-14 19:15:00,VIN-C1625,74.4
2024-01-14 19:18:00,VIN-C1626,78.9
2024-01-14 19:21:00,VIN-C1627,103.4
2024-01-14 19:24:00,VIN-C1628,80.8
2024-01-14 19:27:00,VIN-C1629,75.0
2024-01-14 19:30:00,VIN-C1630,95.1
2024-01-14 19:33:00,VIN-C1631,94.1
2024-01-14 19:36:00,VIN-C1632,89.1
2024-01-14 19:39:00,VIN-C1633,85.3
2024-01-14 19:42:00,VIN-C1634,75.0
2024-01-14 19:45:00,VIN-C1635,78.8
2024-01-14 19:48:00,VIN-C1636,98.7
2024-01-14 19:51:00,VIN-C1637,106.5
2024-01-14 19:54:00,VIN-C1638,74.3
2024-01-14 19:57:00,VIN-C1639,102.8
2024-01-14 20:00:00,VIN-C1640,89.7
2024-01-14 20:03:00,VIN-C1641,105.2
2024-01-14 20:06:00,VIN-C1642,106.7
2024-01-14 20:09:00,VIN-C1643,94.4
2024-01-14 20:12:00,VIN-C1644,76.5
2024-01-14 20:15:00,VIN-C1645,94.7
2024-01-14 20:18:00,VIN-C1646,101.5
2024-01-14 20:21:00,VIN-C1647,80.0
2024-01-14 20:24:00,VIN-C1648,87.3
2024-01-14 20:27:00,VIN-C1649,99.1
2024-01-14 20:30:00,VIN-C1650,98.8
2024-01-14 20:33:00,VIN-C1651,98.1
2024-01-14 20:36:00,VIN-C1652,86.3
2024-01-14 20:39:00,VIN-C1653,75.8
2024-01-14 20:42:00,VIN-C1654,82.7
2024-01-14 20:45:00,VIN-C1655,77.0
2024-01-14 20:48:00,VIN-C1656,93.9
2024-01-14 20:51:00,VIN-C1657,87.7
2024-01-14 20:54:00,VIN-C1658,94.9
2024-01-14 20:57:00,VIN-C1659,93.5
2024-01-14 21:00:00,VIN-C1660,101.6
2024-01-14 21:03:00,VIN-C1661,92.3
2024-01-14 21:06:00,VIN-C1662,103.1
2024-01-14 21:09:00,VIN-C1663,79.9
2024-01-14 21:12:00,VIN-C1664,79.9
2024-01-14 21:15:00,VIN-C1665,77.2
2024-01-14 21:18:00,VIN-C1666,76.1
2024-01-14 21:21:00,VIN-C1667,95.3
2024-01-14 21:24:00,VIN-C1668,76.3
2024-01-14 21:27:00,VIN-C1669,106.6
2024-01-14 21:30:00,VIN-C1670,83.1
2024-01-14 21:33:00,VIN-C1671,84.6
2024-01-14 21:36:00,VIN-C1672,72.2
2024-01-14 21:39:00,VIN-C1673,80.9
2024-01-14 21:42:00,VIN-C1674,107.9
2024-01-14 21:45:00,VIN-C1675,84.9
2024-01-14 21:48:00,VIN-C1676,79.3
2024-01-14 21:51:00,VIN-C1677,100.8
2024-01-14 21:54:00,VIN-C1678,102.9
2024-01-14 21:57:00,VIN-C1679,84.0
2024-01-14 22:00:00,VIN-C1680,94.4
2024-01-14 22:03:00,VIN-C1681,94.7
2024-01-14 22:06:00,VIN-C1682,104.3
2024-01-14 22:09:00,VIN-C1683,105.8
2024-01-14 22:12:00,VIN-C1684,108.4
2024-01-14 22:15:00,VIN-C1685,86.4
2024-01-14 22:18:00,VIN-C1686,99.8
2024-01-14 22:21:00,VIN-C1687,105.7
2024-01-14 22:24:00,VIN-C1688,70.4
2024-01-14 22:27:00,VIN-C1689,82.5
2024-01-14 22:30:00,VIN-C1690,90.0
2024-01-14 22:33:00,VIN-C1691,88.4
2024-01-14 22:36:00,VIN-C1692,97.7
2024-01-14 22:39:00,VIN-C1693,99.8
2024-01-14 22:42:00,VIN-C1694,106.7
2024-01-14 22:45:00,VIN-C1695,104.0
2024-01-14 22:48:00,VIN-C1696,103.2
2024-01-14 22:51:00,VIN-C1697,71.5
2024-01-14 22:54:00,VIN-C1698,85.4
2024-01-14 22:57:00,VIN-C1699,108.7
2024-01-14 23:00:00,VIN-C1700,73.5
2024-01-14 23:03:00,VIN-C1701,107.2
2024-01-14 23:06:00,VIN-C1702,96.4
2024-01-14 23:09:00,VIN-C1703,85.2
2024-01-14 23:12:00,VIN-C1704,108.0
2024-01-14 23:15:00,VIN-C1705,99.0
2024-01-14 23:18:00,VIN-C1706,87.9
2024-01-14 23:21:00,VIN-C1707,86.8
2024-01-14 23:24:00,VIN-C1708,108.4
2024-01-14 23:27:00,VIN-C1709,108.1
2024-01-14 23:30:00,VIN-C1710,74.1
2024-01-14 23:33:00,VIN-C1711,86.5
2024-01-14 23:36:00,VIN-C1712,80.5
2024-01-14 23:39:00,VIN-C1713,88.0
2024-01-14 23:42:00,VIN-C1714,105.7
2024-01-14 23:45:00,VIN-C1715,71.8
2024-01-14 23:48:00,VIN-C1716,78.3
2024-01-14 23:51:00,VIN-C1717,90.2
2024-01-14 23:54:00,VIN-C1718,93.5
2024-01-14 23:57:00,VIN-C1719,84.0
2024-01-15 00:00:00,VIN-C1720,100.3
2024-01-15 00:03:00,VIN-C1721,89.3
2024-01-15 00:06:00,VIN-C1722,85.1
2024-01-15 00:09:00,VIN-C1723,103.6
2024-01-15 00:12:00,VIN-C1724,96.9
2024-01-15 00:15:00,VIN-C1725,96.6
2024-01-15 00:18:00,VIN-C1726,83.5
2024-01-15 00:21:00,VIN-C1727,81.8
2024-01-15 00:24:00,VIN-C1728,96.6
2024-01-15 00:27:00,VIN-C1729,92.7
2024-01-15 00:30:00,VIN-C1730,90.8
2024-01-15 00:33:00,VIN-C1731,85.7
2024-01-15 00:36:00,VIN-C1732,79.9
2024-01-15 00:39:00,VIN-C1733,71.2
2024-01-15 00:42:00,VIN-C1734,94.6
2024-01-15 00:45:00,VIN-C1735,89.7
2024-01-15 00:48:00,VIN-C1736,109.7
2024-01-15 00:51:00,VIN-C1737,109.6
2024-01-15 00:54:00,VIN-C1738,97.7
2024-01-15 00:57:00,VIN-C1739,76.3
2024-01-15 01:00:00,VIN-C1740,95.3
2024-01-15 01:03:00,VIN-C1741,71.5
2024-01-15 01:06:00,VIN-C1742,84.9
2024-01-15 01:09:00,VIN-C1743,77.4
2024-01-15 01:12:00,VIN-C1744,103.0
2024-01-15 01:15:00,VIN-C1745,100.9
2024-01-15 01:18:00,VIN-C1746,72.8
2024-01-15 01:21:00,VIN-C1747,104.0
2024-01-15 01:24:00,VIN-C1748,100.9
2024-01-15 01:27:00,VIN-C1749,102.0
2024-01-15 01:30:00,VIN-C1750,85.6
2024-01-15 01:33:00,VIN-C1751,82.1
2024-01-15 01:36:00,VIN-C1752,97.8
2024-01-15 01:39:00,VIN-C1753,77.7
2024-01-15 01:42:00,VIN-C1754,88.5
2024-01-15 01:45:00,VIN-C1755,103.5
2024-01-15 01:48:00,VIN-C1756,97.8
2024-01-15 01:51:00,VIN-C1757,106.8
2024-01-15 01:54:00,VIN-C1758,96.8
2024-01-15 01:57:00,VIN-C1759,80.5
2024-01-15 02:00:00,VIN-C1760,103.2
2024-01-15 02:03:00,VIN-C1761,99.3
2024-01-15 02:06:00,VIN-C1762,105.5
2024-01-15 02:09:00,VIN-C1763,81.6
2024-01-15 02:12:00,VIN-C1764,81.2
2024-01-15 02:15:00,VIN-C1765,74.4
2024-01-15 02:18:00,VIN-C1766,82.5
2024-01-15 02:21:00,VIN-C1767,97.9
2024-01-15 02:24:00,VIN-C1768,87.8
2024-01-15 02:27:00,VIN-C1769,88.0
2024-01-15 02:30:00,VIN-C1770,101.7
2024-01-15 02:33:00,VIN-C1771,74.0
2024-01-15 02:36:00,VIN-C1772,72.8
2024-01-15 02:39:00,VIN-C1773,100.5
2024-01-15 02:42:00,VIN-C1774,107.9
2024-01-15 02:45:00,VIN-C1775,94.0
2024-01-15 02:48:00,VIN-C1776,71.1
2024-01-15 02:51:00,VIN-C1777,80.6
2024-01-15 02:54:00,VIN-C1778,70.1
2024-01-15 02:57:00,VIN-C1779,98.3
2024-01-15 03:00:00,VIN-C1780,73.6
2024-01-15 03:03:00,VIN-C1781,72.8
2024-01-15 03:06:00,VIN-C1782,87.1
2024-01-15 03:09:00,VIN-C1783,98.1
2024-01-15 03:12:00,VIN-C1784,79.7
2024-01-15 03:15:00,VIN-C1785,109.9
2024-01-15 03:18:00,VIN-C1786,86.3
2024-01-15 03:21:00,VIN-C1787,71.5
2024-01-15 03:24:00,VIN-C1788,87.6
2024-01-15 03:27:00,VIN-C1789,105.1
2024-01-15 03:30:00,VIN-C1790,90.4
2024-01-15 03:33:00,VIN-C1791,86.2
2024-01-15 03:36:00,VIN-C1792,101.9
2024-01-15 03:39:00,VIN-C1793,108.0
2024-01-15 03:42:00,VIN-C1794,82.5
2024-01-15 03:45:00,VIN-C1795,102.6
2024-01-15 03:48:00,VIN-C1796,74.4
2024-01-15 03:51:00,VIN-C1797,103.3
2024-01-15 03:54:00,VIN-C1798,76.8
2024-01-15 03:57:00,VIN-C1799,107.8
2024-01-15 04:00:00,VIN-C1800,87.9
2024-01-15 04:03:00,VIN-C1801,96.5
2024-01-15 04:06:00,VIN-C1802,85.0
2024-01-15 04:09:00,VIN-C1803,89.2
2024-01-15 04:12:00,VIN-C1804,84.4
2024-01-15 04:15:00,VIN-C1805,82.4
2024-01-15 04:18:00,VIN-C1806,85.4
2024-01-15 04:21:00,VIN-C1807,98.7
2024-01-15 04:24:00,VIN-C1808,79.4
2024-01-15 04:27:00,VIN-C1809,100.5
2024-01-15 04:30:00,VIN-C1810,98.7
2024-01-15 04:33:00,VIN-C1811,103.8
2024-01-15 04:36:00,VIN-C1812,103.4
2024-01-15 04:39:00,VIN-C1813,92.1
2024-01-15 04:42:00,VIN-C1814,109.6
2024-01-15 04:45:00,VIN-C1815,101.6
2024-01-15 04:48:00,VIN-C1816,87.6
2024-01-15 04:51:00,VIN-C1817,92.4
2024-01-15 04:54:00,VIN-C1818,88.5
2024-01-15 04:57:00,VIN-C1819,85.5
2024-01-15 05:00:00,VIN-C1820,107.4
2024-01-15 05:03:00,VIN-C1821,86.0
2024-01-15 05:06:00,VIN-C1822,70.6
2024-01-15 05:09:00,VIN-C1823,84.4
2024-01-15 05:12:00,VIN-C1824,80.0
2024-01-15 05:15:00,VIN-C1825,99.0
2024-01-15 05:18:00,VIN-C1826,84.5
2024-01-15 05:21:00,VIN-C1827,83.2
2024-01-15 05:24:00,VIN-C1828,70.3
2024-01-15 05:27:00,VIN-C1829,96.7
2024-01-15 05:30:00,VIN-C1830,87.0
2024-01-15 05:33:00,VIN-C1831,77.7
2024-01-15 05:36:00,VIN-C1832,75.6
2024-01-15 05:39:00,VIN-C1833,96.9
2024-01-15 05:42:00,VIN-C1834,91.2
2024-01-15 05:45:00,VIN-C1835,100.6
2024-01-15 05:48:00,VIN-C1836,89.1
2024-01-15 05:51:00,VIN-C1837,72.5
2024-01-15 05:54:00,VIN-C1838,97.1
2024-01-15 05:57:00,VIN-C1839,95.1
2024-01-15 06:00:00,VIN-C1840,108.8
2024-01-15 06:03:00,VIN-C1841,75.1
2024-01-15 06:06:00,VIN-C1842,105.2
2024-01-15 06:09:00,VIN-C1843,91.1
2024-01-15 06:12:00,VIN-C1844,89.2
2024-01-15 06:15:00,VIN-C1845,103.1
2024-01-15 06:18:00,VIN-C1846,97.6
2024-01-15 06:21:00,VIN-C1847,82.7
2024-01-15 06:24:00,VIN-C1848,103.9
2024-01-15 06:27:00,VIN-C1849,75.9
2024-01-15 06:30:00,VIN-C1850,96.3
2024-01-15 06:33:00,VIN-C1851,105.4
2024-01-15 06:36:00,VIN-C1852,106.5
2024-01-15 06:39:00,VIN-C1853,88.4
2024-01-15 06:42:00,VIN-C1854,103.8
2024-01-15 06:45:00,VIN-C1855,106.3
2024-01-15 06:48:00,VIN-C1856,97.4
2024-01-15 06:51:00,VIN-C1857,100.7
2024-01-15 06:54:00,VIN-C1858,104.9
2024-01-15 06:57:00,VIN-C1859,78.8
2024-01-15 07:00:00,VIN-C1860,82.8
2024-01-15 07:03:00,VIN-C1861,82.7
2024-01-15 07:06:00,VIN-C1862,100.8
2024-01-15 07:09:00,VIN-C1863,101.2
2024-01-15 07:12:00,VIN-C1864,76.9
2024-01-15 07:15:00,VIN-C1865,70.6
2024-01-15 07:18:00,VIN-C1866,88.7
2024-01-15 07:21:00,VIN-C1867,85.8
2024-01-15 07:24:00,VIN-C1868,90.3
2024-01-15 07:27:00,VIN-C1869,94.9
2024-01-15 07:30:00,VIN-C1870,88.7
2024-01-15 07:33:00,VIN-C1871,94.1
2024-01-15 07:36:00,VIN-C1872,100.5
2024-01-15 07:39:00,VIN-C1873,80.2
2024-01-15 07:42:00,VIN-C1874,72.6
2024-01-15 07:45:00,VIN-C1875,70.5
2024-01-15 07:48:00,VIN-C1876,85.7
2024-01-15 07:51:00,VIN-C1877,74.1
2024-01-15 07:54:00,VIN-C1878,78.2
2024-01-15 07:57:00,VIN-C1879,84.5
2024-01-15 08:00:00,VIN-C1880,93.1
2024-01-15 08:03:00,VIN-C1881,90.5
2024-01-15 08:06:00,VIN-C1882,102.0
2024-01-15 08:09:00,VIN-C1883,73.3
2024-01-15 08:12:00,VIN-C1884,109.3
2024-01-15 08:15:00,VIN-C1885,76.0
2024-01-15 08:18:00,VIN-C1886,94.7
2024-01-15 08:21:00,VIN-C1887,91.8
2024-01-15 08:24:00,VIN-C1888,97.3
2024-01-15 08:27:00,VIN-C1889,100.5
2024-01-15 08:30:00,VIN-C1890,76.3
2024-01-15 08:33:00,VIN-C1891,73.7
2024-01-15 08:36:00,VIN-C1892,105.4
2024-01-15 08:39:00,VIN-C1893,97.5
2024-01-15 08:42:00,VIN-C1894,87.2
2024-01-15 08:45:00,VIN-C1895,78.4
2024-01-15 08:48:00,VIN-C1896,79.6
2024-01-15 08:51:00,VIN-C1897,70.1
2024-01-15 08:54:00,VIN-C1898,105.1
2024-01-15 08:57:00,VIN-C1899,83.2
2024-01-15 09:00:00,VIN-C1900,100.7
2024-01-15 09:03:00,VIN-C1901,104.6
2024-01-15 09:06:00,VIN-C1902,78.8
2024-01-15 09:09:00,VIN-C1903,94.5
2024-01-15 09:12:00,VIN-C1904,70.4
2024-01-15 09:15:00,VIN-C1905,81.1
2024-01-15 09:18:00,VIN-C1906,74.0
2024-01-15 09:21:00,VIN-C1907,71.2
2024-01-15 09:24:00,VIN-C1908,92.1
2024-01-15 09:27:00,VIN-C1909,89.6
2024-01-15 09:30:00,VIN-C1910,103.2
2024-01-15 09:33:00,VIN-C1911,81.8
2024-01-15 09:36:00,VIN-C1912,96.2
2024-01-15 09:39:00,VIN-C1913,73.9
2024-01-15 09:42:00,VIN-C1914,103.5
2024-01-15 09:45:00,VIN-C1915,97.9
2024-01-15 09:48:00,VIN-C1916,83.0
2024-01-15 09:51:00,VIN-C1917,95.9
2024-01-15 09:54:00,VIN-C1918,99.6
2024-01-15 09:57:00,VIN-C1919,89.9
2024-01-15 10:00:00,VIN-C1920,93.8
2024-01-15 10:03:00,VIN-C1921,106.6
2024-01-15 10:06:00,VIN-C1922,90.3
2024-01-15 10:09:00,VIN-C1923,98.2
2024-01-15 10:12:00,VIN-C1924,78.8
2024-01-15 10:15:00,VIN-C1925,108.8
2024-01-15 10:18:00,VIN-C1926,102.1
2024-01-15 10:21:00,VIN-C1927,98.3
2024-01-15 10:24:00,VIN-C1928,72.7
2024-01-15 10:27:00,VIN-C1929,77.1
2024-01-15 10:30:00,VIN-C1930,108.4
2024-01-15 10:33:00,VIN-C1931,93.9
2024-01-15 10:36:00,VIN-C1932,92.5
2024-01-15 10:39:00,VIN-C1933,74.3
2024-01-15 10:42:00,VIN-C1934,70.7
2024-01-15 10:45:00,VIN-C1935,108.9
2024-01-15 10:48:00,VIN-C1936,73.5
2024-01-15 10:51:00,VIN-C1937,108.7
2024-01-15 10:54:00,VIN-C1938,101.9
2024-01-15 10:57:00,VIN-C1939,77.3
2024-01-15 11:00:00,VIN-C1940,72.4
2024-01-15 11:03:00,VIN-C1941,87.3
2024-01-15 11:06:00,VIN-C1942,70.3
2024-01-15 11:09:00,VIN-C1943,106.1
2024-01-15 11:12:00,VIN-C1944,93.1
2024-01-15 11:15:00,VIN-C1945,74.2
2024-01-15 11:18:00,VIN-C1946,107.4
2024-01-15 11:21:00,VIN-C1947,78.4
2024-01-15 11:24:00,VIN-C1948,105.3
2024-01-15 11:27:00,VIN-C1949,90.5
2024-01-15 11:30:00,VIN-C1950,101.0
2024-01-15 11:33:00,VIN-C1951,72.0
2024-01-15 11:36:00,VIN-C1952,88.8
2024-01-15 11:39:00,VIN-C1953,101.3
2024-01-15 11:42:00,VIN-C1954,104.8
2024-01-15 11:45:00,VIN-C1955,88.1
2024-01-15 11:48:00,VIN-C1956,75.4
2024-01-15 11:51:00,VIN-C1957,96.2
2024-01-15 11:54:00,VIN-C1958,109.7
2024-01-15 11:57:00,VIN-C1959,80.0
2024-01-15 12:00:00,VIN-C1960,106.8
2024-01-15 12:03:00,VIN-C1961,88.5
2024-01-15 12:06:00,VIN-C1962,84.6
2024-01-15 12:09:00,VIN-C1963,106.9
2024-01-15 12:12:00,VIN-C1964,85.1
2024-01-15 12:15:00,VIN-C1965,109.6
2024-01-15 12:18:00,VIN-C1966,72.3
2024-01-15 12:21:00,VIN-C1967,88.6
2024-01-15 12:24:00,VIN-C1968,82.7
2024-01-15 12:27:00,VIN-C1969,90.3
2024-01-15 12:30:00,VIN-C1970,77.6
2024-01-15 12:33:00,VIN-C1971,70.5
2024-01-15 12:36:00,VIN-C1972,75.2
2024-01-15 12:39:00,VIN-C1973,99.1
2024-01-15 12:42:00,VIN-C1974,107.2
2024-01-15 12:45:00,VIN-C1975,76.3
2024-01-15 12:48:00,VIN-C1976,102.4
2024-01-15 12:51:00,VIN-C1977,93.8
2024-01-15 12:54:00,VIN-C1978,79.8
2024-01-15 12:57:00,VIN-C1979,101.7
2024-01-15 13:00:00,VIN-C1980,98.4
2024-01-15 13:03:00,VIN-C1981,109.5
2024-01-15 13:06:00,VIN-C1982,71.6
2024-01-15 13:09:00,VIN-C1983,86.7
2024-01-15 13:12:00,VIN-C1984,92.5
2024-01-15 13:15:00,VIN-C1985,100.6
2024-01-15 13:18:00,VIN-C1986,108.3
2024-01-15 13:21:00,VIN-C1987,103.7
2024-01-15 13:24:00,VIN-C1988,74.1
2024-01-15 13:27:00,VIN-C1989,96.2
2024-01-15 13:30:00,VIN-C1990,81.3
2024-01-15 13:33:00,VIN-C1991,107.5
2024-01-15 13:36:00,VIN-C1992,93.2
2024-01-15 13:39:00,VIN-C1993,98.2
2024-01-15 13:42:00,VIN-C1994,100.7
2024-01-15 13:45:00,VIN-C1995,79.3
2024-01-15 13:48:00,VIN-C1996,93.1
2024-01-15 13:51:00,VIN-C1997,71.4
2024-01-15 13:54:00,VIN-C1998,86.0
2024-01-15 13:57:00,VIN-C1999,107.9
2024-01-15 14:00:00,VIN-C2000,77.3
2024-01-15 14:03:00,VIN-C2001,85.0
2024-01-15 14:06:00,VIN-C2002,88.3
2024-01-15 14:09:00,VIN-C2003,71.0
2024-01-15 14:12:00,VIN-C2004,76.9
2024-01-15 14:15:00,VIN-C2005,80.1
2024-01-15 14:18:00,VIN-C2006,105.8
2024-01-15 14:21:00,VIN-C2007,92.0
2024-01-15 14:24:00,VIN-C2008,93.5
2024-01-15 14:27:00,VIN-C2009,93.1
2024-01-15 14:30:00,VIN-C2010,74.5
2024-01-15 14:33:00,VIN-C2011,73.4
2024-01-15 14:36:00,VIN-C2012,105.9
2024-01-15 14:39:00,VIN-C2013,96.1
2024-01-15 14:42:00,VIN-C2014,101.2
2024-01-15 14:45:00,VIN-C2015,89.6
2024-01-15 14:48:00,VIN-C2016,105.6
2024-01-15 14:51:00,VIN-C2017,76.0
2024-01-15 14:54:00,VIN-C2018,108.4
2024-01-15 14:57:00,VIN-C2019,106.1
2024-01-15 15:00:00,VIN-C2020,90.1
2024-01-15 15:03:00,VIN-C2021,89.6
2024-01-15 15:06:00,VIN-C2022,95.9
2024-01-15 15:09:00,VIN-C2023,76.2
2024-01-15 15:12:00,VIN-C2024,77.1
2024-01-15 15:15:00,VIN-C2025,97.8
2024-01-15 15:18:00,VIN-C2026,70.6
2024-01-15 15:21:00,VIN-C2027,86.7
2024-01-15 15:24:00,VIN-C2028,109.8
2024-01-15 15:27:00,VIN-C2029,108.1
2024-01-15 15:30:00,VIN-C2030,90.9
2024-01-15 15:33:00,VIN-C2031,105.7
2024-01-15 15:36:00,VIN-C2032,80.3
2024-01-15 15:39:00,VIN-C2033,104.6
2024-01-15 15:42:00,VIN-C2034,71.3
2024-01-15 15:45:00,VIN-C2035,101.8
2024-01-15 15:48:00,VIN-C2036,85.1
2024-01-15 15:51:00,VIN-C2037,95.4
2024-01-15 15:54:00,VIN-C2038,105.9
2024-01-15 15:57:00,VIN-C2039,75.3
2024-01-15 16:00:00,VIN-C2040,96.9
2024-01-15 16:03:00,VIN-C2041,73.4
2024-01-15 16:06:00,VIN-C2042,92.2
2024-01-15 16:09:00,VIN-C2043,88.9
2024-01-15 16:12:00,VIN-C2044,89.4
2024-01-15 16:15:00,VIN-C2045,89.2
2024-01-15 16:18:00,VIN-C2046,88.9
2024-01-15 16:21:00,VIN-C2047,87.0
2024-01-15 16:24:00,VIN-C2048,93.9
2024-01-15 16:27:00,VIN-C2049,86.5
2024-01-15 16:30:00,VIN-C2050,73.7
2024-01-15 16:33:00,VIN-C2051,72.0
2024-01-15 16:36:00,VIN-C2052,92.2
2024-01-15 16:39:00,VIN-C2053,84.9
2024-01-15 16:42:00,VIN-C2054,76.5
2024-01-15 16:45:00,VIN-C2055,71.3
2024-01-15 16:48:00,VIN-C2056,84.6
2024-01-15 16:51:00,VIN-C2057,95.9
2024-01-15 16:54:00,VIN-C2058,95.6
2024-01-15 16:57:00,VIN-C2059,99.9
2024-01-15 17:00:00,VIN-C2060,76.1
2024-01-15 17:03:00,VIN-C2061,96.8
2024-01-15 17:06:00,VIN-C2062,81.4
2024-01-15 17:09:00,VIN-C2063,81.7
2024-01-15 17:12:00,VIN-C2064,73.7
2024-01-15 17:15:00,VIN-C2065,107.5
2024-01-15 17:18:00,VIN-C2066,101.6
2024-01-15 17:21:00,VIN-C2067,85.2
2024-01-15 17:24:00,VIN-C2068,100.7
2024-01-15 17:27:00,VIN-C2069,89.9
2024-01-15 17:30:00,VIN-C2070,93.9
2024-01-15 17:33:00,VIN-C2071,94.6
2024-01-15 17:36:00,VIN-C2072,80.9
2024-01-15 17:39:00,VIN-C2073,108.2
2024-01-15 17:42:00,VIN-C2074,81.3
2024-01-15 17:45:00,VIN-C2075,80.6
2024-01-15 17:48:00,VIN-C2076,78.4
2024-01-15 17:51:00,VIN-C2077,75.8
2024-01-15 17:54:00,VIN-C2078,106.1
2024-01-15 17:57:00,VIN-C2079,102.0
2024-01-15 18:00:00,VIN-C2080,86.4
2024-01-15 18:03:00,VIN-C2081,93.9
2024-01-15 18:06:00,VIN-C2082,103.1
2024-01-15 18:09:00,VIN-C2083,72.1
2024-01-15 18:12:00,VIN-C2084,96.0
2024-01-15 18:15:00,VIN-C2085,105.1
2024-01-15 18:18:00,VIN-C2086,80.6
2024-01-15 18:21:00,VIN-C2087,96.5
2024-01-15 18:24:00,VIN-C2088,81.9
2024-01-15 18:27:00,VIN-C2089,106.9
2024-01-15 18:30:00,VIN-C2090,108.7
2024-01-15 18:33:00,VIN-C2091,108.9
2024-01-15 18:36:00,VIN-C2092,87.9
2024-01-15 18:39:00,VIN-C2093,107.4
2024-01-15 18:42:00,VIN-C2094,97.3
2024-01-15 18:45:00,VIN-C2095,80.5
2024-01-15 18:48:00,VIN-C2096,91.4
2024-01-15 18:51:00,VIN-C2097,94.9
2024-01-15 18:54:00,VIN-C2098,94.8
2024-01-15 18:57:00,VIN-C2099,93.6
2024-01-15 19:00:00,VIN-C2100,83.2
2024-01-15 19:03:00,VIN-C2101,100.3
2024-01-15 19:06:00,VIN-C2102,74.6
2024-01-15 19:09:00,VIN-C2103,86.6
2024-01-15 19:12:00,VIN-C2104,108.5
2024-01-15 19:15:00,VIN-C2105,96.5
2024-01-15 19:18:00,VIN-C2106,80.0
2024-01-15 19:21:00,VIN-C2107,74.4
2024-01-15 19:24:00,VIN-C2108,101.5
2024-01-15 19:27:00,VIN-C2109,86.3
2024-01-15 19:30:00,VIN-C2110,86.4
2024-01-15 19:33:00,VIN-C2111,98.0
2024-01-15 19:36:00,VIN-C2112,71.1
2024-01-15 19:39:00,VIN-C2113,104.7
2024-01-15 19:42:00,VIN-C2114,75.3
2024-01-15 19:45:00,VIN-C2115,79.7
2024-01-15 19:48:00,VIN-C2116,102.3
2024-01-15 19:51:00,VIN-C2117,72.7
2024-01-15 19:54:00,VIN-C2118,81.9
2024-01-15 19:57:00,VIN-C2119,104.5
2024-01-15 20:00:00,VIN-C2120,78.4
2024-01-15 20:03:00,VIN-C2121,92.3
2024-01-15 20:06:00,VIN-C2122,106.2
2024-01-15 20:09:00,VIN-C2123,83.9
2024-01-15 20:12:00,VIN-C2124,85.1
2024-01-15 20:15:00,VIN-C2125,73.2
2024-01-15 20:18:00,VIN-C2126,83.5
2024-01-15 20:21:00,VIN-C2127,87.3
2024-01-15 20:24:00,VIN-C2128,85.6
2024-01-15 20:27:00,VIN-C2129,77.0
2024-01-15 20:30:00,VIN-C2130,88.0
2024-01-15 20:33:00,VIN-C2131,73.2
2024-01-15 20:36:00,VIN-C2132,73.6
2024-01-15 20:39:00,VIN-C2133,99.8
2024-01-15 20:42:00,VIN-C2134,107.8
2024-01-15 20:45:00,VIN-C2135,101.5
2024-01-15 20:48:00,VIN-C2136,75.4
2024-01-15 20:51:00,VIN-C2137,77.4
2024-01-15 20:54:00,VIN-C2138,109.3
2024-01-15 20:57:00,VIN-C2139,88.0
2024-01-15 21:00:00,VIN-C2140,108.3
2024-01-15 21:03:00,VIN-C2141,103.0
2024-01-15 21:06:00,VIN-C2142,89.2
2024-01-15 21:09:00,VIN-C2143,108.2
2024-01-15 21:12:00,VIN-C2144,90.0
2024-01-15 21:15:00,VIN-C2145,83.2
2024-01-15 21:18:00,VIN-C2146,78.7
2024-01-15 21:21:00,VIN-C2147,99.8
2024-01-15 21:24:00,VIN-C2148,102.6
2024-01-15 21:27:00,VIN-C2149,82.5
2024-01-15 21:30:00,VIN-C2150,83.2
2024-01-15 21:33:00,VIN-C2151,109.2
2024-01-15 21:36:00,VIN-C2152,96.0
2024-01-15 21:39:00,VIN-C2153,108.8
2024-01-15 21:42:00,VIN-C2154,101.5
2024-01-15 21:45:00,VIN-C2155,86.0
2024-01-15 21:48:00,VIN-C2156,103.7
2024-01-15 21:51:00,VIN-C2157,81.9
2024-01-15 21:54:00,VIN-C2158,99.8
2024-01-15 21:57:00,VIN-C2159,77.5
2024-01-15 22:00:00,VIN-C2160,81.3
2024-01-15 22:03:00,VIN-C2161,106.7
2024-01-15 22:06:00,VIN-C2162,105.6
2024-01-15 22:09:00,VIN-C2163,93.3
2024-01-15 22:12:00,VIN-C2164,86.9
2024-01-15 22:15:00,VIN-C2165,78.3
2024-01-15 22:18:00,VIN-C2166,79.0
2024-01-15 22:21:00,VIN-C2167,97.8
2024-01-15 22:24:00,VIN-C2168,73.6
2024-01-15 22:27:00,VIN-C2169,79.9
2024-01-15 22:30:00,VIN-C2170,105.6
2024-01-15 22:33:00,VIN-C2171,91.6
2024-01-15 22:36:00,VIN-C2172,78.3
2024-01-15 22:39:00,VIN-C2173,86.1
2024-01-15 22:42:00,VIN-C2174,89.6
2024-01-15 22:45:00,VIN-C2175,107.0
2024-01-15 22:48:00,VIN-C2176,88.5
2024-01-15 22:51:00,VIN-C2177,84.1
2024-01-15 22:54:00,VIN-C2178,109.1
2024-01-15 22:57:00,VIN-C2179,97.5
2024-01-15 23:00:00,VIN-C2180,87.7
2024-01-15 23:03:00,VIN-C2181,105.9
2024-01-15 23:06:00,VIN-C2182,97.6
2024-01-15 23:09:00,VIN-C2183,75.7
2024-01-15 23:12:00,VIN-C2184,101.0
2024-01-15 23:15:00,VIN-C2185,104.9
2024-01-15 23:18:00,VIN-C2186,82.0
2024-01-15 23:21:00,VIN-C2187,82.8
2024-01-15 23:24:00,VIN-C2188,88.9
2024-01-15 23:27:00,VIN-C2189,88.5
2024-01-15 23:30:00,VIN-C2190,82.0
2024-01-15 23:33:00,VIN-C2191,97.3
2024-01-15 23:36:00,VIN-C2192,101.4
2024-01-15 23:39:00,VIN-C2193,70.4
2024-01-15 23:42:00,VIN-C2194,79.3
2024-01-15 23:45:00,VIN-C2195,93.0
2024-01-15 23:48:00,VIN-C2196,102.9
2024-01-15 23:51:00,VIN-C2197,84.1
2024-01-15 23:54:00,VIN-C2198,98.3
2024-01-15 23:57:00,VIN-C2199,73.5
2024-01-16 00:00:00,VIN-C2200,83.0
2024-01-16 00:03:00,VIN-C2201,108.2
2024-01-16 00:06:00,VIN-C2202,99.6
2024-01-16 00:09:00,VIN-C2203,88.9
2024-01-16 00:12:00,VIN-C2204,97.7
2024-01-16 00:15:00,VIN-C2205,73.5
2024-01-16 00:18:00,VIN-C2206,74.6
2024-01-16 00:21:00,VIN-C2207,94.8
2024-01-16 00:24:00,VIN-C2208,109.8
2024-01-16 00:27:00,VIN-C2209,92.4
2024-01-16 00:30:00,VIN-C2210,92.2
2024-01-16 00:33:00,VIN-C2211,97.1
2024-01-16 00:36:00,VIN-C2212,74.7
2024-01-16 00:39:00,VIN-C2213,90.5
2024-01-16 00:42:00,VIN-C2214,85.7
2024-01-16 00:45:00,VIN-C2215,73.8
2024-01-16 00:48:00,VIN-C2216,105.2
2024-01-16 00:51:00,VIN-C2217,109.0
2024-01-16 00:54:00,VIN-C2218,106.5
2024-01-16 00:57:00,VIN-C2219,97.6
2024-01-16 01:00:00,VIN-C2220,105.5
2024-01-16 01:03:00,VIN-C2221,82.8
2024-01-16 01:06:00,VIN-C2222,101.3
2024-01-16 01:09:00,VIN-C2223,80.9
2024-01-16 01:12:00,VIN-C2224,71.1
2024-01-16 01:15:00,VIN-C2225,100.8
2024-01-16 01:18:00,VIN-C2226,88.2
2024-01-16 01:21:00,VIN-C2227,76.1
2024-01-16 01:24:00,VIN-C2228,74.7
2024-01-16 01:27:00,VIN-C2229,108.4
2024-01-16 01:30:00,VIN-C2230,82.6
2024-01-16 01:33:00,VIN-C2231,108.2
2024-01-16 01:36:00,VIN-C2232,104.4
2024-01-16 01:39:00,VIN-C2233,70.9
2024-01-16 01:42:00,VIN-C2234,106.6
2024-01-16 01:45:00,VIN-C2235,97.5
2024-01-16 01:48:00,VIN-C2236,78.7
2024-01-16 01:51:00,VIN-C2237,99.7
2024-01-16 01:54:00,VIN-C2238,93.2
2024-01-16 01:57:00,VIN-C2239,92.4
2024-01-16 02:00:00,VIN-C2240,78.6
2024-01-16 02:03:00,VIN-C2241,105.6
2024-01-16 02:06:00,VIN-C2242,94.9
2024-01-16 02:09:00,VIN-C2243,94.0
2024-01-16 02:12:00,VIN-C2244,75.7
2024-01-16 02:15:00,VIN-C2245,97.4
2024-01-16 02:18:00,VIN-C2246,84.2
2024-01-16 02:21:00,VIN-C2247,105.8
2024-01-16 02:24:00,VIN-C2248,106.8
2024-01-16 02:27:00,VIN-C2249,87.1
2024-01-16 02:30:00,VIN-C2250,77.8
2024-01-16 02:33:00,VIN-C2251,75.8
2024-01-16 02:36:00,VIN-C2252,97.8
2024-01-16 02:39:00,VIN-C2253,86.5
2024-01-16 02:42:00,VIN-C2254,99.5
2024-01-16 02:45:00,VIN-C2255,79.2
2024-01-16 02:48:00,VIN-C2256,79.1
2024-01-16 02:51:00,VIN-C2257,93.0
2024-01-16 02:54:00,VIN-C2258,84.3
2024-01-16 02:57:00,VIN-C2259,100.0
2024-01-16 03:00:00,VIN-C2260,87.6
2024-01-16 03:03:00,VIN-C2261,98.1
2024-01-16 03:06:00,VIN-C2262,74.7
2024-01-16 03:09:00,VIN-C2263,105.1
2024-01-16 03:12:00,VIN-C2264,86.0
2024-01-16 03:15:00,VIN-C2265,83.6
2024-01-16 03:18:00,VIN-C2266,106.4
2024-01-16 03:21:00,VIN-C2267,85.2
2024-01-16 03:24:00,VIN-C2268,90.0
2024-01-16 03:27:00,VIN-C2269,77.9
2024-01-16 03:30:00,VIN-C2270,81.2
2024-01-16 03:33:00,VIN-C2271,101.5
2024-01-16 03:36:00,VIN-C2272,104.0
2024-01-16 03:39:00,VIN-C2273,76.1
2024-01-16 03:42:00,VIN-C2274,102.0
2024-01-16 03:45:00,VIN-C2275,97.6
2024-01-16 03:48:00,VIN-C2276,99.7
2024-01-16 03:51:00,VIN-C2277,91.4
2024-01-16 03:54:00,VIN-C2278,103.5
2024-01-16 03:57:00,VIN-C2279,80.3
2024-01-16 04:00:00,VIN-C2280,86.3
2024-01-16 04:03:00,VIN-C2281,72.8
2024-01-16 04:06:00,VIN-C2282,104.2
2024-01-16 04:09:00,VIN-C2283,81.0
2024-01-16 04:12:00,VIN-C2284,77.6
2024-01-16 04:15:00,VIN-C2285,71.4
2024-01-16 04:18:00,VIN-C2286,107.1
2024-01-16 04:21:00,VIN-C2287,105.1
2024-01-16 04:24:00,VIN-C2288,80.2
2024-01-16 04:27:00,VIN-C2289,81.7
2024-01-16 04:30:00,VIN-C2290,103.7
2024-01-16 04:33:00,VIN-C2291,75.2
2024-01-16 04:36:00,VIN-C2292,74.5
2024-01-16 04:39:00,VIN-C2293,95.9
2024-01-16 04:42:00,VIN-C2294,93.2
2024-01-16 04:45:00,VIN-C2295,93.4
2024-01-16 04:48:00,VIN-C2296,98.5
2024-01-16 04:51:00,VIN-C2297,81.1
2024-01-16 04:54:00,VIN-C2298,97.5
2024-01-16 04:57:00,VIN-C2299,87.8
2024-01-16 05:00:00,VIN-C2300,75.0
2024-01-16 05:03:00,VIN-C2301,87.9
2024-01-16 05:06:00,VIN-C2302,71.6
2024-01-16 05:09:00,VIN-C2303,92.4
2024-01-16 05:12:00,VIN-C2304,76.9
2024-01-16 05:15:00,VIN-C2305,82.5
2024-01-16 05:18:00,VIN-C2306,95.6
2024-01-16 05:21:00,VIN-C2307,98.5
2024-01-16 05:24:00,VIN-C2308,96.4
2024-01-16 05:27:00,VIN-C2309,85.1
2024-01-16 05:30:00,VIN-C2310,73.8
2024-01-16 05:33:00,VIN-C2311,105.3
2024-01-16 05:36:00,VIN-C2312,108.4
2024-01-16 05:39:00,VIN-C2313,72.9
2024-01-16 05:42:00,VIN-C2314,74.6
2024-01-16 05:45:00,VIN-C2315,80.3
2024-01-16 05:48:00,VIN-C2316,110.0
2024-01-16 05:51:00,VIN-C2317,84.5
2024-01-16 05:54:00,VIN-C2318,104.9
2024-01-16 05:57:00,VIN-C2319,108.8
2024-01-16 06:00:00,VIN-C2320,108.8
2024-01-16 06:03:00,VIN-C2321,88.3
2024-01-16 06:06:00,VIN-C2322,95.3
2024-01-16 06:09:00,VIN-C2323,76.3
2024-01-16 06:12:00,VIN-C2324,92.0
2024-01-16 06:15:00,VIN-C2325,92.9
2024-01-16 06:18:00,VIN-C2326,86.5
2024-01-16 06:21:00,VIN-C2327,106.4
2024-01-16 06:24:00,VIN-C2328,103.2
2024-01-16 06:27:00,VIN-C2329,86.4
2024-01-16 06:30:00,VIN-C2330,109.0
2024-01-16 06:33:00,VIN-C2331,77.6
2024-01-16 06:36:00,VIN-C2332,87.9
2024-01-16 06:39:00,VIN-C2333,91.1
2024-01-16 06:42:00,VIN-C2334,100.1
2024-01-16 06:45:00,VIN-C2335,89.9
2024-01-16 06:48:00,VIN-C2336,92.8
2024-01-16 06:51:00,VIN-C2337,90.2
2024-01-16 06:54:00,VIN-C2338,89.7
2024-01-16 06:57:00,VIN-C2339,107.4
2024-01-16 07:00:00,VIN-C2340,104.1
2024-01-16 07:03:00,VIN-C2341,102.5
2024-01-16 07:06:00,VIN-C2342,88.8
2024-01-16 07:09:00,VIN-C2343,90.1
2024-01-16 07:12:00,VIN-C2344,89.1
2024-01-16 07:15:00,VIN-C2345,77.8
2024-01-16 07:18:00,VIN-C2346,72.4
2024-01-16 07:21:00,VIN-C2347,72.3
2024-01-16 07:24:00,VIN-C2348,83.8
2024-01-16 07:27:00,VIN-C2349,78.9
2024-01-16 07:30:00,VIN-C2350,110.0
2024-01-16 07:33:00,VIN-C2351,101.0
2024-01-16 07:36:00,VIN-C2352,73.5
2024-01-16 07:39:00,VIN-C2353,80.9
2024-01-16 07:42:00,VIN-C2354,75.0
2024-01-16 07:45:00,VIN-C2355,72.5
2024-01-16 07:48:00,VIN-C2356,86.0
2024-01-16 07:51:00,VIN-C2357,77.8
2024-01-16 07:54:00,VIN-C2358,75.2
2024-01-16 07:57:00,VIN-C2359,76.4
2024-01-16 08:00:00,VIN-C2360,75.6
2024-01-16 08:03:00,VIN-C2361,89.9
2024-01-16 08:06:00,VIN-C2362,74.1
2024-01-16 08:09:00,VIN-C2363,103.0
2024-01-16 08:12:00,VIN-C2364,70.3
2024-01-16 08:15:00,VIN-C2365,80.0
2024-01-16 08:18:00,VIN-C2366,70.4
2024-01-16 08:21:00,VIN-C2367,97.3
2024-01-16 08:24:00,VIN-C2368,91.3
2024-01-16 08:27:00,VIN-C2369,75.1
2024-01-16 08:30:00,VIN-C2370,80.8
2024-01-16 08:33:00,VIN-C2371,100.1
2024-01-16 08:36:00,VIN-C2372,92.9
2024-01-16 08:39:00,VIN-C2373,81.8
2024-01-16 08:42:00,VIN-C2374,99.1
2024-01-16 08:45:00,VIN-C2375,96.6
2024-01-16 08:48:00,VIN-C2376,87.4
2024-01-16 08:51:00,VIN-C2377,95.2
2024-01-16 08:54:00,VIN-C2378,90.9
2024-01-16 08:57:00,VIN-C2379,91.0
2024-01-16 09:00:00,VIN-C2380,78.8
2024-01-16 09:03:00,VIN-C2381,106.5
2024-01-16 09:06:00,VIN-C2382,97.1
2024-01-16 09:09:00,VIN-C2383,76.6
2024-01-16 09:12:00,VIN-C2384,108.6
2024-01-16 09:15:00,VIN-C2385,75.1
2024-01-16 09:18:00,VIN-C2386,95.5
2024-01-16 09:21:00,VIN-C2387,78.9
2024-01-16 09:24:00,VIN-C2388,104.8
2024-01-16 09:27:00,VIN-C2389,79.9
2024-01-16 09:30:00,VIN-C2390,105.6
2024-01-16 09:33:00,VIN-C2391,82.4
2024-01-16 09:36:00,VIN-C2392,74.1
2024-01-16 09:39:00,VIN-C2393,106.3
2024-01-16 09:42:00,VIN-C2394,79.1
2024-01-16 09:45:00,VIN-C2395,70.3
2024-01-16 09:48:00,VIN-C2396,86.6
2024-01-16 09:51:00,VIN-C2397,77.9
2024-01-16 09:54:00,VIN-C2398,71.3
2024-01-16 09:57:00,VIN-C2399,96.5
2024-01-16 10:00:00,VIN-C2400,85.2
2024-01-16 10:03:00,VIN-C2401,84.0
2024-01-16 10:06:00,VIN-C2402,98.8
2024-01-16 10:09:00,VIN-C2403,81.4
2024-01-16 10:12:00,VIN-C2404,93.9
2024-01-16 10:15:00,VIN-C2405,101.9
2024-01-16 10:18:00,VIN-C2406,82.1
2024-01-16 10:21:00,VIN-C2407,99.9
2024-01-16 10:24:00,VIN-C2408,86.5
2024-01-16 10:27:00,VIN-C2409,96.6
2024-01-16 10:30:00,VIN-C2410,73.7
2024-01-16 10:33:00,VIN-C2411,94.0
2024-01-16 10:36:00,VIN-C2412,106.6
2024-01-16 10:39:00,VIN-C2413,95.5
2024-01-16 10:42:00,VIN-C2414,100.0
2024-01-16 10:45:00,VIN-C2415,87.4
2024-01-16 10:48:00,VIN-C2416,101.7
2024-01-16 10:51:00,VIN-C2417,100.7
2024-01-16 10:54:00,VIN-C2418,75.2
2024-01-16 10:57:00,VIN-C2419,85.6
2024-01-16 11:00:00,VIN-C2420,87.7
2024-01-16 11:03:00,VIN-C2421,87.7
2024-01-16 11:06:00,VIN-C2422,109.1
2024-01-16 11:09:00,VIN-C2423,71.7
2024-01-16 11:12:00,VIN-C2424,90.1
2024-01-16 11:15:00,VIN-C2425,76.0
2024-01-16 11:18:00,VIN-C2426,81.2
2024-01-16 11:21:00,VIN-C2427,80.6
2024-01-16 11:24:00,VIN-C2428,84.3
2024-01-16 11:27:00,VIN-C2429,109.9
2024-01-16 11:30:00,VIN-C2430,85.6
2024-01-16 11:33:00,VIN-C2431,70.2
2024-01-16 11:36:00,VIN-C2432,86.8
2024-01-16 11:39:00,VIN-C2433,93.5
2024-01-16 11:42:00,VIN-C2434,87.7
2024-01-16 11:45:00,VIN-C2435,96.3
2024-01-16 11:48:00,VIN-C2436,77.1
2024-01-16 11:51:00,VIN-C2437,99.1
2024-01-16 11:54:00,VIN-C2438,109.2
2024-01-16 11:57:00,VIN-C2439,95.5
2024-01-16 12:00:00,VIN-C2440,74.9
2024-01-16 12:03:00,VIN-C2441,84.9
2024-01-16 12:06:00,VIN-C2442,70.1
2024-01-16 12:09:00,VIN-C2443,100.0
2024-01-16 12:12:00,VIN-C2444,101.4
2024-01-16 12:15:00,VIN-C2445,74.2
2024-01-16 12:18:00,VIN-C2446,104.2
2024-01-16 12:21:00,VIN-C2447,108.5
2024-01-16 12:24:00,VIN-C2448,85.4
2024-01-16 12:27:00,VIN-C2449,94.3
2024-01-16 12:30:00,VIN-C2450,95.0
2024-01-16 12:33:00,VIN-C2451,83.4
2024-01-16 12:36:00,VIN-C2452,103.3
2024-01-16 12:39:00,VIN-C2453,90.1
2024-01-16 12:42:00,VIN-C2454,70.3
2024-01-16 12:45:00,VIN-C2455,93.9
2024-01-16 12:48:00,VIN-C2456,70.7
2024-01-16 12:51:00,VIN-C2457,73.3
2024-01-16 12:54:00,VIN-C2458,73.0
2024-01-16 12:57:00,VIN-C2459,108.5
2024-01-16 13:00:00,VIN-C2460,71.7
2024-01-16 13:03:00,VIN-C2461,89.1
2024-01-16 13:06:00,VIN-C2462,89.8
2024-01-16 13:09:00,VIN-C2463,98.7
2024-01-16 13:12:00,VIN-C2464,74.2
2024-01-16 13:15:00,VIN-C2465,106.2
2024-01-16 13:18:00,VIN-C2466,96.0
2024-01-16 13:21:00,VIN-C2467,107.7
2024-01-16 13:24:00,VIN-C2468,76.7
2024-01-16 13:27:00,VIN-C2469,91.7
2024-01-16 13:30:00,VIN-C2470,104.5
2024-01-16 13:33:00,VIN-C2471,77.8
2024-01-16 13:36:00,VIN-C2472,93.2
2024-01-16 13:39:00,VIN-C2473,78.8
2024-01-16 13:42:00,VIN-C2474,94.0
2024-01-16 13:45:00,VIN-C2475,103.8
2024-01-16 13:48:00,VIN-C2476,92.8
2024-01-16 13:51:00,VIN-C2477,84.4
2024-01-16 13:54:00,VIN-C2478,100.2
2024-01-16 13:57:00,VIN-C2479,90.8
2024-01-16 14:00:00,VIN-C2480,107.7
2024-01-16 14:03:00,VIN-C2481,80.2
2024-01-16 14:06:00,VIN-C2482,105.1
2024-01-16 14:09:00,VIN-C2483,106.3
2024-01-16 14:12:00,VIN-C2484,80.9
2024-01-16 14:15:00,VIN-C2485,71.2
2024-01-16 14:18:00,VIN-C2486,103.1
2024-01-16 14:21:00,VIN-C2487,97.7
2024-01-16 14:24:00,VIN-C2488,93.8
2024-01-16 14:27:00,VIN-C2489,92.9
2024-01-16 14:30:00,VIN-C2490,73.1
2024-01-16 14:33:00,VIN-C2491,81.6
2024-01-16 14:36:00,VIN-C2492,106.3
2024-01-16 14:39:00,VIN-C2493,88.2
2024-01-16 14:42:00,VIN-C2494,77.8
2024-01-16 14:45:00,VIN-C2495,89.8
2024-01-16 14:48:00,VIN-C2496,88.8
2024-01-16 14:51:00,VIN-C2497,93.3
2024-01-16 14:54:00,VIN-C2498,75.2
2024-01-16 14:57:00,VIN-C2499,74.8
2024-01-16 15:00:00,VIN-C2500,87.4
2024-01-16 15:03:00,VIN-D0001,80.8
2024-01-16 15:06:00,VIN-D0002,89.3
2024-01-16 15:09:00,VIN-D0003,76.3
2024-01-16 15:12:00,VIN-D0004,71.8
2024-01-16 15:15:00,VIN-D0005,108.1
2024-01-16 15:18:00,VIN-D0006,82.9
2024-01-16 15:21:00,VIN-D0007,76.1
2024-01-16 15:24:00,VIN-D0008,70.0
2024-01-16 15:27:00,VIN-D0009,94.0
2024-01-16 15:30:00,VIN-D0010,84.5
2024-01-16 15:33:00,VIN-D0011,70.3
2024-01-16 15:36:00,VIN-D0012,83.2
2024-01-16 15:39:00,VIN-D0013,90.6
2024-01-16 15:42:00,VIN-D0014,94.5
2024-01-16 15:45:00,VIN-D0015,79.7
2024-01-16 15:48:00,VIN-D0016,70.3
2024-01-16 15:51:00,VIN-D0017,106.7
2024-01-16 15:54:00,VIN-D0018,101.7
2024-01-16 15:57:00,VIN-D0019,81.2
2024-01-16 16:00:00,VIN-D0020,90.5
2024-01-16 16:03:00,VIN-D0021,97.2
2024-01-16 16:06:00,VIN-D0022,93.7
2024-01-16 16:09:00,VIN-D0023,71.8
2024-01-16 16:12:00,VIN-D0024,107.2
2024-01-16 16:15:00,VIN-D0025,94.9
2024-01-16 16:18:00,VIN-D0026,90.1
2024-01-16 16:21:00,VIN-D0027,76.0
2024-01-16 16:24:00,VIN-D0028,109.7
2024-01-16 16:27:00,VIN-D0029,102.4
2024-01-16 16:30:00,VIN-D0030,88.1
2024-01-16 16:33:00,VIN-D0031,104.7
2024-01-16 16:36:00,VIN-D0032,90.1
2024-01-16 16:39:00,VIN-D0033,103.0
2024-01-16 16:42:00,VIN-D0034,75.1
2024-01-16 16:45:00,VIN-D0035,106.0
2024-01-16 16:48:00,VIN-D0036,92.1
2024-01-16 16:51:00,VIN-D0037,83.5
2024-01-16 16:54:00,VIN-D0038,90.4
2024-01-16 16:57:00,VIN-D0039,87.7
2024-01-16 17:00:00,VIN-D0040,98.3
2024-01-16 17:03:00,VIN-D0041,82.0
2024-01-16 17:06:00,VIN-D0042,73.2
2024-01-16 17:09:00,VIN-D0043,82.5
2024-01-16 17:12:00,VIN-D0044,98.7
2024-01-16 17:15:00,VIN-D0045,74.1
2024-01-16 17:18:00,VIN-D0046,75.1
2024-01-16 17:21:00,VIN-D0047,98.5
2024-01-16 17:24:00,VIN-D0048,78.8
2024-01-16 17:27:00,VIN-D0049,73.3
2024-01-16 17:30:00,VIN-D0050,107.3
2024-01-16 17:33:00,VIN-D0051,107.3
2024-01-16 17:36:00,VIN-D0052,73.9
2024-01-16 17:39:00,VIN-D0053,79.1
2024-01-16 17:42:00,VIN-D0054,76.6
2024-01-16 17:45:00,VIN-D0055,73.7
2024-01-16 17:48:00,VIN-D0056,79.1
2024-01-16 17:51:00,VIN-D0057,99.6
2024-01-16 17:54:00,VIN-D0058,95.1
2024-01-16 17:57:00,VIN-D0059,103.5
2024-01-16 18:00:00,VIN-D0060,74.6
2024-01-16 18:03:00,VIN-D0061,78.7
2024-01-16 18:06:00,VIN-D0062,89.6
2024-01-16 18:09:00,VIN-D0063,78.6
2024-01-16 18:12:00,VIN-D0064,80.6
2024-01-16 18:15:00,VIN-D0065,81.6
2024-01-16 18:18:00,VIN-D0066,99.3
2024-01-16 18:21:00,VIN-D0067,101.9
2024-01-16 18:24:00,VIN-D0068,98.9
2024-01-16 18:27:00,VIN-D0069,78.8
2024-01-16 18:30:00,VIN-D0070,86.1
2024-01-16 18:33:00,VIN-D0071,108.5
2024-01-16 18:36:00,VIN-D0072,74.8
2024-01-16 18:39:00,VIN-D0073,74.8
2024-01-16 18:42:00,VIN-D0074,104.6
2024-01-16 18:45:00,VIN-D0075,100.5
2024-01-16 18:48:00,VIN-D0076,93.9
2024-01-16 18:51:00,VIN-D0077,98.9
2024-01-16 18:54:00,VIN-D0078,92.8
2024-01-16 18:57:00,VIN-D0079,86.0
2024-01-16 19:00:00,VIN-D0080,91.7
2024-01-16 19:03:00,VIN-D0081,80.1
2024-01-16 19:06:00,VIN-D0082,90.8
2024-01-16 19:09:00,VIN-D0083,74.5
2024-01-16 19:12:00,VIN-D0084,84.1
2024-01-16 19:15:00,VIN-D0085,71.2
2024-01-16 19:18:00,VIN-D0086,89.0
2024-01-16 19:21:00,VIN-D0087,101.6
2024-01-16 19:24:00,VIN-D0088,73.3
2024-01-16 19:27:00,VIN-D0089,107.0
2024-01-16 19:30:00,VIN-D0090,92.9
2024-01-16 19:33:00,VIN-D0091,90.0
2024-01-16 19:36:00,VIN-D0092,100.5
2024-01-16 19:39:00,VIN-D0093,83.5
2024-01-16 19:42:00,VIN-D0094,87.1
2024-01-16 19:45:00,VIN-D0095,84.4
2024-01-16 19:48:00,VIN-D0096,73.6
2024-01-16 19:51:00,VIN-D0097,78.8
2024-01-16 19:54:00,VIN-D0098,77.2
2024-01-16 19:57:00,VIN-D0099,78.0
2024-01-16 20:00:00,VIN-D0100,104.0
2024-01-16 20:03:00,VIN-D0101,73.8
2024-01-16 20:06:00,VIN-D0102,82.3
2024-01-16 20:09:00,VIN-D0103,100.0
2024-01-16 20:12:00,VIN-D0104,100.3
2024-01-16 20:15:00,VIN-D0105,73.5
2024-01-16 20:18:00,VIN-D0106,73.9
2024-01-16 20:21:00,VIN-D0107,103.0
2024-01-16 20:24:00,VIN-D0108,83.7
2024-01-16 20:27:00,VIN-D0109,85.3
2024-01-16 20:30:00,VIN-D0110,96.7
2024-01-16 20:33:00,VIN-D0111,93.4
2024-01-16 20:36:00,VIN-D0112,100.5
2024-01-16 20:39:00,VIN-D0113,97.0
2024-01-16 20:42:00,VIN-D0114,92.7
2024-01-16 20:45:00,VIN-D0115,106.4
2024-01-16 20:48:00,VIN-D0116,84.5
2024-01-16 20:51:00,VIN-D0117,100.7
2024-01-16 20:54:00,VIN-D0118,97.3
2024-01-16 20:57:00,VIN-D0119,97.0
2024-01-16 21:00:00,VIN-D0120,70.2
2024-01-16 21:03:00,VIN-D0121,86.3
2024-01-16 21:06:00,VIN-D0122,100.2
2024-01-16 21:09:00,VIN-D0123,96.9
2024-01-16 21:12:00,VIN-D0124,109.5
2024-01-16 21:15:00,VIN-D0125,103.2
2024-01-16 21:18:00,VIN-D0126,81.0
2024-01-16 21:21:00,VIN-D0127,78.0
2024-01-16 21:24:00,VIN-D0128,105.4
2024-01-16 21:27:00,VIN-D0129,102.3
2024-01-16 21:30:00,VIN-D0130,96.2
2024-01-16 21:33:00,VIN-D0131,108.9
2024-01-16 21:36:00,VIN-D0132,81.0
2024-01-16 21:39:00,VIN-D0133,95.9
2024-01-16 21:42:00,VIN-D0134,101.0
2024-01-16 21:45:00,VIN-D0135,92.4
2024-01-16 21:48:00,VIN-D0136,82.6
2024-01-16 21:51:00,VIN-D0137,105.1
2024-01-16 21:54:00,VIN-D0138,81.2
2024-01-16 21:57:00,VIN-D0139,91.0
2024-01-16 22:00:00,VIN-D0140,99.2
2024-01-16 22:03:00,VIN-D0141,77.5
2024-01-16 22:06:00,VIN-D0142,82.1
2024-01-16 22:09:00,VIN-D0143,102.5
2024-01-16 22:12:00,VIN-D0144,72.2
2024-01-16 22:15:00,VIN-D0145,70.1
2024-01-16 22:18:00,VIN-D0146,103.5
2024-01-16 22:21:00,VIN-D0147,86.3
2024-01-16 22:24:00,VIN-D0148,95.3
2024-01-16 22:27:00,VIN-D0149,107.0
2024-01-16 22:30:00,VIN-D0150,97.7
2024-01-16 22:33:00,VIN-D0151,104.6
2024-01-16 22:36:00,VIN-D0152,106.1
2024-01-16 22:39:00,VIN-D0153,80.6
2024-01-16 22:42:00,VIN-D0154,98.3
2024-01-16 22:45:00,VIN-D0155,72.1
2024-01-16 22:48:00,VIN-D0156,87.4
2024-01-16 22:51:00,VIN-D0157,74.6
2024-01-16 22:54:00,VIN-D0158,89.0
2024-01-16 22:57:00,VIN-D0159,109.8
2024-01-16 23:00:00,VIN-D0160,80.5
2024-01-16 23:03:00,VIN-D0161,80.8
2024-01-16 23:06:00,VIN-D0162,104.2
2024-01-16 23:09:00,VIN-D0163,96.7
2024-01-16 23:12:00,VIN-D0164,71.3
2024-01-16 23:15:00,VIN-D0165,104.4
2024-01-16 23:18:00,VIN-D0166,72.4
2024-01-16 23:21:00,VIN-D0167,107.7
2024-01-16 23:24:00,VIN-D0168,106.9
2024-01-16 23:27:00,VIN-D0169,77.5
2024-01-16 23:30:00,VIN-D0170,108.4
2024-01-16 23:33:00,VIN-D0171,106.4
2024-01-16 23:36:00,VIN-D0172,70.4
2024-01-16 23:39:00,VIN-D0173,89.6
2024-01-16 23:42:00,VIN-D0174,103.8
2024-01-16 23:45:00,VIN-D0175,80.7
2024-01-16 23:48:00,VIN-D0176,100.5
2024-01-16 23:51:00,VIN-D0177,90.5
2024-01-16 23:54:00,VIN-D0178,90.7
2024-01-16 23:57:00,VIN-D0179,107.2
2024-01-17 00:00:00,VIN-D0180,104.7
2024-01-17 00:03:00,VIN-D0181,77.4
2024-01-17 00:06:00,VIN-D0182,104.7
2024-01-17 00:09:00,VIN-D0183,101.7
2024-01-17 00:12:00,VIN-D0184,79.8
2024-01-17 00:15:00,VIN-D0185,99.8
2024-01-17 00:18:00,VIN-D0186,109.8
2024-01-17 00:21:00,VIN-D0187,109.9
2024-01-17 00:24:00,VIN-D0188,108.9
2024-01-17 00:27:00,VIN-D0189,87.4
2024-01-17 00:30:00,VIN-D0190,86.9
2024-01-17 00:33:00,VIN-D0191,76.4
2024-01-17 00:36:00,VIN-D0192,94.3
2024-01-17 00:39:00,VIN-D0193,77.8
2024-01-17 00:42:00,VIN-D0194,106.4
2024-01-17 00:45:00,VIN-D0195,80.6
2024-01-17 00:48:00,VIN-D0196,93.9
2024-01-17 00:51:00,VIN-D0197,102.2
2024-01-17 00:54:00,VIN-D0198,78.3
2024-01-17 00:57:00,VIN-D0199,78.6
2024-01-17 01:00:00,VIN-D0200,70.9
2024-01-17 01:03:00,VIN-D0201,98.0
2024-01-17 01:06:00,VIN-D0202,107.3
2024-01-17 01:09:00,VIN-D0203,91.1
2024-01-17 01:12:00,VIN-D0204,106.4
2024-01-17 01:15:00,VIN-D0205,91.2
2024-01-17 01:18:00,VIN-D0206,87.7
2024-01-17 01:21:00,VIN-D0207,93.5
2024-01-17 01:24:00,VIN-D0208,103.2
2024-01-17 01:27:00,VIN-D0209,91.1
2024-01-17 01:30:00,VIN-D0210,89.4
2024-01-17 01:33:00,VIN-D0211,87.5
2024-01-17 01:36:00,VIN-D0212,104.7
2024-01-17 01:39:00,VIN-D0213,84.6
2024-01-17 01:42:00,VIN-D0214,83.5
2024-01-17 01:45:00,VIN-D0215,107.5
2024-01-17 01:48:00,VIN-D0216,103.8
2024-01-17 01:51:00,VIN-D0217,74.1
2024-01-17 01:54:00,VIN-D0218,90.5
2024-01-17 01:57:00,VIN-D0219,99.5
2024-01-17 02:00:00,VIN-D0220,81.5
2024-01-17 02:03:00,VIN-D0221,71.1
2024-01-17 02:06:00,VIN-D0222,83.9
2024-01-17 02:09:00,VIN-D0223,84.7
2024-01-17 02:12:00,VIN-D0224,90.3
2024-01-17 02:15:00,VIN-D0225,87.5
2024-01-17 02:18:00,VIN-D0226,95.1
2024-01-17 02:21:00,VIN-D0227,84.8
2024-01-17 02:24:00,VIN-D0228,90.6
2024-01-17 02:27:00,VIN-D0229,89.3
2024-01-17 02:30:00,VIN-D0230,72.5
2024-01-17 02:33:00,VIN-D0231,94.0
2024-01-17 02:36:00,VIN-D0232,88.5
2024-01-17 02:39:00,VIN-D0233,87.5
2024-01-17 02:42:00,VIN-D0234,101.5
2024-01-17 02:45:00,VIN-D0235,83.2
2024-01-17 02:48:00,VIN-D0236,107.2
2024-01-17 02:51:00,VIN-D0237,95.0
2024-01-17 02:54:00,VIN-D0238,101.3
2024-01-17 02:57:00,VIN-D0239,75.9
2024-01-17 03:00:00,VIN-D0240,107.7
2024-01-17 03:03:00,VIN-D0241,81.1
2024-01-17 03:06:00,VIN-D0242,72.2
2024-01-17 03:09:00,VIN-D0243,101.6
2024-01-17 03:12:00,VIN-D0244,105.5
2024-01-17 03:15:00,VIN-D0245,108.3
2024-01-17 03:18:00,VIN-D0246,78.1
2024-01-17 03:21:00,VIN-D0247,98.0
2024-01-17 03:24:00,VIN-D0248,92.4
2024-01-17 03:27:00,VIN-D0249,82.1
2024-01-17 03:30:00,VIN-D0250,90.1
2024-01-17 03:33:00,VIN-D0251,73.2
2024-01-17 03:36:00,VIN-D0252,92.4
2024-01-17 03:39:00,VIN-D0253,93.3
2024-01-17 03:42:00,VIN-D0254,101.1
2024-01-17 03:45:00,VIN-D0255,96.7
2024-01-17 03:48:00,VIN-D0256,95.8
2024-01-17 03:51:00,VIN-D0257,84.9
2024-01-17 03:54:00,VIN-D0258,73.7
2024-01-17 03:57:00,VIN-D0259,76.5
2024-01-17 04:00:00,VIN-D0260,97.4
2024-01-17 04:03:00,VIN-D0261,79.7
2024-01-17 04:06:00,VIN-D0262,96.6
2024-01-17 04:09:00,VIN-D0263,90.8
2024-01-17 04:12:00,VIN-D0264,92.4
2024-01-17 04:15:00,VIN-D0265,108.1
2024-01-17 04:18:00,VIN-D0266,100.9
2024-01-17 04:21:00,VIN-D0267,105.2
2024-01-17 04:24:00,VIN-D0268,82.0
2024-01-17 04:27:00,VIN-D0269,99.7
2024-01-17 04:30:00,VIN-D0270,76.0
2024-01-17 04:33:00,VIN-D0271,80.3
2024-01-17 04:36:00,VIN-D0272,100.5
2024-01-17 04:39:00,VIN-D0273,87.7
2024-01-17 04:42:00,VIN-D0274,97.3
2024-01-17 04:45:00,VIN-D0275,80.9
2024-01-17 04:48:00,VIN-D0276,96.6
2024-01-17 04:51:00,VIN-D0277,102.6
2024-01-17 04:54:00,VIN-D0278,80.0
2024-01-17 04:57:00,VIN-D0279,86.1
2024-01-17 05:00:00,VIN-D0280,70.4
2024-01-17 05:03:00,VIN-D0281,103.9
2024-01-17 05:06:00,VIN-D0282,100.6
2024-01-17 05:09:00,VIN-D0283,108.3
2024-01-17 05:12:00,VIN-D0284,103.6
2024-01-17 05:15:00,VIN-D0285,96.6
2024-01-17 05:18:00,VIN-D0286,80.7
2024-01-17 05:21:00,VIN-D0287,79.1
2024-01-17 05:24:00,VIN-D0288,72.1
2024-01-17 05:27:00,VIN-D0289,90.6
2024-01-17 05:30:00,VIN-D0290,89.8
2024-01-17 05:33:00,VIN-D0291,83.1
2024-01-17 05:36:00,VIN-D0292,97.0
2024-01-17 05:39:00,VIN-D0293,103.0
2024-01-17 05:42:00,VIN-D0294,72.2
2024-01-17 05:45:00,VIN-D0295,106.7
2024-01-17 05:48:00,VIN-D0296,80.4
2024-01-17 05:51:00,VIN-D0297,108.7
2024-01-17 05:54:00,VIN-D0298,84.7
2024-01-17 05:57:00,VIN-D0299,77.7
2024-01-17 06:00:00,VIN-D0300,72.5
2024-01-17 06:03:00,VIN-D0301,87.7
2024-01-17 06:06:00,VIN-D0302,75.5
2024-01-17 06:09:00,VIN-D0303,92.9
2024-01-17 06:12:00,VIN-D0304,102.2
2024-01-17 06:15:00,VIN-D0305,79.0
2024-01-17 06:18:00,VIN-D0306,91.7
2024-01-17 06:21:00,VIN-D0307,103.3
2024-01-17 06:24:00,VIN-D0308,106.0
2024-01-17 06:27:00,VIN-D0309,104.2
2024-01-17 06:30:00,VIN-D0310,101.2
2024-01-17 06:33:00,VIN-D0311,70.1
2024-01-17 06:36:00,VIN-D0312,99.5
2024-01-17 06:39:00,VIN-D0313,75.1
2024-01-17 06:42:00,VIN-D0314,106.0
2024-01-17 06:45:00,VIN-D0315,93.2
2024-01-17 06:48:00,VIN-D0316,83.4
2024-01-17 06:51:00,VIN-D0317,84.1
2024-01-17 06:54:00,VIN-D0318,102.1
2024-01-17 06:57:00,VIN-D0319,71.8
2024-01-17 07:00:00,VIN-D0320,89.2
2024-01-17 07:03:00,VIN-D0321,78.8
2024-01-17 07:06:00,VIN-D0322,105.9
2024-01-17 07:09:00,VIN-D0323,81.5
2024-01-17 07:12:00,VIN-D0324,74.4
2024-01-17 07:15:00,VIN-D0325,71.7
2024-01-17 07:18:00,VIN-D0326,81.3
2024-01-17 07:21:00,VIN-D0327,86.4
2024-01-17 07:24:00,VIN-D0328,78.0
2024-01-17 07:27:00,VIN-D0329,83.6
2024-01-17 07:30:00,VIN-D0330,88.1
2024-01-17 07:33:00,VIN-D0331,107.6
2024-01-17 07:36:00,VIN-D0332,95.2
2024-01-17 07:39:00,VIN-D0333,99.0
2024-01-17 07:42:00,VIN-D0334,106.1
2024-01-17 07:45:00,VIN-D0335,92.0
2024-01-17 07:48:00,VIN-D0336,88.5
2024-01-17 07:51:00,VIN-D0337,73.3
2024-01-17 07:54:00,VIN-D0338,104.8
2024-01-17 07:57:00,VIN-D0339,84.6
2024-01-17 08:00:00,VIN-D0340,100.4
2024-01-17 08:03:00,VIN-D0341,80.9
2024-01-17 08:06:00,VIN-D0342,108.7
2024-01-17 08:09:00,VIN-D0343,102.7
2024-01-17 08:12:00,VIN-D0344,75.8
2024-01-17 08:15:00,VIN-D0345,75.9
2024-01-17 08:18:00,VIN-D0346,100.0
2024-01-17 08:21:00,VIN-D0347,99.6
2024-01-17 08:24:00,VIN-D0348,82.2
2024-01-17 08:27:00,VIN-D0349,82.9
2024-01-17 08:30:00,VIN-D0350,73.9
2024-01-17 08:33:00,VIN-D0351,101.0
2024-01-17 08:36:00,VIN-D0352,78.1
2024-01-17 08:39:00,VIN-D0353,98.0
2024-01-17 08:42:00,VIN-D0354,70.1
2024-01-17 08:45:00,VIN-D0355,86.2
2024-01-17 08:48:00,VIN-D0356,71.3
2024-01-17 08:51:00,VIN-D0357,70.4
2024-01-17 08:54:00,VIN-D0358,74.5
2024-01-17 08:57:00,VIN-D0359,92.1
2024-01-17 09:00:00,VIN-D0360,106.8
2024-01-17 09:03:00,VIN-D0361,73.7
2024-01-17 09:06:00,VIN-D0362,85.2
2024-01-17 09:09:00,VIN-D0363,85.0
2024-01-17 09:12:00,VIN-D0364,108.7
2024-01-17 09:15:00,VIN-D0365,109.2
2024-01-17 09:18:00,VIN-D0366,101.0
2024-01-17 09:21:00,VIN-D0367,98.7
2024-01-17 09:24:00,VIN-D0368,81.5
2024-01-17 09:27:00,VIN-D0369,98.9
2024-01-17 09:30:00,VIN-D0370,107.1
2024-01-17 09:33:00,VIN-D0371,92.8
2024-01-17 09:36:00,VIN-D0372,96.6
2024-01-17 09:39:00,VIN-D0373,70.3
2024-01-17 09:42:00,VIN-D0374,88.8
2024-01-17 09:45:00,VIN-D0375,96.1
2024-01-17 09:48:00,VIN-D0376,86.4
2024-01-17 09:51:00,VIN-D0377,101.5
2024-01-17 09:54:00,VIN-D0378,90.5
2024-01-17 09:57:00,VIN-D0379,109.6
2024-01-17 10:00:00,VIN-D0380,103.5
2024-01-17 10:03:00,VIN-D0381,103.8
2024-01-17 10:06:00,VIN-D0382,72.0
2024-01-17 10:09:00,VIN-D0383,97.6
2024-01-17 10:12:00,VIN-D0384,107.2
2024-01-17 10:15:00,VIN-D0385,88.6
2024-01-17 10:18:00,VIN-D0386,73.4
2024-01-17 10:21:00,VIN-D0387,90.3
2024-01-17 10:24:00,VIN-D0388,87.1
2024-01-17 10:27:00,VIN-D0389,82.2
2024-01-17 10:30:00,VIN-D0390,95.4
2024-01-17 10:33:00,VIN-D0391,109.6
2024-01-17 10:36:00,VIN-D0392,104.6
2024-01-17 10:39:00,VIN-D0393,84.7
2024-01-17 10:42:00,VIN-D0394,101.9
2024-01-17 10:45:00,VIN-D0395,84.1
2024-01-17 10:48:00,VIN-D0396,88.7
2024-01-17 10:51:00,VIN-D0397,95.6
2024-01-17 10:54:00,VIN-D0398,99.2
2024-01-17 10:57:00,VIN-D0399,107.8
2024-01-17 11:00:00,VIN-D0400,85.0
2024-01-17 11:03:00,VIN-D0401,96.2
2024-01-17 11:06:00,VIN-D0402,85.5
2024-01-17 11:09:00,VIN-D0403,77.1
2024-01-17 11:12:00,VIN-D0404,94.5
2024-01-17 11:15:00,VIN-D0405,87.0
2024-01-17 11:18:00,VIN-D0406,74.5
2024-01-17 11:21:00,VIN-D0407,78.4
2024-01-17 11:24:00,VIN-D0408,79.8
2024-01-17 11:27:00,VIN-D0409,82.8
2024-01-17 11:30:00,VIN-D0410,85.0
2024-01-17 11:33:00,VIN-D0411,86.9
2024-01-17 11:36:00,VIN-D0412,101.0
2024-01-17 11:39:00,VIN-D0413,74.5
2024-01-17 11:42:00,VIN-D0414,81.6
2024-01-17 11:45:00,VIN-D0415,102.0
2024-01-17 11:48:00,VIN-D0416,95.8
2024-01-17 11:51:00,VIN-D0417,101.7
2024-01-17 11:54:00,VIN-D0418,84.9
2024-01-17 11:57:00,VIN-D0419,83.0
2024-01-17 12:00:00,VIN-D0420,101.2
2024-01-17 12:03:00,VIN-D0421,73.0
2024-01-17 12:06:00,VIN-D0422,95.6
2024-01-17 12:09:00,VIN-D0423,72.7
2024-01-17 12:12:00,VIN-D0424,106.0
2024-01-17 12:15:00,VIN-D0425,90.6
2024-01-17 12:18:00,VIN-D0426,88.0
2024-01-17 12:21:00,VIN-D0427,77.9
2024-01-17 12:24:00,VIN-D0428,105.6
2024-01-17 12:27:00,VIN-D0429,83.0
2024-01-17 12:30:00,VIN-D0430,101.0
2024-01-17 12:33:00,VIN-D0431,102.1
2024-01-17 12:36:00,VIN-D0432,82.0
2024-01-17 12:39:00,VIN-D0433,80.4
2024-01-17 12:42:00,VIN-D0434,74.6
2024-01-17 12:45:00,VIN-D0435,90.2
2024-01-17 12:48:00,VIN-D0436,78.6
2024-01-17 12:51:00,VIN-D0437,84.8
2024-01-17 12:54:00,VIN-D0438,101.9
2024-01-17 12:57:00,VIN-D0439,83.0
2024-01-17 13:00:00,VIN-D0440,88.3
2024-01-17 13:03:00,VIN-D0441,81.5
2024-01-17 13:06:00,VIN-D0442,77.5
2024-01-17 13:09:00,VIN-D0443,81.4
2024-01-17 13:12:00,VIN-D0444,108.5
2024-01-17 13:15:00,VIN-D0445,101.7
2024-01-17 13:18:00,VIN-D0446,96.5
2024-01-17 13:21:00,VIN-D0447,100.0
2024-01-17 13:24:00,VIN-D0448,85.4
2024-01-17 13:27:00,VIN-D0449,103.3
2024-01-17 13:30:00,VIN-D0450,86.7
2024-01-17 13:33:00,VIN-D0451,72.1
2024-01-17 13:36:00,VIN-D0452,85.6
2024-01-17 13:39:00,VIN-D0453,99.6
2024-01-17 13:42:00,VIN-D0454,95.3
2024-01-17 13:45:00,VIN-D0455,90.6
2024-01-17 13:48:00,VIN-D0456,96.6
2024-01-17 13:51:00,VIN-D0457,80.8
2024-01-17 13:54:00,VIN-D0458,85.7
2024-01-17 13:57:00,VIN-D0459,109.2
2024-01-17 14:00:00,VIN-D0460,106.2
2024-01-17 14:03:00,VIN-D0461,87.6
2024-01-17 14:06:00,VIN-D0462,92.0
2024-01-17 14:09:00,VIN-D0463,99.5
2024-01-17 14:12:00,VIN-D0464,102.6
2024-01-17 14:15:00,VIN-D0465,96.0
2024-01-17 14:18:00,VIN-D0466,90.2
2024-01-17 14:21:00,VIN-D0467,78.7
2024-01-17 14:24:00,VIN-D0468,106.1
2024-01-17 14:27:00,VIN-D0469,104.2
2024-01-17 14:30:00,VIN-D0470,103.2
2024-01-17 14:33:00,VIN-D0471,82.1
2024-01-17 14:36:00,VIN-D0472,98.1
2024-01-17 14:39:00,VIN-D0473,86.1
2024-01-17 14:42:00,VIN-D0474,88.5
2024-01-17 14:45:00,VIN-D0475,96.5
2024-01-17 14:48:00,VIN-D0476,106.5
2024-01-17 14:51:00,VIN-D0477,109.8
2024-01-17 14:54:00,VIN-D0478,98.8
2024-01-17 14:57:00,VIN-D0479,73.9
2024-01-17 15:00:00,VIN-D0480,78.7
2024-01-17 15:03:00,VIN-D0481,105.5
2024-01-17 15:06:00,VIN-D0482,107.4
2024-01-17 15:09:00,VIN-D0483,105.3
2024-01-17 15:12:00,VIN-D0484,77.0
2024-01-17 15:15:00,VIN-D0485,110.0
2024-01-17 15:18:00,VIN-D0486,79.9
2024-01-17 15:21:00,VIN-D0487,76.4
2024-01-17 15:24:00,VIN-D0488,102.5
2024-01-17 15:27:00,VIN-D0489,94.8
2024-01-17 15:30:00,VIN-D0490,95.6
2024-01-17 15:33:00,VIN-D0491,106.4
2024-01-17 15:36:00,VIN-D0492,89.5
2024-01-17 15:39:00,VIN-D0493,77.1
2024-01-17 15:42:00,VIN-D0494,79.6
2024-01-17 15:45:00,VIN-D0495,104.2
2024-01-17 15:48:00,VIN-D0496,108.7
2024-01-17 15:51:00,VIN-D0497,83.8
2024-01-17 15:54:00,VIN-D0498,87.5
2024-01-17 15:57:00,VIN-D0499,93.7
2024-01-17 16:00:00,VIN-D0500,93.2
2024-01-17 16:03:00,VIN-D0501,102.2
2024-01-17 16:06:00,VIN-D0502,106.3
2024-01-17 16:09:00,VIN-D0503,101.1
2024-01-17 16:12:00,VIN-D0504,89.1
2024-01-17 16:15:00,VIN-D0505,77.2
2024-01-17 16:18:00,VIN-D0506,100.9
2024-01-17 16:21:00,VIN-D0507,93.2
2024-01-17 16:24:00,VIN-D0508,97.3
2024-01-17 16:27:00,VIN-D0509,82.7
2024-01-17 16:30:00,VIN-D0510,83.8
2024-01-17 16:33:00,VIN-D0511,89.8
2024-01-17 16:36:00,VIN-D0512,92.7
2024-01-17 16:39:00,VIN-D0513,77.9
2024-01-17 16:42:00,VIN-D0514,98.2
2024-01-17 16:45:00,VIN-D0515,91.9
2024-01-17 16:48:00,VIN-D0516,72.9
2024-01-17 16:51:00,VIN-D0517,99.6
2024-01-17 16:54:00,VIN-D0518,93.3
2024-01-17 16:57:00,VIN-D0519,98.3
2024-01-17 17:00:00,VIN-D0520,81.8
2024-01-17 17:03:00,VIN-D0521,74.4
2024-01-17 17:06:00,VIN-D0522,71.0
2024-01-17 17:09:00,VIN-D0523,96.9
2024-01-17 17:12:00,VIN-D0524,79.2
2024-01-17 17:15:00,VIN-D0525,107.7
2024-01-17 17:18:00,VIN-D0526,89.6
2024-01-17 17:21:00,VIN-D0527,75.6
2024-01-17 17:24:00,VIN-D0528,103.7
2024-01-17 17:27:00,VIN-D0529,109.7
2024-01-17 17:30:00,VIN-D0530,78.7
2024-01-17 17:33:00,VIN-D0531,87.7
2024-01-17 17:36:00,VIN-D0532,84.1
2024-01-17 17:39:00,VIN-D0533,105.1
2024-01-17 17:42:00,VIN-D0534,87.6
2024-01-17 17:45:00,VIN-D0535,100.3
2024-01-17 17:48:00,VIN-D0536,73.5
2024-01-17 17:51:00,VIN-D0537,109.6
2024-01-17 17:54:00,VIN-D0538,76.5
2024-01-17 17:57:00,VIN-D0539,101.3
2024-01-17 18:00:00,VIN-D0540,71.1
2024-01-17 18:03:00,VIN-D0541,79.7
2024-01-17 18:06:00,VIN-D0542,98.6
2024-01-17 18:09:00,VIN-D0543,72.7
2024-01-17 18:12:00,VIN-D0544,70.9
2024-01-17 18:15:00,VIN-D0545,108.9
2024-01-17 18:18:00,VIN-D0546,91.3
2024-01-17 18:21:00,VIN-D0547,100.4
2024-01-17 18:24:00,VIN-D0548,104.5
2024-01-17 18:27:00,VIN-D0549,108.5
2024-01-17 18:30:00,VIN-D0550,80.2
2024-01-17 18:33:00,VIN-D0551,74.2
2024-01-17 18:36:00,VIN-D0552,102.2
2024-01-17 18:39:00,VIN-D0553,70.5
2024-01-17 18:42:00,VIN-D0554,83.4
2024-01-17 18:45:00,VIN-D0555,75.3
2024-01-17 18:48:00,VIN-D0556,97.4
2024-01-17 18:51:00,VIN-D0557,86.9
2024-01-17 18:54:00,VIN-D0558,96.3
2024-01-17 18:57:00,VIN-D0559,98.4
2024-01-17 19:00:00,VIN-D0560,98.6
2024-01-17 19:03:00,VIN-D0561,86.9
2024-01-17 19:06:00,VIN-D0562,78.7
2024-01-17 19:09:00,VIN-D0563,101.6
2024-01-17 19:12:00,VIN-D0564,94.6
2024-01-17 19:15:00,VIN-D0565,81.1
2024-01-17 19:18:00,VIN-D0566,74.7
2024-01-17 19:21:00,VIN-D0567,107.2
2024-01-17 19:24:00,VIN-D0568,103.1
2024-01-17 19:27:00,VIN-D0569,89.9
2024-01-17 19:30:00,VIN-D0570,99.1
2024-01-17 19:33:00,VIN-D0571,83.9
2024-01-17 19:36:00,VIN-D0572,94.8
2024-01-17 19:39:00,VIN-D0573,79.5
2024-01-17 19:42:00,VIN-D0574,106.0
2024-01-17 19:45:00,VIN-D0575,93.3
2024-01-17 19:48:00,VIN-D0576,80.1
2024-01-17 19:51:00,VIN-D0577,103.9
2024-01-17 19:54:00,VIN-D0578,99.6
2024-01-17 19:57:00,VIN-D0579,77.9
2024-01-17 20:00:00,VIN-D0580,97.5
2024-01-17 20:03:00,VIN-D0581,98.8
2024-01-17 20:06:00,VIN-D0582,81.3
2024-01-17 20:09:00,VIN-D0583,88.2
2024-01-17 20:12:00,VIN-D0584,95.8
2024-01-17 20:15:00,VIN-D0585,100.5
2024-01-17 20:18:00,VIN-D0586,97.2
2024-01-17 20:21:00,VIN-D0587,89.8
2024-01-17 20:24:00,VIN-D0588,81.8
2024-01-17 20:27:00,VIN-D0589,91.5
2024-01-17 20:30:00,VIN-D0590,107.7
2024-01-17 20:33:00,VIN-D0591,92.1
2024-01-17 20:36:00,VIN-D0592,80.3
2024-01-17 20:39:00,VIN-D0593,100.8
2024-01-17 20:42:00,VIN-D0594,72.4
2024-01-17 20:45:00,VIN-D0595,73.3
2024-01-17 20:48:00,VIN-D0596,88.6
2024-01-17 20:51:00,VIN-D0597,88.5
2024-01-17 20:54:00,VIN-D0598,79.0
2024-01-17 20:57:00,VIN-D0599,82.3
2024-01-17 21:00:00,VIN-D0600,96.3
2024-01-17 21:03:00,VIN-D0601,100.2
2024-01-17 21:06:00,VIN-D0602,90.5
2024-01-17 21:09:00,VIN-D0603,80.4
2024-01-17 21:12:00,VIN-D0604,70.9
2024-01-17 21:15:00,VIN-D0605,72.4
2024-01-17 21:18:00,VIN-D0606,79.8
2024-01-17 21:21:00,VIN-D0607,97.6
2024-01-17 21:24:00,VIN-D0608,76.6
2024-01-17 21:27:00,VIN-D0609,72.3
2024-01-17 21:30:00,VIN-D0610,80.8
2024-01-17 21:33:00,VIN-D0611,102.2
2024-01-17 21:36:00,VIN-D0612,78.4
2024-01-17 21:39:00,VIN-D0613,78.2
2024-01-17 21:42:00,VIN-D0614,95.5
2024-01-17 21:45:00,VIN-D0615,95.6
2024-01-17 21:48:00,VIN-D0616,79.9
2024-01-17 21:51:00,VIN-D0617,101.4
2024-01-17 21:54:00,VIN-D0618,109.1
2024-01-17 21:57:00,VIN-D0619,101.4
2024-01-17 22:00:00,VIN-D0620,99.9
2024-01-17 22:03:00,VIN-D0621,96.8
2024-01-17 22:06:00,VIN-D0622,103.3
2024-01-17 22:09:00,VIN-D0623,80.8
2024-01-17 22:12:00,VIN-D0624,91.4
2024-01-17 22:15:00,VIN-D0625,87.5
2024-01-17 22:18:00,VIN-D0626,86.1
2024-01-17 22:21:00,VIN-D0627,72.4
2024-01-17 22:24:00,VIN-D0628,108.7
2024-01-17 22:27:00,VIN-D0629,83.9
2024-01-17 22:30:00,VIN-D0630,90.4
2024-01-17 22:33:00,VIN-D0631,105.0
2024-01-17 22:36:00,VIN-D0632,71.1
2024-01-17 22:39:00,VIN-D0633,98.6
2024-01-17 22:42:00,VIN-D0634,102.3
2024-01-17 22:45:00,VIN-D0635,106.5
2024-01-17 22:48:00,VIN-D0636,89.7
2024-01-17 22:51:00,VIN-D0637,92.6
2024-01-17 22:54:00,VIN-D0638,82.2
2024-01-17 22:57:00,VIN-D0639,70.3
2024-01-17 23:00:00,VIN-D0640,85.6
2024-01-17 23:03:00,VIN-D0641,84.6
2024-01-17 23:06:00,VIN-D0642,93.7
2024-01-17 23:09:00,VIN-D0643,106.1
2024-01-17 23:12:00,VIN-D0644,70.8
2024-01-17 23:15:00,VIN-D0645,71.0
2024-01-17 23:18:00,VIN-D0646,99.2
2024-01-17 23:21:00,VIN-D0647,72.4
2024-01-17 23:24:00,VIN-D0648,75.7
2024-01-17 23:27:00,VIN-D0649,87.6
2024-01-17 23:30:00,VIN-D0650,96.7
2024-01-17 23:33:00,VIN-D0651,81.9
2024-01-17 23:36:00,VIN-D0652,78.7
2024-01-17 23:39:00,VIN-D0653,100.0
2024-01-17 23:42:00,VIN-D0654,79.9
2024-01-17 23:45:00,VIN-D0655,107.9
2024-01-17 23:48:00,VIN-D0656,76.2
2024-01-17 23:51:00,VIN-D0657,93.7
2024-01-17 23:54:00,VIN-D0658,83.4
2024-01-17 23:57:00,VIN-D0659,98.5
2024-01-18 00:00:00,VIN-D0660,76.9
2024-01-18 00:03:00,VIN-D0661,98.4
2024-01-18 00:06:00,VIN-D0662,87.6
2024-01-18 00:09:00,VIN-D0663,107.3
2024-01-18 00:12:00,VIN-D0664,94.0
2024-01-18 00:15:00,VIN-D0665,89.0
2024-01-18 00:18:00,VIN-D0666,98.4
2024-01-18 00:21:00,VIN-D0667,81.1
2024-01-18 00:24:00,VIN-D0668,74.0
2024-01-18 00:27:00,VIN-D0669,108.3
2024-01-18 00:30:00,VIN-D0670,98.3
2024-01-18 00:33:00,VIN-D0671,71.5
2024-01-18 00:36:00,VIN-D0672,93.5
2024-01-18 00:39:00,VIN-D0673,87.7
2024-01-18 00:42:00,VIN-D0674,101.8
2024-01-18 00:45:00,VIN-D0675,98.0
2024-01-18 00:48:00,VIN-D0676,77.7
2024-01-18 00:51:00,VIN-D0677,94.3
2024-01-18 00:54:00,VIN-D0678,103.0
2024-01-18 00:57:00,VIN-D0679,85.2
2024-01-18 01:00:00,VIN-D0680,80.3
2024-01-18 01:03:00,VIN-D0681,108.3
2024-01-18 01:06:00,VIN-D0682,78.7
2024-01-18 01:09:00,VIN-D0683,89.1
2024-01-18 01:12:00,VIN-D0684,70.2
2024-01-18 01:15:00,VIN-D0685,78.9
2024-01-18 01:18:00,VIN-D0686,72.1
2024-01-18 01:21:00,VIN-D0687,88.0
2024-01-18 01:24:00,VIN-D0688,94.5
2024-01-18 01:27:00,VIN-D0689,107.7
2024-01-18 01:30:00,VIN-D0690,105.7
2024-01-18 01:33:00,VIN-D0691,96.8
2024-01-18 01:36:00,VIN-D0692,91.0
2024-01-18 01:39:00,VIN-D0693,94.3
2024-01-18 01:42:00,VIN-D0694,73.4
2024-01-18 01:45:00,VIN-D0695,83.9
2024-01-18 01:48:00,VIN-D0696,92.8
2024-01-18 01:51:00,VIN-D0697,73.0
2024-01-18 01:54:00,VIN-D0698,107.8
2024-01-18 01:57:00,VIN-D0699,77.9
2024-01-18 02:00:00,VIN-D0700,101.8
2024-01-18 02:03:00,VIN-D0701,107.6
2024-01-18 02:06:00,VIN-D0702,74.9
2024-01-18 02:09:00,VIN-D0703,90.5
2024-01-18 02:12:00,VIN-D0704,90.6
2024-01-18 02:15:00,VIN-D0705,108.0
2024-01-18 02:18:00,VIN-D0706,82.1
2024-01-18 02:21:00,VIN-D0707,77.0
2024-01-18 02:24:00,VIN-D0708,97.1
2024-01-18 02:27:00,VIN-D0709,108.2
2024-01-18 02:30:00,VIN-D0710,100.7
2024-01-18 02:33:00,VIN-D0711,96.1
2024-01-18 02:36:00,VIN-D0712,97.3
2024-01-18 02:39:00,VIN-D0713,74.2
2024-01-18 02:42:00,VIN-D0714,107.2
2024-01-18 02:45:00,VIN-D0715,74.3
2024-01-18 02:48:00,VIN-D0716,88.0
2024-01-18 02:51:00,VIN-D0717,92.5
2024-01-18 02:54:00,VIN-D0718,91.3
2024-01-18 02:57:00,VIN-D0719,72.2
2024-01-18 03:00:00,VIN-D0720,95.6
2024-01-18 03:03:00,VIN-D0721,90.2
2024-01-18 03:06:00,VIN-D0722,91.5
2024-01-18 03:09:00,VIN-D0723,72.1
2024-01-18 03:12:00,VIN-D0724,105.2
2024-01-18 03:15:00,VIN-D0725,97.0
2024-01-18 03:18:00,VIN-D0726,109.3
2024-01-18 03:21:00,VIN-D0727,80.8
2024-01-18 03:24:00,VIN-D0728,85.6
2024-01-18 03:27:00,VIN-D0729,84.9
2024-01-18 03:30:00,VIN-D0730,106.0
2024-01-18 03:33:00,VIN-D0731,103.3
2024-01-18 03:36:00,VIN-D0732,96.7
2024-01-18 03:39:00,VIN-D0733,108.6
2024-01-18 03:42:00,VIN-D0734,85.6
2024-01-18 03:45:00,VIN-D0735,76.2
2024-01-18 03:48:00,VIN-D0736,88.3
2024-01-18 03:51:00,VIN-D0737,84.7
2024-01-18 03:54:00,VIN-D0738,101.0
2024-01-18 03:57:00,VIN-D0739,105.0
2024-01-18 04:00:00,VIN-D0740,86.3
2024-01-18 04:03:00,VIN-D0741,71.2
2024-01-18 04:06:00,VIN-D0742,102.9
2024-01-18 04:09:00,VIN-D0743,93.5
2024-01-18 04:12:00,VIN-D0744,94.7
2024-01-18 04:15:00,VIN-D0745,104.6
2024-01-18 04:18:00,VIN-D0746,99.5
2024-01-18 04:21:00,VIN-D0747,89.9
2024-01-18 04:24:00,VIN-D0748,101.5
2024-01-18 04:27:00,VIN-D0749,101.4
2024-01-18 04:30:00,VIN-D0750,109.7
2024-01-18 04:33:00,VIN-D0751,92.4
2024-01-18 04:36:00,VIN-D0752,79.5
2024-01-18 04:39:00,VIN-D0753,105.0
2024-01-18 04:42:00,VIN-D0754,102.0
2024-01-18 04:45:00,VIN-D0755,108.9
2024-01-18 04:48:00,VIN-D0756,90.9
2024-01-18 04:51:00,VIN-D0757,82.3
2024-01-18 04:54:00,VIN-D0758,105.3
2024-01-18 04:57:00,VIN-D0759,76.9
2024-01-18 05:00:00,VIN-D0760,73.3
2024-01-18 05:03:00,VIN-D0761,93.0
2024-01-18 05:06:00,VIN-D0762,74.9
2024-01-18 05:09:00,VIN-D0763,97.9
2024-01-18 05:12:00,VIN-D0764,96.5
2024-01-18 05:15:00,VIN-D0765,106.9
2024-01-18 05:18:00,VIN-D0766,72.8
2024-01-18 05:21:00,VIN-D0767,99.4
2024-01-18 05:24:00,VIN-D0768,70.3
2024-01-18 05:27:00,VIN-D0769,93.1
2024-01-18 05:30:00,VIN-D0770,84.8
2024-01-18 05:33:00,VIN-D0771,100.1
2024-01-18 05:36:00,VIN-D0772,98.8
2024-01-18 05:39:00,VIN-D0773,108.9
2024-01-18 05:42:00,VIN-D0774,90.0
2024-01-18 05:45:00,VIN-D0775,93.4
2024-01-18 05:48:00,VIN-D0776,72.8
2024-01-18 05:51:00,VIN-D0777,91.2
2024-01-18 05:54:00,VIN-D0778,88.7
2024-01-18 05:57:00,VIN-D0779,70.2
2024-01-18 06:00:00,VIN-D0780,97.7
2024-01-18 06:03:00,VIN-D0781,101.3
2024-01-18 06:06:00,VIN-D0782,71.4
2024-01-18 06:09:00,VIN-D0783,86.6
2024-01-18 06:12:00,VIN-D0784,79.8
2024-01-18 06:15:00,VIN-D0785,72.2
2024-01-18 06:18:00,VIN-D0786,79.7
2024-01-18 06:21:00,VIN-D0787,102.0
2024-01-18 06:24:00,VIN-D0788,84.1
2024-01-18 06:27:00,VIN-D0789,82.8
2024-01-18 06:30:00,VIN-D0790,92.8
2024-01-18 06:33:00,VIN-D0791,86.5
2024-01-18 06:36:00,VIN-D0792,98.3
2024-01-18 06:39:00,VIN-D0793,108.3
2024-01-18 06:42:00,VIN-D0794,98.5
2024-01-18 06:45:00,VIN-D0795,108.8
2024-01-18 06:48:00,VIN-D0796,108.9
2024-01-18 06:51:00,VIN-D0797,98.4
2024-01-18 06:54:00,VIN-D0798,72.7
2024-01-18 06:57:00,VIN-D0799,107.8
2024-01-18 07:00:00,VIN-D0800,94.0
2024-01-18 07:03:00,VIN-D0801,75.2
2024-01-18 07:06:00,VIN-D0802,95.4
2024-01-18 07:09:00,VIN-D0803,85.7
2024-01-18 07:12:00,VIN-D0804,75.5
2024-01-18 07:15:00,VIN-D0805,89.4
2024-01-18 07:18:00,VIN-D0806,92.6
2024-01-18 07:21:00,VIN-D0807,73.6
2024-01-18 07:24:00,VIN-D0808,102.5
2024-01-18 07:27:00,VIN-D0809,104.2
2024-01-18 07:30:00,VIN-D0810,77.5
2024-01-18 07:33:00,VIN-D0811,106.6
2024-01-18 07:36:00,VIN-D0812,95.5
2024-01-18 07:39:00,VIN-D0813,99.2
2024-01-18 07:42:00,VIN-D0814,86.7
2024-01-18 07:45:00,VIN-D0815,83.5
2024-01-18 07:48:00,VIN-D0816,94.1
2024-01-18 07:51:00,VIN-D0817,81.5
2024-01-18 07:54:00,VIN-D0818,79.6
2024-01-18 07:57:00,VIN-D0819,79.4
2024-01-18 08:00:00,VIN-D0820,72.6
2024-01-18 08:03:00,VIN-D0821,105.4
2024-01-18 08:06:00,VIN-D0822,72.0
2024-01-18 08:09:00,VIN-D0823,99.5
2024-01-18 08:12:00,VIN-D0824,104.2
2024-01-18 08:15:00,VIN-D0825,71.0
2024-01-18 08:18:00,VIN-D0826,73.4
2024-01-18 08:21:00,VIN-D0827,73.8
2024-01-18 08:24:00,VIN-D0828,98.1
2024-01-18 08:27:00,VIN-D0829,89.0
2024-01-18 08:30:00,VIN-D0830,83.7
2024-01-18 08:33:00,VIN-D0831,87.8
2024-01-18 08:36:00,VIN-D0832,82.4
2024-01-18 08:39:00,VIN-D0833,77.2
2024-01-18 08:42:00,VIN-D0834,105.7
2024-01-18 08:45:00,VIN-D0835,94.3
2024-01-18 08:48:00,VIN-D0836,108.5
2024-01-18 08:51:00,VIN-D0837,78.3
2024-01-18 08:54:00,VIN-D0838,92.8
2024-01-18 08:57:00,VIN-D0839,90.2
2024-01-18 09:00:00,VIN-D0840,77.6
2024-01-18 09:03:00,VIN-D0841,103.3
2024-01-18 09:06:00,VIN-D0842,78.8
2024-01-18 09:09:00,VIN-D0843,75.9
2024-01-18 09:12:00,VIN-D0844,82.6
2024-01-18 09:15:00,VIN-D0845,102.1
2024-01-18 09:18:00,VIN-D0846,107.6
2024-01-18 09:21:00,VIN-D0847,104.3
2024-01-18 09:24:00,VIN-D0848,71.8
2024-01-18 09:27:00,VIN-D0849,85.8
2024-01-18 09:30:00,VIN-D0850,80.0
2024-01-18 09:33:00,VIN-D0851,93.5
2024-01-18 09:36:00,VIN-D0852,95.3
2024-01-18 09:39:00,VIN-D0853,85.9
2024-01-18 09:42:00,VIN-D0854,90.3
2024-01-18 09:45:00,VIN-D0855,106.9
2024-01-18 09:48:00,VIN-D0856,94.1
2024-01-18 09:51:00,VIN-D0857,78.7
2024-01-18 09:54:00,VIN-D0858,96.6
2024-01-18 09:57:00,VIN-D0859,90.6
2024-01-18 10:00:00,VIN-D0860,107.3
2024-01-18 10:03:00,VIN-D0861,92.1
2024-01-18 10:06:00,VIN-D0862,108.6
2024-01-18 10:09:00,VIN-D0863,102.1
2024-01-18 10:12:00,VIN-D0864,102.8
2024-01-18 10:15:00,VIN-D0865,104.2
2024-01-18 10:18:00,VIN-D0866,83.4
2024-01-18 10:21:00,VIN-D0867,74.8
2024-01-18 10:24:00,VIN-D0868,102.7
2024-01-18 10:27:00,VIN-D0869,85.8
2024-01-18 10:30:00,VIN-D0870,106.5
2024-01-18 10:33:00,VIN-D0871,71.7
2024-01-18 10:36:00,VIN-D0872,98.2
2024-01-18 10:39:00,VIN-D0873,92.8
2024-01-18 10:42:00,VIN-D0874,95.5
2024-01-18 10:45:00,VIN-D0875,108.8
2024-01-18 10:48:00,VIN-D0876,83.5
2024-01-18 10:51:00,VIN-D0877,103.6
2024-01-18 10:54:00,VIN-D0878,89.4
2024-01-18 10:57:00,VIN-D0879,75.8
2024-01-18 11:00:00,VIN-D0880,94.8
2024-01-18 11:03:00,VIN-D0881,101.6
2024-01-18 11:06:00,VIN-D0882,74.9
2024-01-18 11:09:00,VIN-D0883,82.5
2024-01-18 11:12:00,VIN-D0884,76.6
2024-01-18 11:15:00,VIN-D0885,92.7
2024-01-18 11:18:00,VIN-D0886,88.4
2024-01-18 11:21:00,VIN-D0887,77.9
2024-01-18 11:24:00,VIN-D0888,96.4
2024-01-18 11:27:00,VIN-D0889,88.3
2024-01-18 11:30:00,VIN-D0890,90.2
2024-01-18 11:33:00,VIN-D0891,85.1
2024-01-18 11:36:00,VIN-D0892,107.2
2024-01-18 11:39:00,VIN-D0893,78.4
2024-01-18 11:42:00,VIN-D0894,106.2
2024-01-18 11:45:00,VIN-D0895,83.4
2024-01-18 11:48:00,VIN-D0896,101.7
2024-01-18 11:51:00,VIN-D0897,78.4
2024-01-18 11:54:00,VIN-D0898,99.4
2024-01-18 11:57:00,VIN-D0899,98.7
2024-01-18 12:00:00,VIN-D0900,88.9
2024-01-18 12:03:00,VIN-D0901,77.1
2024-01-18 12:06:00,VIN-D0902,95.5
2024-01-18 12:09:00,VIN-D0903,85.9
2024-01-18 12:12:00,VIN-D0904,94.0
2024-01-18 12:15:00,VIN-D0905,109.2
2024-01-18 12:18:00,VIN-D0906,100.3
2024-01-18 12:21:00,VIN-D0907,107.7
2024-01-18 12:24:00,VIN-D0908,94.2
2024-01-18 12:27:00,VIN-D0909,97.2
2024-01-18 12:30:00,VIN-D0910,73.3
2024-01-18 12:33:00,VIN-D0911,86.7
2024-01-18 12:36:00,VIN-D0912,71.9
2024-01-18 12:39:00,VIN-D0913,104.8
2024-01-18 12:42:00,VIN-D0914,85.8
2024-01-18 12:45:00,VIN-D0915,93.4
2024-01-18 12:48:00,VIN-D0916,89.8
2024-01-18 12:51:00,VIN-D0917,95.3
2024-01-18 12:54:00,VIN-D0918,101.0
2024-01-18 12:57:00,VIN-D0919,73.1
2024-01-18 13:00:00,VIN-D0920,77.2
2024-01-18 13:03:00,VIN-D0921,84.6
2024-01-18 13:06:00,VIN-D0922,102.5
2024-01-18 13:09:00,VIN-D0923,97.2
2024-01-18 13:12:00,VIN-D0924,73.2
2024-01-18 13:15:00,VIN-D0925,92.0
2024-01-18 13:18:00,VIN-D0926,103.3
2024-01-18 13:21:00,VIN-D0927,105.9
2024-01-18 13:24:00,VIN-D0928,89.4
2024-01-18 13:27:00,VIN-D0929,70.3
2024-01-18 13:30:00,VIN-D0930,108.0
2024-01-18 13:33:00,VIN-D0931,102.8
2024-01-18 13:36:00,VIN-D0932,91.2
2024-01-18 13:39:00,VIN-D0933,74.5
2024-01-18 13:42:00,VIN-D0934,82.2
2024-01-18 13:45:00,VIN-D0935,105.9
2024-01-18 13:48:00,VIN-D0936,89.3
2024-01-18 13:51:00,VIN-D0937,103.8
2024-01-18 13:54:00,VIN-D0938,104.4
2024-01-18 13:57:00,VIN-D0939,95.1
2024-01-18 14:00:00,VIN-D0940,76.7
2024-01-18 14:03:00,VIN-D0941,85.0
2024-01-18 14:06:00,VIN-D0942,80.6
2024-01-18 14:09:00,VIN-D0943,77.5
2024-01-18 14:12:00,VIN-D0944,96.2
2024-01-18 14:15:00,VIN-D0945,74.5
2024-01-18 14:18:00,VIN-D0946,76.6
2024-01-18 14:21:00,VIN-D0947,105.6
2024-01-18 14:24:00,VIN-D0948,86.0
2024-01-18 14:27:00,VIN-D0949,109.5
2024-01-18 14:30:00,VIN-D0950,99.5
2024-01-18 14:33:00,VIN-D0951,73.8
2024-01-18 14:36:00,VIN-D0952,100.2
2024-01-18 14:39:00,VIN-D0953,76.8
2024-01-18 14:42:00,VIN-D0954,89.3
2024-01-18 14:45:00,VIN-D0955,95.6
2024-01-18 14:48:00,VIN-D0956,84.4
2024-01-18 14:51:00,VIN-D0957,101.2
2024-01-18 14:54:00,VIN-D0958,82.9
2024-01-18 14:57:00,VIN-D0959,76.6
2024-01-18 15:00:00,VIN-D0960,72.5
2024-01-18 15:03:00,VIN-D0961,88.1
2024-01-18 15:06:00,VIN-D0962,109.8
2024-01-18 15:09:00,VIN-D0963,103.2
2024-01-18 15:12:00,VIN-D0964,83.1
2024-01-18 15:15:00,VIN-D0965,87.7
2024-01-18 15:18:00,VIN-D0966,79.7
2024-01-18 15:21:00,VIN-D0967,74.7
2024-01-18 15:24:00,VIN-D0968,70.4
2024-01-18 15:27:00,VIN-D0969,103.1
2024-01-18 15:30:00,VIN-D0970,104.0
2024-01-18 15:33:00,VIN-D0971,84.6
2024-01-18 15:36:00,VIN-D0972,72.6
2024-01-18 15:39:00,VIN-D0973,104.2
2024-01-18 15:42:00,VIN-D0974,88.4
2024-01-18 15:45:00,VIN-D0975,107.6
2024-01-18 15:48:00,VIN-D0976,108.1
2024-01-18 15:51:00,VIN-D0977,103.2
2024-01-18 15:54:00,VIN-D0978,82.3
2024-01-18 15:57:00,VIN-D0979,91.7
2024-01-18 16:00:00,VIN-D0980,106.6
2024-01-18 16:03:00,VIN-D0981,102.8
2024-01-18 16:06:00,VIN-D0982,88.6
2024-01-18 16:09:00,VIN-D0983,75.2
2024-01-18 16:12:00,VIN-D0984,89.4
2024-01-18 16:15:00,VIN-D0985,86.9
2024-01-18 16:18:00,VIN-D0986,104.8
2024-01-18 16:21:00,VIN-D0987,105.4
2024-01-18 16:24:00,VIN-D0988,98.2
2024-01-18 16:27:00,VIN-D0989,90.2
2024-01-18 16:30:00,VIN-D0990,82.9
2024-01-18 16:33:00,VIN-D0991,95.4
2024-01-18 16:36:00,VIN-D0992,91.0
2024-01-18 16:39:00,VIN-D0993,98.4
2024-01-18 16:42:00,VIN-D0994,94.8
2024-01-18 16:45:00,VIN-D0995,98.0
2024-01-18 16:48:00,VIN-D0996,98.0
2024-01-18 16:51:00,VIN-D0997,93.0
2024-01-18 16:54:00,VIN-D0998,100.6
2024-01-18 16:57:00,VIN-D0999,97.1
2024-01-18 17:00:00,VIN-D1000,98.9
2024-01-18 17:03:00,VIN-D1001,98.4
2024-01-18 17:06:00,VIN-D1002,96.5
2024-01-18 17:09:00,VIN-D1003,88.9
2024-01-18 17:12:00,VIN-D1004,103.2
2024-01-18 17:15:00,VIN-D1005,95.2
2024-01-18 17:18:00,VIN-D1006,77.8
2024-01-18 17:21:00,VIN-D1007,97.6
2024-01-18 17:24:00,VIN-D1008,80.2
2024-01-18 17:27:00,VIN-D1009,78.5
2024-01-18 17:30:00,VIN-D1010,77.3
2024-01-18 17:33:00,VIN-D1011,81.3
2024-01-18 17:36:00,VIN-D1012,99.6
2024-01-18 17:39:00,VIN-D1013,80.8
2024-01-18 17:42:00,VIN-D1014,74.2
2024-01-18 17:45:00,VIN-D1015,81.7
2024-01-18 17:48:00,VIN-D1016,76.7
2024-01-18 17:51:00,VIN-D1017,77.2
2024-01-18 17:54:00,VIN-D1018,90.2
2024-01-18 17:57:00,VIN-D1019,74.9
2024-01-18 18:00:00,VIN-D1020,95.7
2024-01-18 18:03:00,VIN-D1021,81.5
2024-01-18 18:06:00,VIN-D1022,76.9
2024-01-18 18:09:00,VIN-D1023,96.1
2024-01-18 18:12:00,VIN-D1024,85.0
2024-01-18 18:15:00,VIN-D1025,79.6
2024-01-18 18:18:00,VIN-D1026,80.4
2024-01-18 18:21:00,VIN-D1027,104.3
2024-01-18 18:24:00,VIN-D1028,71.9
2024-01-18 18:27:00,VIN-D1029,80.4
2024-01-18 18:30:00,VIN-D1030,99.0
2024-01-18 18:33:00,VIN-D1031,106.2
2024-01-18 18:36:00,VIN-D1032,107.6
2024-01-18 18:39:00,VIN-D1033,106.8
2024-01-18 18:42:00,VIN-D1034,99.5
2024-01-18 18:45:00,VIN-D1035,85.1
2024-01-18 18:48:00,VIN-D1036,100.0
2024-01-18 18:51:00,VIN-D1037,102.0
2024-01-18 18:54:00,VIN-D1038,93.9
2024-01-18 18:57:00,VIN-D1039,70.4
2024-01-18 19:00:00,VIN-D1040,73.3
2024-01-18 19:03:00,VIN-D1041,82.7
2024-01-18 19:06:00,VIN-D1042,86.6
2024-01-18 19:09:00,VIN-D1043,77.5
2024-01-18 19:12:00,VIN-D1044,101.6
2024-01-18 19:15:00,VIN-D1045,95.6
2024-01-18 19:18:00,VIN-D1046,105.5
2024-01-18 19:21:00,VIN-D1047,75.6
2024-01-18 19:24:00,VIN-D1048,100.5
2024-01-18 19:27:00,VIN-D1049,90.2
2024-01-18 19:30:00,VIN-D1050,95.9
2024-01-18 19:33:00,VIN-D1051,75.5
2024-01-18 19:36:00,VIN-D1052,103.7
2024-01-18 19:39:00,VIN-D1053,72.7
2024-01-18 19:42:00,VIN-D1054,90.8
2024-01-18 19:45:00,VIN-D1055,88.3
2024-01-18 19:48:00,VIN-D1056,78.5
2024-01-18 19:51:00,VIN-D1057,93.7
2024-01-18 19:54:00,VIN-D1058,93.0
2024-01-18 19:57:00,VIN-D1059,85.6
2024-01-18 20:00:00,VIN-D1060,71.6
2024-01-18 20:03:00,VIN-D1061,82.7
2024-01-18 20:06:00,VIN-D1062,92.8
2024-01-18 20:09:00,VIN-D1063,99.7
2024-01-18 20:12:00,VIN-D1064,94.8
2024-01-18 20:15:00,VIN-D1065,104.2
2024-01-18 20:18:00,VIN-D1066,106.3
2024-01-18 20:21:00,VIN-D1067,103.8
2024-01-18 20:24:00,VIN-D1068,90.0
2024-01-18 20:27:00,VIN-D1069,85.2
2024-01-18 20:30:00,VIN-D1070,91.1
2024-01-18 20:33:00,VIN-D1071,83.8
2024-01-18 20:36:00,VIN-D1072,82.9
2024-01-18 20:39:00,VIN-D1073,95.6
2024-01-18 20:42:00,VIN-D1074,71.5
2024-01-18 20:45:00,VIN-D1075,100.9
2024-01-18 20:48:00,VIN-D1076,105.0
2024-01-18 20:51:00,VIN-D1077,99.1
2024-01-18 20:54:00,VIN-D1078,76.8
2024-01-18 20:57:00,VIN-D1079,86.8
2024-01-18 21:00:00,VIN-D1080,73.3
2024-01-18 21:03:00,VIN-D1081,104.1
2024-01-18 21:06:00,VIN-D1082,94.8
2024-01-18 21:09:00,VIN-D1083,83.1
2024-01-18 21:12:00,VIN-D1084,89.9
2024-01-18 21:15:00,VIN-D1085,75.7
2024-01-18 21:18:00,VIN-D1086,80.8
2024-01-18 21:21:00,VIN-D1087,100.4
2024-01-18 21:24:00,VIN-D1088,81.3
2024-01-18 21:27:00,VIN-D1089,105.6
2024-01-18 21:30:00,VIN-D1090,72.8
2024-01-18 21:33:00,VIN-D1091,85.0
2024-01-18 21:36:00,VIN-D1092,86.7
2024-01-18 21:39:00,VIN-D1093,70.9
2024-01-18 21:42:00,VIN-D1094,85.9
2024-01-18 21:45:00,VIN-D1095,73.0
2024-01-18 21:48:00,VIN-D1096,77.6
2024-01-18 21:51:00,VIN-D1097,106.1
2024-01-18 21:54:00,VIN-D1098,96.4
2024-01-18 21:57:00,VIN-D1099,98.5
2024-01-18 22:00:00,VIN-D1100,71.9
2024-01-18 22:03:00,VIN-D1101,72.4
2024-01-18 22:06:00,VIN-D1102,91.2
2024-01-18 22:09:00,VIN-D1103,72.2
2024-01-18 22:12:00,VIN-D1104,73.5
2024-01-18 22:15:00,VIN-D1105,99.2
2024-01-18 22:18:00,VIN-D1106,107.2
2024-01-18 22:21:00,VIN-D1107,89.9
2024-01-18 22:24:00,VIN-D1108,104.1
2024-01-18 22:27:00,VIN-D1109,82.4
2024-01-18 22:30:00,VIN-D1110,78.3
2024-01-18 22:33:00,VIN-D1111,102.2
2024-01-18 22:36:00,VIN-D1112,74.3
2024-01-18 22:39:00,VIN-D1113,93.0
2024-01-18 22:42:00,VIN-D1114,91.5
2024-01-18 22:45:00,VIN-D1115,77.5
2024-01-18 22:48:00,VIN-D1116,97.1
2024-01-18 22:51:00,VIN-D1117,83.5
2024-01-18 22:54:00,VIN-D1118,85.1
2024-01-18 22:57:00,VIN-D1119,70.6
2024-01-18 23:00:00,VIN-D1120,95.3
2024-01-18 23:03:00,VIN-D1121,102.6
2024-01-18 23:06:00,VIN-D1122,108.4
2024-01-18 23:09:00,VIN-D1123,96.4
2024-01-18 23:12:00,VIN-D1124,80.0
2024-01-18 23:15:00,VIN-D1125,92.7
2024-01-18 23:18:00,VIN-D1126,76.7
2024-01-18 23:21:00,VIN-D1127,90.3
2024-01-18 23:24:00,VIN-D1128,76.4
2024-01-18 23:27:00,VIN-D1129,93.7
2024-01-18 23:30:00,VIN-D1130,103.2
2024-01-18 23:33:00,VIN-D1131,95.0
2024-01-18 23:36:00,VIN-D1132,82.5
2024-01-18 23:39:00,VIN-D1133,109.9
2024-01-18 23:42:00,VIN-D1134,79.5
2024-01-18 23:45:00,VIN-D1135,108.7
2024-01-18 23:48:00,VIN-D1136,89.8
2024-01-18 23:51:00,VIN-D1137,101.5
2024-01-18 23:54:00,VIN-D1138,94.0
2024-01-18 23:57:00,VIN-D1139,85.0
2024-01-19 00:00:00,VIN-D1140,86.9
2024-01-19 00:03:00,VIN-D1141,106.1
2024-01-19 00:06:00,VIN-D1142,72.3
2024-01-19 00:09:00,VIN-D1143,89.3
2024-01-19 00:12:00,VIN-D1144,79.7
2024-01-19 00:15:00,VIN-D1145,74.2
2024-01-19 00:18:00,VIN-D1146,99.9
2024-01-19 00:21:00,VIN-D1147,85.4
2024-01-19 00:24:00,VIN-D1148,89.5
2024-01-19 00:27:00,VIN-D1149,104.8
2024-01-19 00:30:00,VIN-D1150,97.5
2024-01-19 00:33:00,VIN-D1151,97.2
2024-01-19 00:36:00,VIN-D1152,83.9
2024-01-19 00:39:00,VIN-D1153,84.6
2024-01-19 00:42:00,VIN-D1154,86.6
2024-01-19 00:45:00,VIN-D1155,92.6
2024-01-19 00:48:00,VIN-D1156,80.0
2024-01-19 00:51:00,VIN-D1157,82.5
2024-01-19 00:54:00,VIN-D1158,78.8
2024-01-19 00:57:00,VIN-D1159,77.5
2024-01-19 01:00:00,VIN-D1160,90.4
2024-01-19 01:03:00,VIN-D1161,93.7
2024-01-19 01:06:00,VIN-D1162,106.1
2024-01-19 01:09:00,VIN-D1163,92.3
2024-01-19 01:12:00,VIN-D1164,92.1
2024-01-19 01:15:00,VIN-D1165,99.6
2024-01-19 01:18:00,VIN-D1166,72.3
2024-01-19 01:21:00,VIN-D1167,98.3
2024-01-19 01:24:00,VIN-D1168,77.2
2024-01-19 01:27:00,VIN-D1169,86.9
2024-01-19 01:30:00,VIN-D1170,75.4
2024-01-19 01:33:00,VIN-D1171,74.4
2024-01-19 01:36:00,VIN-D1172,92.8
2024-01-19 01:39:00,VIN-D1173,109.8
2024-01-19 01:42:00,VIN-D1174,96.7
2024-01-19 01:45:00,VIN-D1175,101.5
2024-01-19 01:48:00,VIN-D1176,83.9
2024-01-19 01:51:00,VIN-D1177,89.6
2024-01-19 01:54:00,VIN-D1178,76.6
2024-01-19 01:57:00,VIN-D1179,70.1
2024-01-19 02:00:00,VIN-D1180,78.7
2024-01-19 02:03:00,VIN-D1181,78.7
2024-01-19 02:06:00,VIN-D1182,98.4
2024-01-19 02:09:00,VIN-D1183,78.3
2024-01-19 02:12:00,VIN-D1184,101.5
2024-01-19 02:15:00,VIN-D1185,70.5
2024-01-19 02:18:00,VIN-D1186,97.5
2024-01-19 02:21:00,VIN-D1187,90.2
2024-01-19 02:24:00,VIN-D1188,92.5
2024-01-19 02:27:00,VIN-D1189,98.4
2024-01-19 02:30:00,VIN-D1190,88.7
2024-01-19 02:33:00,VIN-D1191,95.5
2024-01-19 02:36:00,VIN-D1192,96.0
2024-01-19 02:39:00,VIN-D1193,90.3
2024-01-19 02:42:00,VIN-D1194,93.3
2024-01-19 02:45:00,VIN-D1195,109.1
2024-01-19 02:48:00,VIN-D1196,96.7
2024-01-19 02:51:00,VIN-D1197,103.3
2024-01-19 02:54:00,VIN-D1198,96.7
2024-01-19 02:57:00,VIN-D1199,99.6
2024-01-19 03:00:00,VIN-D1200,86.6
2024-01-19 03:03:00,VIN-D1201,71.9
2024-01-19 03:06:00,VIN-D1202,72.2
2024-01-19 03:09:00,VIN-D1203,88.2
2024-01-19 03:12:00,VIN-D1204,83.2
2024-01-19 03:15:00,VIN-D1205,101.8
2024-01-19 03:18:00,VIN-D1206,102.0
2024-01-19 03:21:00,VIN-D1207,106.4
2024-01-19 03:24:00,VIN-D1208,81.1
2024-01-19 03:27:00,VIN-D1209,93.0
2024-01-19 03:30:00,VIN-D1210,104.3
2024-01-19 03:33:00,VIN-D1211,90.3
2024-01-19 03:36:00,VIN-D1212,74.3
2024-01-19 03:39:00,VIN-D1213,98.3
2024-01-19 03:42:00,VIN-D1214,92.5
2024-01-19 03:45:00,VIN-D1215,77.6
2024-01-19 03:48:00,VIN-D1216,88.3
2024-01-19 03:51:00,VIN-D1217,73.1
2024-01-19 03:54:00,VIN-D1218,83.7
2024-01-19 03:57:00,VIN-D1219,98.3
2024-01-19 04:00:00,VIN-D1220,93.8
2024-01-19 04:03:00,VIN-D1221,75.7
2024-01-19 04:06:00,VIN-D1222,108.4
2024-01-19 04:09:00,VIN-D1223,102.3
2024-01-19 04:12:00,VIN-D1224,73.5
2024-01-19 04:15:00,VIN-D1225,74.2
2024-01-19 04:18:00,VIN-D1226,71.4
2024-01-19 04:21:00,VIN-D1227,75.4
2024-01-19 04:24:00,VIN-D1228,107.1
2024-01-19 04:27:00,VIN-D1229,107.7
2024-01-19 04:30:00,VIN-D1230,85.8
2024-01-19 04:33:00,VIN-D1231,76.6
2024-01-19 04:36:00,VIN-D1232,81.8
2024-01-19 04:39:00,VIN-D1233,84.5
2024-01-19 04:42:00,VIN-D1234,93.2
2024-01-19 04:45:00,VIN-D1235,89.6
2024-01-19 04:48:00,VIN-D1236,93.6
2024-01-19 04:51:00,VIN-D1237,85.6
2024-01-19 04:54:00,VIN-D1238,85.7
2024-01-19 04:57:00,VIN-D1239,80.8
2024-01-19 05:00:00,VIN-D1240,99.9
2024-01-19 05:03:00,VIN-D1241,90.7
2024-01-19 05:06:00,VIN-D1242,104.0
2024-01-19 05:09:00,VIN-D1243,108.7
2024-01-19 05:12:00,VIN-D1244,75.1
2024-01-19 05:15:00,VIN-D1245,97.5
2024-01-19 05:18:00,VIN-D1246,70.6
2024-01-19 05:21:00,VIN-D1247,103.3
2024-01-19 05:24:00,VIN-D1248,71.6
2024-01-19 05:27:00,VIN-D1249,108.6
2024-01-19 05:30:00,VIN-D1250,80.3
2024-01-19 05:33:00,VIN-D1251,95.2
2024-01-19 05:36:00,VIN-D1252,100.1
2024-01-19 05:39:00,VIN-D1253,92.2
2024-01-19 05:42:00,VIN-D1254,107.9
2024-01-19 05:45:00,VIN-D1255,75.7
2024-01-19 05:48:00,VIN-D1256,75.0
2024-01-19 05:51:00,VIN-D1257,84.3
2024-01-19 05:54:00,VIN-D1258,77.9
2024-01-19 05:57:00,VIN-D1259,93.1
2024-01-19 06:00:00,VIN-D1260,103.0
2024-01-19 06:03:00,VIN-D1261,99.1
2024-01-19 06:06:00,VIN-D1262,92.3
2024-01-19 06:09:00,VIN-D1263,85.6
2024-01-19 06:12:00,VIN-D1264,103.3
2024-01-19 06:15:00,VIN-D1265,105.9
2024-01-19 06:18:00,VIN-D1266,70.7
2024-01-19 06:21:00,VIN-D1267,92.0
2024-01-19 06:24:00,VIN-D1268,70.9
2024-01-19 06:27:00,VIN-D1269,76.4
2024-01-19 06:30:00,VIN-D1270,98.2
2024-01-19 06:33:00,VIN-D1271,90.4
2024-01-19 06:36:00,VIN-D1272,107.3
2024-01-19 06:39:00,VIN-D1273,78.9
2024-01-19 06:42:00,VIN-D1274,90.4
2024-01-19 06:45:00,VIN-D1275,86.2
2024-01-19 06:48:00,VIN-D1276,109.5
2024-01-19 06:51:00,VIN-D1277,100.5
2024-01-19 06:54:00,VIN-D1278,91.2
2024-01-19 06:57:00,VIN-D1279,80.8
2024-01-19 07:00:00,VIN-D1280,79.5
2024-01-19 07:03:00,VIN-D1281,85.1
2024-01-19 07:06:00,VIN-D1282,80.7
2024-01-19 07:09:00,VIN-D1283,85.1
2024-01-19 07:12:00,VIN-D1284,77.6
2024-01-19 07:15:00,VIN-D1285,89.1
2024-01-19 07:18:00,VIN-D1286,82.7
2024-01-19 07:21:00,VIN-D1287,87.7
2024-01-19 07:24:00,VIN-D1288,109.3
2024-01-19 07:27:00,VIN-D1289,98.3
2024-01-19 07:30:00,VIN-D1290,100.5
2024-01-19 07:33:00,VIN-D1291,89.1
2024-01-19 07:36:00,VIN-D1292,73.0
2024-01-19 07:39:00,VIN-D1293,89.8
2024-01-19 07:42:00,VIN-D1294,100.0
2024-01-19 07:45:00,VIN-D1295,90.2
2024-01-19 07:48:00,VIN-D1296,80.4
2024-01-19 07:51:00,VIN-D1297,82.8
2024-01-19 07:54:00,VIN-D1298,99.9
2024-01-19 07:57:00,VIN-D1299,104.2
2024-01-19 08:00:00,VIN-D1300,82.0
2024-01-19 08:03:00,VIN-D1301,100.8
2024-01-19 08:06:00,VIN-D1302,104.5
2024-01-19 08:09:00,VIN-D1303,86.1
2024-01-19 08:12:00,VIN-D1304,102.2
2024-01-19 08:15:00,VIN-D1305,88.6
2024-01-19 08:18:00,VIN-D1306,100.9
2024-01-19 08:21:00,VIN-D1307,93.2
2024-01-19 08:24:00,VIN-D1308,86.7
2024-01-19 08:27:00,VIN-D1309,95.3
2024-01-19 08:30:00,VIN-D1310,96.1
2024-01-19 08:33:00,VIN-D1311,100.1
2024-01-19 08:36:00,VIN-D1312,92.8
2024-01-19 08:39:00,VIN-D1313,77.2
2024-01-19 08:42:00,VIN-D1314,107.3
2024-01-19 08:45:00,VIN-D1315,104.7
2024-01-19 08:48:00,VIN-D1316,83.9
2024-01-19 08:51:00,VIN-D1317,106.5
2024-01-19 08:54:00,VIN-D1318,72.6
2024-01-19 08:57:00,VIN-D1319,73.4
2024-01-19 09:00:00,VIN-D1320,83.9
2024-01-19 09:03:00,VIN-D1321,90.2
2024-01-19 09:06:00,VIN-D1322,104.8
2024-01-19 09:09:00,VIN-D1323,84.4
2024-01-19 09:12:00,VIN-D1324,96.2
2024-01-19 09:15:00,VIN-D1325,72.4
2024-01-19 09:18:00,VIN-D1326,106.3
2024-01-19 09:21:00,VIN-D1327,81.9
2024-01-19 09:24:00,VIN-D1328,78.4
2024-01-19 09:27:00,VIN-D1329,77.1
2024-01-19 09:30:00,VIN-D1330,85.8
2024-01-19 09:33:00,VIN-D1331,78.4
2024-01-19 09:36:00,VIN-D1332,85.5
2024-01-19 09:39:00,VIN-D1333,108.7
2024-01-19 09:42:00,VIN-D1334,107.8
2024-01-19 09:45:00,VIN-D1335,90.6
2024-01-19 09:48:00,VIN-D1336,81.3
2024-01-19 09:51:00,VIN-D1337,80.2
2024-01-19 09:54:00,VIN-D1338,79.1
2024-01-19 09:57:00,VIN-D1339,85.5
2024-01-19 10:00:00,VIN-D1340,109.4
2024-01-19 10:03:00,VIN-D1341,103.5
2024-01-19 10:06:00,VIN-D1342,91.3
2024-01-19 10:09:00,VIN-D1343,76.1
2024-01-19 10:12:00,VIN-D1344,95.4
2024-01-19 10:15:00,VIN-D1345,71.5
2024-01-19 10:18:00,VIN-D1346,99.6
2024-01-19 10:21:00,VIN-D1347,105.6
2024-01-19 10:24:00,VIN-D1348,87.7
2024-01-19 10:27:00,VIN-D1349,106.4
2024-01-19 10:30:00,VIN-D1350,106.1
2024-01-19 10:33:00,VIN-D1351,85.6
2024-01-19 10:36:00,VIN-D1352,109.5
2024-01-19 10:39:00,VIN-D1353,106.4
2024-01-19 10:42:00,VIN-D1354,106.4
2024-01-19 10:45:00,VIN-D1355,83.9
2024-01-19 10:48:00,VIN-D1356,88.4
2024-01-19 10:51:00,VIN-D1357,97.5
2024-01-19 10:54:00,VIN-D1358,71.0
2024-01-19 10:57:00,VIN-D1359,95.5
2024-01-19 11:00:00,VIN-D1360,87.8
2024-01-19 11:03:00,VIN-D1361,96.3
2024-01-19 11:06:00,VIN-D1362,80.2
2024-01-19 11:09:00,VIN-D1363,99.4
2024-01-19 11:12:00,VIN-D1364,81.7
2024-01-19 11:15:00,VIN-D1365,102.8
2024-01-19 11:18:00,VIN-D1366,84.3
2024-01-19 11:21:00,VIN-D1367,75.5
2024-01-19 11:24:00,VIN-D1368,74.8
2024-01-19 11:27:00,VIN-D1369,76.6
2024-01-19 11:30:00,VIN-D1370,89.1
2024-01-19 11:33:00,VIN-D1371,100.0
2024-01-19 11:36:00,VIN-D1372,79.5
2024-01-19 11:39:00,VIN-D1373,84.6
2024-01-19 11:42:00,VIN-D1374,94.0
2024-01-19 11:45:00,VIN-D1375,92.4
2024-01-19 11:48:00,VIN-D1376,100.3
2024-01-19 11:51:00,VIN-D1377,89.3
2024-01-19 11:54:00,VIN-D1378,76.2
2024-01-19 11:57:00,VIN-D1379,77.6
2024-01-19 12:00:00,VIN-D1380,102.8
2024-01-19 12:03:00,VIN-D1381,103.2
2024-01-19 12:06:00,VIN-D1382,102.5
2024-01-19 12:09:00,VIN-D1383,107.5
2024-01-19 12:12:00,VIN-D1384,83.4
2024-01-19 12:15:00,VIN-D1385,106.5
2024-01-19 12:18:00,VIN-D1386,94.6
2024-01-19 12:21:00,VIN-D1387,92.9
2024-01-19 12:24:00,VIN-D1388,88.9
2024-01-19 12:27:00,VIN-D1389,71.2
2024-01-19 12:30:00,VIN-D1390,106.6
2024-01-19 12:33:00,VIN-D1391,100.2
2024-01-19 12:36:00,VIN-D1392,86.2
2024-01-19 12:39:00,VIN-D1393,85.8
2024-01-19 12:42:00,VIN-D1394,80.5
2024-01-19 12:45:00,VIN-D1395,77.7
2024-01-19 12:48:00,VIN-D1396,84.2
2024-01-19 12:51:00,VIN-D1397,70.2
2024-01-19 12:54:00,VIN-D1398,74.7
2024-01-19 12:57:00,VIN-D1399,89.3
2024-01-19 13:00:00,VIN-D1400,86.7
2024-01-19 13:03:00,VIN-D1401,78.7
2024-01-19 13:06:00,VIN-D1402,88.8
2024-01-19 13:09:00,VIN-D1403,103.4
2024-01-19 13:12:00,VIN-D1404,89.5
2024-01-19 13:15:00,VIN-D1405,100.2
2024-01-19 13:18:00,VIN-D1406,79.6
2024-01-19 13:21:00,VIN-D1407,71.7
2024-01-19 13:24:00,VIN-D1408,77.2
2024-01-19 13:27:00,VIN-D1409,81.6
2024-01-19 13:30:00,VIN-D1410,94.8
2024-01-19 13:33:00,VIN-D1411,88.2
2024-01-19 13:36:00,VIN-D1412,96.9
2024-01-19 13:39:00,VIN-D1413,81.0
2024-01-19 13:42:00,VIN-D1414,88.4
2024-01-19 13:45:00,VIN-D1415,109.1
2024-01-19 13:48:00,VIN-D1416,79.3
2024-01-19 13:51:00,VIN-D1417,96.5
2024-01-19 13:54:00,VIN-D1418,88.8
2024-01-19 13:57:00,VIN-D1419,106.9
2024-01-19 14:00:00,VIN-D1420,102.4
2024-01-19 14:03:00,VIN-D1421,87.2
2024-01-19 14:06:00,VIN-D1422,89.0
2024-01-19 14:09:00,VIN-D1423,105.9
2024-01-19 14:12:00,VIN-D1424,96.5
2024-01-19 14:15:00,VIN-D1425,108.1
2024-01-19 14:18:00,VIN-D1426,90.3
2024-01-19 14:21:00,VIN-D1427,100.5
2024-01-19 14:24:00,VIN-D1428,87.6
2024-01-19 14:27:00,VIN-D1429,107.3
2024-01-19 14:30:00,VIN-D1430,102.4
2024-01-19 14:33:00,VIN-D1431,92.1
2024-01-19 14:36:00,VIN-D1432,76.6
2024-01-19 14:39:00,VIN-D1433,106.5
2024-01-19 14:42:00,VIN-D1434,95.0
2024-01-19 14:45:00,VIN-D1435,74.0
2024-01-19 14:48:00,VIN-D1436,105.0
2024-01-19 14:51:00,VIN-D1437,98.2
2024-01-19 14:54:00,VIN-D1438,78.1
2024-01-19 14:57:00,VIN-D1439,108.8
2024-01-19 15:00:00,VIN-D1440,100.1
2024-01-19 15:03:00,VIN-D1441,80.8
2024-01-19 15:06:00,VIN-D1442,71.4
2024-01-19 15:09:00,VIN-D1443,79.5
2024-01-19 15:12:00,VIN-D1444,82.5
2024-01-19 15:15:00,VIN-D1445,76.4
2024-01-19 15:18:00,VIN-D1446,99.3
2024-01-19 15:21:00,VIN-D1447,76.2
2024-01-19 15:24:00,VIN-D1448,109.8
2024-01-19 15:27:00,VIN-D1449,105.8
2024-01-19 15:30:00,VIN-D1450,97.6
2024-01-19 15:33:00,VIN-D1451,109.7
2024-01-19 15:36:00,VIN-D1452,103.5
2024-01-19 15:39:00,VIN-D1453,108.2
2024-01-19 15:42:00,VIN-D1454,103.6
2024-01-19 15:45:00,VIN-D1455,84.2
2024-01-19 15:48:00,VIN-D1456,97.7
2024-01-19 15:51:00,VIN-D1457,77.8
2024-01-19 15:54:00,VIN-D1458,89.0
2024-01-19 15:57:00,VIN-D1459,72.5
2024-01-19 16:00:00,VIN-D1460,71.9
2024-01-19 16:03:00,VIN-D1461,97.3
2024-01-19 16:06:00,VIN-D1462,89.2
2024-01-19 16:09:00,VIN-D1463,105.3
2024-01-19 16:12:00,VIN-D1464,74.1
2024-01-19 16:15:00,VIN-D1465,70.4
2024-01-19 16:18:00,VIN-D1466,110.0
2024-01-19 16:21:00,VIN-D1467,97.5
2024-01-19 16:24:00,VIN-D1468,89.5
2024-01-19 16:27:00,VIN-D1469,107.3
2024-01-19 16:30:00,VIN-D1470,75.8
2024-01-19 16:33:00,VIN-D1471,85.9
2024-01-19 16:36:00,VIN-D1472,82.7
2024-01-19 16:39:00,VIN-D1473,75.0
2024-01-19 16:42:00,VIN-D1474,102.3
2024-01-19 16:45:00,VIN-D1475,97.3
2024-01-19 16:48:00,VIN-D1476,82.8
2024-01-19 16:51:00,VIN-D1477,85.7
2024-01-19 16:54:00,VIN-D1478,79.1
2024-01-19 16:57:00,VIN-D1479,102.6
2024-01-19 17:00:00,VIN-D1480,86.2
2024-01-19 17:03:00,VIN-D1481,79.4
2024-01-19 17:06:00,VIN-D1482,97.7
2024-01-19 17:09:00,VIN-D1483,83.4
2024-01-19 17:12:00,VIN-D1484,106.5
2024-01-19 17:15:00,VIN-D1485,92.2
2024-01-19 17:18:00,VIN-D1486,108.1
2024-01-19 17:21:00,VIN-D1487,85.1
2024-01-19 17:24:00,VIN-D1488,81.9
2024-01-19 17:27:00,VIN-D1489,74.4
2024-01-19 17:30:00,VIN-D1490,96.6
2024-01-19 17:33:00,VIN-D1491,94.9
2024-01-19 17:36:00,VIN-D1492,105.6
2024-01-19 17:39:00,VIN-D1493,83.7
2024-01-19 17:42:00,VIN-D1494,96.2
2024-01-19 17:45:00,VIN-D1495,93.9
2024-01-19 17:48:00,VIN-D1496,71.0
2024-01-19 17:51:00,VIN-D1497,72.5
2024-01-19 17:54:00,VIN-D1498,97.8
2024-01-19 17:57:00,VIN-D1499,89.0
2024-01-19 18:00:00,VIN-D1500,72.7
2024-01-19 18:03:00,VIN-D1501,80.7
2024-01-19 18:06:00,VIN-D1502,91.2
2024-01-19 18:09:00,VIN-D1503,86.9
2024-01-19 18:12:00,VIN-D1504,86.7
2024-01-19 18:15:00,VIN-D1505,73.1
2024-01-19 18:18:00,VIN-D1506,100.8
2024-01-19 18:21:00,VIN-D1507,103.9
2024-01-19 18:24:00,VIN-D1508,71.6
2024-01-19 18:27:00,VIN-D1509,74.3
2024-01-19 18:30:00,VIN-D1510,72.9
2024-01-19 18:33:00,VIN-D1511,79.9
2024-01-19 18:36:00,VIN-D1512,102.4
2024-01-19 18:39:00,VIN-D1513,100.2
2024-01-19 18:42:00,VIN-D1514,90.8
2024-01-19 18:45:00,VIN-D1515,83.2
2024-01-19 18:48:00,VIN-D1516,91.9
2024-01-19 18:51:00,VIN-D1517,98.5
2024-01-19 18:54:00,VIN-D1518,97.8
2024-01-19 18:57:00,VIN-D1519,83.7
2024-01-19 19:00:00,VIN-D1520,102.4
2024-01-19 19:03:00,VIN-D1521,108.5
2024-01-19 19:06:00,VIN-D1522,86.4
2024-01-19 19:09:00,VIN-D1523,105.6
2024-01-19 19:12:00,VIN-D1524,106.2
2024-01-19 19:15:00,VIN-D1525,75.8
2024-01-19 19:18:00,VIN-D1526,92.6
2024-01-19 19:21:00,VIN-D1527,72.1
2024-01-19 19:24:00,VIN-D1528,93.4
2024-01-19 19:27:00,VIN-D1529,103.9
2024-01-19 19:30:00,VIN-D1530,70.0
2024-01-19 19:33:00,VIN-D1531,99.8
2024-01-19 19:36:00,VIN-D1532,89.8
2024-01-19 19:39:00,VIN-D1533,85.6
2024-01-19 19:42:00,VIN-D1534,78.4
2024-01-19 19:45:00,VIN-D1535,104.0
2024-01-19 19:48:00,VIN-D1536,81.6
2024-01-19 19:51:00,VIN-D1537,91.1
2024-01-19 19:54:00,VIN-D1538,77.6
2024-01-19 19:57:00,VIN-D1539,70.9
2024-01-19 20:00:00,VIN-D1540,85.4
2024-01-19 20:03:00,VIN-D1541,105.7
2024-01-19 20:06:00,VIN-D1542,89.6
2024-01-19 20:09:00,VIN-D1543,97.5
2024-01-19 20:12:00,VIN-D1544,82.5
2024-01-19 20:15:00,VIN-D1545,80.9
2024-01-19 20:18:00,VIN-D1546,97.0
2024-01-19 20:21:00,VIN-D1547,93.6
2024-01-19 20:24:00,VIN-D1548,85.2
2024-01-19 20:27:00,VIN-D1549,102.4
2024-01-19 20:30:00,VIN-D1550,75.6
2024-01-19 20:33:00,VIN-D1551,88.8
2024-01-19 20:36:00,VIN-D1552,94.5
2024-01-19 20:39:00,VIN-D1553,108.6
2024-01-19 20:42:00,VIN-D1554,76.4
2024-01-19 20:45:00,VIN-D1555,105.8
2024-01-19 20:48:00,VIN-D1556,73.2
2024-01-19 20:51:00,VIN-D1557,84.5
2024-01-19 20:54:00,VIN-D1558,96.4
2024-01-19 20:57:00,VIN-D1559,101.1
2024-01-19 21:00:00,VIN-D1560,97.9
2024-01-19 21:03:00,VIN-D1561,77.5
2024-01-19 21:06:00,VIN-D1562,103.5
2024-01-19 21:09:00,VIN-D1563,105.5
2024-01-19 21:12:00,VIN-D1564,88.8
2024-01-19 21:15:00,VIN-D1565,98.5
2024-01-19 21:18:00,VIN-D1566,81.8
2024-01-19 21:21:00,VIN-D1567,99.7
2024-01-19 21:24:00,VIN-D1568,101.7
2024-01-19 21:27:00,VIN-D1569,101.4
2024-01-19 21:30:00,VIN-D1570,104.7
2024-01-19 21:33:00,VIN-D1571,83.0
2024-01-19 21:36:00,VIN-D1572,75.4
2024-01-19 21:39:00,VIN-D1573,89.1
2024-01-19 21:42:00,VIN-D1574,84.5
2024-01-19 21:45:00,VIN-D1575,96.3
2024-01-19 21:48:00,VIN-D1576,73.7
2024-01-19 21:51:00,VIN-D1577,87.3
2024-01-19 21:54:00,VIN-D1578,91.2
2024-01-19 21:57:00,VIN-D1579,91.7
2024-01-19 22:00:00,VIN-D1580,100.3
2024-01-19 22:03:00,VIN-D1581,106.0
2024-01-19 22:06:00,VIN-D1582,84.7
2024-01-19 22:09:00,VIN-D1583,100.1
2024-01-19 22:12:00,VIN-D1584,97.3
2024-01-19 22:15:00,VIN-D1585,95.8
2024-01-19 22:18:00,VIN-D1586,82.4
2024-01-19 22:21:00,VIN-D1587,93.7
2024-01-19 22:24:00,VIN-D1588,95.8
2024-01-19 22:27:00,VIN-D1589,78.6
2024-01-19 22:30:00,VIN-D1590,104.8
2024-01-19 22:33:00,VIN-D1591,109.1
2024-01-19 22:36:00,VIN-D1592,74.6
2024-01-19 22:39:00,VIN-D1593,79.2
2024-01-19 22:42:00,VIN-D1594,73.5
2024-01-19 22:45:00,VIN-D1595,92.8
2024-01-19 22:48:00,VIN-D1596,105.3
2024-01-19 22:51:00,VIN-D1597,97.2
2024-01-19 22:54:00,VIN-D1598,102.4
2024-01-19 22:57:00,VIN-D1599,70.9
2024-01-19 23:00:00,VIN-D1600,90.2
2024-01-19 23:03:00,VIN-D1601,85.8
2024-01-19 23:06:00,VIN-D1602,93.4
2024-01-19 23:09:00,VIN-D1603,92.6
2024-01-19 23:12:00,VIN-D1604,96.6
2024-01-19 23:15:00,VIN-D1605,90.6
2024-01-19 23:18:00,VIN-D1606,96.4
2024-01-19 23:21:00,VIN-D1607,105.1
2024-01-19 23:24:00,VIN-D1608,86.9
2024-01-19 23:27:00,VIN-D1609,102.6
2024-01-19 23:30:00,VIN-D1610,74.6
2024-01-19 23:33:00,VIN-D1611,72.6
2024-01-19 23:36:00,VIN-D1612,78.2
2024-01-19 23:39:00,VIN-D1613,88.5
2024-01-19 23:42:00,VIN-D1614,87.8
2024-01-19 23:45:00,VIN-D1615,85.5
2024-01-19 23:48:00,VIN-D1616,82.9
2024-01-19 23:51:00,VIN-D1617,98.4
2024-01-19 23:54:00,VIN-D1618,70.0
2024-01-19 23:57:00,VIN-D1619,104.7
2024-01-20 00:00:00,VIN-D1620,107.6
2024-01-20 00:03:00,VIN-D1621,103.7
2024-01-20 00:06:00,VIN-D1622,94.2
2024-01-20 00:09:00,VIN-D1623,76.1
2024-01-20 00:12:00,VIN-D1624,88.4
2024-01-20 00:15:00,VIN-D1625,84.7
2024-01-20 00:18:00,VIN-D1626,101.3
2024-01-20 00:21:00,VIN-D1627,100.3
2024-01-20 00:24:00,VIN-D1628,98.6
2024-01-20 00:27:00,VIN-D1629,99.1
2024-01-20 00:30:00,VIN-D1630,99.2
2024-01-20 00:33:00,VIN-D1631,99.8
2024-01-20 00:36:00,VIN-D1632,96.1
2024-01-20 00:39:00,VIN-D1633,80.7
2024-01-20 00:42:00,VIN-D1634,77.3
2024-01-20 00:45:00,VIN-D1635,96.3
2024-01-20 00:48:00,VIN-D1636,77.0
2024-01-20 00:51:00,VIN-D1637,97.9
2024-01-20 00:54:00,VIN-D1638,93.3
2024-01-20 00:57:00,VIN-D1639,85.7
2024-01-20 01:00:00,VIN-D1640,72.5
2024-01-20 01:03:00,VIN-D1641,101.7
2024-01-20 01:06:00,VIN-D1642,80.4
2024-01-20 01:09:00,VIN-D1643,104.8
2024-01-20 01:12:00,VIN-D1644,78.2
2024-01-20 01:15:00,VIN-D1645,104.9
2024-01-20 01:18:00,VIN-D1646,94.2
2024-01-20 01:21:00,VIN-D1647,100.6
2024-01-20 01:24:00,VIN-D1648,87.6
2024-01-20 01:27:00,VIN-D1649,81.9
2024-01-20 01:30:00,VIN-D1650,89.0
2024-01-20 01:33:00,VIN-D1651,94.4
2024-01-20 01:36:00,VIN-D1652,98.2
2024-01-20 01:39:00,VIN-D1653,70.4
2024-01-20 01:42:00,VIN-D1654,101.0
2024-01-20 01:45:00,VIN-D1655,85.6
2024-01-20 01:48:00,VIN-D1656,86.8
2024-01-20 01:51:00,VIN-D1657,73.0
2024-01-20 01:54:00,VIN-D1658,99.7
2024-01-20 01:57:00,VIN-D1659,98.0
2024-01-20 02:00:00,VIN-D1660,101.9
2024-01-20 02:03:00,VIN-D1661,83.4
2024-01-20 02:06:00,VIN-D1662,84.5
2024-01-20 02:09:00,VIN-D1663,96.7
2024-01-20 02:12:00,VIN-D1664,70.2
2024-01-20 02:15:00,VIN-D1665,94.3
2024-01-20 02:18:00,VIN-D1666,91.7
2024-01-20 02:21:00,VIN-D1667,85.0
2024-01-20 02:24:00,VIN-D1668,82.0
2024-01-20 02:27:00,VIN-D1669,104.0
2024-01-20 02:30:00,VIN-D1670,82.8
2024-01-20 02:33:00,VIN-D1671,74.1
2024-01-20 02:36:00,VIN-D1672,99.0
2024-01-20 02:39:00,VIN-D1673,82.6
2024-01-20 02:42:00,VIN-D1674,100.0
2024-01-20 02:45:00,VIN-D1675,96.0
2024-01-20 02:48:00,VIN-D1676,92.5
2024-01-20 02:51:00,VIN-D1677,89.5
2024-01-20 02:54:00,VIN-D1678,90.0
2024-01-20 02:57:00,VIN-D1679,85.1
2024-01-20 03:00:00,VIN-D1680,85.5
2024-01-20 03:03:00,VIN-D1681,82.0
2024-01-20 03:06:00,VIN-D1682,109.0
2024-01-20 03:09:00,VIN-D1683,76.2
2024-01-20 03:12:00,VIN-D1684,90.1
2024-01-20 03:15:00,VIN-D1685,77.3
2024-01-20 03:18:00,VIN-D1686,79.8
2024-01-20 03:21:00,VIN-D1687,74.6
2024-01-20 03:24:00,VIN-D1688,80.1
2024-01-20 03:27:00,VIN-D1689,104.6
2024-01-20 03:30:00,VIN-D1690,80.8
2024-01-20 03:33:00,VIN-D1691,109.1
2024-01-20 03:36:00,VIN-D1692,93.2
2024-01-20 03:39:00,VIN-D1693,89.4
2024-01-20 03:42:00,VIN-D1694,78.2
2024-01-20 03:45:00,VIN-D1695,91.0
2024-01-20 03:48:00,VIN-D1696,106.1
2024-01-20 03:51:00,VIN-D1697,74.5
2024-01-20 03:54:00,VIN-D1698,80.6
2024-01-20 03:57:00,VIN-D1699,72.6
2024-01-20 04:00:00,VIN-D1700,77.2
2024-01-20 04:03:00,VIN-D1701,81.1
2024-01-20 04:06:00,VIN-D1702,78.9
2024-01-20 04:09:00,VIN-D1703,85.3
2024-01-20 04:12:00,VIN-D1704,107.1
2024-01-20 04:15:00,VIN-D1705,83.3
2024-01-20 04:18:00,VIN-D1706,75.1
2024-01-20 04:21:00,VIN-D1707,106.7
2024-01-20 04:24:00,VIN-D1708,84.0
2024-01-20 04:27:00,VIN-D1709,92.0
2024-01-20 04:30:00,VIN-D1710,92.9
2024-01-20 04:33:00,VIN-D1711,86.3
2024-01-20 04:36:00,VIN-D1712,74.1
2024-01-20 04:39:00,VIN-D1713,107.5
2024-01-20 04:42:00,VIN-D1714,83.4
2024-01-20 04:45:00,VIN-D1715,105.1
2024-01-20 04:48:00,VIN-D1716,107.3
2024-01-20 04:51:00,VIN-D1717,92.8
2024-01-20 04:54:00,VIN-D1718,99.2
2024-01-20 04:57:00,VIN-D1719,91.0
2024-01-20 05:00:00,VIN-D1720,95.3
2024-01-20 05:03:00,VIN-D1721,101.1
2024-01-20 05:06:00,VIN-D1722,104.1
2024-01-20 05:09:00,VIN-D1723,88.2
2024-01-20 05:12:00,VIN-D1724,104.7
2024-01-20 05:15:00,VIN-D1725,96.3
2024-01-20 05:18:00,VIN-D1726,107.2
2024-01-20 05:21:00,VIN-D1727,97.4
2024-01-20 05:24:00,VIN-D1728,87.7
2024-01-20 05:27:00,VIN-D1729,97.5
2024-01-20 05:30:00,VIN-D1730,98.4
2024-01-20 05:33:00,VIN-D1731,75.9
2024-01-20 05:36:00,VIN-D1732,79.5
2024-01-20 05:39:00,VIN-D1733,99.5
2024-01-20 05:42:00,VIN-D1734,87.7
2024-01-20 05:45:00,VIN-D1735,76.6
2024-01-20 05:48:00,VIN-D1736,98.7
2024-01-20 05:51:00,VIN-D1737,96.8
2024-01-20 05:54:00,VIN-D1738,70.3
2024-01-20 05:57:00,VIN-D1739,97.6
2024-01-20 06:00:00,VIN-D1740,83.5
2024-01-20 06:03:00,VIN-D1741,104.8
2024-01-20 06:06:00,VIN-D1742,99.6
2024-01-20 06:09:00,VIN-D1743,104.1
2024-01-20 06:12:00,VIN-D1744,72.6
2024-01-20 06:15:00,VIN-D1745,91.9
2024-01-20 06:18:00,VIN-D1746,89.3
2024-01-20 06:21:00,VIN-D1747,88.0
2024-01-20 06:24:00,VIN-D1748,74.5
2024-01-20 06:27:00,VIN-D1749,82.4
2024-01-20 06:30:00,VIN-D1750,70.1
2024-01-20 06:33:00,VIN-D1751,103.2
2024-01-20 06:36:00,VIN-D1752,86.3
2024-01-20 06:39:00,VIN-D1753,109.1
2024-01-20 06:42:00,VIN-D1754,86.9
2024-01-20 06:45:00,VIN-D1755,83.4
2024-01-20 06:48:00,VIN-D1756,89.2
2024-01-20 06:51:00,VIN-D1757,88.0
2024-01-20 06:54:00,VIN-D1758,81.6
2024-01-20 06:57:00,VIN-D1759,89.3
2024-01-20 07:00:00,VIN-D1760,81.7
2024-01-20 07:03:00,VIN-D1761,71.0
2024-01-20 07:06:00,VIN-D1762,91.1
2024-01-20 07:09:00,VIN-D1763,100.2
2024-01-20 07:12:00,VIN-D1764,91.1
2024-01-20 07:15:00,VIN-D1765,101.7
2024-01-20 07:18:00,VIN-D1766,99.4
2024-01-20 07:21:00,VIN-D1767,74.7
2024-01-20 07:24:00,VIN-D1768,87.1
2024-01-20 07:27:00,VIN-D1769,95.4
2024-01-20 07:30:00,VIN-D1770,79.2
2024-01-20 07:33:00,VIN-D1771,96.5
2024-01-20 07:36:00,VIN-D1772,83.4
2024-01-20 07:39:00,VIN-D1773,75.2
2024-01-20 07:42:00,VIN-D1774,107.1
2024-01-20 07:45:00,VIN-D1775,95.0
2024-01-20 07:48:00,VIN-D1776,106.8
2024-01-20 07:51:00,VIN-D1777,92.5
2024-01-20 07:54:00,VIN-D1778,82.2
2024-01-20 07:57:00,VIN-D1779,89.4
2024-01-20 08:00:00,VIN-D1780,72.6
2024-01-20 08:03:00,VIN-D1781,80.4
2024-01-20 08:06:00,VIN-D1782,86.1
2024-01-20 08:09:00,VIN-D1783,99.2
2024-01-20 08:12:00,VIN-D1784,80.9
2024-01-20 08:15:00,VIN-D1785,89.8
2024-01-20 08:18:00,VIN-D1786,70.4
2024-01-20 08:21:00,VIN-D1787,72.0
2024-01-20 08:24:00,VIN-D1788,72.9
2024-01-20 08:27:00,VIN-D1789,105.5
2024-01-20 08:30:00,VIN-D1790,78.9
2024-01-20 08:33:00,VIN-D1791,85.2
2024-01-20 08:36:00,VIN-D1792,84.6
2024-01-20 08:39:00,VIN-D1793,107.1
2024-01-20 08:42:00,VIN-D1794,79.3
2024-01-20 08:45:00,VIN-D1795,74.3
2024-01-20 08:48:00,VIN-D1796,85.8
2024-01-20 08:51:00,VIN-D1797,107.1
2024-01-20 08:54:00,VIN-D1798,89.5
2024-01-20 08:57:00,VIN-D1799,74.8
2024-01-20 09:00:00,VIN-D1800,100.3
2024-01-20 09:03:00,VIN-D1801,71.5
2024-01-20 09:06:00,VIN-D1802,80.6
2024-01-20 09:09:00,VIN-D1803,105.9
2024-01-20 09:12:00,VIN-D1804,100.6
2024-01-20 09:15:00,VIN-D1805,108.7
2024-01-20 09:18:00,VIN-D1806,94.0
2024-01-20 09:21:00,VIN-D1807,99.1
2024-01-20 09:24:00,VIN-D1808,103.4
2024-01-20 09:27:00,VIN-D1809,80.2
2024-01-20 09:30:00,VIN-D1810,70.8
2024-01-20 09:33:00,VIN-D1811,87.8
2024-01-20 09:36:00,VIN-D1812,82.5
2024-01-20 09:39:00,VIN-D1813,70.1
2024-01-20 09:42:00,VIN-D1814,82.4
2024-01-20 09:45:00,VIN-D1815,70.1
2024-01-20 09:48:00,VIN-D1816,84.1
2024-01-20 09:51:00,VIN-D1817,85.4
2024-01-20 09:54:00,VIN-D1818,98.8
2024-01-20 09:57:00,VIN-D1819,107.6
2024-01-20 10:00:00,VIN-D1820,103.7
2024-01-20 10:03:00,VIN-D1821,104.8
2024-01-20 10:06:00,VIN-D1822,83.6
2024-01-20 10:09:00,VIN-D1823,90.4
2024-01-20 10:12:00,VIN-D1824,97.9
2024-01-20 10:15:00,VIN-D1825,85.7
2024-01-20 10:18:00,VIN-D1826,96.3
2024-01-20 10:21:00,VIN-D1827,99.3
2024-01-20 10:24:00,VIN-D1828,88.1
2024-01-20 10:27:00,VIN-D1829,88.0
2024-01-20 10:30:00,VIN-D1830,87.4
2024-01-20 10:33:00,VIN-D1831,93.2
2024-01-20 10:36:00,VIN-D1832,95.6
2024-01-20 10:39:00,VIN-D1833,109.0
2024-01-20 10:42:00,VIN-D1834,101.5
2024-01-20 10:45:00,VIN-D1835,76.3
2024-01-20 10:48:00,VIN-D1836,86.4
2024-01-20 10:51:00,VIN-D1837,106.4
2024-01-20 10:54:00,VIN-D1838,105.9
2024-01-20 10:57:00,VIN-D1839,71.3
2024-01-20 11:00:00,VIN-D1840,105.0
2024-01-20 11:03:00,VIN-D1841,79.7
2024-01-20 11:06:00,VIN-D1842,77.6
2024-01-20 11:09:00,VIN-D1843,90.5
2024-01-20 11:12:00,VIN-D1844,76.3
2024-01-20 11:15:00,VIN-D1845,104.9
2024-01-20 11:18:00,VIN-D1846,108.2
2024-01-20 11:21:00,VIN-D1847,92.5
2024-01-20 11:24:00,VIN-D1848,79.8
2024-01-20 11:27:00,VIN-D1849,70.9
2024-01-20 11:30:00,VIN-D1850,103.8
2024-01-20 11:33:00,VIN-D1851,81.6
2024-01-20 11:36:00,VIN-D1852,102.4
2024-01-20 11:39:00,VIN-D1853,75.8
2024-01-20 11:42:00,VIN-D1854,104.8
2024-01-20 11:45:00,VIN-D1855,107.7
2024-01-20 11:48:00,VIN-D1856,75.0
2024-01-20 11:51:00,VIN-D1857,82.9
2024-01-20 11:54:00,VIN-D1858,106.9
2024-01-20 11:57:00,VIN-D1859,71.5
2024-01-20 12:00:00,VIN-D1860,77.4
2024-01-20 12:03:00,VIN-D1861,107.3
2024-01-20 12:06:00,VIN-D1862,92.1
2024-01-20 12:09:00,VIN-D1863,74.5
2024-01-20 12:12:00,VIN-D1864,109.4
2024-01-20 12:15:00,VIN-D1865,73.3
2024-01-20 12:18:00,VIN-D1866,77.8
2024-01-20 12:21:00,VIN-D1867,71.0
2024-01-20 12:24:00,VIN-D1868,77.1
2024-01-20 12:27:00,VIN-D1869,109.4
2024-01-20 12:30:00,VIN-D1870,105.7
2024-01-20 12:33:00,VIN-D1871,72.5
2024-01-20 12:36:00,VIN-D1872,105.6
2024-01-20 12:39:00,VIN-D1873,76.9
2024-01-20 12:42:00,VIN-D1874,108.6
2024-01-20 12:45:00,VIN-D1875,93.7
2024-01-20 12:48:00,VIN-D1876,89.6
2024-01-20 12:51:00,VIN-D1877,90.2
2024-01-20 12:54:00,VIN-D1878,88.2
2024-01-20 12:57:00,VIN-D1879,99.5
2024-01-20 13:00:00,VIN-D1880,86.4
2024-01-20 13:03:00,VIN-D1881,103.7
2024-01-20 13:06:00,VIN-D1882,95.9
2024-01-20 13:09:00,VIN-D1883,91.6
2024-01-20 13:12:00,VIN-D1884,99.9
2024-01-20 13:15:00,VIN-D1885,99.3
2024-01-20 13:18:00,VIN-D1886,95.2
2024-01-20 13:21:00,VIN-D1887,109.7
2024-01-20 13:24:00,VIN-D1888,78.4
2024-01-20 13:27:00,VIN-D1889,93.2
2024-01-20 13:30:00,VIN-D1890,82.5
2024-01-20 13:33:00,VIN-D1891,109.6
2024-01-20 13:36:00,VIN-D1892,104.0
2024-01-20 13:39:00,VIN-D1893,72.2
2024-01-20 13:42:00,VIN-D1894,99.7
2024-01-20 13:45:00,VIN-D1895,79.2
2024-01-20 13:48:00,VIN-D1896,77.6
2024-01-20 13:51:00,VIN-D1897,74.8
2024-01-20 13:54:00,VIN-D1898,106.8
2024-01-20 13:57:00,VIN-D1899,94.1
2024-01-20 14:00:00,VIN-D1900,93.9
2024-01-20 14:03:00,VIN-D1901,86.5
2024-01-20 14:06:00,VIN-D1902,76.3
2024-01-20 14:09:00,VIN-D1903,73.5
2024-01-20 14:12:00,VIN-D1904,80.5
2024-01-20 14:15:00,VIN-D1905,98.2
2024-01-20 14:18:00,VIN-D1906,89.2
2024-01-20 14:21:00,VIN-D1907,99.7
2024-01-20 14:24:00,VIN-D1908,108.7
2024-01-20 14:27:00,VIN-D1909,81.5
2024-01-20 14:30:00,VIN-D1910,88.8
2024-01-20 14:33:00,VIN-D1911,98.5
2024-01-20 14:36:00,VIN-D1912,97.8
2024-01-20 14:39:00,VIN-D1913,109.4
2024-01-20 14:42:00,VIN-D1914,86.0
2024-01-20 14:45:00,VIN-D1915,89.1
2024-01-20 14:48:00,VIN-D1916,73.7
2024-01-20 14:51:00,VIN-D1917,76.3
2024-01-20 14:54:00,VIN-D1918,105.5
2024-01-20 14:57:00,VIN-D1919,106.6
2024-01-20 15:00:00,VIN-D1920,105.8
2024-01-20 15:03:00,VIN-D1921,97.3
2024-01-20 15:06:00,VIN-D1922,96.2
2024-01-20 15:09:00,VIN-D1923,77.7
2024-01-20 15:12:00,VIN-D1924,107.3
2024-01-20 15:15:00,VIN-D1925,71.2
2024-01-20 15:18:00,VIN-D1926,74.5
2024-01-20 15:21:00,VIN-D1927,104.3
2024-01-20 15:24:00,VIN-D1928,88.2
2024-01-20 15:27:00,VIN-D1929,88.8
2024-01-20 15:30:00,VIN-D1930,80.4
2024-01-20 15:33:00,VIN-D1931,81.6
2024-01-20 15:36:00,VIN-D1932,98.4
2024-01-20 15:39:00,VIN-D1933,104.1
2024-01-20 15:42:00,VIN-D1934,78.2
2024-01-20 15:45:00,VIN-D1935,103.4
2024-01-20 15:48:00,VIN-D1936,105.1
2024-01-20 15:51:00,VIN-D1937,81.0
2024-01-20 15:54:00,VIN-D1938,108.1
2024-01-20 15:57:00,VIN-D1939,75.1
2024-01-20 16:00:00,VIN-D1940,86.0
2024-01-20 16:03:00,VIN-D1941,73.9
2024-01-20 16:06:00,VIN-D1942,81.2
2024-01-20 16:09:00,VIN-D1943,72.6
2024-01-20 16:12:00,VIN-D1944,83.0
2024-01-20 16:15:00,VIN-D1945,100.1
2024-01-20 16:18:00,VIN-D1946,87.2
2024-01-20 16:21:00,VIN-D1947,74.1
2024-01-20 16:24:00,VIN-D1948,107.3
2024-01-20 16:27:00,VIN-D1949,99.7
2024-01-20 16:30:00,VIN-D1950,107.9
2024-01-20 16:33:00,VIN-D1951,95.6
2024-01-20 16:36:00,VIN-D1952,88.1
2024-01-20 16:39:00,VIN-D1953,109.4
2024-01-20 16:42:00,VIN-D1954,95.4
2024-01-20 16:45:00,VIN-D1955,82.3
2024-01-20 16:48:00,VIN-D1956,84.8
2024-01-20 16:51:00,VIN-D1957,79.9
2024-01-20 16:54:00,VIN-D1958,96.6
2024-01-20 16:57:00,VIN-D1959,103.5
2024-01-20 17:00:00,VIN-D1960,101.9
2024-01-20 17:03:00,VIN-D1961,101.8
2024-01-20 17:06:00,VIN-D1962,90.7
2024-01-20 17:09:00,VIN-D1963,80.7
2024-01-20 17:12:00,VIN-D1964,92.6
2024-01-20 17:15:00,VIN-D1965,71.3
2024-01-20 17:18:00,VIN-D1966,90.1
2024-01-20 17:21:00,VIN-D1967,85.6
2024-01-20 17:24:00,VIN-D1968,99.6
2024-01-20 17:27:00,VIN-D1969,81.5
2024-01-20 17:30:00,VIN-D1970,93.9
2024-01-20 17:33:00,VIN-D1971,77.1
2024-01-20 17:36:00,VIN-D1972,90.4
2024-01-20 17:39:00,VIN-D1973,85.8
2024-01-20 17:42:00,VIN-D1974,76.0
2024-01-20 17:45:00,VIN-D1975,94.1
2024-01-20 17:48:00,VIN-D1976,78.4
2024-01-20 17:51:00,VIN-D1977,89.4
2024-01-20 17:54:00,VIN-D1978,90.8
2024-01-20 17:57:00,VIN-D1979,74.9
2024-01-20 18:00:00,VIN-D1980,108.3
2024-01-20 18:03:00,VIN-D1981,89.9
2024-01-20 18:06:00,VIN-D1982,82.6
2024-01-20 18:09:00,VIN-D1983,77.2
2024-01-20 18:12:00,VIN-D1984,98.9
2024-01-20 18:15:00,VIN-D1985,87.6
2024-01-20 18:18:00,VIN-D1986,84.8
2024-01-20 18:21:00,VIN-D1987,75.7
2024-01-20 18:24:00,VIN-D1988,109.9
2024-01-20 18:27:00,VIN-D1989,79.0
2024-01-20 18:30:00,VIN-D1990,104.5
2024-01-20 18:33:00,VIN-D1991,89.8
2024-01-20 18:36:00,VIN-D1992,85.8
2024-01-20 18:39:00,VIN-D1993,88.4
2024-01-20 18:42:00,VIN-D1994,86.9
2024-01-20 18:45:00,VIN-D1995,93.3
2024-01-20 18:48:00,VIN-D1996,96.4
2024-01-20 18:51:00,VIN-D1997,72.0
2024-01-20 18:54:00,VIN-D1998,107.8
2024-01-20 18:57:00,VIN-D1999,86.2
2024-01-20 19:00:00,VIN-D2000,98.5
2024-01-20 19:03:00,VIN-D2001,102.9
2024-01-20 19:06:00,VIN-D2002,106.3
2024-01-20 19:09:00,VIN-D2003,105.5
2024-01-20 19:12:00,VIN-D2004,78.3
2024-01-20 19:15:00,VIN-D2005,70.5
2024-01-20 19:18:00,VIN-D2006,108.4
2024-01-20 19:21:00,VIN-D2007,79.0
2024-01-20 19:24:00,VIN-D2008,75.6
2024-01-20 19:27:00,VIN-D2009,87.9
2024-01-20 19:30:00,VIN-D2010,107.0
2024-01-20 19:33:00,VIN-D2011,91.6
2024-01-20 19:36:00,VIN-D2012,105.5
2024-01-20 19:39:00,VIN-D2013,78.9
2024-01-20 19:42:00,VIN-D2014,93.0
2024-01-20 19:45:00,VIN-D2015,82.5
2024-01-20 19:48:00,VIN-D2016,70.6
2024-01-20 19:51:00,VIN-D2017,96.0
2024-01-20 19:54:00,VIN-D2018,106.7
2024-01-20 19:57:00,VIN-D2019,101.2
2024-01-20 20:00:00,VIN-D2020,92.6
2024-01-20 20:03:00,VIN-D2021,72.3
2024-01-20 20:06:00,VIN-D2022,89.7
2024-01-20 20:09:00,VIN-D2023,108.5
2024-01-20 20:12:00,VIN-D2024,88.6
2024-01-20 20:15:00,VIN-D2025,74.0
2024-01-20 20:18:00,VIN-D2026,78.7
2024-01-20 20:21:00,VIN-D2027,86.4
2024-01-20 20:24:00,VIN-D2028,78.5
2024-01-20 20:27:00,VIN-D2029,98.7
2024-01-20 20:30:00,VIN-D2030,83.5
2024-01-20 20:33:00,VIN-D2031,78.2
2024-01-20 20:36:00,VIN-D2032,79.2
2024-01-20 20:39:00,VIN-D2033,70.3
2024-01-20 20:42:00,VIN-D2034,71.1
2024-01-20 20:45:00,VIN-D2035,105.2
2024-01-20 20:48:00,VIN-D2036,90.7
2024-01-20 20:51:00,VIN-D2037,85.6
2024-01-20 20:54:00,VIN-D2038,75.1
2024-01-20 20:57:00,VIN-D2039,79.8
2024-01-20 21:00:00,VIN-D2040,72.4
2024-01-20 21:03:00,VIN-D2041,93.0
2024-01-20 21:06:00,VIN-D2042,85.4
2024-01-20 21:09:00,VIN-D2043,75.2
2024-01-20 21:12:00,VIN-D2044,94.9
2024-01-20 21:15:00,VIN-D2045,103.9
2024-01-20 21:18:00,VIN-D2046,70.4
2024-01-20 21:21:00,VIN-D2047,91.6
2024-01-20 21:24:00,VIN-D2048,81.1
2024-01-20 21:27:00,VIN-D2049,110.0
2024-01-20 21:30:00,VIN-D2050,103.0
2024-01-20 21:33:00,VIN-D2051,71.3
2024-01-20 21:36:00,VIN-D2052,106.2
2024-01-20 21:39:00,VIN-D2053,86.8
2024-01-20 21:42:00,VIN-D2054,71.9
2024-01-20 21:45:00,VIN-D2055,94.1
2024-01-20 21:48:00,VIN-D2056,72.9
2024-01-20 21:51:00,VIN-D2057,82.1
2024-01-20 21:54:00,VIN-D2058,85.5
2024-01-20 21:57:00,VIN-D2059,101.3
2024-01-20 22:00:00,VIN-D2060,90.8
2024-01-20 22:03:00,VIN-D2061,105.6
2024-01-20 22:06:00,VIN-D2062,80.2
2024-01-20 22:09:00,VIN-D2063,91.1
2024-01-20 22:12:00,VIN-D2064,84.0
2024-01-20 22:15:00,VIN-D2065,104.4
2024-01-20 22:18:00,VIN-D2066,86.9
2024-01-20 22:21:00,VIN-D2067,97.9
2024-01-20 22:24:00,VIN-D2068,109.5
2024-01-20 22:27:00,VIN-D2069,101.7
2024-01-20 22:30:00,VIN-D2070,72.4
2024-01-20 22:33:00,VIN-D2071,94.1
2024-01-20 22:36:00,VIN-D2072,87.6
2024-01-20 22:39:00,VIN-D2073,80.3
2024-01-20 22:42:00,VIN-D2074,108.0
2024-01-20 22:45:00,VIN-D2075,105.1
2024-01-20 22:48:00,VIN-D2076,95.0
2024-01-20 22:51:00,VIN-D2077,98.0
2024-01-20 22:54:00,VIN-D2078,72.3
2024-01-20 22:57:00,VIN-D2079,86.5
2024-01-20 23:00:00,VIN-D2080,93.7
2024-01-20 23:03:00,VIN-D2081,80.1
2024-01-20 23:06:00,VIN-D2082,77.4
2024-01-20 23:09:00,VIN-D2083,104.2
2024-01-20 23:12:00,VIN-D2084,80.9
2024-01-20 23:15:00,VIN-D2085,107.3
2024-01-20 23:18:00,VIN-D2086,99.9
2024-01-20 23:21:00,VIN-D2087,106.6
2024-01-20 23:24:00,VIN-D2088,70.8
2024-01-20 23:27:00,VIN-D2089,83.6
2024-01-20 23:30:00,VIN-D2090,79.4
2024-01-20 23:33:00,VIN-D2091,92.4
2024-01-20 23:36:00,VIN-D2092,95.8
2024-01-20 23:39:00,VIN-D2093,96.6
2024-01-20 23:42:00,VIN-D2094,104.1
2024-01-20 23:45:00,VIN-D2095,82.9
2024-01-20 23:48:00,VIN-D2096,92.5
2024-01-20 23:51:00,VIN-D2097,75.1
2024-01-20 23:54:00,VIN-D2098,87.4
2024-01-20 23:57:00,VIN-D2099,100.1
2024-01-21 00:00:00,VIN-D2100,94.1
2024-01-21 00:03:00,VIN-D2101,75.0
2024-01-21 00:06:00,VIN-D2102,74.5
2024-01-21 00:09:00,VIN-D2103,91.2
2024-01-21 00:12:00,VIN-D2104,82.7
2024-01-21 00:15:00,VIN-D2105,99.3
2024-01-21 00:18:00,VIN-D2106,89.4
2024-01-21 00:21:00,VIN-D2107,89.1
2024-01-21 00:24:00,VIN-D2108,80.9
2024-01-21 00:27:00,VIN-D2109,107.8
2024-01-21 00:30:00,VIN-D2110,97.9
2024-01-21 00:33:00,VIN-D2111,94.7
2024-01-21 00:36:00,VIN-D2112,88.3
2024-01-21 00:39:00,VIN-D2113,89.6
2024-01-21 00:42:00,VIN-D2114,84.3
2024-01-21 00:45:00,VIN-D2115,85.6
2024-01-21 00:48:00,VIN-D2116,78.4
2024-01-21 00:51:00,VIN-D2117,70.1
2024-01-21 00:54:00,VIN-D2118,108.1
2024-01-21 00:57:00,VIN-D2119,88.8
2024-01-21 01:00:00,VIN-D2120,89.0
2024-01-21 01:03:00,VIN-D2121,72.4
2024-01-21 01:06:00,VIN-D2122,103.7
2024-01-21 01:09:00,VIN-D2123,102.7
2024-01-21 01:12:00,VIN-D2124,102.4
2024-01-21 01:15:00,VIN-D2125,101.1
2024-01-21 01:18:00,VIN-D2126,91.6
2024-01-21 01:21:00,VIN-D2127,77.9
2024-01-21 01:24:00,VIN-D2128,94.1
2024-01-21 01:27:00,VIN-D2129,79.0
2024-01-21 01:30:00,VIN-D2130,75.6
2024-01-21 01:33:00,VIN-D2131,92.6
2024-01-21 01:36:00,VIN-D2132,107.8
2024-01-21 01:39:00,VIN-D2133,102.1
2024-01-21 01:42:00,VIN-D2134,74.0
2024-01-21 01:45:00,VIN-D2135,91.2
2024-01-21 01:48:00,VIN-D2136,72.1
2024-01-21 01:51:00,VIN-D2137,77.9
2024-01-21 01:54:00,VIN-D2138,75.7
2024-01-21 01:57:00,VIN-D2139,77.1
2024-01-21 02:00:00,VIN-D2140,100.3
2024-01-21 02:03:00,VIN-D2141,73.6
2024-01-21 02:06:00,VIN-D2142,106.3
2024-01-21 02:09:00,VIN-D2143,92.9
2024-01-21 02:12:00,VIN-D2144,79.9
2024-01-21 02:15:00,VIN-D2145,109.7
2024-01-21 02:18:00,VIN-D2146,93.6
2024-01-21 02:21:00,VIN-D2147,71.1
2024-01-21 02:24:00,VIN-D2148,109.7
2024-01-21 02:27:00,VIN-D2149,97.2
2024-01-21 02:30:00,VIN-D2150,93.0
2024-01-21 02:33:00,VIN-D2151,98.8
2024-01-21 02:36:00,VIN-D2152,105.5
2024-01-21 02:39:00,VIN-D2153,89.0
2024-01-21 02:42:00,VIN-D2154,72.1
2024-01-21 02:45:00,VIN-D2155,105.0
2024-01-21 02:48:00,VIN-D2156,109.8
2024-01-21 02:51:00,VIN-D2157,76.3
2024-01-21 02:54:00,VIN-D2158,77.9
2024-01-21 02:57:00,VIN-D2159,81.1
2024-01-21 03:00:00,VIN-D2160,97.6
2024-01-21 03:03:00,VIN-D2161,100.5
2024-01-21 03:06:00,VIN-D2162,104.4
2024-01-21 03:09:00,VIN-D2163,87.7
2024-01-21 03:12:00,VIN-D2164,101.5
2024-01-21 03:15:00,VIN-D2165,81.8
2024-01-21 03:18:00,VIN-D2166,93.9
2024-01-21 03:21:00,VIN-D2167,82.5
2024-01-21 03:24:00,VIN-D2168,89.4
2024-01-21 03:27:00,VIN-D2169,70.7
2024-01-21 03:30:00,VIN-D2170,88.4
2024-01-21 03:33:00,VIN-D2171,80.0
2024-01-21 03:36:00,VIN-D2172,86.9
2024-01-21 03:39:00,VIN-D2173,94.8
2024-01-21 03:42:00,VIN-D2174,73.2
2024-01-21 03:45:00,VIN-D2175,96.5
2024-01-21 03:48:00,VIN-D2176,90.4
2024-01-21 03:51:00,VIN-D2177,108.2
2024-01-21 03:54:00,VIN-D2178,97.8
2024-01-21 03:57:00,VIN-D2179,81.0
2024-01-21 04:00:00,VIN-D2180,84.4
2024-01-21 04:03:00,VIN-D2181,70.3
2024-01-21 04:06:00,VIN-D2182,78.5
2024-01-21 04:09:00,VIN-D2183,102.5
2024-01-21 04:12:00,VIN-D2184,73.9
2024-01-21 04:15:00,VIN-D2185,86.5
2024-01-21 04:18:00,VIN-D2186,106.8
2024-01-21 04:21:00,VIN-D2187,70.6
2024-01-21 04:24:00,VIN-D2188,83.4
2024-01-21 04:27:00,VIN-D2189,72.1
2024-01-21 04:30:00,VIN-D2190,109.0
2024-01-21 04:33:00,VIN-D2191,103.4
2024-01-21 04:36:00,VIN-D2192,109.8
2024-01-21 04:39:00,VIN-D2193,73.3
2024-01-21 04:42:00,VIN-D2194,98.3
2024-01-21 04:45:00,VIN-D2195,72.3
2024-01-21 04:48:00,VIN-D2196,102.0
2024-01-21 04:51:00,VIN-D2197,109.9
2024-01-21 04:54:00,VIN-D2198,80.3
2024-01-21 04:57:00,VIN-D2199,76.0
2024-01-21 05:00:00,VIN-D2200,76.8
2024-01-21 05:03:00,VIN-D2201,85.5
2024-01-21 05:06:00,VIN-D2202,100.3
2024-01-21 05:09:00,VIN-D2203,104.1
2024-01-21 05:12:00,VIN-D2204,89.9
2024-01-21 05:15:00,VIN-D2205,92.5
2024-01-21 05:18:00,VIN-D2206,84.8
2024-01-21 05:21:00,VIN-D2207,96.8
2024-01-21 05:24:00,VIN-D2208,71.7
2024-01-21 05:27:00,VIN-D2209,104.0
2024-01-21 05:30:00,VIN-D2210,99.4
2024-01-21 05:33:00,VIN-D2211,99.9
2024-01-21 05:36:00,VIN-D2212,99.9
2024-01-21 05:39:00,VIN-D2213,98.0
2024-01-21 05:42:00,VIN-D2214,79.1
2024-01-21 05:45:00,VIN-D2215,86.4
2024-01-21 05:48:00,VIN-D2216,71.7
2024-01-21 05:51:00,VIN-D2217,81.8
2024-01-21 05:54:00,VIN-D2218,109.0
2024-01-21 05:57:00,VIN-D2219,71.8
2024-01-21 06:00:00,VIN-D2220,87.0
2024-01-21 06:03:00,VIN-D2221,93.8
2024-01-21 06:06:00,VIN-D2222,99.5
2024-01-21 06:09:00,VIN-D2223,104.6
2024-01-21 06:12:00,VIN-D2224,101.9
2024-01-21 06:15:00,VIN-D2225,83.9
2024-01-21 06:18:00,VIN-D2226,70.2
2024-01-21 06:21:00,VIN-D2227,77.2
2024-01-21 06:24:00,VIN-D2228,87.5
2024-01-21 06:27:00,VIN-D2229,89.3
2024-01-21 06:30:00,VIN-D2230,97.5
2024-01-21 06:33:00,VIN-D2231,92.1
2024-01-21 06:36:00,VIN-D2232,80.4
2024-01-21 06:39:00,VIN-D2233,74.4
2024-01-21 06:42:00,VIN-D2234,94.9
2024-01-21 06:45:00,VIN-D2235,106.5
2024-01-21 06:48:00,VIN-D2236,76.8
2024-01-21 06:51:00,VIN-D2237,102.3
2024-01-21 06:54:00,VIN-D2238,93.6
2024-01-21 06:57:00,VIN-D2239,73.6
2024-01-21 07:00:00,VIN-D2240,101.9
2024-01-21 07:03:00,VIN-D2241,99.7
2024-01-21 07:06:00,VIN-D2242,84.3
2024-01-21 07:09:00,VIN-D2243,104.0
2024-01-21 07:12:00,VIN-D2244,99.4
2024-01-21 07:15:00,VIN-D2245,79.1
2024-01-21 07:18:00,VIN-D2246,105.4
2024-01-21 07:21:00,VIN-D2247,87.5
2024-01-21 07:24:00,VIN-D2248,76.1
2024-01-21 07:27:00,VIN-D2249,91.7
2024-01-21 07:30:00,VIN-D2250,85.4
2024-01-21 07:33:00,VIN-D2251,79.7
2024-01-21 07:36:00,VIN-D2252,107.0
2024-01-21 07:39:00,VIN-D2253,83.0
2024-01-21 07:42:00,VIN-D2254,85.5
2024-01-21 07:45:00,VIN-D2255,102.8
2024-01-21 07:48:00,VIN-D2256,106.5
2024-01-21 07:51:00,VIN-D2257,95.4
2024-01-21 07:54:00,VIN-D2258,109.3
2024-01-21 07:57:00,VIN-D2259,91.6
2024-01-21 08:00:00,VIN-D2260,104.1
2024-01-21 08:03:00,VIN-D2261,108.2
2024-01-21 08:06:00,VIN-D2262,79.0
2024-01-21 08:09:00,VIN-D2263,70.1
2024-01-21 08:12:00,VIN-D2264,105.5
2024-01-21 08:15:00,VIN-D2265,88.8
2024-01-21 08:18:00,VIN-D2266,88.7
2024-01-21 08:21:00,VIN-D2267,99.9
2024-01-21 08:24:00,VIN-D2268,70.6
2024-01-21 08:27:00,VIN-D2269,76.4
2024-01-21 08:30:00,VIN-D2270,109.9
2024-01-21 08:33:00,VIN-D2271,82.8
2024-01-21 08:36:00,VIN-D2272,105.8
2024-01-21 08:39:00,VIN-D2273,83.1
2024-01-21 08:42:00,VIN-D2274,91.7
2024-01-21 08:45:00,VIN-D2275,76.4
2024-01-21 08:48:00,VIN-D2276,87.8
2024-01-21 08:51:00,VIN-D2277,84.8
2024-01-21 08:54:00,VIN-D2278,82.8
2024-01-21 08:57:00,VIN-D2279,83.2
2024-01-21 09:00:00,VIN-D2280,92.1
2024-01-21 09:03:00,VIN-D2281,70.5
2024-01-21 09:06:00,VIN-D2282,105.1
2024-01-21 09:09:00,VIN-D2283,84.4
2024-01-21 09:12:00,VIN-D2284,70.9
2024-01-21 09:15:00,VIN-D2285,80.3
2024-01-21 09:18:00,VIN-D2286,72.7
2024-01-21 09:21:00,VIN-D2287,78.7
2024-01-21 09:24:00,VIN-D2288,101.4
2024-01-21 09:27:00,VIN-D2289,87.9
2024-01-21 09:30:00,VIN-D2290,71.7
2024-01-21 09:33:00,VIN-D2291,104.0
2024-01-21 09:36:00,VIN-D2292,84.7
2024-01-21 09:39:00,VIN-D2293,73.2
2024-01-21 09:42:00,VIN-D2294,78.1
2024-01-21 09:45:00,VIN-D2295,75.5
2024-01-21 09:48:00,VIN-D2296,92.7
2024-01-21 09:51:00,VIN-D2297,104.8
2024-01-21 09:54:00,VIN-D2298,84.0
2024-01-21 09:57:00,VIN-D2299,106.0
2024-01-21 10:00:00,VIN-D2300,84.9
2024-01-21 10:03:00,VIN-D2301,71.3
2024-01-21 10:06:00,VIN-D2302,106.6
2024-01-21 10:09:00,VIN-D2303,91.4
2024-01-21 10:12:00,VIN-D2304,101.2
2024-01-21 10:15:00,VIN-D2305,75.1
2024-01-21 10:18:00,VIN-D2306,79.6
2024-01-21 10:21:00,VIN-D2307,74.1
2024-01-21 10:24:00,VIN-D2308,83.0
2024-01-21 10:27:00,VIN-D2309,89.8
2024-01-21 10:30:00,VIN-D2310,79.8
2024-01-21 10:33:00,VIN-D2311,87.1
2024-01-21 10:36:00,VIN-D2312,96.1
2024-01-21 10:39:00,VIN-D2313,82.6
2024-01-21 10:42:00,VIN-D2314,78.1
2024-01-21 10:45:00,VIN-D2315,77.7
2024-01-21 10:48:00,VIN-D2316,78.0
2024-01-21 10:51:00,VIN-D2317,71.2
2024-01-21 10:54:00,VIN-D2318,81.8
2024-01-21 10:57:00,VIN-D2319,84.5
2024-01-21 11:00:00,VIN-D2320,74.2
2024-01-21 11:03:00,VIN-D2321,103.6
2024-01-21 11:06:00,VIN-D2322,90.2
2024-01-21 11:09:00,VIN-D2323,70.5
2024-01-21 11:12:00,VIN-D2324,104.1
2024-01-21 11:15:00,VIN-D2325,105.0
2024-01-21 11:18:00,VIN-D2326,99.1
2024-01-21 11:21:00,VIN-D2327,85.1
2024-01-21 11:24:00,VIN-D2328,97.1
2024-01-21 11:27:00,VIN-D2329,74.0
2024-01-21 11:30:00,VIN-D2330,70.3
2024-01-21 11:33:00,VIN-D2331,80.6
2024-01-21 11:36:00,VIN-D2332,105.4
2024-01-21 11:39:00,VIN-D2333,92.0
2024-01-21 11:42:00,VIN-D2334,105.9
2024-01-21 11:45:00,VIN-D2335,106.0
2024-01-21 11:48:00,VIN-D2336,106.6
2024-01-21 11:51:00,VIN-D2337,74.0
2024-01-21 11:54:00,VIN-D2338,86.9
2024-01-21 11:57:00,VIN-D2339,72.2
2024-01-21 12:00:00,VIN-D2340,95.4
2024-01-21 12:03:00,VIN-D2341,99.0
2024-01-21 12:06:00,VIN-D2342,91.0
2024-01-21 12:09:00,VIN-D2343,98.2
2024-01-21 12:12:00,VIN-D2344,86.7
2024-01-21 12:15:00,VIN-D2345,70.9
2024-01-21 12:18:00,VIN-D2346,89.5
2024-01-21 12:21:00,VIN-D2347,78.0
2024-01-21 12:24:00,VIN-D2348,103.6
2024-01-21 12:27:00,VIN-D2349,80.8
2024-01-21 12:30:00,VIN-D2350,79.9
2024-01-21 12:33:00,VIN-D2351,88.0
2024-01-21 12:36:00,VIN-D2352,86.3
2024-01-21 12:39:00,VIN-D2353,106.9
2024-01-21 12:42:00,VIN-D2354,80.1
2024-01-21 12:45:00,VIN-D2355,88.0
2024-01-21 12:48:00,VIN-D2356,94.0
2024-01-21 12:51:00,VIN-D2357,103.7
2024-01-21 12:54:00,VIN-D2358,96.6
2024-01-21 12:57:00,VIN-D2359,86.1
2024-01-21 13:00:00,VIN-D2360,109.8
2024-01-21 13:03:00,VIN-D2361,88.9
2024-01-21 13:06:00,VIN-D2362,74.0
2024-01-21 13:09:00,VIN-D2363,90.7
2024-01-21 13:12:00,VIN-D2364,92.3
2024-01-21 13:15:00,VIN-D2365,94.6
2024-01-21 13:18:00,VIN-D2366,75.5
2024-01-21 13:21:00,VIN-D2367,96.0
2024-01-21 13:24:00,VIN-D2368,105.7
2024-01-21 13:27:00,VIN-D2369,86.1
2024-01-21 13:30:00,VIN-D2370,92.4
2024-01-21 13:33:00,VIN-D2371,98.2
2024-01-21 13:36:00,VIN-D2372,75.8
2024-01-21 13:39:00,VIN-D2373,71.3
2024-01-21 13:42:00,VIN-D2374,86.5
2024-01-21 13:45:00,VIN-D2375,93.4
2024-01-21 13:48:00,VIN-D2376,92.7
2024-01-21 13:51:00,VIN-D2377,87.2
2024-01-21 13:54:00,VIN-D2378,82.4
2024-01-21 13:57:00,VIN-D2379,71.5
2024-01-21 14:00:00,VIN-D2380,104.2
2024-01-21 14:03:00,VIN-D2381,99.1
2024-01-21 14:06:00,VIN-D2382,102.2
2024-01-21 14:09:00,VIN-D2383,102.9
2024-01-21 14:12:00,VIN-D2384,97.5
2024-01-21 14:15:00,VIN-D2385,76.3
2024-01-21 14:18:00,VIN-D2386,92.8
2024-01-21 14:21:00,VIN-D2387,95.1
2024-01-21 14:24:00,VIN-D2388,104.6
2024-01-21 14:27:00,VIN-D2389,70.0
2024-01-21 14:30:00,VIN-D2390,86.3
2024-01-21 14:33:00,VIN-D2391,106.3
2024-01-21 14:36:00,VIN-D2392,100.5
2024-01-21 14:39:00,VIN-D2393,96.9
2024-01-21 14:42:00,VIN-D2394,108.9
2024-01-21 14:45:00,VIN-D2395,73.2
2024-01-21 14:48:00,VIN-D2396,98.0
2024-01-21 14:51:00,VIN-D2397,83.7
2024-01-21 14:54:00,VIN-D2398,106.9
2024-01-21 14:57:00,VIN-D2399,80.4
2024-01-21 15:00:00,VIN-D2400,76.5
2024-01-21 15:03:00,VIN-D2401,100.5
2024-01-21 15:06:00,VIN-D2402,106.9
2024-01-21 15:09:00,VIN-D2403,95.1
2024-01-21 15:12:00,VIN-D2404,88.3
2024-01-21 15:15:00,VIN-D2405,79.1
2024-01-21 15:18:00,VIN-D2406,83.8
2024-01-21 15:21:00,VIN-D2407,97.7
2024-01-21 15:24:00,VIN-D2408,81.8
2024-01-21 15:27:00,VIN-D2409,75.2
2024-01-21 15:30:00,VIN-D2410,106.5
2024-01-21 15:33:00,VIN-D2411,96.5
2024-01-21 15:36:00,VIN-D2412,86.4
2024-01-21 15:39:00,VIN-D2413,70.9
2024-01-21 15:42:00,VIN-D2414,81.7
2024-01-21 15:45:00,VIN-D2415,72.6
2024-01-21 15:48:00,VIN-D2416,90.1
2024-01-21 15:51:00,VIN-D2417,108.8
2024-01-21 15:54:00,VIN-D2418,81.4
2024-01-21 15:57:00,VIN-D2419,88.8
2024-01-21 16:00:00,VIN-D2420,79.1
2024-01-21 16:03:00,VIN-D2421,84.0
2024-01-21 16:06:00,VIN-D2422,81.5
2024-01-21 16:09:00,VIN-D2423,97.7
2024-01-21 16:12:00,VIN-D2424,72.8
2024-01-21 16:15:00,VIN-D2425,79.5
2024-01-21 16:18:00,VIN-D2426,104.3
2024-01-21 16:21:00,VIN-D2427,109.9
2024-01-21 16:24:00,VIN-D2428,72.9
2024-01-21 16:27:00,VIN-D2429,82.3
2024-01-21 16:30:00,VIN-D2430,82.8
2024-01-21 16:33:00,VIN-D2431,100.7
2024-01-21 16:36:00,VIN-D2432,72.3
2024-01-21 16:39:00,VIN-D2433,107.9
2024-01-21 16:42:00,VIN-D2434,85.4
2024-01-21 16:45:00,VIN-D2435,107.3
2024-01-21 16:48:00,VIN-D2436,75.2
2024-01-21 16:51:00,VIN-D2437,94.3
2024-01-21 16:54:00,VIN-D2438,89.3
2024-01-21 16:57:00,VIN-D2439,87.6
2024-01-21 17:00:00,VIN-D2440,76.5
2024-01-21 17:03:00,VIN-D2441,103.4
2024-01-21 17:06:00,VIN-D2442,102.4
2024-01-21 17:09:00,VIN-D2443,104.7
2024-01-21 17:12:00,VIN-D2444,109.3
2024-01-21 17:15:00,VIN-D2445,91.1
2024-01-21 17:18:00,VIN-D2446,74.0
2024-01-21 17:21:00,VIN-D2447,94.1
2024-01-21 17:24:00,VIN-D2448,87.9
2024-01-21 17:27:00,VIN-D2449,108.3
2024-01-21 17:30:00,VIN-D2450,77.7
2024-01-21 17:33:00,VIN-D2451,93.0
2024-01-21 17:36:00,VIN-D2452,95.6
2024-01-21 17:39:00,VIN-D2453,105.2
2024-01-21 17:42:00,VIN-D2454,104.4
2024-01-21 17:45:00,VIN-D2455,74.5
2024-01-21 17:48:00,VIN-D2456,76.9
2024-01-21 17:51:00,VIN-D2457,105.5
2024-01-21 17:54:00,VIN-D2458,72.3
2024-01-21 17:57:00,VIN-D2459,107.7
2024-01-21 18:00:00,VIN-D2460,105.0
2024-01-21 18:03:00,VIN-D2461,83.2
2024-01-21 18:06:00,VIN-D2462,109.5
2024-01-21 18:09:00,VIN-D2463,95.3
2024-01-21 18:12:00,VIN-D2464,81.5
2024-01-21 18:15:00,VIN-D2465,77.2
2024-01-21 18:18:00,VIN-D2466,82.7
2024-01-21 18:21:00,VIN-D2467,76.5
2024-01-21 18:24:00,VIN-D2468,75.4
2024-01-21 18:27:00,VIN-D2469,94.1
2024-01-21 18:30:00,VIN-D2470,80.0
2024-01-21 18:33:00,VIN-D2471,93.7
2024-01-21 18:36:00,VIN-D2472,108.8
2024-01-21 18:39:00,VIN-D2473,77.0
2024-01-21 18:42:00,VIN-D2474,70.3
2024-01-21 18:45:00,VIN-D2475,100.7
2024-01-21 18:48:00,VIN-D2476,88.0
2024-01-21 18:51:00,VIN-D2477,91.1
2024-01-21 18:54:00,VIN-D2478,97.0
2024-01-21 18:57:00,VIN-D2479,95.9
2024-01-21 19:00:00,VIN-D2480,73.6
2024-01-21 19:03:00,VIN-D2481,89.1
2024-01-21 19:06:00,VIN-D2482,86.6
2024-01-21 19:09:00,VIN-D2483,102.2
2024-01-21 19:12:00,VIN-D2484,108.7
2024-01-21 19:15:00,VIN-D2485,79.4
2024-01-21 19:18:00,VIN-D2486,109.5
2024-01-21 19:21:00,VIN-D2487,85.1
2024-01-21 19:24:00,VIN-D2488,84.5
2024-01-21 19:27:00,VIN-D2489,93.5
2024-01-21 19:30:00,VIN-D2490,100.6
2024-01-21 19:33:00,VIN-D2491,94.6
2024-01-21 19:36:00,VIN-D2492,79.7
2024-01-21 19:39:00,VIN-D2493,100.4
2024-01-21 19:42:00,VIN-D2494,95.5
2024-01-21 19:45:00,VIN-D2495,108.0
2024-01-21 19:48:00,VIN-D2496,78.8
2024-01-21 19:51:00,VIN-D2497,101.0
2024-01-21 19:54:00,VIN-D2498,108.0
2024-01-21 19:57:00,VIN-D2499,76.0
2024-01-21 20:00:00,VIN-D2500,74.5
