Timestamp,VIN,Speed,FuelLevel,Location,EngineTemp
2024-01-01 00:03:00,VIN-A0001,76.7,7.4,"12.2388,109.1967",79.8
2024-01-01 00:06:00,VIN-A0002,16.7,14.7,"21.0285,105.8542",93.6
2024-01-01 00:09:00,VIN-A0003,3.8,13.9,"10.0452,105.7469",90.2
2024-01-01 00:12:00,VIN-A0004,3.2,23.9,"20.8449,106.6881",78.8
2024-01-01 00:15:00,VIN-A0005,70.7,81.9,"10.8231,106.6297",100.4
2024-01-01 00:18:00,VIN-A0006,19.2,45.1,"12.2388,109.1967",76.2
2024-01-01 00:21:00,VIN-A0007,114.9,37.0,"21.0285,105.8542",85.2
2024-01-01 00:24:00,VIN-A0008,43.1,37.7,"12.2388,109.1967",102.3
2024-01-01 00:27:00,VIN-A0009,87.6,55.9,"20.8449,106.6881",73.2
2024-01-01 00:30:00,VIN-A0010,35.2,64.7,"11.9404,108.4583",93.1
2024-01-01 00:33:00,VIN-A0011,84.5,9.4,"10.0452,105.7469",100.9
2024-01-01 00:36:00,VIN-A0012,118.2,86.3,"21.0285,105.8542",85.2
2024-01-01 00:39:00,VIN-A0013,54.4,84.2,"16.0544,108.2022",84.8
2024-01-01 00:42:00,VIN-A0014,25.1,30.4,"21.0285,105.8542",94.4
2024-01-01 00:45:00,VIN-A0015,20.5,74.3,"16.0544,108.2022",88.5
2024-01-01 00:48:00,VIN-A0016,32.4,92.9,"10.0452,105.7469",97.4
2024-01-01 00:51:00,VIN-A0017,101.1,78.7,"10.0452,105.7469",102.9
2024-01-01 00:54:00,VIN-A0018,96.6,43.1,"21.0285,105.8542",78.4
2024-01-01 00:57:00,VIN-A0019,113.1,88.3,"11.9404,108.4583",78.5
2024-01-01 01:00:00,VIN-A0020,59.9,89.0,"10.9460,108.4419",75.7
2024-01-01 01:03:00,VIN-A0021,16.8,75.8,"12.2388,109.1967",99.9
2024-01-01 01:06:00,VIN-A0022,51.4,60.4,"11.9404,108.4583",78.8
2024-01-01 01:09:00,VIN-A0023,119.7,53.4,"21.0285,105.8542",100.2
2024-01-01 01:12:00,VIN-A0024,103.3,19.5,"16.0544,108.2022",101.7
2024-01-01 01:15:00,VIN-A0025,50.7,11.0,"20.8449,106.6881",93.8
2024-01-01 01:18:00,VIN-A0026,56.2,28.9,"10.8231,106.6297",97.2
2024-01-01 01:21:00,VIN-A0027,13.7,89.1,"12.2388,109.1967",100.7
2024-01-01 01:24:00,VIN-A0028,40.8,32.9,"16.0544,108.2022",88.1
2024-01-01 01:27:00,VIN-A0029,114.5,88.2,"12.2388,109.1967",108.9
2024-01-01 01:30:00,VIN-A0030,91.4,53.2,"21.0285,105.8542",104.8
2024-01-01 01:33:00,VIN-A0031,35.8,65.7,"10.0452,105.7469",76.1
2024-01-01 01:36:00,VIN-A0032,91.5,56.2,"10.8231,106.6297",94.0
2024-01-01 01:39:00,VIN-A0033,58.6,15.6,"11.9404,108.4583",105.1
2024-01-01 01:42:00,VIN-A0034,99.8,34.2,"10.8231,106.6297",79.6
2024-01-01 01:45:00,VIN-A0035,68.1,12.5,"10.9460,108.4419",102.6
2024-01-01 01:48:00,VIN-A0036,117.4,55.6,"16.0544,108.2022",75.1
2024-01-01 01:51:00,VIN-A0037,57.0,57.2,"12.2388,109.1967",91.1
2024-01-01 01:54:00,VIN-A0038,72.8,96.6,"10.0452,105.7469",98.5
2024-01-01 01:57:00,VIN-A0039,47.9,68.8,"11.9404,108.4583",87.5
2024-01-01 02:00:00,VIN-A0040,62.1,16.5,"10.0452,105.7469",72.6
2024-01-01 02:03:00,VIN-A0041,2.5,57.6,"10.0452,105.7469",70.3
2024-01-01 02:06:00,VIN-A0042,84.9,10.6,"21.0285,105.8542",106.2
2024-01-01 02:09:00,VIN-A0043,103.2,11.7,"10.0452,105.7469",81.1
2024-01-01 02:12:00,VIN-A0044,58.2,56.2,"10.9460,108.4419",79.7
2024-01-01 02:15:00,VIN-A0045,56.8,43.7,"21.0285,105.8542",73.9
2024-01-01 02:18:00,VIN-A0046,51.7,45.2,"10.9460,108.4419",104.6
2024-01-01 02:21:00,VIN-A0047,6.5,67.1,"21.0285,105.8542",72.4
2024-01-01 02:24:00,VIN-A0048,87.4,81.1,"21.0285,105.8542",79.9
2024-01-01 02:27:00,VIN-A0049,22.8,47.6,"20.8449,106.6881",77.3
2024-01-01 02:30:00,VIN-A0050,55.5,88.1,"21.0285,105.8542",87.7
2024-01-01 02:33:00,VIN-A0051,103.4,57.3,"10.8231,106.6297",96.1
2024-01-01 02:36:00,VIN-A0052,64.9,6.4,"21.0285,105.8542",107.1
2024-01-01 02:39:00,VIN-A0053,101.8,20.8,"10.9460,108.4419",89.3
2024-01-01 02:42:00,VIN-A0054,103.8,90.7,"16.0544,108.2022",85.2
2024-01-01 02:45:00,VIN-A0055,118.2,30.2,"10.9460,108.4419",81.4
2024-01-01 02:48:00,VIN-A0056,83.6,74.4,"10.9460,108.4419",76.2
2024-01-01 02:51:00,VIN-A0057,35.6,97.0,"10.8231,106.6297",99.9
2024-01-01 02:54:00,VIN-A0058,6.9,60.5,"16.0544,108.2022",72.3
2024-01-01 02:57:00,VIN-A0059,60.9,85.9,"21.0285,105.8542",93.8
2024-01-01 03:00:00,VIN-A0060,81.0,27.3,"21.0285,105.8542",107.7
2024-01-01 03:03:00,VIN-A0061,68.4,60.0,"10.8231,106.6297",94.8
2024-01-01 03:06:00,VIN-A0062,50.3,60.4,"11.9404,108.4583",107.4
2024-01-01 03:09:00,VIN-A0063,24.5,73.0,"10.0452,105.7469",80.6
2024-01-01 03:12:00,VIN-A0064,15.7,66.3,"10.9460,108.4419",82.6
2024-01-01 03:15:00,VIN-A0065,90.2,11.9,"10.9460,108.4419",94.8
2024-01-01 03:18:00,VIN-A0066,67.6,14.5,"10.0452,105.7469",90.2
2024-01-01 03:21:00,VIN-A0067,15.9,38.2,"21.0285,105.8542",105.2
2024-01-01 03:24:00,VIN-A0068,44.3,20.0,"12.2388,109.1967",94.5
2024-01-01 03:27:00,VIN-A0069,118.5,67.1,"10.8231,106.6297",96.7
2024-01-01 03:30:00,VIN-A0070,66.6,93.5,"21.0285,105.8542",107.6
2024-01-01 03:33:00,VIN-A0071,16.1,16.0,"21.0285,105.8542",99.7
2024-01-01 03:36:00,VIN-A0072,18.7,31.8,"10.0452,105.7469",98.7
2024-01-01 03:39:00,VIN-A0073,24.4,65.3,"12.2388,109.1967",90.2
2024-01-01 03:42:00,VIN-A0074,30.1,91.3,"10.8231,106.6297",73.7
2024-01-01 03:45:00,VIN-A0075,50.8,31.3,"10.8231,106.6297",83.3
2024-01-01 03:48:00,VIN-A0076,15.7,98.1,"16.0544,108.2022",99.6
2024-01-01 03:51:00,VIN-A0077,66.2,45.6,"10.8231,106.6297",74.5
2024-01-01 03:54:00,VIN-A0078,113.4,70.6,"16.0544,108.2022",91.8
2024-01-01 03:57:00,VIN-A0079,100.2,60.3,"16.0544,108.2022",87.2
2024-01-01 04:00:00,VIN-A0080,5.0,39.6,"10.8231,106.6297",106.0
2024-01-01 04:03:00,VIN-A0081,25.2,28.7,"21.0285,105.8542",84.1
2024-01-01 04:06:00,VIN-A0082,67.2,88.1,"16.0544,108.2022",107.0
2024-01-01 04:09:00,VIN-A0083,28.4,20.4,"16.0544,108.2022",105.3
2024-01-01 04:12:00,VIN-A0084,3.0,75.0,"11.9404,108.4583",101.3
2024-01-01 04:15:00,VIN-A0085,49.4,68.6,"10.0452,105.7469",80.7
2024-01-01 04:18:00,VIN-A0086,94.5,15.3,"10.8231,106.6297",104.3
2024-01-01 04:21:00,VIN-A0087,26.7,82.6,"10.9460,108.4419",84.0
2024-01-01 04:24:00,VIN-A0088,98.5,87.8,"10.0452,105.7469",70.9
2024-01-01 04:27:00,VIN-A0089,23.2,36.2,"21.0285,105.8542",108.7
2024-01-01 04:30:00,VIN-A0090,33.5,65.9,"20.8449,106.6881",97.2
2024-01-01 04:33:00,VIN-A0091,101.2,36.5,"10.8231,106.6297",74.6
2024-01-01 04:36:00,VIN-A0092,116.4,22.0,"12.2388,109.1967",71.5
2024-01-01 04:39:00,VIN-A0093,71.6,37.8,"11.9404,108.4583",87.5
2024-01-01 04:42:00,VIN-A0094,118.1,16.0,"10.0452,105.7469",80.2
2024-01-01 04:45:00,VIN-A0095,85.1,5.2,"10.0452,105.7469",84.6
2024-01-01 04:48:00,VIN-A0096,8.4,68.1,"11.9404,108.4583",94.9
2024-01-01 04:51:00,VIN-A0097,79.6,16.8,"12.2388,109.1967",90.3
2024-01-01 04:54:00,VIN-A0098,80.0,36.0,"12.2388,109.1967",92.2
2024-01-01 04:57:00,VIN-A0099,23.0,68.2,"20.8449,106.6881",97.1
2024-01-01 05:00:00,VIN-A0100,108.3,63.5,"12.2388,109.1967",86.2
2024-01-01 05:03:00,VIN-A0101,100.0,33.9,"10.0452,105.7469",87.2
2024-01-01 05:06:00,VIN-A0102,69.6,67.2,"10.9460,108.4419",87.7
2024-01-01 05:09:00,VIN-A0103,81.1,53.6,"16.0544,108.2022",96.4
2024-01-01 05:12:00,VIN-A0104,34.1,68.1,"11.9404,108.4583",73.7
2024-01-01 05:15:00,VIN-A0105,114.2,27.3,"12.2388,109.1967",79.0
2024-01-01 05:18:00,VIN-A0106,23.9,7.3,"10.0452,105.7469",109.4
2024-01-01 05:21:00,VIN-A0107,73.4,78.0,"10.9460,108.4419",86.6
2024-01-01 05:24:00,VIN-A0108,75.6,23.5,"20.8449,106.6881",89.8
2024-01-01 05:27:00,VIN-A0109,29.3,67.3,"10.8231,106.6297",105.7
2024-01-01 05:30:00,VIN-A0110,103.3,89.1,"20.8449,106.6881",78.8
2024-01-01 05:33:00,VIN-A0111,96.5,71.1,"10.9460,108.4419",72.0
2024-01-01 05:36:00,VIN-A0112,29.9,85.6,"10.9460,108.4419",75.3
2024-01-01 05:39:00,VIN-A0113,55.8,55.5,"11.9404,108.4583",108.0
2024-01-01 05:42:00,VIN-A0114,107.0,63.2,"20.8449,106.6881",103.2
2024-01-01 05:45:00,VIN-A0115,65.7,90.2,"10.9460,108.4419",88.0
2024-01-01 05:48:00,VIN-A0116,90.2,84.8,"12.2388,109.1967",100.6
2024-01-01 05:51:00,VIN-A0117,62.6,64.5,"12.2388,109.1967",87.6
2024-01-01 05:54:00,VIN-A0118,85.6,27.3,"11.9404,108.4583",82.8
2024-01-01 05:57:00,VIN-A0119,64.8,18.1,"10.0452,105.7469",85.3
2024-01-01 06:00:00,VIN-A0120,18.3,25.3,"20.8449,106.6881",86.3
2024-01-01 06:03:00,VIN-A0121,65.1,44.5,"10.0452,105.7469",103.3
2024-01-01 06:06:00,VIN-A0122,46.7,78.1,"10.8231,106.6297",104.3
2024-01-01 06:09:00,VIN-A0123,91.9,41.1,"10.8231,106.6297",107.7
2024-01-01 06:12:00,VIN-A0124,35.8,42.0,"20.8449,106.6881",91.5
2024-01-01 06:15:00,VIN-A0125,88.2,81.0,"10.0452,105.7469",89.5
2024-01-01 06:18:00,VIN-A0126,32.8,51.1,"20.8449,106.6881",83.4
2024-01-01 06:21:00,VIN-A0127,81.5,43.4,"16.0544,108.2022",103.6
2024-01-01 06:24:00,VIN-A0128,110.3,98.2,"10.8231,106.6297",106.3
2024-01-01 06:27:00,VIN-A0129,71.0,68.0,"21.0285,105.8542",95.7
2024-01-01 06:30:00,VIN-A0130,16.3,48.9,"10.8231,106.6297",80.4
2024-01-01 06:33:00,VIN-A0131,39.3,48.2,"11.9404,108.4583",100.4
2024-01-01 06:36:00,VIN-A0132,45.5,76.4,"20.8449,106.6881",80.1
2024-01-01 06:39:00,VIN-A0133,9.8,6.8,"10.8231,106.6297",110.0
2024-01-01 06:42:00,VIN-A0134,42.0,66.8,"10.8231,106.6297",100.2
2024-01-01 06:45:00,VIN-A0135,114.0,23.9,"10.8231,106.6297",94.9
2024-01-01 06:48:00,VIN-A0136,28.6,50.0,"21.0285,105.8542",92.6
2024-01-01 06:51:00,VIN-A0137,26.2,71.4,"11.9404,108.4583",76.7
2024-01-01 06:54:00,VIN-A0138,72.9,76.1,"21.0285,105.8542",101.1
2024-01-01 06:57:00,VIN-A0139,19.7,34.5,"10.8231,106.6297",107.2
2024-01-01 07:00:00,VIN-A0140,69.1,91.3,"20.8449,106.6881",85.9
2024-01-01 07:03:00,VIN-A0141,85.8,12.2,"10.0452,105.7469",74.1
2024-01-01 07:06:00,VIN-A0142,92.7,85.8,"21.0285,105.8542",101.8
2024-01-01 07:09:00,VIN-A0143,67.9,8.9,"20.8449,106.6881",96.5
2024-01-01 07:12:00,VIN-A0144,8.3,66.5,"10.8231,106.6297",104.0
2024-01-01 07:15:00,VIN-A0145,98.7,15.0,"11.9404,108.4583",95.4
2024-01-01 07:18:00,VIN-A0146,99.4,72.2,"20.8449,106.6881",77.0
2024-01-01 07:21:00,VIN-A0147,62.6,66.8,"10.9460,108.4419",88.6
2024-01-01 07:24:00,VIN-A0148,99.1,61.3,"11.9404,108.4583",104.1
2024-01-01 07:27:00,VIN-A0149,99.7,13.2,"10.9460,108.4419",79.8
2024-01-01 07:30:00,VIN-A0150,55.8,63.0,"20.8449,106.6881",83.5
2024-01-01 07:33:00,VIN-A0151,59.3,35.9,"10.9460,108.4419",78.5
2024-01-01 07:36:00,VIN-A0152,95.7,37.3,"12.2388,109.1967",92.2
2024-01-01 07:39:00,VIN-A0153,62.0,23.2,"10.0452,105.7469",98.8
2024-01-01 07:42:00,VIN-A0154,58.6,77.0,"10.9460,108.4419",95.8
2024-01-01 07:45:00,VIN-A0155,58.9,80.3,"21.0285,105.8542",81.8
2024-01-01 07:48:00,VIN-A0156,48.5,28.1,"11.9404,108.4583",88.9
2024-01-01 07:51:00,VIN-A0157,63.7,45.4,"11.9404,108.4583",84.1
2024-01-01 07:54:00,VIN-A0158,54.4,34.1,"10.0452,105.7469",74.8
2024-01-01 07:57:00,VIN-A0159,23.1,16.4,"16.0544,108.2022",77.7
2024-01-01 08:00:00,VIN-A0160,88.6,31.3,"12.2388,109.1967",109.2
2024-01-01 08:03:00,VIN-A0161,99.9,33.1,"11.9404,108.4583",77.2
2024-01-01 08:06:00,VIN-A0162,1.7,55.7,"12.2388,109.1967",71.8
2024-01-01 08:09:00,VIN-A0163,6.5,32.8,"16.0544,108.2022",95.5
2024-01-01 08:12:00,VIN-A0164,90.3,14.7,"10.8231,106.6297",93.0
2024-01-01 08:15:00,VIN-A0165,56.3,46.8,"16.0544,108.2022",108.6
2024-01-01 08:18:00,VIN-A0166,30.3,86.9,"21.0285,105.8542",102.9
2024-01-01 08:21:00,VIN-A0167,48.1,12.0,"10.8231,106.6297",76.1
2024-01-01 08:24:00,VIN-A0168,97.3,95.2,"21.0285,105.8542",109.8
2024-01-01 08:27:00,VIN-A0169,14.2,77.6,"10.0452,105.7469",101.0
2024-01-01 08:30:00,VIN-A0170,45.6,91.3,"12.2388,109.1967",104.4
2024-01-01 08:33:00,VIN-A0171,118.8,34.0,"10.8231,106.6297",94.4
2024-01-01 08:36:00,VIN-A0172,88.8,95.0,"10.0452,105.7469",95.0
2024-01-01 08:39:00,VIN-A0173,31.8,12.7,"10.0452,105.7469",77.0
2024-01-01 08:42:00,VIN-A0174,9.0,5.3,"10.9460,108.4419",97.6
2024-01-01 08:45:00,VIN-A0175,56.4,8.1,"12.2388,109.1967",98.3
2024-01-01 08:48:00,VIN-A0176,84.4,48.1,"10.0452,105.7469",107.0
2024-01-01 08:51:00,VIN-A0177,94.5,64.4,"10.0452,105.7469",87.0
2024-01-01 08:54:00,VIN-A0178,65.3,66.5,"12.2388,109.1967",103.1
2024-01-01 08:57:00,VIN-A0179,8.6,20.8,"12.2388,109.1967",93.8
2024-01-01 09:00:00,VIN-A0180,98.9,92.5,"10.9460,108.4419",75.0
2024-01-01 09:03:00,VIN-A0181,82.6,71.5,"12.2388,109.1967",90.0
2024-01-01 09:06:00,VIN-A0182,59.3,12.6,"10.8231,106.6297",105.6
2024-01-01 09:09:00,VIN-A0183,88.1,62.4,"10.8231,106.6297",73.7
2024-01-01 09:12:00,VIN-A0184,115.4,84.4,"10.8231,106.6297",110.0
2024-01-01 09:15:00,VIN-A0185,80.7,30.6,"10.8231,106.6297",100.5
2024-01-01 09:18:00,VIN-A0186,21.0,54.3,"10.9460,108.4419",106.6
2024-01-01 09:21:00,VIN-A0187,21.8,60.6,"10.9460,108.4419",108.8
2024-01-01 09:24:00,VIN-A0188,56.4,43.8,"11.9404,108.4583",96.8
2024-01-01 09:27:00,VIN-A0189,102.9,36.3,"10.9460,108.4419",81.5
2024-01-01 09:30:00,VIN-A0190,113.4,82.3,"10.8231,106.6297",88.2
2024-01-01 09:33:00,VIN-A0191,37.7,35.7,"20.8449,106.6881",104.6
2024-01-01 09:36:00,VIN-A0192,99.0,5.1,"10.9460,108.4419",86.5
2024-01-01 09:39:00,VIN-A0193,22.5,39.4,"10.9460,108.4419",95.0
2024-01-01 09:42:00,VIN-A0194,91.2,24.3,"16.0544,108.2022",107.1
2024-01-01 09:45:00,VIN-A0195,52.6,71.3,"21.0285,105.8542",71.2
2024-01-01 09:48:00,VIN-A0196,75.6,80.9,"16.0544,108.2022",82.4
2024-01-01 09:51:00,VIN-A0197,1.6,43.8,"10.0452,105.7469",109.7
2024-01-01 09:54:00,VIN-A0198,109.6,48.8,"21.0285,105.8542",95.9
2024-01-01 09:57:00,VIN-A0199,18.5,93.6,"12.2388,109.1967",90.4
2024-01-01 10:00:00,VIN-A0200,32.8,84.3,"10.9460,108.4419",79.7
2024-01-01 10:03:00,VIN-A0201,66.2,41.4,"16.0544,108.2022",104.6
2024-01-01 10:06:00,VIN-A0202,33.1,80.1,"20.8449,106.6881",83.6
2024-01-01 10:09:00,VIN-A0203,94.5,30.4,"10.8231,106.6297",81.3
2024-01-01 10:12:00,VIN-A0204,35.8,60.8,"10.9460,108.4419",104.6
2024-01-01 10:15:00,VIN-A0205,53.6,51.0,"11.9404,108.4583",92.1
2024-01-01 10:18:00,VIN-A0206,65.2,48.3,"11.9404,108.4583",104.8
2024-01-01 10:21:00,VIN-A0207,117.7,27.7,"20.8449,106.6881",79.3
2024-01-01 10:24:00,VIN-A0208,93.1,9.1,"10.9460,108.4419",98.2
2024-01-01 10:27:00,VIN-A0209,97.4,41.7,"16.0544,108.2022",89.8
2024-01-01 10:30:00,VIN-A0210,4.4,52.7,"11.9404,108.4583",104.8
2024-01-01 10:33:00,VIN-A0211,104.9,46.8,"10.9460,108.4419",70.6
2024-01-01 10:36:00,VIN-A0212,17.3,87.7,"16.0544,108.2022",73.0
2024-01-01 10:39:00,VIN-A0213,93.8,30.2,"20.8449,106.6881",96.0
2024-01-01 10:42:00,VIN-A0214,102.2,86.0,"20.8449,106.6881",108.2
2024-01-01 10:45:00,VIN-A0215,75.2,89.3,"10.9460,108.4419",104.9
2024-01-01 10:48:00,VIN-A0216,4.3,11.5,"12.2388,109.1967",109.9
2024-01-01 10:51:00,VIN-A0217,89.6,46.2,"21.0285,105.8542",100.4
2024-01-01 10:54:00,VIN-A0218,84.5,14.5,"16.0544,108.2022",97.8
2024-01-01 10:57:00,VIN-A0219,108.4,9.4,"10.8231,106.6297",81.7
2024-01-01 11:00:00,VIN-A0220,45.0,18.8,"20.8449,106.6881",92.6
2024-01-01 11:03:00,VIN-A0221,95.1,21.1,"21.0285,105.8542",94.4
2024-01-01 11:06:00,VIN-A0222,45.9,69.9,"10.9460,108.4419",106.5
2024-01-01 11:09:00,VIN-A0223,17.2,48.8,"12.2388,109.1967",88.4
2024-01-01 11:12:00,VIN-A0224,80.0,90.4,"10.9460,108.4419",106.0
2024-01-01 11:15:00,VIN-A0225,81.3,20.0,"10.9460,108.4419",107.8
2024-01-01 11:18:00,VIN-A0226,118.5,33.4,"20.8449,106.6881",97.6
2024-01-01 11:21:00,VIN-A0227,54.8,33.7,"20.8449,106.6881",104.1
2024-01-01 11:24:00,VIN-A0228,12.8,41.2,"11.9404,108.4583",93.0
2024-01-01 11:27:00,VIN-A0229,119.1,33.0,"20.8449,106.6881",81.0
2024-01-01 11:30:00,VIN-A0230,67.9,70.2,"10.8231,106.6297",106.4
2024-01-01 11:33:00,VIN-A0231,89.4,84.1,"12.2388,109.1967",101.0
2024-01-01 11:36:00,VIN-A0232,27.6,81.2,"10.0452,105.7469",95.5
2024-01-01 11:39:00,VIN-A0233,74.5,69.4,"16.0544,108.2022",95.1
2024-01-01 11:42:00,VIN-A0234,108.4,66.4,"12.2388,109.1967",101.5
2024-01-01 11:45:00,VIN-A0235,4.0,39.7,"16.0544,108.2022",73.6
2024-01-01 11:48:00,VIN-A0236,35.4,76.0,"16.0544,108.2022",78.0
2024-01-01 11:51:00,VIN-A0237,94.4,88.3,"11.9404,108.4583",91.2
2024-01-01 11:54:00,VIN-A0238,109.6,83.9,"12.2388,109.1967",106.6
2024-01-01 11:57:00,VIN-A0239,113.3,96.9,"12.2388,109.1967",99.9
2024-01-01 12:00:00,VIN-A0240,40.6,15.9,"21.0285,105.8542",75.6
2024-01-01 12:03:00,VIN-A0241,116.0,86.7,"20.8449,106.6881",108.7
2024-01-01 12:06:00,VIN-A0242,96.6,39.7,"20.8449,106.6881",70.6
2024-01-01 12:09:00,VIN-A0243,64.4,48.2,"12.2388,109.1967",93.4
2024-01-01 12:12:00,VIN-A0244,98.7,94.3,"21.0285,105.8542",97.0
2024-01-01 12:15:00,VIN-A0245,56.6,63.9,"11.9404,108.4583",106.6
2024-01-01 12:18:00,VIN-A0246,26.6,11.0,"10.9460,108.4419",106.4
2024-01-01 12:21:00,VIN-A0247,36.3,43.8,"16.0544,108.2022",71.8
2024-01-01 12:24:00,VIN-A0248,4.5,99.6,"21.0285,105.8542",73.9
2024-01-01 12:27:00,VIN-A0249,106.5,17.9,"10.9460,108.4419",84.8
2024-01-01 12:30:00,VIN-A0250,113.9,71.2,"20.8449,106.6881",93.5
2024-01-01 12:33:00,VIN-A0251,87.2,89.1,"21.0285,105.8542",103.3
2024-01-01 12:36:00,VIN-A0252,73.9,94.2,"12.2388,109.1967",71.3
2024-01-01 12:39:00,VIN-A0253,44.5,47.1,"10.0452,105.7469",104.2
2024-01-01 12:42:00,VIN-A0254,11.9,70.1,"11.9404,108.4583",72.4
2024-01-01 12:45:00,VIN-A0255,33.1,97.0,"10.9460,108.4419",73.7
2024-01-01 12:48:00,VIN-A0256,25.5,65.8,"10.8231,106.6297",72.0
2024-01-01 12:51:00,VIN-A0257,40.0,98.9,"10.0452,105.7469",72.7
2024-01-01 12:54:00,VIN-A0258,91.8,24.7,"10.0452,105.7469",102.5
2024-01-01 12:57:00,VIN-A0259,28.0,78.6,"10.8231,106.6297",81.1
2024-01-01 13:00:00,VIN-A0260,118.1,98.8,"12.2388,109.1967",101.9
2024-01-01 13:03:00,VIN-A0261,13.2,87.3,"16.0544,108.2022",70.6
2024-01-01 13:06:00,VIN-A0262,94.8,27.6,"11.9404,108.4583",70.6
2024-01-01 13:09:00,VIN-A0263,31.8,17.0,"20.8449,106.6881",91.0
2024-01-01 13:12:00,VIN-A0264,89.5,50.2,"11.9404,108.4583",90.5
2024-01-01 13:15:00,VIN-A0265,13.1,52.9,"10.8231,106.6297",99.1
2024-01-01 13:18:00,VIN-A0266,109.1,67.6,"12.2388,109.1967",88.3
2024-01-01 13:21:00,VIN-A0267,115.7,10.8,"10.9460,108.4419",103.9
2024-01-01 13:24:00,VIN-A0268,51.2,15.3,"10.9460,108.4419",72.9
2024-01-01 13:27:00,VIN-A0269,9.7,62.8,"21.0285,105.8542",75.0
2024-01-01 13:30:00,VIN-A0270,74.9,60.6,"11.9404,108.4583",85.2
2024-01-01 13:33:00,VIN-A0271,71.7,33.0,"20.8449,106.6881",74.0
2024-01-01 13:36:00,VIN-A0272,84.2,86.0,"10.0452,105.7469",87.2
2024-01-01 13:39:00,VIN-A0273,106.6,44.3,"10.9460,108.4419",85.9
2024-01-01 13:42:00,VIN-A0274,87.6,34.7,"11.9404,108.4583",96.6
2024-01-01 13:45:00,VIN-A0275,44.9,19.5,"10.9460,108.4419",72.7
2024-01-01 13:48:00,VIN-A0276,99.8,13.9,"21.0285,105.8542",99.8
2024-01-01 13:51:00,VIN-A0277,44.7,17.4,"10.8231,106.6297",93.5
2024-01-01 13:54:00,VIN-A0278,67.4,36.3,"21.0285,105.8542",86.4
2024-01-01 13:57:00,VIN-A0279,104.8,94.4,"20.8449,106.6881",104.7
2024-01-01 14:00:00,VIN-A0280,86.5,97.0,"12.2388,109.1967",84.1
2024-01-01 14:03:00,VIN-A0281,69.4,25.2,"10.9460,108.4419",79.0
2024-01-01 14:06:00,VIN-A0282,13.0,85.3,"11.9404,108.4583",74.6
2024-01-01 14:09:00,VIN-A0283,33.4,26.5,"20.8449,106.6881",103.8
2024-01-01 14:12:00,VIN-A0284,116.9,82.8,"10.8231,106.6297",94.4
2024-01-01 14:15:00,VIN-A0285,78.9,70.9,"10.8231,106.6297",77.2
2024-01-01 14:18:00,VIN-A0286,84.3,34.4,"11.9404,108.4583",84.0
2024-01-01 14:21:00,VIN-A0287,21.8,18.6,"20.8449,106.6881",72.8
2024-01-01 14:24:00,VIN-A0288,88.9,97.3,"21.0285,105.8542",99.8
2024-01-01 14:27:00,VIN-A0289,25.8,44.9,"11.9404,108.4583",76.3
2024-01-01 14:30:00,VIN-A0290,37.4,35.8,"21.0285,105.8542",105.3
2024-01-01 14:33:00,VIN-A0291,18.7,76.7,"10.8231,106.6297",97.0
2024-01-01 14:36:00,VIN-A0292,32.7,67.9,"10.9460,108.4419",94.3
2024-01-01 14:39:00,VIN-A0293,49.7,25.5,"21.0285,105.8542",83.8
2024-01-01 14:42:00,VIN-A0294,13.3,69.4,"10.9460,108.4419",91.1
2024-01-01 14:45:00,VIN-A0295,37.0,25.9,"10.8231,106.6297",70.3
2024-01-01 14:48:00,VIN-A0296,36.2,25.1,"16.0544,108.2022",100.6
2024-01-01 14:51:00,VIN-A0297,34.7,16.4,"10.9460,108.4419",99.9
2024-01-01 14:54:00,VIN-A0298,21.1,41.1,"10.0452,105.7469",90.0
2024-01-01 14:57:00,VIN-A0299,100.0,81.6,"21.0285,105.8542",85.9
2024-01-01 15:00:00,VIN-A0300,89.0,46.4,"10.9460,108.4419",106.8
2024-01-01 15:03:00,VIN-A0301,103.5,59.7,"20.8449,106.6881",98.4
2024-01-01 15:06:00,VIN-A0302,50.1,15.9,"10.8231,106.6297",108.6
2024-01-01 15:09:00,VIN-A0303,20.6,95.0,"10.9460,108.4419",103.3
2024-01-01 15:12:00,VIN-A0304,110.4,13.4,"21.0285,105.8542",79.7
2024-01-01 15:15:00,VIN-A0305,70.7,54.8,"20.8449,106.6881",104.8
2024-01-01 15:18:00,VIN-A0306,89.5,26.0,"16.0544,108.2022",73.1
2024-01-01 15:21:00,VIN-A0307,76.0,55.4,"10.0452,105.7469",106.2
2024-01-01 15:24:00,VIN-A0308,41.9,74.1,"16.0544,108.2022",79.5
2024-01-01 15:27:00,VIN-A0309,17.6,23.7,"16.0544,108.2022",100.4
2024-01-01 15:30:00,VIN-A0310,78.7,21.8,"10.9460,108.4419",88.6
2024-01-01 15:33:00,VIN-A0311,67.6,60.0,"11.9404,108.4583",104.6
2024-01-01 15:36:00,VIN-A0312,75.3,19.3,"21.0285,105.8542",88.8
2024-01-01 15:39:00,VIN-A0313,75.8,80.7,"10.8231,106.6297",84.1
2024-01-01 15:42:00,VIN-A0314,8.9,48.9,"10.8231,106.6297",72.3
2024-01-01 15:45:00,VIN-A0315,99.8,12.3,"21.0285,105.8542",94.6
2024-01-01 15:48:00,VIN-A0316,60.8,49.0,"10.8231,106.6297",88.0
2024-01-01 15:51:00,VIN-A0317,97.2,66.9,"11.9404,108.4583",94.2
2024-01-01 15:54:00,VIN-A0318,60.2,96.0,"10.9460,108.4419",74.1
2024-01-01 15:57:00,VIN-A0319,107.9,37.6,"21.0285,105.8542",90.2
2024-01-01 16:00:00,VIN-A0320,20.7,28.5,"10.9460,108.4419",109.6
2024-01-01 16:03:00,VIN-A0321,62.9,62.9,"11.9404,108.4583",84.9
2024-01-01 16:06:00,VIN-A0322,33.9,43.8,"11.9404,108.4583",97.2
2024-01-01 16:09:00,VIN-A0323,6.3,64.9,"11.9404,108.4583",72.6
2024-01-01 16:12:00,VIN-A0324,11.3,69.4,"12.2388,109.1967",80.1
2024-01-01 16:15:00,VIN-A0325,102.2,96.6,"16.0544,108.2022",83.3
2024-01-01 16:18:00,VIN-A0326,69.9,18.4,"11.9404,108.4583",82.4
2024-01-01 16:21:00,VIN-A0327,78.7,67.9,"16.0544,108.2022",93.8
2024-01-01 16:24:00,VIN-A0328,112.6,34.4,"20.8449,106.6881",95.7
2024-01-01 16:27:00,VIN-A0329,39.4,17.1,"21.0285,105.8542",95.8
2024-01-01 16:30:00,VIN-A0330,50.8,39.4,"11.9404,108.4583",82.4
2024-01-01 16:33:00,VIN-A0331,114.1,37.5,"10.9460,108.4419",77.7
2024-01-01 16:36:00,VIN-A0332,120.0,19.7,"12.2388,109.1967",103.8
2024-01-01 16:39:00,VIN-A0333,12.1,78.2,"10.8231,106.6297",96.5
2024-01-01 16:42:00,VIN-A0334,105.2,63.7,"20.8449,106.6881",76.2
2024-01-01 16:45:00,VIN-A0335,21.7,70.8,"16.0544,108.2022",98.8
2024-01-01 16:48:00,VIN-A0336,5.2,39.6,"10.0452,105.7469",108.8
2024-01-01 16:51:00,VIN-A0337,73.3,76.5,"10.9460,108.4419",79.4
2024-01-01 16:54:00,VIN-A0338,28.7,96.7,"10.9460,108.4419",106.2
2024-01-01 16:57:00,VIN-A0339,23.3,69.4,"10.9460,108.4419",88.5
2024-01-01 17:00:00,VIN-A0340,33.8,41.3,"20.8449,106.6881",108.7
2024-01-01 17:03:00,VIN-A0341,98.0,81.1,"16.0544,108.2022",104.9
2024-01-01 17:06:00,VIN-A0342,6.3,50.7,"11.9404,108.4583",92.2
2024-01-01 17:09:00,VIN-A0343,12.3,85.4,"21.0285,105.8542",81.4
2024-01-01 17:12:00,VIN-A0344,91.6,30.9,"16.0544,108.2022",103.2
2024-01-01 17:15:00,VIN-A0345,11.0,91.5,"10.9460,108.4419",105.4
2024-01-01 17:18:00,VIN-A0346,111.7,44.4,"20.8449,106.6881",90.1
2024-01-01 17:21:00,VIN-A0347,28.3,99.5,"11.9404,108.4583",79.0
2024-01-01 17:24:00,VIN-A0348,38.2,14.4,"11.9404,108.4583",101.7
2024-01-01 17:27:00,VIN-A0349,16.5,32.3,"10.9460,108.4419",97.8
2024-01-01 17:30:00,VIN-A0350,16.7,72.0,"10.9460,108.4419",94.6
2024-01-01 17:33:00,VIN-A0351,108.7,6.8,"10.0452,105.7469",103.4
2024-01-01 17:36:00,VIN-A0352,65.9,74.1,"20.8449,106.6881",74.4
2024-01-01 17:39:00,VIN-A0353,34.6,33.6,"10.8231,106.6297",79.5
2024-01-01 17:42:00,VIN-A0354,76.7,64.2,"21.0285,105.8542",74.4
2024-01-01 17:45:00,VIN-A0355,108.6,61.7,"10.8231,106.6297",95.3
2024-01-01 17:48:00,VIN-A0356,69.0,73.3,"12.2388,109.1967",87.2
2024-01-01 17:51:00,VIN-A0357,73.8,27.9,"20.8449,106.6881",77.5
2024-01-01 17:54:00,VIN-A0358,80.2,54.7,"11.9404,108.4583",72.7
2024-01-01 17:57:00,VIN-A0359,63.1,53.2,"10.8231,106.6297",85.6
2024-01-01 18:00:00,VIN-A0360,56.4,65.4,"11.9404,108.4583",80.1
2024-01-01 18:03:00,VIN-A0361,1.9,79.9,"11.9404,108.4583",79.6
2024-01-01 18:06:00,VIN-A0362,78.9,14.8,"11.9404,108.4583",75.3
2024-01-01 18:09:00,VIN-A0363,42.3,37.2,"16.0544,108.2022",103.2
2024-01-01 18:12:00,VIN-A0364,82.2,98.2,"10.9460,108.4419",95.3
2024-01-01 18:15:00,VIN-A0365,97.4,11.0,"10.9460,108.4419",71.5
2024-01-01 18:18:00,VIN-A0366,24.2,80.2,"10.8231,106.6297",82.6
2024-01-01 18:21:00,VIN-A0367,37.2,42.8,"10.9460,108.4419",80.1
2024-01-01 18:24:00,VIN-A0368,90.4,23.2,"11.9404,108.4583",104.5
2024-01-01 18:27:00,VIN-A0369,5.7,67.3,"12.2388,109.1967",75.0
2024-01-01 18:30:00,VIN-A0370,44.2,89.5,"10.9460,108.4419",105.8
2024-01-01 18:33:00,VIN-A0371,46.4,97.5,"10.9460,108.4419",97.7
2024-01-01 18:36:00,VIN-A0372,44.1,80.7,"12.2388,109.1967",102.0
2024-01-01 18:39:00,VIN-A0373,87.2,12.5,"16.0544,108.2022",91.8
2024-01-01 18:42:00,VIN-A0374,38.5,12.6,"12.2388,109.1967",82.3
2024-01-01 18:45:00,VIN-A0375,72.3,45.5,"10.9460,108.4419",84.1
2024-01-01 18:48:00,VIN-A0376,5.1,87.7,"11.9404,108.4583",94.6
2024-01-01 18:51:00,VIN-A0377,52.2,65.7,"10.8231,106.6297",73.0
2024-01-01 18:54:00,VIN-A0378,76.5,39.5,"16.0544,108.2022",108.1
2024-01-01 18:57:00,VIN-A0379,17.1,62.7,"10.9460,108.4419",71.4
2024-01-01 19:00:00,VIN-A0380,8.1,79.0,"11.9404,108.4583",84.5
2024-01-01 19:03:00,VIN-A0381,113.9,8.1,"16.0544,108.2022",97.2
2024-01-01 19:06:00,VIN-A0382,113.9,40.3,"21.0285,105.8542",93.0
2024-01-01 19:09:00,VIN-A0383,63.5,42.8,"12.2388,109.1967",80.0
2024-01-01 19:12:00,VIN-A0384,13.6,74.9,"10.9460,108.4419",90.7
2024-01-01 19:15:00,VIN-A0385,109.6,16.2,"12.2388,109.1967",98.2
2024-01-01 19:18:00,VIN-A0386,25.7,63.1,"10.9460,108.4419",78.0
2024-01-01 19:21:00,VIN-A0387,16.3,12.0,"16.0544,108.2022",105.9
2024-01-01 19:24:00,VIN-A0388,53.4,13.3,"11.9404,108.4583",96.7
2024-01-01 19:27:00,VIN-A0389,85.1,57.2,"12.2388,109.1967",105.7
2024-01-01 19:30:00,VIN-A0390,102.2,72.6,"16.0544,108.2022",101.7
2024-01-01 19:33:00,VIN-A0391,61.1,16.5,"10.0452,105.7469",101.7
2024-01-01 19:36:00,VIN-A0392,28.4,51.9,"11.9404,108.4583",92.2
2024-01-01 19:39:00,VIN-A0393,44.3,81.3,"16.0544,108.2022",94.5
2024-01-01 19:42:00,VIN-A0394,10.3,34.4,"10.9460,108.4419",91.0
2024-01-01 19:45:00,VIN-A0395,92.3,83.2,"21.0285,105.8542",75.0
2024-01-01 19:48:00,VIN-A0396,38.0,12.0,"10.9460,108.4419",97.2
2024-01-01 19:51:00,VIN-A0397,41.3,88.4,"16.0544,108.2022",100.7
2024-01-01 19:54:00,VIN-A0398,15.5,52.8,"10.8231,106.6297",103.3
2024-01-01 19:57:00,VIN-A0399,62.2,33.9,"16.0544,108.2022",82.9
2024-01-01 20:00:00,VIN-A0400,85.1,37.9,"12.2388,109.1967",103.8
2024-01-01 20:03:00,VIN-A0401,30.1,65.3,"12.2388,109.1967",75.0
2024-01-01 20:06:00,VIN-A0402,36.3,55.7,"16.0544,108.2022",93.7
2024-01-01 20:09:00,VIN-A0403,69.7,21.3,"11.9404,108.4583",103.7
2024-01-01 20:12:00,VIN-A0404,67.6,83.4,"10.8231,106.6297",73.2
2024-01-01 20:15:00,VIN-A0405,113.8,78.2,"12.2388,109.1967",96.0
2024-01-01 20:18:00,VIN-A0406,92.0,44.6,"10.8231,106.6297",89.9
2024-01-01 20:21:00,VIN-A0407,75.3,32.5,"12.2388,109.1967",89.3
2024-01-01 20:24:00,VIN-A0408,96.6,70.1,"12.2388,109.1967",88.1
2024-01-01 20:27:00,VIN-A0409,82.6,20.0,"20.8449,106.6881",89.4
2024-01-01 20:30:00,VIN-A0410,24.5,62.6,"11.9404,108.4583",104.5
2024-01-01 20:33:00,VIN-A0411,38.3,98.9,"11.9404,108.4583",109.0
2024-01-01 20:36:00,VIN-A0412,15.7,40.2,"21.0285,105.8542",82.8
2024-01-01 20:39:00,VIN-A0413,56.0,30.4,"10.0452,105.7469",75.6
2024-01-01 20:42:00,VIN-A0414,6.1,94.8,"20.8449,106.6881",79.9
2024-01-01 20:45:00,VIN-A0415,103.8,20.2,"11.9404,108.4583",107.4
2024-01-01 20:48:00,VIN-A0416,86.5,23.0,"16.0544,108.2022",89.9
2024-01-01 20:51:00,VIN-A0417,61.8,52.4,"12.2388,109.1967",89.9
2024-01-01 20:54:00,VIN-A0418,10.8,42.4,"10.9460,108.4419",108.7
2024-01-01 20:57:00,VIN-A0419,25.8,38.5,"10.8231,106.6297",81.3
2024-01-01 21:00:00,VIN-A0420,71.7,85.1,"10.9460,108.4419",81.4
2024-01-01 21:03:00,VIN-A0421,1.0,15.2,"16.0544,108.2022",105.3
2024-01-01 21:06:00,VIN-A0422,87.3,77.6,"11.9404,108.4583",71.8
2024-01-01 21:09:00,VIN-A0423,6.1,58.4,"11.9404,108.4583",92.1
2024-01-01 21:12:00,VIN-A0424,8.8,52.9,"12.2388,109.1967",103.0
2024-01-01 21:15:00,VIN-A0425,74.8,63.0,"16.0544,108.2022",109.0
2024-01-01 21:18:00,VIN-A0426,47.3,80.5,"11.9404,108.4583",92.3
2024-01-01 21:21:00,VIN-A0427,43.9,18.7,"20.8449,106.6881",90.0
2024-01-01 21:24:00,VIN-A0428,5.4,18.0,"11.9404,108.4583",102.2
2024-01-01 21:27:00,VIN-A0429,62.3,19.1,"16.0544,108.2022",83.1
2024-01-01 21:30:00,VIN-A0430,73.6,20.4,"12.2388,109.1967",93.7
2024-01-01 21:33:00,VIN-A0431,60.9,53.4,"10.9460,108.4419",98.3
2024-01-01 21:36:00,VIN-A0432,36.0,82.5,"11.9404,108.4583",83.2
2024-01-01 21:39:00,VIN-A0433,13.2,44.6,"12.2388,109.1967",101.9
2024-01-01 21:42:00,VIN-A0434,87.0,70.4,"10.8231,106.6297",93.9
2024-01-01 21:45:00,VIN-A0435,31.9,67.3,"10.0452,105.7469",98.9
2024-01-01 21:48:00,VIN-A0436,70.0,21.2,"20.8449,106.6881",75.9
2024-01-01 21:51:00,VIN-A0437,81.7,8.0,"21.0285,105.8542",77.6
2024-01-01 21:54:00,VIN-A0438,52.9,44.8,"20.8449,106.6881",97.6
2024-01-01 21:57:00,VIN-A0439,49.2,78.6,"10.9460,108.4419",104.9
2024-01-01 22:00:00,VIN-A0440,88.3,10.9,"16.0544,108.2022",90.7
2024-01-01 22:03:00,VIN-A0441,67.3,99.8,"10.9460,108.4419",91.0
2024-01-01 22:06:00,VIN-A0442,37.7,21.5,"11.9404,108.4583",91.9
2024-01-01 22:09:00,VIN-A0443,81.1,87.4,"12.2388,109.1967",94.4
2024-01-01 22:12:00,VIN-A0444,23.1,28.4,"12.2388,109.1967",79.0
2024-01-01 22:15:00,VIN-A0445,116.7,33.3,"12.2388,109.1967",98.2
2024-01-01 22:18:00,VIN-A0446,82.8,51.5,"10.9460,108.4419",84.0
2024-01-01 22:21:00,VIN-A0447,112.0,80.6,"12.2388,109.1967",81.5
2024-01-01 22:24:00,VIN-A0448,68.8,56.6,"20.8449,106.6881",102.7
2024-01-01 22:27:00,VIN-A0449,114.6,81.4,"12.2388,109.1967",71.7
2024-01-01 22:30:00,VIN-A0450,114.6,12.5,"10.9460,108.4419",96.2
2024-01-01 22:33:00,VIN-A0451,89.7,25.3,"12.2388,109.1967",107.3
2024-01-01 22:36:00,VIN-A0452,83.5,18.0,"10.0452,105.7469",79.7
2024-01-01 22:39:00,VIN-A0453,80.4,55.4,"10.0452,105.7469",72.1
2024-01-01 22:42:00,VIN-A0454,49.6,73.1,"21.0285,105.8542",97.2
2024-01-01 22:45:00,VIN-A0455,16.5,96.6,"16.0544,108.2022",86.3
2024-01-01 22:48:00,VIN-A0456,112.2,88.4,"10.9460,108.4419",96.0
2024-01-01 22:51:00,VIN-A0457,90.7,32.3,"12.2388,109.1967",95.8
2024-01-01 22:54:00,VIN-A0458,109.0,13.5,"10.0452,105.7469",91.4
2024-01-01 22:57:00,VIN-A0459,86.8,94.0,"16.0544,108.2022",86.7
2024-01-01 23:00:00,VIN-A0460,100.5,93.7,"10.8231,106.6297",109.9
2024-01-01 23:03:00,VIN-A0461,47.6,52.1,"12.2388,109.1967",105.1
2024-01-01 23:06:00,VIN-A0462,1.1,59.0,"21.0285,105.8542",107.1
2024-01-01 23:09:00,VIN-A0463,40.2,48.2,"10.9460,108.4419",105.6
2024-01-01 23:12:00,VIN-A0464,16.1,52.9,"12.2388,109.1967",77.7
2024-01-01 23:15:00,VIN-A0465,13.5,20.4,"10.9460,108.4419",95.9
2024-01-01 23:18:00,VIN-A0466,86.2,6.3,"11.9404,108.4583",101.6
2024-01-01 23:21:00,VIN-A0467,68.1,76.9,"16.0544,108.2022",94.4
2024-01-01 23:24:00,VIN-A0468,76.6,43.5,"20.8449,106.6881",90.6
2024-01-01 23:27:00,VIN-A0469,10.4,68.6,"16.0544,108.2022",109.3
2024-01-01 23:30:00,VIN-A0470,57.3,93.9,"10.8231,106.6297",80.4
2024-01-01 23:33:00,VIN-A0471,28.3,76.6,"11.9404,108.4583",82.1
2024-01-01 23:36:00,VIN-A0472,86.7,6.1,"11.9404,108.4583",97.7
2024-01-01 23:39:00,VIN-A0473,7.5,16.2,"12.2388,109.1967",76.4
2024-01-01 23:42:00,VIN-A0474,82.3,92.7,"12.2388,109.1967",97.6
2024-01-01 23:45:00,VIN-A0475,76.6,94.4,"11.9404,108.4583",94.6
2024-01-01 23:48:00,VIN-A0476,26.3,17.7,"16.0544,108.2022",88.2
2024-01-01 23:51:00,VIN-A0477,118.7,40.5,"10.9460,108.4419",100.3
2024-01-01 23:54:00,VIN-A0478,96.2,83.4,"10.0452,105.7469",97.2
2024-01-01 23:57:00,VIN-A0479,71.5,79.8,"10.9460,108.4419",91.1
2024-01-02 00:00:00,VIN-A0480,43.4,92.1,"21.0285,105.8542",72.5
2024-01-02 00:03:00,VIN-A0481,65.7,53.0,"16.0544,108.2022",76.6
2024-01-02 00:06:00,VIN-A0482,102.5,47.0,"10.0452,105.7469",98.7
2024-01-02 00:09:00,VIN-A0483,58.7,90.4,"10.9460,108.4419",102.3
2024-01-02 00:12:00,VIN-A0484,54.4,53.8,"10.9460,108.4419",92.6
2024-01-02 00:15:00,VIN-A0485,67.1,68.9,"12.2388,109.1967",98.9
2024-01-02 00:18:00,VIN-A0486,47.5,82.6,"10.0452,105.7469",93.1
2024-01-02 00:21:00,VIN-A0487,5.4,37.7,"21.0285,105.8542",91.6
2024-01-02 00:24:00,VIN-A0488,7.2,90.0,"10.9460,108.4419",71.3
2024-01-02 00:27:00,VIN-A0489,49.1,78.1,"20.8449,106.6881",85.0
2024-01-02 00:30:00,VIN-A0490,107.0,47.6,"20.8449,106.6881",85.0
2024-01-02 00:33:00,VIN-A0491,81.9,67.9,"16.0544,108.2022",96.1
2024-01-02 00:36:00,VIN-A0492,41.7,22.0,"20.8449,106.6881",91.2
2024-01-02 00:39:00,VIN-A0493,87.3,26.2,"10.8231,106.6297",100.2
2024-01-02 00:42:00,VIN-A0494,117.4,49.0,"20.8449,106.6881",91.3
2024-01-02 00:45:00,VIN-A0495,98.8,28.5,"11.9404,108.4583",76.2
2024-01-02 00:48:00,VIN-A0496,22.6,88.1,"21.0285,105.8542",71.3
2024-01-02 00:51:00,VIN-A0497,79.2,63.4,"10.8231,106.6297",79.6
2024-01-02 00:54:00,VIN-A0498,8.1,61.4,"10.9460,108.4419",93.9
2024-01-02 00:57:00,VIN-A0499,84.4,9.6,"10.8231,106.6297",86.1
2024-01-02 01:00:00,VIN-A0500,28.1,25.6,"10.8231,106.6297",75.6
2024-01-02 01:03:00,VIN-A0501,119.2,27.2,"11.9404,108.4583",93.1
2024-01-02 01:06:00,VIN-A0502,92.7,82.7,"10.0452,105.7469",82.1
2024-01-02 01:09:00,VIN-A0503,17.2,67.7,"10.0452,105.7469",86.5
2024-01-02 01:12:00,VIN-A0504,33.0,57.9,"16.0544,108.2022",95.0
2024-01-02 01:15:00,VIN-A0505,51.3,52.1,"11.9404,108.4583",107.7
2024-01-02 01:18:00,VIN-A0506,80.6,79.7,"11.9404,108.4583",97.9
2024-01-02 01:21:00,VIN-A0507,49.0,33.5,"16.0544,108.2022",100.2
2024-01-02 01:24:00,VIN-A0508,56.8,85.7,"12.2388,109.1967",104.3
2024-01-02 01:27:00,VIN-A0509,17.3,49.0,"10.8231,106.6297",92.5
2024-01-02 01:30:00,VIN-A0510,116.1,57.9,"16.0544,108.2022",85.5
2024-01-02 01:33:00,VIN-A0511,30.6,36.4,"21.0285,105.8542",106.9
2024-01-02 01:36:00,VIN-A0512,101.7,13.8,"10.0452,105.7469",72.1
2024-01-02 01:39:00,VIN-A0513,45.3,62.5,"10.8231,106.6297",104.9
2024-01-02 01:42:00,VIN-A0514,22.6,77.4,"10.0452,105.7469",89.2
2024-01-02 01:45:00,VIN-A0515,104.3,36.6,"10.8231,106.6297",78.5
2024-01-02 01:48:00,VIN-A0516,22.8,75.4,"10.9460,108.4419",106.6
2024-01-02 01:51:00,VIN-A0517,83.5,71.9,"20.8449,106.6881",106.6
2024-01-02 01:54:00,VIN-A0518,66.2,78.7,"20.8449,106.6881",88.7
2024-01-02 01:57:00,VIN-A0519,77.8,34.3,"11.9404,108.4583",90.5
2024-01-02 02:00:00,VIN-A0520,59.7,14.4,"10.9460,108.4419",100.5
2024-01-02 02:03:00,VIN-A0521,38.4,24.3,"11.9404,108.4583",86.6
2024-01-02 02:06:00,VIN-A0522,67.5,26.0,"16.0544,108.2022",70.6
2024-01-02 02:09:00,VIN-A0523,66.4,60.5,"20.8449,106.6881",81.8
2024-01-02 02:12:00,VIN-A0524,23.5,26.9,"10.0452,105.7469",90.0
2024-01-02 02:15:00,VIN-A0525,78.6,70.1,"12.2388,109.1967",100.5
2024-01-02 02:18:00,VIN-A0526,58.6,73.7,"10.9460,108.4419",88.4
2024-01-02 02:21:00,VIN-A0527,87.9,38.5,"16.0544,108.2022",98.8
2024-01-02 02:24:00,VIN-A0528,58.6,92.1,"10.8231,106.6297",91.0
2024-01-02 02:27:00,VIN-A0529,100.7,12.1,"10.8231,106.6297",100.6
2024-01-02 02:30:00,VIN-A0530,49.5,85.0,"10.0452,105.7469",72.7
2024-01-02 02:33:00,VIN-A0531,18.1,25.8,"10.9460,108.4419",84.9
2024-01-02 02:36:00,VIN-A0532,74.1,68.3,"10.9460,108.4419",96.4
2024-01-02 02:39:00,VIN-A0533,1.9,55.6,"20.8449,106.6881",70.5
2024-01-02 02:42:00,VIN-A0534,63.5,31.1,"12.2388,109.1967",70.7
2024-01-02 02:45:00,VIN-A0535,97.6,69.0,"16.0544,108.2022",74.3
2024-01-02 02:48:00,VIN-A0536,11.6,19.1,"10.0452,105.7469",94.8
2024-01-02 02:51:00,VIN-A0537,30.3,38.7,"20.8449,106.6881",73.2
2024-01-02 02:54:00,VIN-A0538,115.1,48.6,"10.0452,105.7469",109.6
2024-01-02 02:57:00,VIN-A0539,27.1,70.0,"21.0285,105.8542",96.1
2024-01-02 03:00:00,VIN-A0540,103.0,77.2,"21.0285,105.8542",86.2
2024-01-02 03:03:00,VIN-A0541,45.3,50.2,"10.8231,106.6297",98.1
2024-01-02 03:06:00,VIN-A0542,9.9,85.3,"11.9404,108.4583",92.6
2024-01-02 03:09:00,VIN-A0543,103.0,14.1,"10.8231,106.6297",79.2
2024-01-02 03:12:00,VIN-A0544,108.2,70.8,"10.9460,108.4419",80.8
2024-01-02 03:15:00,VIN-A0545,110.9,70.0,"12.2388,109.1967",106.0
2024-01-02 03:18:00,VIN-A0546,67.6,8.1,"11.9404,108.4583",70.6
2024-01-02 03:21:00,VIN-A0547,24.9,18.7,"20.8449,106.6881",107.2
2024-01-02 03:24:00,VIN-A0548,35.9,58.6,"20.8449,106.6881",97.1
2024-01-02 03:27:00,VIN-A0549,64.9,41.5,"16.0544,108.2022",101.6
2024-01-02 03:30:00,VIN-A0550,82.7,12.5,"11.9404,108.4583",72.1
2024-01-02 03:33:00,VIN-A0551,52.5,84.7,"11.9404,108.4583",94.2
2024-01-02 03:36:00,VIN-A0552,73.7,61.6,"11.9404,108.4583",71.2
2024-01-02 03:39:00,VIN-A0553,32.8,99.3,"10.9460,108.4419",79.1
2024-01-02 03:42:00,VIN-A0554,66.4,40.7,"16.0544,108.2022",97.2
2024-01-02 03:45:00,VIN-A0555,79.3,13.1,"12.2388,109.1967",101.9
2024-01-02 03:48:00,VIN-A0556,85.6,12.8,"16.0544,108.2022",85.2
2024-01-02 03:51:00,VIN-A0557,94.1,19.7,"20.8449,106.6881",82.7
2024-01-02 03:54:00,VIN-A0558,12.8,5.5,"12.2388,109.1967",87.8
2024-01-02 03:57:00,VIN-A0559,91.4,14.7,"21.0285,105.8542",77.5
2024-01-02 04:00:00,VIN-A0560,53.9,57.7,"20.8449,106.6881",74.1
2024-01-02 04:03:00,VIN-A0561,10.8,57.7,"11.9404,108.4583",104.5
2024-01-02 04:06:00,VIN-A0562,1.5,44.3,"21.0285,105.8542",99.0
2024-01-02 04:09:00,VIN-A0563,67.1,99.3,"10.0452,105.7469",92.9
2024-01-02 04:12:00,VIN-A0564,20.3,41.2,"16.0544,108.2022",80.8
2024-01-02 04:15:00,VIN-A0565,32.2,18.9,"16.0544,108.2022",87.4
2024-01-02 04:18:00,VIN-A0566,50.5,51.0,"21.0285,105.8542",84.4
2024-01-02 04:21:00,VIN-A0567,113.3,73.5,"10.9460,108.4419",93.8
2024-01-02 04:24:00,VIN-A0568,23.5,15.2,"12.2388,109.1967",70.3
2024-01-02 04:27:00,VIN-A0569,47.5,85.0,"20.8449,106.6881",102.2
2024-01-02 04:30:00,VIN-A0570,39.5,36.8,"16.0544,108.2022",82.0
2024-01-02 04:33:00,VIN-A0571,72.4,71.1,"10.9460,108.4419",82.6
2024-01-02 04:36:00,VIN-A0572,115.7,97.0,"12.2388,109.1967",99.4
2024-01-02 04:39:00,VIN-A0573,75.9,96.9,"10.0452,105.7469",83.0
2024-01-02 04:42:00,VIN-A0574,33.6,79.7,"11.9404,108.4583",74.6
2024-01-02 04:45:00,VIN-A0575,67.7,61.3,"16.0544,108.2022",97.3
2024-01-02 04:48:00,VIN-A0576,66.0,95.5,"10.9460,108.4419",107.7
2024-01-02 04:51:00,VIN-A0577,25.2,80.8,"21.0285,105.8542",102.8
2024-01-02 04:54:00,VIN-A0578,95.5,43.9,"10.9460,108.4419",75.6
2024-01-02 04:57:00,VIN-A0579,36.3,29.0,"16.0544,108.2022",98.6
2024-01-02 05:00:00,VIN-A0580,94.7,12.0,"10.9460,108.4419",93.3
2024-01-02 05:03:00,VIN-A0581,64.1,92.7,"20.8449,106.6881",91.7
2024-01-02 05:06:00,VIN-A0582,94.9,39.2,"21.0285,105.8542",74.4
2024-01-02 05:09:00,VIN-A0583,29.8,68.1,"16.0544,108.2022",95.9
2024-01-02 05:12:00,VIN-A0584,5.3,98.4,"20.8449,106.6881",108.7
2024-01-02 05:15:00,VIN-A0585,39.8,80.6,"21.0285,105.8542",70.4
2024-01-02 05:18:00,VIN-A0586,31.0,53.5,"10.0452,105.7469",87.8
2024-01-02 05:21:00,VIN-A0587,46.9,78.4,"16.0544,108.2022",83.8
2024-01-02 05:24:00,VIN-A0588,2.9,14.9,"20.8449,106.6881",106.8
2024-01-02 05:27:00,VIN-A0589,10.3,84.0,"16.0544,108.2022",83.9
2024-01-02 05:30:00,VIN-A0590,41.2,79.5,"10.9460,108.4419",83.9
2024-01-02 05:33:00,VIN-A0591,11.7,73.6,"10.9460,108.4419",82.8
2024-01-02 05:36:00,VIN-A0592,36.0,82.0,"21.0285,105.8542",70.9
2024-01-02 05:39:00,VIN-A0593,41.2,15.4,"16.0544,108.2022",107.2
2024-01-02 05:42:00,VIN-A0594,88.9,54.0,"16.0544,108.2022",83.2
2024-01-02 05:45:00,VIN-A0595,51.2,48.9,"20.8449,106.6881",95.2
2024-01-02 05:48:00,VIN-A0596,22.4,67.4,"20.8449,106.6881",71.2
2024-01-02 05:51:00,VIN-A0597,73.7,23.7,"20.8449,106.6881",85.6
2024-01-02 05:54:00,VIN-A0598,84.6,24.5,"21.0285,105.8542",93.1
2024-01-02 05:57:00,VIN-A0599,95.9,56.0,"11.9404,108.4583",83.0
2024-01-02 06:00:00,VIN-A0600,54.9,29.9,"10.9460,108.4419",91.1
2024-01-02 06:03:00,VIN-A0601,76.7,61.7,"20.8449,106.6881",93.5
2024-01-02 06:06:00,VIN-A0602,41.8,85.3,"16.0544,108.2022",102.5
2024-01-02 06:09:00,VIN-A0603,84.7,33.3,"21.0285,105.8542",96.9
2024-01-02 06:12:00,VIN-A0604,37.6,27.7,"21.0285,105.8542",77.3
2024-01-02 06:15:00,VIN-A0605,83.2,53.5,"20.8449,106.6881",93.9
2024-01-02 06:18:00,VIN-A0606,69.0,45.2,"10.9460,108.4419",95.4
2024-01-02 06:21:00,VIN-A0607,83.2,66.3,"16.0544,108.2022",92.2
2024-01-02 06:24:00,VIN-A0608,58.8,18.3,"11.9404,108.4583",103.7
2024-01-02 06:27:00,VIN-A0609,74.3,87.2,"10.8231,106.6297",89.4
2024-01-02 06:30:00,VIN-A0610,23.4,41.5,"10.9460,108.4419",86.4
2024-01-02 06:33:00,VIN-A0611,59.0,72.5,"10.9460,108.4419",89.5
2024-01-02 06:36:00,VIN-A0612,9.9,7.9,"10.0452,105.7469",81.7
2024-01-02 06:39:00,VIN-A0613,33.0,56.1,"16.0544,108.2022",101.2
2024-01-02 06:42:00,VIN-A0614,67.9,78.4,"10.9460,108.4419",92.0
2024-01-02 06:45:00,VIN-A0615,13.6,15.8,"11.9404,108.4583",91.7
2024-01-02 06:48:00,VIN-A0616,90.8,77.2,"10.9460,108.4419",91.9
2024-01-02 06:51:00,VIN-A0617,118.8,14.7,"10.0452,105.7469",81.9
2024-01-02 06:54:00,VIN-A0618,119.9,47.7,"11.9404,108.4583",104.5
2024-01-02 06:57:00,VIN-A0619,10.4,87.2,"21.0285,105.8542",101.0
2024-01-02 07:00:00,VIN-A0620,28.4,82.0,"11.9404,108.4583",104.4
2024-01-02 07:03:00,VIN-A0621,73.2,45.7,"16.0544,108.2022",101.4
2024-01-02 07:06:00,VIN-A0622,97.6,81.5,"11.9404,108.4583",91.3
2024-01-02 07:09:00,VIN-A0623,71.6,21.0,"12.2388,109.1967",81.6
2024-01-02 07:12:00,VIN-A0624,32.1,86.5,"21.0285,105.8542",75.4
2024-01-02 07:15:00,VIN-A0625,90.0,44.1,"10.8231,106.6297",109.7
2024-01-02 07:18:00,VIN-A0626,104.0,17.1,"16.0544,108.2022",80.0
2024-01-02 07:21:00,VIN-A0627,85.4,83.7,"20.8449,106.6881",89.6
2024-01-02 07:24:00,VIN-A0628,69.3,30.5,"20.8449,106.6881",85.0
2024-01-02 07:27:00,VIN-A0629,9.1,80.5,"21.0285,105.8542",86.1
2024-01-02 07:30:00,VIN-A0630,90.0,71.0,"11.9404,108.4583",88.2
2024-01-02 07:33:00,VIN-A0631,58.6,60.3,"21.0285,105.8542",99.2
2024-01-02 07:36:00,VIN-A0632,55.0,68.1,"11.9404,108.4583",104.0
2024-01-02 07:39:00,VIN-A0633,95.5,42.8,"20.8449,106.6881",103.0
2024-01-02 07:42:00,VIN-A0634,59.4,35.7,"12.2388,109.1967",83.5
2024-01-02 07:45:00,VIN-A0635,69.4,58.8,"10.9460,108.4419",101.5
2024-01-02 07:48:00,VIN-A0636,107.3,77.4,"10.8231,106.6297",74.0
2024-01-02 07:51:00,VIN-A0637,94.1,48.7,"21.0285,105.8542",107.2
2024-01-02 07:54:00,VIN-A0638,19.0,48.4,"20.8449,106.6881",78.1
2024-01-02 07:57:00,VIN-A0639,82.6,17.5,"12.2388,109.1967",76.4
2024-01-02 08:00:00,VIN-A0640,111.9,31.0,"11.9404,108.4583",80.0
2024-01-02 08:03:00,VIN-A0641,44.6,90.9,"16.0544,108.2022",72.1
2024-01-02 08:06:00,VIN-A0642,75.1,74.0,"10.0452,105.7469",87.2
2024-01-02 08:09:00,VIN-A0643,10.9,14.0,"10.0452,105.7469",89.1
2024-01-02 08:12:00,VIN-A0644,15.9,26.5,"10.9460,108.4419",70.4
2024-01-02 08:15:00,VIN-A0645,83.5,82.6,"20.8449,106.6881",97.8
2024-01-02 08:18:00,VIN-A0646,57.3,26.7,"21.0285,105.8542",99.2
2024-01-02 08:21:00,VIN-A0647,12.3,34.8,"12.2388,109.1967",75.5
2024-01-02 08:24:00,VIN-A0648,92.8,76.5,"16.0544,108.2022",95.7
2024-01-02 08:27:00,VIN-A0649,81.3,11.5,"10.8231,106.6297",94.4
2024-01-02 08:30:00,VIN-A0650,19.7,38.4,"10.0452,105.7469",95.1
2024-01-02 08:33:00,VIN-A0651,18.2,44.1,"10.9460,108.4419",104.4
2024-01-02 08:36:00,VIN-A0652,10.4,14.5,"21.0285,105.8542",93.6
2024-01-02 08:39:00,VIN-A0653,46.1,96.5,"11.9404,108.4583",101.6
2024-01-02 08:42:00,VIN-A0654,29.7,66.2,"10.0452,105.7469",92.1
2024-01-02 08:45:00,VIN-A0655,72.0,62.7,"10.8231,106.6297",103.9
2024-01-02 08:48:00,VIN-A0656,79.0,33.7,"10.0452,105.7469",99.9
2024-01-02 08:51:00,VIN-A0657,35.5,10.2,"10.0452,105.7469",89.8
2024-01-02 08:54:00,VIN-A0658,13.5,52.5,"21.0285,105.8542",91.1
2024-01-02 08:57:00,VIN-A0659,117.3,98.8,"11.9404,108.4583",75.3
2024-01-02 09:00:00,VIN-A0660,103.3,59.0,"11.9404,108.4583",91.9
2024-01-02 09:03:00,VIN-A0661,20.7,49.7,"21.0285,105.8542",70.7
2024-01-02 09:06:00,VIN-A0662,8.1,29.9,"10.8231,106.6297",106.9
2024-01-02 09:09:00,VIN-A0663,113.8,42.8,"12.2388,109.1967",95.1
2024-01-02 09:12:00,VIN-A0664,60.1,44.5,"20.8449,106.6881",73.3
2024-01-02 09:15:00,VIN-A0665,64.4,63.5,"12.2388,109.1967",73.3
2024-01-02 09:18:00,VIN-A0666,9.5,92.5,"16.0544,108.2022",91.5
2024-01-02 09:21:00,VIN-A0667,46.9,65.3,"21.0285,105.8542",82.4
2024-01-02 09:24:00,VIN-A0668,52.5,95.6,"10.0452,105.7469",72.3
2024-01-02 09:27:00,VIN-A0669,10.3,46.3,"10.9460,108.4419",94.5
2024-01-02 09:30:00,VIN-A0670,6.6,68.3,"16.0544,108.2022",74.8
2024-01-02 09:33:00,VIN-A0671,84.9,71.6,"16.0544,108.2022",89.9
2024-01-02 09:36:00,VIN-A0672,41.6,54.1,"12.2388,109.1967",76.7
2024-01-02 09:39:00,VIN-A0673,15.2,79.2,"12.2388,109.1967",99.3
2024-01-02 09:42:00,VIN-A0674,14.2,90.5,"11.9404,108.4583",102.3
2024-01-02 09:45:00,VIN-A0675,32.6,11.1,"21.0285,105.8542",89.8
2024-01-02 09:48:00,VIN-A0676,61.3,10.3,"16.0544,108.2022",84.7
2024-01-02 09:51:00,VIN-A0677,30.6,14.8,"21.0285,105.8542",79.1
2024-01-02 09:54:00,VIN-A0678,61.1,9.2,"10.8231,106.6297",79.8
2024-01-02 09:57:00,VIN-A0679,56.6,41.4,"16.0544,108.2022",77.2
2024-01-02 10:00:00,VIN-A0680,115.2,8.4,"20.8449,106.6881",79.0
2024-01-02 10:03:00,VIN-A0681,29.8,92.0,"11.9404,108.4583",80.9
2024-01-02 10:06:00,VIN-A0682,9.3,40.4,"10.8231,106.6297",77.2
2024-01-02 10:09:00,VIN-A0683,96.5,98.2,"20.8449,106.6881",72.8
2024-01-02 10:12:00,VIN-A0684,55.8,31.8,"12.2388,109.1967",83.1
2024-01-02 10:15:00,VIN-A0685,66.4,5.8,"10.0452,105.7469",81.7
2024-01-02 10:18:00,VIN-A0686,94.1,75.3,"10.0452,105.7469",88.6
2024-01-02 10:21:00,VIN-A0687,71.0,51.9,"10.0452,105.7469",99.3
2024-01-02 10:24:00,VIN-A0688,65.6,80.6,"16.0544,108.2022",70.3
2024-01-02 10:27:00,VIN-A0689,49.2,27.1,"11.9404,108.4583",95.4
2024-01-02 10:30:00,VIN-A0690,83.2,5.9,"11.9404,108.4583",70.1
2024-01-02 10:33:00,VIN-A0691,78.9,85.7,"12.2388,109.1967",74.2
2024-01-02 10:36:00,VIN-A0692,63.6,27.6,"10.9460,108.4419",108.4
2024-01-02 10:39:00,VIN-A0693,116.7,18.5,"12.2388,109.1967",73.7
2024-01-02 10:42:00,VIN-A0694,110.6,90.2,"20.8449,106.6881",98.0
2024-01-02 10:45:00,VIN-A0695,44.7,97.6,"21.0285,105.8542",93.2
2024-01-02 10:48:00,VIN-A0696,60.7,65.5,"20.8449,106.6881",73.0
2024-01-02 10:51:00,VIN-A0697,68.1,46.3,"16.0544,108.2022",79.5
2024-01-02 10:54:00,VIN-A0698,31.3,34.9,"20.8449,106.6881",98.0
2024-01-02 10:57:00,VIN-A0699,88.2,35.2,"12.2388,109.1967",79.3
2024-01-02 11:00:00,VIN-A0700,113.2,17.9,"21.0285,105.8542",76.2
2024-01-02 11:03:00,VIN-A0701,19.7,49.3,"20.8449,106.6881",74.8
2024-01-02 11:06:00,VIN-A0702,43.0,78.2,"10.9460,108.4419",82.3
2024-01-02 11:09:00,VIN-A0703,31.8,16.4,"16.0544,108.2022",102.3
2024-01-02 11:12:00,VIN-A0704,36.5,71.9,"10.8231,106.6297",78.6
2024-01-02 11:15:00,VIN-A0705,102.8,19.1,"10.0452,105.7469",108.7
2024-01-02 11:18:00,VIN-A0706,47.5,9.7,"12.2388,109.1967",80.4
2024-01-02 11:21:00,VIN-A0707,118.9,8.0,"20.8449,106.6881",104.2
2024-01-02 11:24:00,VIN-A0708,66.7,57.3,"21.0285,105.8542",88.5
2024-01-02 11:27:00,VIN-A0709,96.5,18.3,"10.8231,106.6297",72.5
2024-01-02 11:30:00,VIN-A0710,93.7,26.1,"10.0452,105.7469",102.9
2024-01-02 11:33:00,VIN-A0711,44.7,64.9,"21.0285,105.8542",93.3
2024-01-02 11:36:00,VIN-A0712,31.1,82.2,"10.8231,106.6297",109.9
2024-01-02 11:39:00,VIN-A0713,23.7,66.4,"16.0544,108.2022",73.7
2024-01-02 11:42:00,VIN-A0714,101.7,81.8,"21.0285,105.8542",71.7
2024-01-02 11:45:00,VIN-A0715,55.3,21.0,"20.8449,106.6881",102.9
2024-01-02 11:48:00,VIN-A0716,47.4,7.8,"20.8449,106.6881",76.9
2024-01-02 11:51:00,VIN-A0717,25.8,22.8,"12.2388,109.1967",87.8
2024-01-02 11:54:00,VIN-A0718,17.8,63.3,"10.0452,105.7469",95.9
2024-01-02 11:57:00,VIN-A0719,59.9,88.9,"10.9460,108.4419",72.4
2024-01-02 12:00:00,VIN-A0720,33.6,18.0,"10.0452,105.7469",95.7
2024-01-02 12:03:00,VIN-A0721,95.7,28.7,"10.8231,106.6297",109.6
2024-01-02 12:06:00,VIN-A0722,93.8,39.1,"10.9460,108.4419",83.8
2024-01-02 12:09:00,VIN-A0723,67.9,35.6,"12.2388,109.1967",77.2
2024-01-02 12:12:00,VIN-A0724,38.3,25.8,"12.2388,109.1967",72.3
2024-01-02 12:15:00,VIN-A0725,119.0,55.3,"10.0452,105.7469",109.0
2024-01-02 12:18:00,VIN-A0726,12.0,67.4,"12.2388,109.1967",91.3
2024-01-02 12:21:00,VIN-A0727,94.9,75.0,"10.0452,105.7469",93.0
2024-01-02 12:24:00,VIN-A0728,117.9,41.9,"16.0544,108.2022",77.0
2024-01-02 12:27:00,VIN-A0729,71.1,81.6,"11.9404,108.4583",106.6
2024-01-02 12:30:00,VIN-A0730,3.4,71.6,"16.0544,108.2022",92.5
2024-01-02 12:33:00,VIN-A0731,22.6,98.9,"10.9460,108.4419",91.7
2024-01-02 12:36:00,VIN-A0732,21.1,8.6,"10.8231,106.6297",79.3
2024-01-02 12:39:00,VIN-A0733,26.3,55.0,"10.8231,106.6297",83.3
2024-01-02 12:42:00,VIN-A0734,73.7,81.6,"11.9404,108.4583",98.7
2024-01-02 12:45:00,VIN-A0735,110.3,85.2,"11.9404,108.4583",72.4
2024-01-02 12:48:00,VIN-A0736,17.7,71.9,"16.0544,108.2022",101.0
2024-01-02 12:51:00,VIN-A0737,101.6,86.8,"21.0285,105.8542",84.9
2024-01-02 12:54:00,VIN-A0738,113.0,42.6,"21.0285,105.8542",83.5
2024-01-02 12:57:00,VIN-A0739,38.7,97.7,"20.8449,106.6881",101.7
2024-01-02 13:00:00,VIN-A0740,115.3,66.7,"16.0544,108.2022",98.3
2024-01-02 13:03:00,VIN-A0741,67.4,89.5,"11.9404,108.4583",78.9
2024-01-02 13:06:00,VIN-A0742,70.7,21.7,"12.2388,109.1967",99.4
2024-01-02 13:09:00,VIN-A0743,35.3,21.9,"10.8231,106.6297",108.0
2024-01-02 13:12:00,VIN-A0744,113.8,42.2,"10.8231,106.6297",77.3
2024-01-02 13:15:00,VIN-A0745,38.2,81.8,"10.0452,105.7469",95.6
2024-01-02 13:18:00,VIN-A0746,12.5,52.1,"11.9404,108.4583",99.8
2024-01-02 13:21:00,VIN-A0747,28.6,98.3,"16.0544,108.2022",95.4
2024-01-02 13:24:00,VIN-A0748,115.6,83.1,"11.9404,108.4583",87.9
2024-01-02 13:27:00,VIN-A0749,31.8,28.7,"21.0285,105.8542",84.0
2024-01-02 13:30:00,VIN-A0750,94.4,73.4,"10.8231,106.6297",85.4
2024-01-02 13:33:00,VIN-A0751,87.9,97.1,"20.8449,106.6881",89.7
2024-01-02 13:36:00,VIN-A0752,45.4,56.9,"21.0285,105.8542",103.2
2024-01-02 13:39:00,VIN-A0753,94.6,59.9,"10.0452,105.7469",76.5
2024-01-02 13:42:00,VIN-A0754,8.8,85.3,"12.2388,109.1967",70.8
2024-01-02 13:45:00,VIN-A0755,31.3,14.9,"11.9404,108.4583",76.8
2024-01-02 13:48:00,VIN-A0756,45.1,74.5,"21.0285,105.8542",83.5
2024-01-02 13:51:00,VIN-A0757,118.2,89.9,"10.8231,106.6297",87.3
2024-01-02 13:54:00,VIN-A0758,78.4,62.7,"20.8449,106.6881",76.3
2024-01-02 13:57:00,VIN-A0759,12.2,24.5,"10.0452,105.7469",86.4
2024-01-02 14:00:00,VIN-A0760,66.5,92.9,"12.2388,109.1967",96.4
2024-01-02 14:03:00,VIN-A0761,35.7,14.1,"20.8449,106.6881",92.9
2024-01-02 14:06:00,VIN-A0762,100.8,19.6,"11.9404,108.4583",70.2
2024-01-02 14:09:00,VIN-A0763,10.5,83.3,"10.9460,108.4419",78.0
2024-01-02 14:12:00,VIN-A0764,3.1,21.2,"12.2388,109.1967",109.1
2024-01-02 14:15:00,VIN-A0765,56.8,16.0,"20.8449,106.6881",88.8
2024-01-02 14:18:00,VIN-A0766,107.4,30.2,"20.8449,106.6881",77.4
2024-01-02 14:21:00,VIN-A0767,106.3,40.1,"10.9460,108.4419",71.8
2024-01-02 14:24:00,VIN-A0768,52.8,30.0,"12.2388,109.1967",92.6
2024-01-02 14:27:00,VIN-A0769,18.1,71.2,"21.0285,105.8542",73.4
2024-01-02 14:30:00,VIN-A0770,41.3,56.4,"10.0452,105.7469",92.1
2024-01-02 14:33:00,VIN-A0771,100.9,82.7,"20.8449,106.6881",108.6
2024-01-02 14:36:00,VIN-A0772,82.4,94.0,"10.0452,105.7469",89.1
2024-01-02 14:39:00,VIN-A0773,9.5,90.8,"10.8231,106.6297",90.1
2024-01-02 14:42:00,VIN-A0774,108.1,81.0,"16.0544,108.2022",74.8
2024-01-02 14:45:00,VIN-A0775,90.9,21.4,"16.0544,108.2022",108.9
2024-01-02 14:48:00,VIN-A0776,97.0,17.0,"20.8449,106.6881",73.1
2024-01-02 14:51:00,VIN-A0777,82.0,24.2,"16.0544,108.2022",103.4
2024-01-02 14:54:00,VIN-A0778,30.9,91.5,"21.0285,105.8542",73.5
2024-01-02 14:57:00,VIN-A0779,66.8,57.4,"12.2388,109.1967",90.8
2024-01-02 15:00:00,VIN-A0780,110.1,6.2,"20.8449,106.6881",74.5
2024-01-02 15:03:00,VIN-A0781,18.0,58.8,"21.0285,105.8542",107.0
2024-01-02 15:06:00,VIN-A0782,67.5,14.6,"12.2388,109.1967",104.7
2024-01-02 15:09:00,VIN-A0783,105.6,88.4,"12.2388,109.1967",85.3
2024-01-02 15:12:00,VIN-A0784,58.3,62.9,"10.8231,106.6297",76.9
2024-01-02 15:15:00,VIN-A0785,48.4,63.7,"20.8449,106.6881",71.6
2024-01-02 15:18:00,VIN-A0786,106.7,36.5,"10.0452,105.7469",72.0
2024-01-02 15:21:00,VIN-A0787,57.0,30.5,"11.9404,108.4583",70.8
2024-01-02 15:24:00,VIN-A0788,98.1,33.8,"12.2388,109.1967",103.7
2024-01-02 15:27:00,VIN-A0789,103.0,70.1,"10.0452,105.7469",75.4
2024-01-02 15:30:00,VIN-A0790,116.9,47.1,"11.9404,108.4583",80.8
2024-01-02 15:33:00,VIN-A0791,50.0,66.3,"10.0452,105.7469",87.7
2024-01-02 15:36:00,VIN-A0792,109.6,43.7,"10.9460,108.4419",100.4
2024-01-02 15:39:00,VIN-A0793,104.1,83.0,"16.0544,108.2022",72.6
2024-01-02 15:42:00,VIN-A0794,85.1,43.3,"10.8231,106.6297",76.9
2024-01-02 15:45:00,VIN-A0795,105.0,24.1,"10.8231,106.6297",80.0
2024-01-02 15:48:00,VIN-A0796,54.8,92.2,"10.0452,105.7469",81.0
2024-01-02 15:51:00,VIN-A0797,98.8,53.0,"21.0285,105.8542",97.2
2024-01-02 15:54:00,VIN-A0798,29.0,51.4,"10.9460,108.4419",77.1
2024-01-02 15:57:00,VIN-A0799,104.5,60.8,"11.9404,108.4583",83.8
2024-01-02 16:00:00,VIN-A0800,100.5,29.6,"21.0285,105.8542",81.4
2024-01-02 16:03:00,VIN-A0801,46.4,20.5,"10.0452,105.7469",104.3
2024-01-02 16:06:00,VIN-A0802,77.7,69.4,"12.2388,109.1967",96.1
2024-01-02 16:09:00,VIN-A0803,61.6,87.1,"10.8231,106.6297",89.0
2024-01-02 16:12:00,VIN-A0804,15.9,21.5,"10.8231,106.6297",79.0
2024-01-02 16:15:00,VIN-A0805,73.0,94.6,"12.2388,109.1967",87.0
2024-01-02 16:18:00,VIN-A0806,45.2,38.1,"12.2388,109.1967",78.7
2024-01-02 16:21:00,VIN-A0807,36.3,54.5,"20.8449,106.6881",93.4
2024-01-02 16:24:00,VIN-A0808,0.9,99.9,"11.9404,108.4583",92.5
2024-01-02 16:27:00,VIN-A0809,71.3,31.9,"21.0285,105.8542",89.3
2024-01-02 16:30:00,VIN-A0810,40.4,31.3,"11.9404,108.4583",104.5
2024-01-02 16:33:00,VIN-A0811,31.3,72.6,"12.2388,109.1967",77.5
2024-01-02 16:36:00,VIN-A0812,62.1,27.8,"10.8231,106.6297",102.2
2024-01-02 16:39:00,VIN-A0813,96.3,62.0,"11.9404,108.4583",97.2
2024-01-02 16:42:00,VIN-A0814,86.6,67.3,"12.2388,109.1967",80.4
2024-01-02 16:45:00,VIN-A0815,50.2,41.9,"10.8231,106.6297",93.3
2024-01-02 16:48:00,VIN-A0816,119.4,82.5,"11.9404,108.4583",99.1
2024-01-02 16:51:00,VIN-A0817,26.7,55.8,"10.9460,108.4419",106.3
2024-01-02 16:54:00,VIN-A0818,80.6,53.2,"16.0544,108.2022",103.6
2024-01-02 16:57:00,VIN-A0819,105.2,22.2,"21.0285,105.8542",88.8
2024-01-02 17:00:00,VIN-A0820,88.9,73.9,"16.0544,108.2022",107.9
2024-01-02 17:03:00,VIN-A0821,108.0,67.2,"10.0452,105.7469",84.2
2024-01-02 17:06:00,VIN-A0822,89.3,34.2,"11.9404,108.4583",84.9
2024-01-02 17:09:00,VIN-A0823,70.3,49.1,"21.0285,105.8542",88.8
2024-01-02 17:12:00,VIN-A0824,104.0,60.4,"21.0285,105.8542",88.9
2024-01-02 17:15:00,VIN-A0825,23.3,16.4,"20.8449,106.6881",91.2
2024-01-02 17:18:00,VIN-A0826,49.6,87.7,"16.0544,108.2022",75.5
2024-01-02 17:21:00,VIN-A0827,24.0,43.9,"10.9460,108.4419",75.7
2024-01-02 17:24:00,VIN-A0828,103.5,22.1,"21.0285,105.8542",89.5
2024-01-02 17:27:00,VIN-A0829,75.7,21.8,"10.8231,106.6297",70.2
2024-01-02 17:30:00,VIN-A0830,32.8,77.3,"16.0544,108.2022",93.1
2024-01-02 17:33:00,VIN-A0831,19.0,79.6,"21.0285,105.8542",75.2
2024-01-02 17:36:00,VIN-A0832,52.0,45.8,"20.8449,106.6881",108.6
2024-01-02 17:39:00,VIN-A0833,46.0,8.6,"10.0452,105.7469",99.2
2024-01-02 17:42:00,VIN-A0834,114.0,89.7,"10.0452,105.7469",70.7
2024-01-02 17:45:00,VIN-A0835,0.5,74.7,"10.0452,105.7469",97.7
2024-01-02 17:48:00,VIN-A0836,41.3,17.2,"20.8449,106.6881",90.1
2024-01-02 17:51:00,VIN-A0837,36.7,11.2,"10.8231,106.6297",81.9
2024-01-02 17:54:00,VIN-A0838,34.9,74.1,"11.9404,108.4583",87.3
2024-01-02 17:57:00,VIN-A0839,82.4,17.7,"10.9460,108.4419",84.4
2024-01-02 18:00:00,VIN-A0840,22.6,95.1,"20.8449,106.6881",70.8
2024-01-02 18:03:00,VIN-A0841,26.9,98.6,"10.0452,105.7469",99.4
2024-01-02 18:06:00,VIN-A0842,70.8,21.1,"11.9404,108.4583",98.4
2024-01-02 18:09:00,VIN-A0843,95.1,40.6,"12.2388,109.1967",100.8
2024-01-02 18:12:00,VIN-A0844,74.8,61.4,"10.8231,106.6297",96.5
2024-01-02 18:15:00,VIN-A0845,78.4,6.9,"21.0285,105.8542",86.7
2024-01-02 18:18:00,VIN-A0846,45.6,57.0,"10.9460,108.4419",98.1
2024-01-02 18:21:00,VIN-A0847,24.7,70.1,"10.8231,106.6297",82.0
2024-01-02 18:24:00,VIN-A0848,79.4,67.9,"12.2388,109.1967",94.9
2024-01-02 18:27:00,VIN-A0849,84.1,44.8,"21.0285,105.8542",90.5
2024-01-02 18:30:00,VIN-A0850,74.1,31.9,"21.0285,105.8542",89.9
2024-01-02 18:33:00,VIN-A0851,73.1,78.9,"10.0452,105.7469",84.3
2024-01-02 18:36:00,VIN-A0852,49.2,20.2,"10.9460,108.4419",106.4
2024-01-02 18:39:00,VIN-A0853,82.6,50.7,"10.0452,105.7469",70.1
2024-01-02 18:42:00,VIN-A0854,80.6,91.2,"10.9460,108.4419",76.0
2024-01-02 18:45:00,VIN-A0855,10.8,53.6,"21.0285,105.8542",106.2
2024-01-02 18:48:00,VIN-A0856,77.3,48.4,"12.2388,109.1967",80.6
2024-01-02 18:51:00,VIN-A0857,6.0,82.3,"10.8231,106.6297",104.1
2024-01-02 18:54:00,VIN-A0858,43.2,69.3,"20.8449,106.6881",99.5
2024-01-02 18:57:00,VIN-A0859,11.4,77.0,"10.8231,106.6297",70.4
2024-01-02 19:00:00,VIN-A0860,16.6,66.5,"11.9404,108.4583",84.3
2024-01-02 19:03:00,VIN-A0861,52.5,64.1,"21.0285,105.8542",84.9
2024-01-02 19:06:00,VIN-A0862,41.1,15.8,"20.8449,106.6881",108.5
2024-01-02 19:09:00,VIN-A0863,32.6,41.6,"10.9460,108.4419",102.0
2024-01-02 19:12:00,VIN-A0864,77.9,80.7,"21.0285,105.8542",75.3
2024-01-02 19:15:00,VIN-A0865,87.2,98.2,"16.0544,108.2022",74.1
2024-01-02 19:18:00,VIN-A0866,109.3,50.9,"10.9460,108.4419",77.3
2024-01-02 19:21:00,VIN-A0867,45.6,39.1,"10.8231,106.6297",104.5
2024-01-02 19:24:00,VIN-A0868,105.6,74.1,"16.0544,108.2022",89.3
2024-01-02 19:27:00,VIN-A0869,58.6,89.3,"10.9460,108.4419",71.8
2024-01-02 19:30:00,VIN-A0870,31.4,34.9,"10.0452,105.7469",109.1
2024-01-02 19:33:00,VIN-A0871,80.4,37.1,"21.0285,105.8542",87.3
2024-01-02 19:36:00,VIN-A0872,87.2,50.8,"20.8449,106.6881",75.9
2024-01-02 19:39:00,VIN-A0873,99.2,89.7,"10.8231,106.6297",70.5
2024-01-02 19:42:00,VIN-A0874,112.1,53.0,"10.9460,108.4419",104.1
2024-01-02 19:45:00,VIN-A0875,104.3,12.1,"10.9460,108.4419",82.8
2024-01-02 19:48:00,VIN-A0876,39.7,31.4,"10.0452,105.7469",92.0
2024-01-02 19:51:00,VIN-A0877,45.4,82.6,"21.0285,105.8542",88.4
2024-01-02 19:54:00,VIN-A0878,96.2,47.6,"10.9460,108.4419",87.9
2024-01-02 19:57:00,VIN-A0879,14.2,52.3,"10.8231,106.6297",74.1
2024-01-02 20:00:00,VIN-A0880,49.5,57.9,"10.8231,106.6297",103.0
2024-01-02 20:03:00,VIN-A0881,95.0,96.5,"12.2388,109.1967",105.6
2024-01-02 20:06:00,VIN-A0882,67.5,67.2,"10.9460,108.4419",108.0
2024-01-02 20:09:00,VIN-A0883,43.6,10.2,"10.0452,105.7469",103.8
2024-01-02 20:12:00,VIN-A0884,39.8,77.9,"10.9460,108.4419",98.7
2024-01-02 20:15:00,VIN-A0885,43.6,48.0,"21.0285,105.8542",100.4
2024-01-02 20:18:00,VIN-A0886,26.6,37.4,"12.2388,109.1967",91.9
2024-01-02 20:21:00,VIN-A0887,44.9,15.1,"16.0544,108.2022",89.7
2024-01-02 20:24:00,VIN-A0888,98.6,75.5,"20.8449,106.6881",74.3
2024-01-02 20:27:00,VIN-A0889,73.3,22.8,"20.8449,106.6881",78.6
2024-01-02 20:30:00,VIN-A0890,98.9,23.1,"11.9404,108.4583",74.3
2024-01-02 20:33:00,VIN-A0891,49.7,93.0,"21.0285,105.8542",100.9
2024-01-02 20:36:00,VIN-A0892,54.1,67.6,"16.0544,108.2022",108.6
2024-01-02 20:39:00,VIN-A0893,0.5,74.9,"20.8449,106.6881",103.6
2024-01-02 20:42:00,VIN-A0894,58.0,53.3,"16.0544,108.2022",97.7
2024-01-02 20:45:00,VIN-A0895,20.8,82.4,"21.0285,105.8542",85.5
2024-01-02 20:48:00,VIN-A0896,72.1,88.9,"20.8449,106.6881",86.7
2024-01-02 20:51:00,VIN-A0897,73.1,70.8,"10.0452,105.7469",80.9
2024-01-02 20:54:00,VIN-A0898,115.6,97.2,"10.9460,108.4419",102.2
2024-01-02 20:57:00,VIN-A0899,16.6,62.2,"12.2388,109.1967",103.7
2024-01-02 21:00:00,VIN-A0900,65.7,34.8,"10.0452,105.7469",78.0
2024-01-02 21:03:00,VIN-A0901,74.9,32.6,"11.9404,108.4583",106.8
2024-01-02 21:06:00,VIN-A0902,15.9,72.5,"16.0544,108.2022",90.2
2024-01-02 21:09:00,VIN-A0903,83.3,35.6,"21.0285,105.8542",100.4
2024-01-02 21:12:00,VIN-A0904,67.5,60.4,"20.8449,106.6881",97.0
2024-01-02 21:15:00,VIN-A0905,107.3,55.7,"20.8449,106.6881",102.3
2024-01-02 21:18:00,VIN-A0906,62.7,7.4,"16.0544,108.2022",72.1
2024-01-02 21:21:00,VIN-A0907,6.8,30.4,"16.0544,108.2022",109.3
2024-01-02 21:24:00,VIN-A0908,82.0,18.9,"10.8231,106.6297",97.6
2024-01-02 21:27:00,VIN-A0909,35.4,76.6,"10.8231,106.6297",84.3
2024-01-02 21:30:00,VIN-A0910,54.3,63.5,"10.0452,105.7469",99.7
2024-01-02 21:33:00,VIN-A0911,67.4,27.6,"12.2388,109.1967",97.7
2024-01-02 21:36:00,VIN-A0912,5.6,41.3,"20.8449,106.6881",108.3
2024-01-02 21:39:00,VIN-A0913,117.1,34.7,"10.8231,106.6297",70.5
2024-01-02 21:42:00,VIN-A0914,30.2,64.0,"10.9460,108.4419",103.2
2024-01-02 21:45:00,VIN-A0915,109.4,71.9,"11.9404,108.4583",100.2
2024-01-02 21:48:00,VIN-A0916,65.6,62.3,"10.0452,105.7469",81.8
2024-01-02 21:51:00,VIN-A0917,21.3,69.9,"16.0544,108.2022",108.5
2024-01-02 21:54:00,VIN-A0918,88.2,16.3,"10.8231,106.6297",87.1
2024-01-02 21:57:00,VIN-A0919,66.8,17.4,"12.2388,109.1967",70.2
2024-01-02 22:00:00,VIN-A0920,56.0,94.1,"10.8231,106.6297",76.1
2024-01-02 22:03:00,VIN-A0921,38.7,9.8,"12.2388,109.1967",89.6
2024-01-02 22:06:00,VIN-A0922,68.7,39.0,"11.9404,108.4583",91.0
2024-01-02 22:09:00,VIN-A0923,114.8,54.5,"16.0544,108.2022",86.6
2024-01-02 22:12:00,VIN-A0924,64.4,13.7,"10.0452,105.7469",105.3
2024-01-02 22:15:00,VIN-A0925,79.6,36.5,"12.2388,109.1967",78.7
2024-01-02 22:18:00,VIN-A0926,90.3,55.4,"10.8231,106.6297",74.6
2024-01-02 22:21:00,VIN-A0927,41.5,27.8,"10.0452,105.7469",108.4
2024-01-02 22:24:00,VIN-A0928,81.9,35.5,"21.0285,105.8542",85.4
2024-01-02 22:27:00,VIN-A0929,64.8,31.9,"11.9404,108.4583",90.6
2024-01-02 22:30:00,VIN-A0930,61.0,51.2,"12.2388,109.1967",105.9
2024-01-02 22:33:00,VIN-A0931,23.1,53.8,"21.0285,105.8542",76.7
2024-01-02 22:36:00,VIN-A0932,114.8,56.1,"10.8231,106.6297",95.1
2024-01-02 22:39:00,VIN-A0933,25.3,64.8,"10.0452,105.7469",104.6
2024-01-02 22:42:00,VIN-A0934,50.9,14.9,"20.8449,106.6881",95.9
2024-01-02 22:45:00,VIN-A0935,112.8,76.0,"16.0544,108.2022",71.0
2024-01-02 22:48:00,VIN-A0936,86.0,8.6,"21.0285,105.8542",72.2
2024-01-02 22:51:00,VIN-A0937,95.3,58.0,"10.0452,105.7469",106.4
2024-01-02 22:54:00,VIN-A0938,48.9,47.9,"20.8449,106.6881",87.3
2024-01-02 22:57:00,VIN-A0939,2.0,69.0,"10.8231,106.6297",95.7
2024-01-02 23:00:00,VIN-A0940,74.2,76.8,"10.8231,106.6297",98.0
2024-01-02 23:03:00,VIN-A0941,8.7,93.2,"21.0285,105.8542",81.6
2024-01-02 23:06:00,VIN-A0942,82.3,62.6,"12.2388,109.1967",100.6
2024-01-02 23:09:00,VIN-A0943,52.5,42.5,"10.8231,106.6297",89.0
2024-01-02 23:12:00,VIN-A0944,64.0,18.0,"20.8449,106.6881",101.9
2024-01-02 23:15:00,VIN-A0945,101.9,33.0,"16.0544,108.2022",81.9
2024-01-02 23:18:00,VIN-A0946,106.4,96.7,"11.9404,108.4583",108.3
2024-01-02 23:21:00,VIN-A0947,1.3,88.1,"16.0544,108.2022",74.9
2024-01-02 23:24:00,VIN-A0948,0.6,61.7,"21.0285,105.8542",82.2
2024-01-02 23:27:00,VIN-A0949,89.8,90.8,"11.9404,108.4583",78.5
2024-01-02 23:30:00,VIN-A0950,108.7,85.9,"16.0544,108.2022",76.4
2024-01-02 23:33:00,VIN-A0951,26.5,84.3,"10.0452,105.7469",74.6
2024-01-02 23:36:00,VIN-A0952,80.5,58.9,"10.8231,106.6297",104.1
2024-01-02 23:39:00,VIN-A0953,111.9,99.5,"10.9460,108.4419",95.8
2024-01-02 23:42:00,VIN-A0954,8.8,68.8,"12.2388,109.1967",73.9
2024-01-02 23:45:00,VIN-A0955,87.1,51.3,"11.9404,108.4583",84.3
2024-01-02 23:48:00,VIN-A0956,80.6,27.3,"12.2388,109.1967",94.8
2024-01-02 23:51:00,VIN-A0957,108.0,35.2,"10.9460,108.4419",83.1
2024-01-02 23:54:00,VIN-A0958,79.1,70.9,"16.0544,108.2022",92.6
2024-01-02 23:57:00,VIN-A0959,43.7,35.1,"20.8449,106.6881",76.7
2024-01-03 00:00:00,VIN-A0960,37.6,79.6,"20.8449,106.6881",81.1
2024-01-03 00:03:00,VIN-A0961,43.1,69.6,"11.9404,108.4583",105.1
2024-01-03 00:06:00,VIN-A0962,55.5,39.1,"12.2388,109.1967",89.5
2024-01-03 00:09:00,VIN-A0963,13.1,66.3,"21.0285,105.8542",103.7
2024-01-03 00:12:00,VIN-A0964,103.0,18.3,"10.0452,105.7469",80.5
2024-01-03 00:15:00,VIN-A0965,106.4,12.3,"21.0285,105.8542",105.7
2024-01-03 00:18:00,VIN-A0966,102.0,65.0,"20.8449,106.6881",100.8
2024-01-03 00:21:00,VIN-A0967,25.5,8.5,"12.2388,109.1967",91.7
2024-01-03 00:24:00,VIN-A0968,119.8,49.8,"16.0544,108.2022",84.6
2024-01-03 00:27:00,VIN-A0969,26.8,78.4,"12.2388,109.1967",75.4
2024-01-03 00:30:00,VIN-A0970,60.1,13.6,"11.9404,108.4583",90.1
2024-01-03 00:33:00,VIN-A0971,79.5,85.6,"16.0544,108.2022",100.3
2024-01-03 00:36:00,VIN-A0972,16.8,20.1,"16.0544,108.2022",99.4
2024-01-03 00:39:00,VIN-A0973,58.0,39.1,"10.0452,105.7469",100.5
2024-01-03 00:42:00,VIN-A0974,27.8,30.1,"10.0452,105.7469",71.7
2024-01-03 00:45:00,VIN-A0975,24.8,91.2,"11.9404,108.4583",85.5
2024-01-03 00:48:00,VIN-A0976,110.1,88.7,"10.8231,106.6297",109.2
2024-01-03 00:51:00,VIN-A0977,38.9,71.9,"12.2388,109.1967",103.4
2024-01-03 00:54:00,VIN-A0978,31.6,56.7,"16.0544,108.2022",85.1
2024-01-03 00:57:00,VIN-A0979,45.4,60.8,"21.0285,105.8542",90.7
2024-01-03 01:00:00,VIN-A0980,45.2,91.2,"20.8449,106.6881",84.1
2024-01-03 01:03:00,VIN-A0981,104.1,51.3,"10.9460,108.4419",105.5
2024-01-03 01:06:00,VIN-A0982,0.8,88.8,"10.9460,108.4419",76.6
2024-01-03 01:09:00,VIN-A0983,9.3,66.1,"10.0452,105.7469",76.0
2024-01-03 01:12:00,VIN-A0984,18.9,62.2,"21.0285,105.8542",96.4
2024-01-03 01:15:00,VIN-A0985,49.8,36.4,"21.0285,105.8542",89.3
2024-01-03 01:18:00,VIN-A0986,57.5,25.0,"16.0544,108.2022",95.9
2024-01-03 01:21:00,VIN-A0987,49.3,28.1,"16.0544,108.2022",92.9
2024-01-03 01:24:00,VIN-A0988,19.3,64.8,"10.8231,106.6297",105.6
2024-01-03 01:27:00,VIN-A0989,17.6,20.8,"16.0544,108.2022",90.7
2024-01-03 01:30:00,VIN-A0990,48.7,97.1,"10.8231,106.6297",105.1
2024-01-03 01:33:00,VIN-A0991,87.4,83.0,"21.0285,105.8542",78.7
2024-01-03 01:36:00,VIN-A0992,72.8,49.8,"10.9460,108.4419",76.8
2024-01-03 01:39:00,VIN-A0993,99.6,62.1,"16.0544,108.2022",94.9
2024-01-03 01:42:00,VIN-A0994,61.3,20.9,"11.9404,108.4583",106.9
2024-01-03 01:45:00,VIN-A0995,71.6,11.5,"20.8449,106.6881",85.4
2024-01-03 01:48:00,VIN-A0996,13.0,24.2,"20.8449,106.6881",103.1
2024-01-03 01:51:00,VIN-A0997,72.7,21.9,"10.8231,106.6297",105.1
2024-01-03 01:54:00,VIN-A0998,63.8,76.5,"21.0285,105.8542",89.3
2024-01-03 01:57:00,VIN-A0999,15.6,62.3,"10.8231,106.6297",105.9
2024-01-03 02:00:00,VIN-A1000,93.0,66.7,"20.8449,106.6881",84.8
2024-01-03 02:03:00,VIN-A1001,5.2,55.3,"10.0452,105.7469",107.5
2024-01-03 02:06:00,VIN-A1002,57.9,78.0,"11.9404,108.4583",93.6
2024-01-03 02:09:00,VIN-A1003,89.0,77.3,"21.0285,105.8542",87.0
2024-01-03 02:12:00,VIN-A1004,30.5,77.8,"21.0285,105.8542",81.3
2024-01-03 02:15:00,VIN-A1005,105.2,43.8,"10.0452,105.7469",70.2
2024-01-03 02:18:00,VIN-A1006,89.2,5.7,"21.0285,105.8542",90.8
2024-01-03 02:21:00,VIN-A1007,45.0,24.5,"11.9404,108.4583",86.4
2024-01-03 02:24:00,VIN-A1008,12.8,45.5,"12.2388,109.1967",80.5
2024-01-03 02:27:00,VIN-A1009,64.3,58.6,"12.2388,109.1967",109.7
2024-01-03 02:30:00,VIN-A1010,47.7,24.4,"10.9460,108.4419",77.1
2024-01-03 02:33:00,VIN-A1011,67.1,51.0,"12.2388,109.1967",93.1
2024-01-03 02:36:00,VIN-A1012,92.9,42.8,"16.0544,108.2022",104.2
2024-01-03 02:39:00,VIN-A1013,79.1,76.0,"10.9460,108.4419",101.3
2024-01-03 02:42:00,VIN-A1014,113.9,14.5,"20.8449,106.6881",101.4
2024-01-03 02:45:00,VIN-A1015,96.1,63.3,"10.8231,106.6297",76.4
2024-01-03 02:48:00,VIN-A1016,115.7,5.5,"21.0285,105.8542",102.9
2024-01-03 02:51:00,VIN-A1017,56.6,62.0,"21.0285,105.8542",72.6
2024-01-03 02:54:00,VIN-A1018,26.6,12.6,"10.8231,106.6297",99.0
2024-01-03 02:57:00,VIN-A1019,111.7,43.1,"12.2388,109.1967",98.5
2024-01-03 03:00:00,VIN-A1020,71.7,94.8,"16.0544,108.2022",95.6
2024-01-03 03:03:00,VIN-A1021,52.7,24.2,"12.2388,109.1967",77.8
2024-01-03 03:06:00,VIN-A1022,94.1,53.5,"10.0452,105.7469",94.6
2024-01-03 03:09:00,VIN-A1023,80.9,39.2,"10.8231,106.6297",109.0
2024-01-03 03:12:00,VIN-A1024,10.4,31.2,"20.8449,106.6881",84.1
2024-01-03 03:15:00,VIN-A1025,47.4,60.7,"10.8231,106.6297",99.5
2024-01-03 03:18:00,VIN-A1026,8.2,13.6,"12.2388,109.1967",99.0
2024-01-03 03:21:00,VIN-A1027,67.1,60.4,"11.9404,108.4583",108.5
2024-01-03 03:24:00,VIN-A1028,33.2,62.6,"10.0452,105.7469",88.2
2024-01-03 03:27:00,VIN-A1029,48.5,5.4,"16.0544,108.2022",86.3
2024-01-03 03:30:00,VIN-A1030,12.8,11.9,"12.2388,109.1967",83.6
2024-01-03 03:33:00,VIN-A1031,14.0,53.8,"12.2388,109.1967",105.0
2024-01-03 03:36:00,VIN-A1032,97.6,59.6,"10.9460,108.4419",108.6
2024-01-03 03:39:00,VIN-A1033,67.6,78.1,"11.9404,108.4583",108.4
2024-01-03 03:42:00,VIN-A1034,55.1,48.8,"10.8231,106.6297",89.3
2024-01-03 03:45:00,VIN-A1035,30.9,41.4,"10.0452,105.7469",97.1
2024-01-03 03:48:00,VIN-A1036,27.6,35.0,"11.9404,108.4583",90.7
2024-01-03 03:51:00,VIN-A1037,1.2,84.1,"10.0452,105.7469",81.5
2024-01-03 03:54:00,VIN-A1038,47.9,76.1,"11.9404,108.4583",73.0
2024-01-03 03:57:00,VIN-A1039,111.8,50.3,"11.9404,108.4583",78.7
2024-01-03 04:00:00,VIN-A1040,68.8,22.4,"10.0452,105.7469",90.0
2024-01-03 04:03:00,VIN-A1041,24.0,74.9,"12.2388,109.1967",78.3
2024-01-03 04:06:00,VIN-A1042,24.3,28.7,"11.9404,108.4583",76.2
2024-01-03 04:09:00,VIN-A1043,12.8,92.4,"10.9460,108.4419",94.6
2024-01-03 04:12:00,VIN-A1044,91.7,56.4,"10.8231,106.6297",103.9
2024-01-03 04:15:00,VIN-A1045,44.5,35.0,"12.2388,109.1967",89.6
2024-01-03 04:18:00,VIN-A1046,118.1,92.0,"12.2388,109.1967",85.9
2024-01-03 04:21:00,VIN-A1047,90.0,17.2,"20.8449,106.6881",89.1
2024-01-03 04:24:00,VIN-A1048,64.9,52.7,"20.8449,106.6881",104.4
2024-01-03 04:27:00,VIN-A1049,93.1,48.4,"21.0285,105.8542",97.9
2024-01-03 04:30:00,VIN-A1050,55.2,70.5,"10.8231,106.6297",97.0
2024-01-03 04:33:00,VIN-A1051,45.5,14.6,"11.9404,108.4583",94.5
2024-01-03 04:36:00,VIN-A1052,31.2,57.1,"10.0452,105.7469",80.8
2024-01-03 04:39:00,VIN-A1053,115.0,37.6,"16.0544,108.2022",90.0
2024-01-03 04:42:00,VIN-A1054,25.3,71.6,"11.9404,108.4583",84.6
2024-01-03 04:45:00,VIN-A1055,48.1,47.8,"16.0544,108.2022",109.2
2024-01-03 04:48:00,VIN-A1056,82.3,82.3,"12.2388,109.1967",102.2
2024-01-03 04:51:00,VIN-A1057,66.6,86.3,"10.0452,105.7469",75.8
2024-01-03 04:54:00,VIN-A1058,115.1,19.2,"10.8231,106.6297",77.1
2024-01-03 04:57:00,VIN-A1059,60.0,99.6,"11.9404,108.4583",101.4
2024-01-03 05:00:00,VIN-A1060,36.0,58.4,"10.8231,106.6297",85.9
2024-01-03 05:03:00,VIN-A1061,82.9,10.7,"12.2388,109.1967",89.1
2024-01-03 05:06:00,VIN-A1062,75.6,47.7,"11.9404,108.4583",80.4
2024-01-03 05:09:00,VIN-A1063,43.2,58.0,"12.2388,109.1967",83.8
2024-01-03 05:12:00,VIN-A1064,49.4,38.4,"10.0452,105.7469",93.1
2024-01-03 05:15:00,VIN-A1065,78.0,56.2,"12.2388,109.1967",84.2
2024-01-03 05:18:00,VIN-A1066,80.8,51.3,"10.9460,108.4419",105.6
2024-01-03 05:21:00,VIN-A1067,45.7,32.2,"16.0544,108.2022",104.7
2024-01-03 05:24:00,VIN-A1068,76.9,93.2,"20.8449,106.6881",95.3
2024-01-03 05:27:00,VIN-A1069,68.6,85.6,"21.0285,105.8542",73.2
2024-01-03 05:30:00,VIN-A1070,41.2,34.8,"12.2388,109.1967",98.4
2024-01-03 05:33:00,VIN-A1071,72.6,42.6,"10.9460,108.4419",101.2
2024-01-03 05:36:00,VIN-A1072,112.7,76.1,"10.9460,108.4419",86.6
2024-01-03 05:39:00,VIN-A1073,22.1,7.2,"10.0452,105.7469",96.5
2024-01-03 05:42:00,VIN-A1074,112.9,71.6,"21.0285,105.8542",78.4
2024-01-03 05:45:00,VIN-A1075,47.6,14.1,"10.9460,108.4419",91.9
2024-01-03 05:48:00,VIN-A1076,3.2,42.7,"21.0285,105.8542",74.2
2024-01-03 05:51:00,VIN-A1077,74.2,13.0,"20.8449,106.6881",82.4
2024-01-03 05:54:00,VIN-A1078,29.7,32.0,"16.0544,108.2022",75.3
2024-01-03 05:57:00,VIN-A1079,100.6,7.7,"11.9404,108.4583",104.4
2024-01-03 06:00:00,VIN-A1080,39.0,50.2,"12.2388,109.1967",91.9
2024-01-03 06:03:00,VIN-A1081,16.2,95.1,"16.0544,108.2022",93.6
2024-01-03 06:06:00,VIN-A1082,54.8,76.1,"20.8449,106.6881",90.9
2024-01-03 06:09:00,VIN-A1083,76.7,34.4,"11.9404,108.4583",89.3
2024-01-03 06:12:00,VIN-A1084,27.3,13.5,"12.2388,109.1967",84.6
2024-01-03 06:15:00,VIN-A1085,31.2,33.8,"10.8231,106.6297",90.9
2024-01-03 06:18:00,VIN-A1086,91.0,17.9,"12.2388,109.1967",88.8
2024-01-03 06:21:00,VIN-A1087,1.0,92.6,"10.9460,108.4419",82.0
2024-01-03 06:24:00,VIN-A1088,91.9,80.8,"10.0452,105.7469",101.9
2024-01-03 06:27:00,VIN-A1089,65.8,22.9,"20.8449,106.6881",85.8
2024-01-03 06:30:00,VIN-A1090,19.6,75.0,"20.8449,106.6881",103.1
2024-01-03 06:33:00,VIN-A1091,26.5,12.5,"10.0452,105.7469",90.7
2024-01-03 06:36:00,VIN-A1092,96.0,63.3,"12.2388,109.1967",81.4
2024-01-03 06:39:00,VIN-A1093,89.2,81.8,"20.8449,106.6881",77.5
2024-01-03 06:42:00,VIN-A1094,8.2,18.0,"21.0285,105.8542",95.5
2024-01-03 06:45:00,VIN-A1095,74.1,30.9,"10.9460,108.4419",77.5
2024-01-03 06:48:00,VIN-A1096,2.3,9.7,"10.8231,106.6297",77.4
2024-01-03 06:51:00,VIN-A1097,12.3,30.6,"10.9460,108.4419",99.1
2024-01-03 06:54:00,VIN-A1098,27.9,19.3,"10.9460,108.4419",78.7
2024-01-03 06:57:00,VIN-A1099,50.4,79.6,"10.9460,108.4419",109.9
2024-01-03 07:00:00,VIN-A1100,55.6,80.2,"11.9404,108.4583",73.2
2024-01-03 07:03:00,VIN-A1101,90.1,18.9,"12.2388,109.1967",101.0
2024-01-03 07:06:00,VIN-A1102,8.6,49.7,"10.0452,105.7469",105.8
2024-01-03 07:09:00,VIN-A1103,30.0,41.2,"10.8231,106.6297",74.9
2024-01-03 07:12:00,VIN-A1104,92.2,28.7,"10.9460,108.4419",79.9
2024-01-03 07:15:00,VIN-A1105,119.3,23.9,"21.0285,105.8542",90.8
2024-01-03 07:18:00,VIN-A1106,117.9,49.9,"12.2388,109.1967",107.4
2024-01-03 07:21:00,VIN-A1107,19.0,74.2,"21.0285,105.8542",80.1
2024-01-03 07:24:00,VIN-A1108,76.6,23.9,"10.8231,106.6297",104.5
2024-01-03 07:27:00,VIN-A1109,26.1,15.7,"20.8449,106.6881",83.0
2024-01-03 07:30:00,VIN-A1110,20.1,31.2,"21.0285,105.8542",85.8
2024-01-03 07:33:00,VIN-A1111,29.2,97.0,"10.9460,108.4419",97.5
2024-01-03 07:36:00,VIN-A1112,18.6,78.2,"10.0452,105.7469",76.3
2024-01-03 07:39:00,VIN-A1113,11.0,63.8,"10.8231,106.6297",72.4
2024-01-03 07:42:00,VIN-A1114,77.3,71.6,"21.0285,105.8542",75.0
2024-01-03 07:45:00,VIN-A1115,27.9,98.3,"11.9404,108.4583",102.2
2024-01-03 07:48:00,VIN-A1116,52.6,23.3,"20.8449,106.6881",84.3
2024-01-03 07:51:00,VIN-A1117,16.2,90.4,"10.9460,108.4419",98.3
2024-01-03 07:54:00,VIN-A1118,67.1,56.6,"10.9460,108.4419",77.6
2024-01-03 07:57:00,VIN-A1119,22.4,38.0,"10.9460,108.4419",81.0
2024-01-03 08:00:00,VIN-A1120,99.8,91.9,"16.0544,108.2022",72.8
2024-01-03 08:03:00,VIN-A1121,18.6,33.1,"12.2388,109.1967",91.7
2024-01-03 08:06:00,VIN-A1122,54.5,78.7,"20.8449,106.6881",99.3
2024-01-03 08:09:00,VIN-A1123,106.0,63.9,"11.9404,108.4583",101.0
2024-01-03 08:12:00,VIN-A1124,28.7,73.5,"20.8449,106.6881",77.6
2024-01-03 08:15:00,VIN-A1125,82.0,77.7,"16.0544,108.2022",94.5
2024-01-03 08:18:00,VIN-A1126,38.7,65.9,"21.0285,105.8542",73.9
2024-01-03 08:21:00,VIN-A1127,79.1,9.2,"16.0544,108.2022",77.1
2024-01-03 08:24:00,VIN-A1128,3.8,15.2,"10.0452,105.7469",74.0
2024-01-03 08:27:00,VIN-A1129,68.5,84.4,"10.9460,108.4419",91.0
2024-01-03 08:30:00,VIN-A1130,84.2,29.3,"11.9404,108.4583",78.8
2024-01-03 08:33:00,VIN-A1131,86.1,6.2,"10.0452,105.7469",96.2
2024-01-03 08:36:00,VIN-A1132,111.4,84.0,"10.9460,108.4419",102.0
2024-01-03 08:39:00,VIN-A1133,7.3,58.0,"20.8449,106.6881",102.9
2024-01-03 08:42:00,VIN-A1134,95.3,10.5,"12.2388,109.1967",91.2
2024-01-03 08:45:00,VIN-A1135,88.1,84.3,"21.0285,105.8542",107.8
2024-01-03 08:48:00,VIN-A1136,115.3,14.2,"10.0452,105.7469",91.3
2024-01-03 08:51:00,VIN-A1137,22.7,55.0,"10.0452,105.7469",92.8
2024-01-03 08:54:00,VIN-A1138,113.7,58.1,"20.8449,106.6881",99.8
2024-01-03 08:57:00,VIN-A1139,92.0,59.8,"10.9460,108.4419",98.1
2024-01-03 09:00:00,VIN-A1140,51.2,14.9,"16.0544,108.2022",92.0
2024-01-03 09:03:00,VIN-A1141,60.6,67.5,"10.9460,108.4419",107.3
2024-01-03 09:06:00,VIN-A1142,108.3,57.3,"11.9404,108.4583",103.8
2024-01-03 09:09:00,VIN-A1143,49.5,65.2,"11.9404,108.4583",94.3
2024-01-03 09:12:00,VIN-A1144,67.6,25.3,"12.2388,109.1967",84.4
2024-01-03 09:15:00,VIN-A1145,54.3,96.2,"10.8231,106.6297",99.1
2024-01-03 09:18:00,VIN-A1146,118.0,61.6,"16.0544,108.2022",109.7
2024-01-03 09:21:00,VIN-A1147,36.2,33.5,"10.0452,105.7469",78.6
2024-01-03 09:24:00,VIN-A1148,37.8,78.3,"12.2388,109.1967",106.8
2024-01-03 09:27:00,VIN-A1149,61.4,59.2,"16.0544,108.2022",73.8
2024-01-03 09:30:00,VIN-A1150,55.2,19.8,"12.2388,109.1967",84.7
2024-01-03 09:33:00,VIN-A1151,69.9,27.1,"12.2388,109.1967",73.7
2024-01-03 09:36:00,VIN-A1152,48.0,92.2,"21.0285,105.8542",98.9
2024-01-03 09:39:00,VIN-A1153,95.1,21.4,"21.0285,105.8542",93.8
2024-01-03 09:42:00,VIN-A1154,36.0,74.4,"20.8449,106.6881",73.1
2024-01-03 09:45:00,VIN-A1155,6.7,78.2,"11.9404,108.4583",105.2
2024-01-03 09:48:00,VIN-A1156,52.1,93.4,"21.0285,105.8542",104.8
2024-01-03 09:51:00,VIN-A1157,27.2,67.0,"10.8231,106.6297",95.4
2024-01-03 09:54:00,VIN-A1158,75.9,10.1,"10.8231,106.6297",82.8
2024-01-03 09:57:00,VIN-A1159,67.8,36.0,"10.0452,105.7469",76.1
2024-01-03 10:00:00,VIN-A1160,80.8,99.7,"10.9460,108.4419",100.1
2024-01-03 10:03:00,VIN-A1161,69.0,13.6,"20.8449,106.6881",81.6
2024-01-03 10:06:00,VIN-A1162,47.3,17.6,"21.0285,105.8542",89.0
2024-01-03 10:09:00,VIN-A1163,89.4,57.1,"12.2388,109.1967",73.4
2024-01-03 10:12:00,VIN-A1164,60.2,78.5,"16.0544,108.2022",100.5
2024-01-03 10:15:00,VIN-A1165,57.7,23.8,"20.8449,106.6881",96.1
2024-01-03 10:18:00,VIN-A1166,23.5,63.5,"10.0452,105.7469",79.7
2024-01-03 10:21:00,VIN-A1167,32.0,45.9,"21.0285,105.8542",74.5
2024-01-03 10:24:00,VIN-A1168,49.6,39.7,"10.0452,105.7469",82.8
2024-01-03 10:27:00,VIN-A1169,71.3,7.3,"12.2388,109.1967",76.8
2024-01-03 10:30:00,VIN-A1170,42.0,83.1,"10.9460,108.4419",94.9
2024-01-03 10:33:00,VIN-A1171,52.9,92.8,"10.0452,105.7469",78.0
2024-01-03 10:36:00,VIN-A1172,44.9,77.0,"21.0285,105.8542",74.5
2024-01-03 10:39:00,VIN-A1173,6.5,95.1,"16.0544,108.2022",104.8
2024-01-03 10:42:00,VIN-A1174,98.4,6.3,"21.0285,105.8542",82.2
2024-01-03 10:45:00,VIN-A1175,56.5,36.5,"10.0452,105.7469",78.2
2024-01-03 10:48:00,VIN-A1176,62.8,29.6,"10.9460,108.4419",94.9
2024-01-03 10:51:00,VIN-A1177,119.1,71.0,"10.8231,106.6297",85.1
2024-01-03 10:54:00,VIN-A1178,108.7,55.0,"12.2388,109.1967",76.8
2024-01-03 10:57:00,VIN-A1179,34.1,80.0,"12.2388,109.1967",72.1
2024-01-03 11:00:00,VIN-A1180,78.6,5.8,"20.8449,106.6881",96.4
2024-01-03 11:03:00,VIN-A1181,79.6,91.7,"11.9404,108.4583",104.6
2024-01-03 11:06:00,VIN-A1182,2.3,87.4,"20.8449,106.6881",79.2
2024-01-03 11:09:00,VIN-A1183,45.7,97.8,"21.0285,105.8542",106.2
2024-01-03 11:12:00,VIN-A1184,58.2,61.7,"21.0285,105.8542",77.5
2024-01-03 11:15:00,VIN-A1185,60.1,48.5,"10.8231,106.6297",71.6
2024-01-03 11:18:00,VIN-A1186,110.7,34.0,"10.9460,108.4419",85.7
2024-01-03 11:21:00,VIN-A1187,18.8,37.9,"11.9404,108.4583",84.2
2024-01-03 11:24:00,VIN-A1188,36.3,99.6,"12.2388,109.1967",102.5
2024-01-03 11:27:00,VIN-A1189,75.1,88.5,"10.8231,106.6297",107.8
2024-01-03 11:30:00,VIN-A1190,113.9,26.4,"11.9404,108.4583",105.9
2024-01-03 11:33:00,VIN-A1191,78.8,13.3,"20.8449,106.6881",90.8
2024-01-03 11:36:00,VIN-A1192,81.4,87.9,"10.0452,105.7469",86.7
2024-01-03 11:39:00,VIN-A1193,68.7,45.5,"12.2388,109.1967",106.4
2024-01-03 11:42:00,VIN-A1194,39.5,56.5,"10.0452,105.7469",96.1
2024-01-03 11:45:00,VIN-A1195,69.7,70.0,"10.0452,105.7469",104.5
2024-01-03 11:48:00,VIN-A1196,37.1,72.0,"16.0544,108.2022",87.2
2024-01-03 11:51:00,VIN-A1197,109.1,78.2,"16.0544,108.2022",82.7
2024-01-03 11:54:00,VIN-A1198,66.9,95.1,"21.0285,105.8542",77.4
2024-01-03 11:57:00,VIN-A1199,100.7,18.8,"10.8231,106.6297",100.6
2024-01-03 12:00:00,VIN-A1200,105.6,44.3,"20.8449,106.6881",82.1
2024-01-03 12:03:00,VIN-A1201,89.5,83.1,"12.2388,109.1967",76.1
2024-01-03 12:06:00,VIN-A1202,22.6,17.5,"10.8231,106.6297",100.5
2024-01-03 12:09:00,VIN-A1203,73.4,30.4,"10.0452,105.7469",93.9
2024-01-03 12:12:00,VIN-A1204,27.7,7.5,"21.0285,105.8542",97.5
2024-01-03 12:15:00,VIN-A1205,57.2,52.7,"10.9460,108.4419",98.5
2024-01-03 12:18:00,VIN-A1206,44.9,86.0,"10.9460,108.4419",89.0
2024-01-03 12:21:00,VIN-A1207,19.7,26.5,"20.8449,106.6881",100.6
2024-01-03 12:24:00,VIN-A1208,1.8,30.6,"20.8449,106.6881",78.9
2024-01-03 12:27:00,VIN-A1209,80.6,24.3,"10.0452,105.7469",72.6
2024-01-03 12:30:00,VIN-A1210,111.3,98.6,"10.9460,108.4419",97.5
2024-01-03 12:33:00,VIN-A1211,104.0,89.3,"20.8449,106.6881",86.2
2024-01-03 12:36:00,VIN-A1212,5.0,74.9,"20.8449,106.6881",98.8
2024-01-03 12:39:00,VIN-A1213,47.3,94.2,"10.8231,106.6297",90.8
2024-01-03 12:42:00,VIN-A1214,54.2,83.6,"10.8231,106.6297",105.1
2024-01-03 12:45:00,VIN-A1215,29.5,56.1,"10.8231,106.6297",92.3
2024-01-03 12:48:00,VIN-A1216,61.9,64.9,"10.8231,106.6297",77.6
2024-01-03 12:51:00,VIN-A1217,52.7,89.0,"12.2388,109.1967",88.5
2024-01-03 12:54:00,VIN-A1218,50.7,63.2,"10.8231,106.6297",97.6
2024-01-03 12:57:00,VIN-A1219,108.4,49.0,"10.9460,108.4419",73.6
2024-01-03 13:00:00,VIN-A1220,60.1,22.1,"16.0544,108.2022",85.7
2024-01-03 13:03:00,VIN-A1221,38.8,7.4,"10.9460,108.4419",93.6
2024-01-03 13:06:00,VIN-A1222,85.5,24.2,"10.9460,108.4419",73.6
2024-01-03 13:09:00,VIN-A1223,38.9,66.6,"16.0544,108.2022",98.7
2024-01-03 13:12:00,VIN-A1224,14.8,15.8,"10.9460,108.4419",95.4
2024-01-03 13:15:00,VIN-A1225,10.2,72.2,"16.0544,108.2022",85.1
2024-01-03 13:18:00,VIN-A1226,45.7,78.0,"11.9404,108.4583",92.6
2024-01-03 13:21:00,VIN-A1227,79.1,19.3,"16.0544,108.2022",77.2
2024-01-03 13:24:00,VIN-A1228,85.4,44.9,"12.2388,109.1967",99.2
2024-01-03 13:27:00,VIN-A1229,115.3,32.4,"16.0544,108.2022",74.7
2024-01-03 13:30:00,VIN-A1230,15.8,24.3,"12.2388,109.1967",70.5
2024-01-03 13:33:00,VIN-A1231,59.7,52.4,"10.8231,106.6297",94.3
2024-01-03 13:36:00,VIN-A1232,59.2,25.6,"10.9460,108.4419",88.1
2024-01-03 13:39:00,VIN-A1233,53.0,62.1,"10.8231,106.6297",79.8
2024-01-03 13:42:00,VIN-A1234,65.7,63.9,"10.0452,105.7469",72.0
2024-01-03 13:45:00,VIN-A1235,17.8,67.1,"10.8231,106.6297",75.8
2024-01-03 13:48:00,VIN-A1236,3.9,59.9,"12.2388,109.1967",83.2
2024-01-03 13:51:00,VIN-A1237,10.5,15.3,"16.0544,108.2022",76.5
2024-01-03 13:54:00,VIN-A1238,34.1,67.8,"16.0544,108.2022",108.7
2024-01-03 13:57:00,VIN-A1239,89.9,39.2,"10.8231,106.6297",73.7
2024-01-03 14:00:00,VIN-A1240,35.9,40.0,"20.8449,106.6881",102.8
2024-01-03 14:03:00,VIN-A1241,91.0,85.1,"21.0285,105.8542",81.7
2024-01-03 14:06:00,VIN-A1242,16.1,71.0,"12.2388,109.1967",83.2
2024-01-03 14:09:00,VIN-A1243,49.7,24.9,"10.0452,105.7469",94.5
2024-01-03 14:12:00,VIN-A1244,13.1,74.3,"21.0285,105.8542",89.3
2024-01-03 14:15:00,VIN-A1245,82.6,93.7,"12.2388,109.1967",87.1
2024-01-03 14:18:00,VIN-A1246,101.7,29.7,"11.9404,108.4583",107.1
2024-01-03 14:21:00,VIN-A1247,73.7,52.2,"10.9460,108.4419",89.7
2024-01-03 14:24:00,VIN-A1248,21.6,62.9,"12.2388,109.1967",109.2
2024-01-03 14:27:00,VIN-A1249,0.2,7.3,"21.0285,105.8542",99.5
2024-01-03 14:30:00,VIN-A1250,24.9,63.5,"20.8449,106.6881",86.6
2024-01-03 14:33:00,VIN-A1251,40.1,58.2,"10.0452,105.7469",70.5
2024-01-03 14:36:00,VIN-A1252,24.1,31.8,"21.0285,105.8542",82.3
2024-01-03 14:39:00,VIN-A1253,60.8,35.8,"10.8231,106.6297",74.6
2024-01-03 14:42:00,VIN-A1254,40.0,42.6,"10.8231,106.6297",103.3
2024-01-03 14:45:00,VIN-A1255,23.3,84.2,"10.9460,108.4419",106.6
2024-01-03 14:48:00,VIN-A1256,95.7,66.3,"10.9460,108.4419",76.2
2024-01-03 14:51:00,VIN-A1257,55.3,87.2,"11.9404,108.4583",88.5
2024-01-03 14:54:00,VIN-A1258,97.7,93.1,"10.8231,106.6297",103.4
2024-01-03 14:57:00,VIN-A1259,35.9,73.9,"11.9404,108.4583",92.2
2024-01-03 15:00:00,VIN-A1260,2.2,59.9,"11.9404,108.4583",102.0
2024-01-03 15:03:00,VIN-A1261,106.6,38.6,"16.0544,108.2022",81.2
2024-01-03 15:06:00,VIN-A1262,3.7,98.4,"16.0544,108.2022",92.8
2024-01-03 15:09:00,VIN-A1263,46.7,61.5,"12.2388,109.1967",98.2
2024-01-03 15:12:00,VIN-A1264,37.7,8.0,"20.8449,106.6881",73.5
2024-01-03 15:15:00,VIN-A1265,105.2,40.3,"12.2388,109.1967",78.6
2024-01-03 15:18:00,VIN-A1266,36.3,15.7,"10.8231,106.6297",101.1
2024-01-03 15:21:00,VIN-A1267,109.6,47.2,"10.8231,106.6297",102.0
2024-01-03 15:24:00,VIN-A1268,108.6,19.6,"11.9404,108.4583",106.9
2024-01-03 15:27:00,VIN-A1269,87.9,54.7,"11.9404,108.4583",75.7
2024-01-03 15:30:00,VIN-A1270,104.6,83.1,"16.0544,108.2022",78.2
2024-01-03 15:33:00,VIN-A1271,4.4,41.8,"21.0285,105.8542",70.2
2024-01-03 15:36:00,VIN-A1272,111.9,70.3,"21.0285,105.8542",83.3
2024-01-03 15:39:00,VIN-A1273,106.7,14.8,"12.2388,109.1967",70.9
2024-01-03 15:42:00,VIN-A1274,91.0,65.7,"10.0452,105.7469",82.8
2024-01-03 15:45:00,VIN-A1275,23.1,31.3,"11.9404,108.4583",100.9
2024-01-03 15:48:00,VIN-A1276,80.5,30.9,"16.0544,108.2022",80.9
2024-01-03 15:51:00,VIN-A1277,1.8,64.2,"21.0285,105.8542",78.3
2024-01-03 15:54:00,VIN-A1278,42.0,35.3,"16.0544,108.2022",107.7
2024-01-03 15:57:00,VIN-A1279,96.5,59.5,"16.0544,108.2022",72.8
2024-01-03 16:00:00,VIN-A1280,73.6,37.2,"10.9460,108.4419",72.0
2024-01-03 16:03:00,VIN-A1281,3.5,90.8,"10.8231,106.6297",74.2
2024-01-03 16:06:00,VIN-A1282,6.5,45.5,"16.0544,108.2022",98.2
2024-01-03 16:09:00,VIN-A1283,107.0,64.8,"10.9460,108.4419",94.7
2024-01-03 16:12:00,VIN-A1284,37.5,82.7,"21.0285,105.8542",108.9
2024-01-03 16:15:00,VIN-A1285,90.7,49.2,"16.0544,108.2022",73.7
2024-01-03 16:18:00,VIN-A1286,96.3,71.4,"21.0285,105.8542",88.2
2024-01-03 16:21:00,VIN-A1287,82.1,72.5,"10.9460,108.4419",88.8
2024-01-03 16:24:00,VIN-A1288,113.7,18.7,"12.2388,109.1967",106.5
2024-01-03 16:27:00,VIN-A1289,47.0,71.5,"11.9404,108.4583",101.6
2024-01-03 16:30:00,VIN-A1290,105.9,48.1,"10.8231,106.6297",72.6
2024-01-03 16:33:00,VIN-A1291,13.5,50.5,"16.0544,108.2022",81.3
2024-01-03 16:36:00,VIN-A1292,41.8,59.6,"21.0285,105.8542",86.2
2024-01-03 16:39:00,VIN-A1293,85.7,15.2,"21.0285,105.8542",101.7
2024-01-03 16:42:00,VIN-A1294,63.9,43.1,"20.8449,106.6881",79.5
2024-01-03 16:45:00,VIN-A1295,29.2,20.1,"10.9460,108.4419",85.4
2024-01-03 16:48:00,VIN-A1296,40.9,82.3,"20.8449,106.6881",101.4
2024-01-03 16:51:00,VIN-A1297,52.2,79.8,"10.0452,105.7469",76.9
2024-01-03 16:54:00,VIN-A1298,80.4,75.2,"10.9460,108.4419",74.6
2024-01-03 16:57:00,VIN-A1299,71.5,35.9,"21.0285,105.8542",102.9
2024-01-03 17:00:00,VIN-A1300,21.1,95.8,"21.0285,105.8542",93.9
2024-01-03 17:03:00,VIN-A1301,82.3,61.7,"20.8449,106.6881",83.1
2024-01-03 17:06:00,VIN-A1302,77.4,10.8,"10.0452,105.7469",102.7
2024-01-03 17:09:00,VIN-A1303,106.5,90.8,"10.8231,106.6297",100.3
2024-01-03 17:12:00,VIN-A1304,79.3,48.0,"12.2388,109.1967",85.6
2024-01-03 17:15:00,VIN-A1305,69.4,23.6,"11.9404,108.4583",82.0
2024-01-03 17:18:00,VIN-A1306,95.3,69.6,"20.8449,106.6881",98.7
2024-01-03 17:21:00,VIN-A1307,109.8,99.1,"10.8231,106.6297",94.5
2024-01-03 17:24:00,VIN-A1308,61.3,85.5,"12.2388,109.1967",72.5
2024-01-03 17:27:00,VIN-A1309,108.1,97.0,"10.8231,106.6297",98.1
2024-01-03 17:30:00,VIN-A1310,98.5,39.1,"12.2388,109.1967",104.6
2024-01-03 17:33:00,VIN-A1311,28.2,71.7,"20.8449,106.6881",95.0
2024-01-03 17:36:00,VIN-A1312,85.4,43.6,"20.8449,106.6881",91.8
2024-01-03 17:39:00,VIN-A1313,79.5,50.1,"10.0452,105.7469",92.2
2024-01-03 17:42:00,VIN-A1314,101.2,39.2,"20.8449,106.6881",76.2
2024-01-03 17:45:00,VIN-A1315,119.7,68.7,"16.0544,108.2022",70.5
2024-01-03 17:48:00,VIN-A1316,77.8,18.7,"10.9460,108.4419",96.3
2024-01-03 17:51:00,VIN-A1317,117.0,17.9,"16.0544,108.2022",95.7
2024-01-03 17:54:00,VIN-A1318,49.9,48.3,"20.8449,106.6881",94.9
2024-01-03 17:57:00,VIN-A1319,54.5,45.3,"10.9460,108.4419",85.4
2024-01-03 18:00:00,VIN-A1320,27.1,45.4,"10.8231,106.6297",93.1
2024-01-03 18:03:00,VIN-A1321,101.6,27.5,"12.2388,109.1967",86.4
2024-01-03 18:06:00,VIN-A1322,65.5,39.9,"10.8231,106.6297",92.7
2024-01-03 18:09:00,VIN-A1323,84.6,15.8,"10.9460,108.4419",108.5
2024-01-03 18:12:00,VIN-A1324,9.6,74.4,"12.2388,109.1967",88.6
2024-01-03 18:15:00,VIN-A1325,9.4,89.5,"21.0285,105.8542",79.8
2024-01-03 18:18:00,VIN-A1326,75.7,68.1,"21.0285,105.8542",97.4
2024-01-03 18:21:00,VIN-A1327,64.7,60.1,"10.8231,106.6297",106.1
2024-01-03 18:24:00,VIN-A1328,64.2,6.0,"10.9460,108.4419",90.5
2024-01-03 18:27:00,VIN-A1329,56.3,74.7,"20.8449,106.6881",84.1
2024-01-03 18:30:00,VIN-A1330,117.3,33.0,"16.0544,108.2022",71.4
2024-01-03 18:33:00,VIN-A1331,110.7,76.2,"12.2388,109.1967",72.5
2024-01-03 18:36:00,VIN-A1332,56.8,21.1,"10.8231,106.6297",96.3
2024-01-03 18:39:00,VIN-A1333,35.0,75.1,"10.8231,106.6297",81.5
2024-01-03 18:42:00,VIN-A1334,9.9,53.0,"12.2388,109.1967",80.1
2024-01-03 18:45:00,VIN-A1335,73.9,31.1,"12.2388,109.1967",70.6
2024-01-03 18:48:00,VIN-A1336,13.4,21.6,"16.0544,108.2022",96.4
2024-01-03 18:51:00,VIN-A1337,44.4,21.7,"10.0452,105.7469",89.4
2024-01-03 18:54:00,VIN-A1338,95.9,86.9,"11.9404,108.4583",109.4
2024-01-03 18:57:00,VIN-A1339,116.1,61.6,"16.0544,108.2022",103.5
2024-01-03 19:00:00,VIN-A1340,90.3,44.2,"20.8449,106.6881",79.5
2024-01-03 19:03:00,VIN-A1341,52.8,65.6,"10.0452,105.7469",93.1
2024-01-03 19:06:00,VIN-A1342,101.0,10.2,"12.2388,109.1967",100.2
2024-01-03 19:09:00,VIN-A1343,13.9,20.9,"20.8449,106.6881",89.0
2024-01-03 19:12:00,VIN-A1344,57.2,95.1,"10.0452,105.7469",85.2
2024-01-03 19:15:00,VIN-A1345,84.7,50.1,"16.0544,108.2022",91.2
2024-01-03 19:18:00,VIN-A1346,52.2,32.4,"10.9460,108.4419",85.3
2024-01-03 19:21:00,VIN-A1347,37.9,55.4,"10.8231,106.6297",73.9
2024-01-03 19:24:00,VIN-A1348,63.8,38.6,"20.8449,106.6881",94.4
2024-01-03 19:27:00,VIN-A1349,78.2,30.9,"12.2388,109.1967",80.7
2024-01-03 19:30:00,VIN-A1350,11.8,67.2,"20.8449,106.6881",88.4
2024-01-03 19:33:00,VIN-A1351,81.0,28.0,"10.0452,105.7469",90.8
2024-01-03 19:36:00,VIN-A1352,81.3,99.4,"11.9404,108.4583",91.9
2024-01-03 19:39:00,VIN-A1353,80.7,84.0,"10.8231,106.6297",86.4
2024-01-03 19:42:00,VIN-A1354,63.0,70.1,"11.9404,108.4583",78.8
2024-01-03 19:45:00,VIN-A1355,34.0,23.3,"10.8231,106.6297",94.8
2024-01-03 19:48:00,VIN-A1356,6.8,61.4,"10.0452,105.7469",108.0
2024-01-03 19:51:00,VIN-A1357,76.6,72.3,"21.0285,105.8542",73.5
2024-01-03 19:54:00,VIN-A1358,72.6,40.7,"16.0544,108.2022",105.8
2024-01-03 19:57:00,VIN-A1359,83.5,29.1,"10.9460,108.4419",96.4
2024-01-03 20:00:00,VIN-A1360,9.1,48.1,"12.2388,109.1967",100.8
2024-01-03 20:03:00,VIN-A1361,83.1,68.4,"11.9404,108.4583",80.3
2024-01-03 20:06:00,VIN-A1362,93.7,31.3,"10.8231,106.6297",85.3
2024-01-03 20:09:00,VIN-A1363,39.9,10.7,"12.2388,109.1967",77.1
2024-01-03 20:12:00,VIN-A1364,8.3,98.0,"10.0452,105.7469",94.4
2024-01-03 20:15:00,VIN-A1365,21.4,51.7,"16.0544,108.2022",91.6
2024-01-03 20:18:00,VIN-A1366,51.8,63.3,"21.0285,105.8542",106.5
2024-01-03 20:21:00,VIN-A1367,85.8,14.8,"21.0285,105.8542",72.8
2024-01-03 20:24:00,VIN-A1368,87.3,78.8,"10.8231,106.6297",105.9
2024-01-03 20:27:00,VIN-A1369,17.9,65.8,"10.8231,106.6297",96.6
2024-01-03 20:30:00,VIN-A1370,32.0,71.5,"20.8449,106.6881",93.0
2024-01-03 20:33:00,VIN-A1371,61.8,94.3,"10.9460,108.4419",89.1
2024-01-03 20:36:00,VIN-A1372,48.5,74.1,"21.0285,105.8542",91.6
2024-01-03 20:39:00,VIN-A1373,0.4,95.6,"10.9460,108.4419",74.8
2024-01-03 20:42:00,VIN-A1374,64.2,99.2,"11.9404,108.4583",97.3
2024-01-03 20:45:00,VIN-A1375,48.1,65.1,"21.0285,105.8542",84.6
2024-01-03 20:48:00,VIN-A1376,102.4,37.3,"10.9460,108.4419",100.4
2024-01-03 20:51:00,VIN-A1377,34.8,24.3,"10.8231,106.6297",108.7
2024-01-03 20:54:00,VIN-A1378,79.3,33.4,"20.8449,106.6881",105.9
2024-01-03 20:57:00,VIN-A1379,75.7,39.1,"21.0285,105.8542",105.4
2024-01-03 21:00:00,VIN-A1380,52.6,23.0,"10.8231,106.6297",77.7
2024-01-03 21:03:00,VIN-A1381,86.4,61.3,"10.9460,108.4419",85.6
2024-01-03 21:06:00,VIN-A1382,95.1,66.1,"10.9460,108.4419",91.4
2024-01-03 21:09:00,VIN-A1383,100.1,47.7,"10.8231,106.6297",71.5
2024-01-03 21:12:00,VIN-A1384,6.7,79.8,"10.8231,106.6297",86.2
2024-01-03 21:15:00,VIN-A1385,25.4,67.1,"10.9460,108.4419",107.6
2024-01-03 21:18:00,VIN-A1386,104.4,56.0,"10.0452,105.7469",107.0
2024-01-03 21:21:00,VIN-A1387,4.4,18.5,"10.8231,106.6297",88.8
2024-01-03 21:24:00,VIN-A1388,110.2,9.4,"16.0544,108.2022",70.6
2024-01-03 21:27:00,VIN-A1389,75.9,90.9,"21.0285,105.8542",88.2
2024-01-03 21:30:00,VIN-A1390,20.5,61.1,"21.0285,105.8542",74.6
2024-01-03 21:33:00,VIN-A1391,71.4,63.5,"21.0285,105.8542",102.2
2024-01-03 21:36:00,VIN-A1392,51.1,82.1,"20.8449,106.6881",83.0
2024-01-03 21:39:00,VIN-A1393,117.1,59.7,"16.0544,108.2022",82.9
2024-01-03 21:42:00,VIN-A1394,115.8,25.3,"10.8231,106.6297",93.7
2024-01-03 21:45:00,VIN-A1395,40.3,16.5,"16.0544,108.2022",100.3
2024-01-03 21:48:00,VIN-A1396,20.2,40.1,"16.0544,108.2022",87.5
2024-01-03 21:51:00,VIN-A1397,111.1,8.9,"21.0285,105.8542",101.6
2024-01-03 21:54:00,VIN-A1398,75.9,40.7,"16.0544,108.2022",70.6
2024-01-03 21:57:00,VIN-A1399,58.4,5.6,"16.0544,108.2022",107.0
2024-01-03 22:00:00,VIN-A1400,84.8,61.4,"12.2388,109.1967",86.6
2024-01-03 22:03:00,VIN-A1401,96.9,78.4,"16.0544,108.2022",78.2
2024-01-03 22:06:00,VIN-A1402,76.8,54.7,"20.8449,106.6881",79.6
2024-01-03 22:09:00,VIN-A1403,20.9,70.7,"16.0544,108.2022",98.7
2024-01-03 22:12:00,VIN-A1404,73.4,13.4,"12.2388,109.1967",83.9
2024-01-03 22:15:00,VIN-A1405,0.5,27.4,"21.0285,105.8542",109.5
2024-01-03 22:18:00,VIN-A1406,117.2,63.8,"10.0452,105.7469",88.6
2024-01-03 22:21:00,VIN-A1407,75.2,24.8,"10.8231,106.6297",77.7
2024-01-03 22:24:00,VIN-A1408,95.6,70.1,"10.9460,108.4419",89.9
2024-01-03 22:27:00,VIN-A1409,19.2,92.7,"10.8231,106.6297",95.8
2024-01-03 22:30:00,VIN-A1410,34.2,46.3,"11.9404,108.4583",94.7
2024-01-03 22:33:00,VIN-A1411,106.8,48.0,"21.0285,105.8542",99.6
2024-01-03 22:36:00,VIN-A1412,111.0,21.7,"10.8231,106.6297",89.4
2024-01-03 22:39:00,VIN-A1413,13.9,90.0,"10.9460,108.4419",93.7
2024-01-03 22:42:00,VIN-A1414,39.1,23.9,"11.9404,108.4583",79.2
2024-01-03 22:45:00,VIN-A1415,13.2,26.6,"10.0452,105.7469",99.5
2024-01-03 22:48:00,VIN-A1416,104.4,40.7,"10.0452,105.7469",72.9
2024-01-03 22:51:00,VIN-A1417,70.2,10.2,"20.8449,106.6881",75.8
2024-01-03 22:54:00,VIN-A1418,111.3,48.2,"20.8449,106.6881",84.9
2024-01-03 22:57:00,VIN-A1419,54.9,23.4,"11.9404,108.4583",109.0
2024-01-03 23:00:00,VIN-A1420,24.3,17.1,"10.8231,106.6297",81.2
2024-01-03 23:03:00,VIN-A1421,13.3,49.2,"20.8449,106.6881",76.8
2024-01-03 23:06:00,VIN-A1422,41.2,89.2,"16.0544,108.2022",101.6
2024-01-03 23:09:00,VIN-A1423,76.6,63.1,"16.0544,108.2022",93.1
2024-01-03 23:12:00,VIN-A1424,66.3,26.8,"20.8449,106.6881",104.3
2024-01-03 23:15:00,VIN-A1425,58.7,99.6,"10.9460,108.4419",103.5
2024-01-03 23:18:00,VIN-A1426,33.5,74.4,"10.0452,105.7469",79.9
2024-01-03 23:21:00,VIN-A1427,52.1,26.1,"16.0544,108.2022",106.6
2024-01-03 23:24:00,VIN-A1428,107.8,44.7,"10.8231,106.6297",71.6
2024-01-03 23:27:00,VIN-A1429,56.5,78.0,"10.8231,106.6297",87.0
2024-01-03 23:30:00,VIN-A1430,47.3,81.9,"21.0285,105.8542",88.1
2024-01-03 23:33:00,VIN-A1431,28.9,58.1,"10.8231,106.6297",97.7
2024-01-03 23:36:00,VIN-A1432,48.8,25.7,"11.9404,108.4583",81.8
2024-01-03 23:39:00,VIN-A1433,77.7,13.6,"10.9460,108.4419",96.8
2024-01-03 23:42:00,VIN-A1434,19.4,48.6,"10.8231,106.6297",109.1
2024-01-03 23:45:00,VIN-A1435,55.7,18.2,"20.8449,106.6881",77.4
2024-01-03 23:48:00,VIN-A1436,104.6,64.5,"10.8231,106.6297",104.4
2024-01-03 23:51:00,VIN-A1437,8.5,89.9,"11.9404,108.4583",91.2
2024-01-03 23:54:00,VIN-A1438,35.6,76.5,"10.0452,105.7469",101.5
2024-01-03 23:57:00,VIN-A1439,9.7,88.7,"10.8231,106.6297",90.6
2024-01-04 00:00:00,VIN-A1440,109.2,39.6,"10.8231,106.6297",74.4
2024-01-04 00:03:00,VIN-A1441,43.9,63.8,"11.9404,108.4583",84.7
2024-01-04 00:06:00,VIN-A1442,77.8,72.0,"10.0452,105.7469",75.5
2024-01-04 00:09:00,VIN-A1443,40.2,56.3,"10.9460,108.4419",99.5
2024-01-04 00:12:00,VIN-A1444,90.3,87.8,"10.0452,105.7469",100.1
2024-01-04 00:15:00,VIN-A1445,91.3,35.4,"12.2388,109.1967",90.1
2024-01-04 00:18:00,VIN-A1446,50.8,10.2,"11.9404,108.4583",83.8
2024-01-04 00:21:00,VIN-A1447,58.3,55.0,"21.0285,105.8542",88.8
2024-01-04 00:24:00,VIN-A1448,63.8,83.4,"12.2388,109.1967",88.1
2024-01-04 00:27:00,VIN-A1449,44.2,69.0,"21.0285,105.8542",77.5
2024-01-04 00:30:00,VIN-A1450,106.1,13.3,"20.8449,106.6881",105.9
2024-01-04 00:33:00,VIN-A1451,34.6,95.9,"21.0285,105.8542",76.6
2024-01-04 00:36:00,VIN-A1452,13.4,19.1,"16.0544,108.2022",105.0
2024-01-04 00:39:00,VIN-A1453,62.5,64.6,"12.2388,109.1967",86.7
2024-01-04 00:42:00,VIN-A1454,81.9,93.5,"10.9460,108.4419",83.9
2024-01-04 00:45:00,VIN-A1455,53.3,66.2,"12.2388,109.1967",77.6
2024-01-04 00:48:00,VIN-A1456,2.6,81.2,"11.9404,108.4583",86.5
2024-01-04 00:51:00,VIN-A1457,41.1,66.4,"11.9404,108.4583",89.4
2024-01-04 00:54:00,VIN-A1458,79.9,55.4,"10.9460,108.4419",88.3
2024-01-04 00:57:00,VIN-A1459,68.1,90.3,"12.2388,109.1967",76.9
2024-01-04 01:00:00,VIN-A1460,31.2,51.0,"12.2388,109.1967",100.8
2024-01-04 01:03:00,VIN-A1461,5.7,38.5,"10.9460,108.4419",108.2
2024-01-04 01:06:00,VIN-A1462,74.2,20.3,"12.2388,109.1967",77.3
2024-01-04 01:09:00,VIN-A1463,21.0,72.3,"16.0544,108.2022",76.5
2024-01-04 01:12:00,VIN-A1464,14.0,99.4,"16.0544,108.2022",87.6
2024-01-04 01:15:00,VIN-A1465,44.4,24.5,"10.8231,106.6297",96.6
2024-01-04 01:18:00,VIN-A1466,117.4,19.1,"10.9460,108.4419",91.6
2024-01-04 01:21:00,VIN-A1467,19.5,33.6,"10.8231,106.6297",86.2
2024-01-04 01:24:00,VIN-A1468,59.9,18.8,"10.9460,108.4419",107.1
2024-01-04 01:27:00,VIN-A1469,18.7,97.2,"11.9404,108.4583",95.9
2024-01-04 01:30:00,VIN-A1470,35.5,90.1,"16.0544,108.2022",102.0
2024-01-04 01:33:00,VIN-A1471,87.4,92.6,"11.9404,108.4583",97.6
2024-01-04 01:36:00,VIN-A1472,87.8,90.5,"16.0544,108.2022",97.1
2024-01-04 01:39:00,VIN-A1473,14.0,7.4,"10.0452,105.7469",87.8
2024-01-04 01:42:00,VIN-A1474,11.1,10.2,"10.0452,105.7469",93.3
2024-01-04 01:45:00,VIN-A1475,26.7,93.9,"12.2388,109.1967",77.8
2024-01-04 01:48:00,VIN-A1476,10.0,85.7,"21.0285,105.8542",109.0
2024-01-04 01:51:00,VIN-A1477,47.3,51.6,"10.8231,106.6297",106.3
2024-01-04 01:54:00,VIN-A1478,43.3,19.1,"20.8449,106.6881",84.8
2024-01-04 01:57:00,VIN-A1479,44.7,32.0,"11.9404,108.4583",82.3
2024-01-04 02:00:00,VIN-A1480,53.5,58.3,"10.0452,105.7469",99.1
2024-01-04 02:03:00,VIN-A1481,53.3,99.3,"10.9460,108.4419",81.5
2024-01-04 02:06:00,VIN-A1482,96.7,97.2,"20.8449,106.6881",99.1
2024-01-04 02:09:00,VIN-A1483,49.7,84.4,"21.0285,105.8542",75.7
2024-01-04 02:12:00,VIN-A1484,36.4,98.9,"11.9404,108.4583",72.6
2024-01-04 02:15:00,VIN-A1485,115.2,76.8,"21.0285,105.8542",70.3
2024-01-04 02:18:00,VIN-A1486,76.7,31.0,"16.0544,108.2022",92.2
2024-01-04 02:21:00,VIN-A1487,85.2,76.7,"16.0544,108.2022",78.0
2024-01-04 02:24:00,VIN-A1488,99.9,32.5,"10.9460,108.4419",71.7
2024-01-04 02:27:00,VIN-A1489,99.1,84.3,"12.2388,109.1967",89.8
2024-01-04 02:30:00,VIN-A1490,88.8,26.3,"10.8231,106.6297",76.2
2024-01-04 02:33:00,VIN-A1491,36.0,65.9,"10.9460,108.4419",75.0
2024-01-04 02:36:00,VIN-A1492,79.9,32.3,"16.0544,108.2022",89.7
2024-01-04 02:39:00,VIN-A1493,82.5,28.3,"21.0285,105.8542",100.6
2024-01-04 02:42:00,VIN-A1494,59.2,97.2,"11.9404,108.4583",93.2
2024-01-04 02:45:00,VIN-A1495,67.9,87.5,"10.9460,108.4419",109.0
2024-01-04 02:48:00,VIN-A1496,98.2,40.5,"10.8231,106.6297",103.8
2024-01-04 02:51:00,VIN-A1497,19.5,10.6,"11.9404,108.4583",88.4
2024-01-04 02:54:00,VIN-A1498,83.2,39.0,"10.8231,106.6297",80.9
2024-01-04 02:57:00,VIN-A1499,50.3,91.6,"11.9404,108.4583",71.9
2024-01-04 03:00:00,VIN-A1500,35.0,65.7,"21.0285,105.8542",90.6
2024-01-04 03:03:00,VIN-A1501,92.0,22.4,"21.0285,105.8542",94.0
2024-01-04 03:06:00,VIN-A1502,20.1,35.6,"11.9404,108.4583",103.1
2024-01-04 03:09:00,VIN-A1503,82.2,33.6,"11.9404,108.4583",73.8
2024-01-04 03:12:00,VIN-A1504,69.6,83.2,"10.8231,106.6297",75.5
2024-01-04 03:15:00,VIN-A1505,33.8,79.0,"20.8449,106.6881",83.6
2024-01-04 03:18:00,VIN-A1506,109.3,14.7,"16.0544,108.2022",90.1
2024-01-04 03:21:00,VIN-A1507,99.8,80.5,"21.0285,105.8542",86.7
2024-01-04 03:24:00,VIN-A1508,109.9,16.1,"16.0544,108.2022",106.9
2024-01-04 03:27:00,VIN-A1509,57.5,34.6,"11.9404,108.4583",75.6
2024-01-04 03:30:00,VIN-A1510,53.0,98.8,"11.9404,108.4583",76.9
2024-01-04 03:33:00,VIN-A1511,36.6,75.7,"21.0285,105.8542",78.9
2024-01-04 03:36:00,VIN-A1512,102.8,18.5,"10.0452,105.7469",82.3
2024-01-04 03:39:00,VIN-A1513,25.2,98.2,"20.8449,106.6881",97.6
2024-01-04 03:42:00,VIN-A1514,94.1,12.4,"10.9460,108.4419",100.3
2024-01-04 03:45:00,VIN-A1515,5.1,15.2,"10.8231,106.6297",88.8
2024-01-04 03:48:00,VIN-A1516,109.0,9.1,"12.2388,109.1967",96.7
2024-01-04 03:51:00,VIN-A1517,90.5,79.3,"10.0452,105.7469",93.5
2024-01-04 03:54:00,VIN-A1518,24.0,68.7,"10.8231,106.6297",73.6
2024-01-04 03:57:00,VIN-A1519,101.5,94.5,"11.9404,108.4583",84.1
2024-01-04 04:00:00,VIN-A1520,102.6,79.2,"10.0452,105.7469",90.2
2024-01-04 04:03:00,VIN-A1521,8.2,82.9,"10.8231,106.6297",91.2
2024-01-04 04:06:00,VIN-A1522,85.9,96.6,"16.0544,108.2022",106.1
2024-01-04 04:09:00,VIN-A1523,64.5,97.5,"21.0285,105.8542",107.0
2024-01-04 04:12:00,VIN-A1524,110.5,85.9,"10.9460,108.4419",84.7
2024-01-04 04:15:00,VIN-A1525,70.7,46.8,"21.0285,105.8542",77.2
2024-01-04 04:18:00,VIN-A1526,42.6,41.1,"10.0452,105.7469",90.6
2024-01-04 04:21:00,VIN-A1527,48.9,77.3,"11.9404,108.4583",74.9
2024-01-04 04:24:00,VIN-A1528,13.2,17.9,"11.9404,108.4583",98.2
2024-01-04 04:27:00,VIN-A1529,66.9,8.9,"11.9404,108.4583",89.7
2024-01-04 04:30:00,VIN-A1530,46.2,48.4,"12.2388,109.1967",97.5
2024-01-04 04:33:00,VIN-A1531,100.9,26.5,"20.8449,106.6881",81.6
2024-01-04 04:36:00,VIN-A1532,102.6,22.9,"21.0285,105.8542",105.8
2024-01-04 04:39:00,VIN-A1533,96.3,94.2,"11.9404,108.4583",77.2
2024-01-04 04:42:00,VIN-A1534,119.8,51.7,"21.0285,105.8542",85.9
2024-01-04 04:45:00,VIN-A1535,62.7,69.3,"21.0285,105.8542",75.7
2024-01-04 04:48:00,VIN-A1536,48.1,61.1,"21.0285,105.8542",99.7
2024-01-04 04:51:00,VIN-A1537,107.1,21.0,"11.9404,108.4583",109.0
2024-01-04 04:54:00,VIN-A1538,40.6,61.5,"20.8449,106.6881",74.9
2024-01-04 04:57:00,VIN-A1539,100.6,73.9,"12.2388,109.1967",100.6
2024-01-04 05:00:00,VIN-A1540,91.9,61.4,"20.8449,106.6881",84.2
2024-01-04 05:03:00,VIN-A1541,80.0,95.3,"10.9460,108.4419",90.5
2024-01-04 05:06:00,VIN-A1542,17.7,48.2,"21.0285,105.8542",80.0
2024-01-04 05:09:00,VIN-A1543,59.7,64.7,"16.0544,108.2022",71.2
2024-01-04 05:12:00,VIN-A1544,88.5,83.9,"10.9460,108.4419",97.1
2024-01-04 05:15:00,VIN-A1545,116.6,41.4,"11.9404,108.4583",76.1
2024-01-04 05:18:00,VIN-A1546,74.6,14.2,"21.0285,105.8542",96.4
2024-01-04 05:21:00,VIN-A1547,62.4,51.8,"10.9460,108.4419",78.1
2024-01-04 05:24:00,VIN-A1548,79.5,51.6,"12.2388,109.1967",91.7
2024-01-04 05:27:00,VIN-A1549,97.1,56.4,"10.8231,106.6297",108.1
2024-01-04 05:30:00,VIN-A1550,3.8,45.9,"21.0285,105.8542",85.3
2024-01-04 05:33:00,VIN-A1551,37.7,40.8,"10.9460,108.4419",71.4
2024-01-04 05:36:00,VIN-A1552,21.2,67.6,"12.2388,109.1967",105.4
2024-01-04 05:39:00,VIN-A1553,19.7,45.9,"12.2388,109.1967",98.6
2024-01-04 05:42:00,VIN-A1554,58.5,15.4,"10.9460,108.4419",96.4
2024-01-04 05:45:00,VIN-A1555,82.2,59.4,"10.9460,108.4419",92.5
2024-01-04 05:48:00,VIN-A1556,18.8,10.3,"12.2388,109.1967",89.8
2024-01-04 05:51:00,VIN-A1557,116.5,63.6,"11.9404,108.4583",100.7
2024-01-04 05:54:00,VIN-A1558,34.1,10.8,"10.8231,106.6297",75.1
2024-01-04 05:57:00,VIN-A1559,44.0,81.9,"10.8231,106.6297",100.6
2024-01-04 06:00:00,VIN-A1560,75.0,41.2,"20.8449,106.6881",83.8
2024-01-04 06:03:00,VIN-A1561,42.9,38.4,"10.0452,105.7469",79.9
2024-01-04 06:06:00,VIN-A1562,77.8,61.3,"21.0285,105.8542",104.8
2024-01-04 06:09:00,VIN-A1563,13.7,21.1,"11.9404,108.4583",71.5
2024-01-04 06:12:00,VIN-A1564,78.9,45.1,"20.8449,106.6881",80.7
2024-01-04 06:15:00,VIN-A1565,83.5,60.9,"11.9404,108.4583",85.1
2024-01-04 06:18:00,VIN-A1566,46.8,59.4,"10.9460,108.4419",74.0
2024-01-04 06:21:00,VIN-A1567,81.0,36.9,"11.9404,108.4583",76.7
2024-01-04 06:24:00,VIN-A1568,35.9,97.1,"10.0452,105.7469",89.9
2024-01-04 06:27:00,VIN-A1569,101.7,79.8,"10.0452,105.7469",81.5
2024-01-04 06:30:00,VIN-A1570,5.7,99.6,"20.8449,106.6881",102.2
2024-01-04 06:33:00,VIN-A1571,74.9,96.0,"21.0285,105.8542",93.7
2024-01-04 06:36:00,VIN-A1572,32.8,58.8,"10.9460,108.4419",87.1
2024-01-04 06:39:00,VIN-A1573,41.7,12.3,"12.2388,109.1967",90.2
2024-01-04 06:42:00,VIN-A1574,36.0,68.0,"11.9404,108.4583",78.0
2024-01-04 06:45:00,VIN-A1575,48.3,64.4,"10.9460,108.4419",96.9
2024-01-04 06:48:00,VIN-A1576,65.7,88.7,"16.0544,108.2022",93.1
2024-01-04 06:51:00,VIN-A1577,25.6,96.4,"10.9460,108.4419",80.7
2024-01-04 06:54:00,VIN-A1578,76.6,81.8,"20.8449,106.6881",107.4
2024-01-04 06:57:00,VIN-A1579,87.2,10.7,"10.0452,105.7469",84.6
2024-01-04 07:00:00,VIN-A1580,17.7,19.3,"12.2388,109.1967",103.8
2024-01-04 07:03:00,VIN-A1581,49.2,86.7,"21.0285,105.8542",95.4
2024-01-04 07:06:00,VIN-A1582,101.5,30.4,"12.2388,109.1967",95.8
2024-01-04 07:09:00,VIN-A1583,30.8,62.1,"20.8449,106.6881",79.5
2024-01-04 07:12:00,VIN-A1584,18.0,7.6,"12.2388,109.1967",88.6
2024-01-04 07:15:00,VIN-A1585,67.2,46.4,"10.8231,106.6297",78.1
2024-01-04 07:18:00,VIN-A1586,32.7,7.8,"12.2388,109.1967",96.3
2024-01-04 07:21:00,VIN-A1587,21.1,86.0,"10.9460,108.4419",101.3
2024-01-04 07:24:00,VIN-A1588,6.6,90.2,"11.9404,108.4583",94.1
2024-01-04 07:27:00,VIN-A1589,104.1,90.6,"20.8449,106.6881",105.9
2024-01-04 07:30:00,VIN-A1590,80.6,89.1,"20.8449,106.6881",107.7
2024-01-04 07:33:00,VIN-A1591,86.9,18.4,"21.0285,105.8542",92.8
2024-01-04 07:36:00,VIN-A1592,60.0,16.5,"12.2388,109.1967",89.9
2024-01-04 07:39:00,VIN-A1593,10.8,62.0,"11.9404,108.4583",83.2
2024-01-04 07:42:00,VIN-A1594,70.1,42.0,"10.0452,105.7469",107.4
2024-01-04 07:45:00,VIN-A1595,26.2,15.1,"10.0452,105.7469",108.8
2024-01-04 07:48:00,VIN-A1596,52.7,29.2,"10.8231,106.6297",89.6
2024-01-04 07:51:00,VIN-A1597,45.0,95.1,"11.9404,108.4583",91.8
2024-01-04 07:54:00,VIN-A1598,57.0,28.4,"12.2388,109.1967",105.2
2024-01-04 07:57:00,VIN-A1599,112.4,39.5,"11.9404,108.4583",102.9
2024-01-04 08:00:00,VIN-A1600,2.5,96.8,"10.8231,106.6297",103.7
2024-01-04 08:03:00,VIN-A1601,79.5,94.4,"10.0452,105.7469",80.1
2024-01-04 08:06:00,VIN-A1602,46.2,65.7,"11.9404,108.4583",106.1
2024-01-04 08:09:00,VIN-A1603,82.2,55.8,"10.0452,105.7469",104.3
2024-01-04 08:12:00,VIN-A1604,46.6,91.4,"20.8449,106.6881",107.1
2024-01-04 08:15:00,VIN-A1605,110.2,33.6,"10.0452,105.7469",81.9
2024-01-04 08:18:00,VIN-A1606,103.1,20.2,"10.9460,108.4419",95.3
2024-01-04 08:21:00,VIN-A1607,105.5,77.8,"20.8449,106.6881",101.6
2024-01-04 08:24:00,VIN-A1608,32.9,12.6,"10.9460,108.4419",88.8
2024-01-04 08:27:00,VIN-A1609,49.6,84.9,"20.8449,106.6881",105.1
2024-01-04 08:30:00,VIN-A1610,98.4,83.3,"12.2388,109.1967",90.3
2024-01-04 08:33:00,VIN-A1611,42.2,62.2,"11.9404,108.4583",88.1
2024-01-04 08:36:00,VIN-A1612,3.3,9.9,"16.0544,108.2022",95.2
2024-01-04 08:39:00,VIN-A1613,94.9,17.9,"20.8449,106.6881",78.0
2024-01-04 08:42:00,VIN-A1614,36.7,59.7,"21.0285,105.8542",76.3
2024-01-04 08:45:00,VIN-A1615,62.0,97.1,"16.0544,108.2022",103.9
2024-01-04 08:48:00,VIN-A1616,82.3,80.3,"11.9404,108.4583",88.1
2024-01-04 08:51:00,VIN-A1617,104.8,17.7,"16.0544,108.2022",97.5
2024-01-04 08:54:00,VIN-A1618,99.2,81.0,"10.0452,105.7469",73.4
2024-01-04 08:57:00,VIN-A1619,44.1,42.4,"20.8449,106.6881",107.8
2024-01-04 09:00:00,VIN-A1620,106.1,26.3,"10.8231,106.6297",106.9
2024-01-04 09:03:00,VIN-A1621,77.7,64.5,"21.0285,105.8542",109.0
2024-01-04 09:06:00,VIN-A1622,23.8,71.6,"16.0544,108.2022",72.0
2024-01-04 09:09:00,VIN-A1623,74.2,62.0,"16.0544,108.2022",73.6
2024-01-04 09:12:00,VIN-A1624,44.2,95.0,"21.0285,105.8542",70.6
2024-01-04 09:15:00,VIN-A1625,63.1,78.5,"10.9460,108.4419",103.1
2024-01-04 09:18:00,VIN-A1626,59.3,26.3,"10.0452,105.7469",77.6
2024-01-04 09:21:00,VIN-A1627,103.4,79.3,"12.2388,109.1967",99.9
2024-01-04 09:24:00,VIN-A1628,45.8,46.0,"10.0452,105.7469",94.0
2024-01-04 09:27:00,VIN-A1629,119.4,31.9,"10.0452,105.7469",86.7
2024-01-04 09:30:00,VIN-A1630,49.0,18.9,"12.2388,109.1967",109.0
2024-01-04 09:33:00,VIN-A1631,28.3,47.8,"10.0452,105.7469",84.8
2024-01-04 09:36:00,VIN-A1632,82.1,48.5,"10.8231,106.6297",88.8
2024-01-04 09:39:00,VIN-A1633,104.6,97.6,"20.8449,106.6881",97.5
2024-01-04 09:42:00,VIN-A1634,85.6,72.3,"12.2388,109.1967",72.9
2024-01-04 09:45:00,VIN-A1635,66.8,10.0,"10.0452,105.7469",88.8
2024-01-04 09:48:00,VIN-A1636,42.5,62.6,"10.8231,106.6297",70.2
2024-01-04 09:51:00,VIN-A1637,60.5,41.2,"20.8449,106.6881",96.9
2024-01-04 09:54:00,VIN-A1638,15.9,89.8,"10.8231,106.6297",93.2
2024-01-04 09:57:00,VIN-A1639,31.2,52.9,"11.9404,108.4583",105.1
2024-01-04 10:00:00,VIN-A1640,15.8,35.1,"20.8449,106.6881",75.7
2024-01-04 10:03:00,VIN-A1641,14.0,9.2,"16.0544,108.2022",90.0
2024-01-04 10:06:00,VIN-A1642,116.8,31.7,"11.9404,108.4583",107.0
2024-01-04 10:09:00,VIN-A1643,34.0,88.3,"12.2388,109.1967",90.7
2024-01-04 10:12:00,VIN-A1644,52.3,20.7,"10.9460,108.4419",100.5
2024-01-04 10:15:00,VIN-A1645,18.2,86.0,"10.9460,108.4419",72.1
2024-01-04 10:18:00,VIN-A1646,17.8,26.8,"10.8231,106.6297",88.8
2024-01-04 10:21:00,VIN-A1647,19.6,49.4,"21.0285,105.8542",109.8
2024-01-04 10:24:00,VIN-A1648,111.3,8.9,"11.9404,108.4583",109.6
2024-01-04 10:27:00,VIN-A1649,67.3,48.5,"21.0285,105.8542",103.8
2024-01-04 10:30:00,VIN-A1650,104.0,16.7,"21.0285,105.8542",78.1
2024-01-04 10:33:00,VIN-A1651,34.1,84.3,"12.2388,109.1967",92.5
2024-01-04 10:36:00,VIN-A1652,79.6,25.2,"10.8231,106.6297",91.0
2024-01-04 10:39:00,VIN-A1653,68.5,44.6,"21.0285,105.8542",79.8
2024-01-04 10:42:00,VIN-A1654,59.8,14.0,"11.9404,108.4583",71.0
2024-01-04 10:45:00,VIN-A1655,81.8,69.7,"20.8449,106.6881",84.9
2024-01-04 10:48:00,VIN-A1656,111.5,15.1,"11.9404,108.4583",76.2
2024-01-04 10:51:00,VIN-A1657,9.7,83.9,"10.9460,108.4419",88.2
2024-01-04 10:54:00,VIN-A1658,114.6,61.4,"10.8231,106.6297",83.2
2024-01-04 10:57:00,VIN-A1659,5.3,64.1,"10.9460,108.4419",83.0
2024-01-04 11:00:00,VIN-A1660,87.8,74.8,"16.0544,108.2022",78.5
2024-01-04 11:03:00,VIN-A1661,5.8,66.1,"11.9404,108.4583",101.9
2024-01-04 11:06:00,VIN-A1662,89.3,57.0,"20.8449,106.6881",73.7
2024-01-04 11:09:00,VIN-A1663,30.6,27.8,"20.8449,106.6881",73.6
2024-01-04 11:12:00,VIN-A1664,102.3,20.5,"20.8449,106.6881",81.4
2024-01-04 11:15:00,VIN-A1665,90.3,67.1,"21.0285,105.8542",81.9
2024-01-04 11:18:00,VIN-A1666,96.1,74.9,"12.2388,109.1967",106.1
2024-01-04 11:21:00,VIN-A1667,72.4,39.1,"21.0285,105.8542",103.3
2024-01-04 11:24:00,VIN-A1668,61.5,51.5,"20.8449,106.6881",89.1
2024-01-04 11:27:00,VIN-A1669,67.6,45.2,"20.8449,106.6881",102.4
2024-01-04 11:30:00,VIN-A1670,73.7,46.2,"20.8449,106.6881",73.7
2024-01-04 11:33:00,VIN-A1671,61.6,97.5,"10.0452,105.7469",95.9
2024-01-04 11:36:00,VIN-A1672,85.6,93.4,"21.0285,105.8542",81.6
2024-01-04 11:39:00,VIN-A1673,52.5,91.2,"10.9460,108.4419",82.0
2024-01-04 11:42:00,VIN-A1674,118.1,70.0,"12.2388,109.1967",103.7
2024-01-04 11:45:00,VIN-A1675,62.8,33.1,"10.8231,106.6297",92.0
2024-01-04 11:48:00,VIN-A1676,110.1,53.8,"20.8449,106.6881",86.5
2024-01-04 11:51:00,VIN-A1677,55.8,73.4,"12.2388,109.1967",84.2
2024-01-04 11:54:00,VIN-A1678,70.3,78.0,"10.8231,106.6297",74.6
2024-01-04 11:57:00,VIN-A1679,79.4,22.1,"16.0544,108.2022",103.7
2024-01-04 12:00:00,VIN-A1680,5.4,44.5,"12.2388,109.1967",82.6
2024-01-04 12:03:00,VIN-A1681,86.9,76.9,"10.9460,108.4419",95.0
2024-01-04 12:06:00,VIN-A1682,31.8,96.8,"16.0544,108.2022",78.4
2024-01-04 12:09:00,VIN-A1683,9.4,98.3,"12.2388,109.1967",104.9
2024-01-04 12:12:00,VIN-A1684,12.8,55.8,"10.8231,106.6297",85.8
2024-01-04 12:15:00,VIN-A1685,1.6,67.3,"10.9460,108.4419",97.7
2024-01-04 12:18:00,VIN-A1686,104.3,96.8,"10.9460,108.4419",82.1
2024-01-04 12:21:00,VIN-A1687,97.6,63.6,"20.8449,106.6881",102.2
2024-01-04 12:24:00,VIN-A1688,10.5,17.8,"10.0452,105.7469",74.5
2024-01-04 12:27:00,VIN-A1689,1.9,97.2,"10.8231,106.6297",78.4
2024-01-04 12:30:00,VIN-A1690,77.8,66.7,"20.8449,106.6881",103.7
2024-01-04 12:33:00,VIN-A1691,103.0,56.2,"21.0285,105.8542",82.0
2024-01-04 12:36:00,VIN-A1692,55.6,50.0,"10.8231,106.6297",74.7
2024-01-04 12:39:00,VIN-A1693,108.3,75.2,"10.9460,108.4419",108.6
2024-01-04 12:42:00,VIN-A1694,56.6,86.7,"10.0452,105.7469",78.1
2024-01-04 12:45:00,VIN-A1695,68.3,84.2,"10.8231,106.6297",83.4
2024-01-04 12:48:00,VIN-A1696,12.3,85.5,"20.8449,106.6881",109.2
2024-01-04 12:51:00,VIN-A1697,101.8,75.0,"12.2388,109.1967",71.5
2024-01-04 12:54:00,VIN-A1698,48.0,53.8,"10.9460,108.4419",79.3
2024-01-04 12:57:00,VIN-A1699,7.3,6.8,"11.9404,108.4583",92.1
2024-01-04 13:00:00,VIN-A1700,32.1,66.6,"10.9460,108.4419",74.7
2024-01-04 13:03:00,VIN-A1701,74.7,66.4,"10.9460,108.4419",97.9
2024-01-04 13:06:00,VIN-A1702,2.5,32.4,"10.0452,105.7469",88.8
2024-01-04 13:09:00,VIN-A1703,52.6,53.2,"11.9404,108.4583",106.9
2024-01-04 13:12:00,VIN-A1704,102.4,72.9,"10.9460,108.4419",75.2
2024-01-04 13:15:00,VIN-A1705,35.2,72.6,"20.8449,106.6881",103.3
2024-01-04 13:18:00,VIN-A1706,80.8,74.8,"10.9460,108.4419",102.0
2024-01-04 13:21:00,VIN-A1707,101.3,64.1,"12.2388,109.1967",97.6
2024-01-04 13:24:00,VIN-A1708,10.3,50.9,"16.0544,108.2022",78.0
2024-01-04 13:27:00,VIN-A1709,72.7,14.6,"20.8449,106.6881",107.7
2024-01-04 13:30:00,VIN-A1710,59.2,27.3,"10.8231,106.6297",110.0
2024-01-04 13:33:00,VIN-A1711,43.1,29.8,"16.0544,108.2022",77.0
2024-01-04 13:36:00,VIN-A1712,103.1,52.8,"21.0285,105.8542",83.5
2024-01-04 13:39:00,VIN-A1713,13.7,26.5,"10.0452,105.7469",89.5
2024-01-04 13:42:00,VIN-A1714,119.2,79.6,"10.8231,106.6297",100.8
2024-01-04 13:45:00,VIN-A1715,66.8,90.2,"21.0285,105.8542",98.3
2024-01-04 13:48:00,VIN-A1716,111.2,46.6,"10.9460,108.4419",108.5
2024-01-04 13:51:00,VIN-A1717,90.7,97.6,"21.0285,105.8542",102.9
2024-01-04 13:54:00,VIN-A1718,5.0,15.0,"21.0285,105.8542",104.8
2024-01-04 13:57:00,VIN-A1719,109.3,19.9,"12.2388,109.1967",98.3
2024-01-04 14:00:00,VIN-A1720,91.4,52.3,"21.0285,105.8542",76.2
2024-01-04 14:03:00,VIN-A1721,43.6,82.8,"21.0285,105.8542",103.9
2024-01-04 14:06:00,VIN-A1722,52.7,44.5,"10.8231,106.6297",79.8
2024-01-04 14:09:00,VIN-A1723,97.1,37.4,"16.0544,108.2022",73.4
2024-01-04 14:12:00,VIN-A1724,44.7,76.7,"11.9404,108.4583",95.2
2024-01-04 14:15:00,VIN-A1725,29.5,76.6,"20.8449,106.6881",101.5
2024-01-04 14:18:00,VIN-A1726,16.6,45.7,"20.8449,106.6881",105.9
2024-01-04 14:21:00,VIN-A1727,114.2,54.0,"11.9404,108.4583",107.7
2024-01-04 14:24:00,VIN-A1728,53.1,78.2,"21.0285,105.8542",73.4
2024-01-04 14:27:00,VIN-A1729,37.8,98.3,"16.0544,108.2022",87.4
2024-01-04 14:30:00,VIN-A1730,47.2,8.5,"16.0544,108.2022",106.1
2024-01-04 14:33:00,VIN-A1731,6.9,65.0,"12.2388,109.1967",86.8
2024-01-04 14:36:00,VIN-A1732,106.3,71.6,"12.2388,109.1967",98.9
2024-01-04 14:39:00,VIN-A1733,37.6,37.7,"12.2388,109.1967",106.0
2024-01-04 14:42:00,VIN-A1734,73.2,19.0,"20.8449,106.6881",87.8
2024-01-04 14:45:00,VIN-A1735,24.6,56.7,"10.9460,108.4419",97.9
2024-01-04 14:48:00,VIN-A1736,106.5,79.2,"20.8449,106.6881",101.0
2024-01-04 14:51:00,VIN-A1737,105.7,13.0,"11.9404,108.4583",85.6
2024-01-04 14:54:00,VIN-A1738,86.3,88.6,"12.2388,109.1967",78.5
2024-01-04 14:57:00,VIN-A1739,61.4,34.7,"11.9404,108.4583",100.3
2024-01-04 15:00:00,VIN-A1740,19.2,7.6,"12.2388,109.1967",79.7
2024-01-04 15:03:00,VIN-A1741,92.9,74.0,"21.0285,105.8542",99.3
2024-01-04 15:06:00,VIN-A1742,101.0,29.7,"11.9404,108.4583",75.0
2024-01-04 15:09:00,VIN-A1743,90.8,94.4,"10.9460,108.4419",81.9
2024-01-04 15:12:00,VIN-A1744,88.4,48.0,"10.0452,105.7469",102.2
2024-01-04 15:15:00,VIN-A1745,118.7,58.7,"10.0452,105.7469",84.0
2024-01-04 15:18:00,VIN-A1746,34.1,79.6,"16.0544,108.2022",98.6
2024-01-04 15:21:00,VIN-A1747,62.4,28.5,"11.9404,108.4583",90.7
2024-01-04 15:24:00,VIN-A1748,23.1,79.0,"10.9460,108.4419",73.9
2024-01-04 15:27:00,VIN-A1749,85.4,83.7,"21.0285,105.8542",73.7
2024-01-04 15:30:00,VIN-A1750,51.0,17.4,"10.0452,105.7469",87.8
2024-01-04 15:33:00,VIN-A1751,44.3,55.0,"20.8449,106.6881",104.9
2024-01-04 15:36:00,VIN-A1752,70.1,65.5,"10.9460,108.4419",97.6
2024-01-04 15:39:00,VIN-A1753,113.7,74.5,"20.8449,106.6881",103.0
2024-01-04 15:42:00,VIN-A1754,17.3,17.1,"10.9460,108.4419",75.2
2024-01-04 15:45:00,VIN-A1755,84.5,87.0,"21.0285,105.8542",97.8
2024-01-04 15:48:00,VIN-A1756,54.7,8.1,"16.0544,108.2022",107.8
2024-01-04 15:51:00,VIN-A1757,44.3,95.4,"20.8449,106.6881",74.4
2024-01-04 15:54:00,VIN-A1758,44.4,32.5,"16.0544,108.2022",74.7
2024-01-04 15:57:00,VIN-A1759,36.6,40.6,"12.2388,109.1967",89.4
2024-01-04 16:00:00,VIN-A1760,94.9,18.5,"20.8449,106.6881",71.9
2024-01-04 16:03:00,VIN-A1761,107.3,89.5,"10.0452,105.7469",77.3
2024-01-04 16:06:00,VIN-A1762,88.8,5.2,"11.9404,108.4583",72.7
2024-01-04 16:09:00,VIN-A1763,5.4,50.7,"12.2388,109.1967",92.6
2024-01-04 16:12:00,VIN-A1764,108.0,79.2,"10.9460,108.4419",103.4
2024-01-04 16:15:00,VIN-A1765,100.0,17.6,"16.0544,108.2022",90.2
2024-01-04 16:18:00,VIN-A1766,55.3,47.7,"10.9460,108.4419",76.0
2024-01-04 16:21:00,VIN-A1767,87.3,13.5,"20.8449,106.6881",85.5
2024-01-04 16:24:00,VIN-A1768,108.0,37.2,"10.8231,106.6297",108.3
2024-01-04 16:27:00,VIN-A1769,106.8,74.9,"21.0285,105.8542",104.6
2024-01-04 16:30:00,VIN-A1770,84.9,59.3,"12.2388,109.1967",92.4
2024-01-04 16:33:00,VIN-A1771,14.9,58.1,"10.0452,105.7469",108.2
2024-01-04 16:36:00,VIN-A1772,65.0,77.0,"10.0452,105.7469",100.0
2024-01-04 16:39:00,VIN-A1773,60.3,6.8,"16.0544,108.2022",108.5
2024-01-04 16:42:00,VIN-A1774,33.0,24.6,"10.9460,108.4419",73.4
2024-01-04 16:45:00,VIN-A1775,64.0,35.4,"10.8231,106.6297",89.7
2024-01-04 16:48:00,VIN-A1776,112.1,37.3,"16.0544,108.2022",86.6
2024-01-04 16:51:00,VIN-A1777,103.2,35.2,"12.2388,109.1967",73.6
2024-01-04 16:54:00,VIN-A1778,117.6,56.5,"12.2388,109.1967",75.8
2024-01-04 16:57:00,VIN-A1779,30.7,13.5,"12.2388,109.1967",108.1
2024-01-04 17:00:00,VIN-A1780,81.4,10.6,"11.9404,108.4583",77.3
2024-01-04 17:03:00,VIN-A1781,85.6,33.3,"21.0285,105.8542",82.8
2024-01-04 17:06:00,VIN-A1782,49.5,35.8,"20.8449,106.6881",107.7
2024-01-04 17:09:00,VIN-A1783,107.9,9.9,"10.0452,105.7469",100.1
2024-01-04 17:12:00,VIN-A1784,70.3,51.8,"20.8449,106.6881",108.0
2024-01-04 17:15:00,VIN-A1785,32.3,35.2,"20.8449,106.6881",72.6
2024-01-04 17:18:00,VIN-A1786,3.5,65.2,"10.8231,106.6297",80.8
2024-01-04 17:21:00,VIN-A1787,115.6,69.1,"10.0452,105.7469",100.5
2024-01-04 17:24:00,VIN-A1788,78.2,16.9,"20.8449,106.6881",87.8
2024-01-04 17:27:00,VIN-A1789,101.6,52.5,"16.0544,108.2022",84.9
2024-01-04 17:30:00,VIN-A1790,118.2,79.3,"20.8449,106.6881",108.5
2024-01-04 17:33:00,VIN-A1791,66.6,9.0,"10.9460,108.4419",108.4
2024-01-04 17:36:00,VIN-A1792,74.5,67.0,"16.0544,108.2022",70.0
2024-01-04 17:39:00,VIN-A1793,112.0,50.8,"12.2388,109.1967",103.6
2024-01-04 17:42:00,VIN-A1794,45.6,38.4,"10.0452,105.7469",93.4
2024-01-04 17:45:00,VIN-A1795,61.2,9.3,"21.0285,105.8542",82.0
2024-01-04 17:48:00,VIN-A1796,47.4,16.7,"16.0544,108.2022",99.0
2024-01-04 17:51:00,VIN-A1797,119.9,88.4,"10.0452,105.7469",94.4
2024-01-04 17:54:00,VIN-A1798,114.9,35.2,"11.9404,108.4583",95.4
2024-01-04 17:57:00,VIN-A1799,117.6,72.2,"12.2388,109.1967",79.8
2024-01-04 18:00:00,VIN-A1800,118.0,37.5,"10.9460,108.4419",108.4
2024-01-04 18:03:00,VIN-A1801,39.4,91.8,"16.0544,108.2022",95.9
2024-01-04 18:06:00,VIN-A1802,0.2,50.3,"10.8231,106.6297",96.9
2024-01-04 18:09:00,VIN-A1803,49.6,90.1,"10.9460,108.4419",100.5
2024-01-04 18:12:00,VIN-A1804,64.6,79.8,"21.0285,105.8542",91.5
2024-01-04 18:15:00,VIN-A1805,107.1,82.5,"10.9460,108.4419",96.9
2024-01-04 18:18:00,VIN-A1806,42.4,82.2,"11.9404,108.4583",85.5
2024-01-04 18:21:00,VIN-A1807,100.7,82.1,"10.8231,106.6297",75.0
2024-01-04 18:24:00,VIN-A1808,44.5,23.3,"10.8231,106.6297",78.9
2024-01-04 18:27:00,VIN-A1809,2.4,31.7,"11.9404,108.4583",77.7
2024-01-04 18:30:00,VIN-A1810,98.0,64.4,"10.0452,105.7469",79.4
2024-01-04 18:33:00,VIN-A1811,59.3,39.5,"12.2388,109.1967",89.7
2024-01-04 18:36:00,VIN-A1812,84.5,62.6,"10.8231,106.6297",77.8
2024-01-04 18:39:00,VIN-A1813,98.5,42.6,"12.2388,109.1967",92.8
2024-01-04 18:42:00,VIN-A1814,59.3,57.4,"16.0544,108.2022",72.6
2024-01-04 18:45:00,VIN-A1815,15.4,11.2,"12.2388,109.1967",107.3
2024-01-04 18:48:00,VIN-A1816,102.7,88.7,"12.2388,109.1967",77.7
2024-01-04 18:51:00,VIN-A1817,81.4,99.2,"12.2388,109.1967",97.2
2024-01-04 18:54:00,VIN-A1818,106.0,5.2,"20.8449,106.6881",95.6
2024-01-04 18:57:00,VIN-A1819,113.2,9.9,"11.9404,108.4583",87.3
2024-01-04 19:00:00,VIN-A1820,119.4,31.0,"10.9460,108.4419",89.8
2024-01-04 19:03:00,VIN-A1821,62.1,9.1,"10.0452,105.7469",71.9
2024-01-04 19:06:00,VIN-A1822,110.2,55.6,"11.9404,108.4583",70.2
2024-01-04 19:09:00,VIN-A1823,23.4,12.8,"10.8231,106.6297",109.6
2024-01-04 19:12:00,VIN-A1824,27.1,70.5,"21.0285,105.8542",106.7
2024-01-04 19:15:00,VIN-A1825,23.6,36.3,"21.0285,105.8542",95.0
2024-01-04 19:18:00,VIN-A1826,11.6,50.6,"10.8231,106.6297",93.7
2024-01-04 19:21:00,VIN-A1827,75.2,36.8,"12.2388,109.1967",79.9
2024-01-04 19:24:00,VIN-A1828,56.8,96.1,"10.8231,106.6297",102.9
2024-01-04 19:27:00,VIN-A1829,62.4,27.5,"21.0285,105.8542",101.0
2024-01-04 19:30:00,VIN-A1830,74.3,77.6,"10.9460,108.4419",93.2
2024-01-04 19:33:00,VIN-A1831,10.3,10.8,"10.8231,106.6297",85.1
2024-01-04 19:36:00,VIN-A1832,106.8,70.9,"16.0544,108.2022",72.5
2024-01-04 19:39:00,VIN-A1833,96.3,10.2,"20.8449,106.6881",72.6
2024-01-04 19:42:00,VIN-A1834,81.3,58.1,"12.2388,109.1967",104.0
2024-01-04 19:45:00,VIN-A1835,48.2,63.6,"20.8449,106.6881",79.3
2024-01-04 19:48:00,VIN-A1836,71.9,67.7,"10.8231,106.6297",88.1
2024-01-04 19:51:00,VIN-A1837,55.7,45.7,"21.0285,105.8542",83.6
2024-01-04 19:54:00,VIN-A1838,112.5,79.4,"10.9460,108.4419",90.7
2024-01-04 19:57:00,VIN-A1839,70.5,15.3,"10.8231,106.6297",93.8
2024-01-04 20:00:00,VIN-A1840,8.1,80.0,"10.0452,105.7469",106.2
2024-01-04 20:03:00,VIN-A1841,15.1,53.3,"11.9404,108.4583",86.8
2024-01-04 20:06:00,VIN-A1842,87.0,47.2,"10.0452,105.7469",75.5
2024-01-04 20:09:00,VIN-A1843,5.3,17.1,"20.8449,106.6881",90.5
2024-01-04 20:12:00,VIN-A1844,78.2,39.0,"16.0544,108.2022",75.9
2024-01-04 20:15:00,VIN-A1845,37.0,37.6,"11.9404,108.4583",108.8
2024-01-04 20:18:00,VIN-A1846,62.1,67.5,"16.0544,108.2022",72.3
2024-01-04 20:21:00,VIN-A1847,60.9,84.3,"10.8231,106.6297",86.9
2024-01-04 20:24:00,VIN-A1848,23.4,24.0,"10.0452,105.7469",101.4
2024-01-04 20:27:00,VIN-A1849,41.0,68.4,"10.9460,108.4419",94.0
2024-01-04 20:30:00,VIN-A1850,39.7,59.9,"11.9404,108.4583",94.6
2024-01-04 20:33:00,VIN-A1851,50.2,20.4,"10.9460,108.4419",105.0
2024-01-04 20:36:00,VIN-A1852,109.3,52.1,"10.8231,106.6297",95.6
2024-01-04 20:39:00,VIN-A1853,83.2,49.3,"10.0452,105.7469",79.6
2024-01-04 20:42:00,VIN-A1854,88.2,95.5,"11.9404,108.4583",102.3
2024-01-04 20:45:00,VIN-A1855,45.1,43.0,"10.8231,106.6297",84.5
2024-01-04 20:48:00,VIN-A1856,8.8,7.9,"21.0285,105.8542",75.7
2024-01-04 20:51:00,VIN-A1857,52.8,65.0,"11.9404,108.4583",71.8
2024-01-04 20:54:00,VIN-A1858,3.6,23.8,"16.0544,108.2022",78.8
2024-01-04 20:57:00,VIN-A1859,31.4,21.6,"10.0452,105.7469",77.1
2024-01-04 21:00:00,VIN-A1860,2.6,85.1,"21.0285,105.8542",70.8
2024-01-04 21:03:00,VIN-A1861,81.3,41.0,"21.0285,105.8542",83.5
2024-01-04 21:06:00,VIN-A1862,25.2,48.3,"11.9404,108.4583",102.4
2024-01-04 21:09:00,VIN-A1863,79.3,94.4,"20.8449,106.6881",105.1
2024-01-04 21:12:00,VIN-A1864,7.8,18.7,"16.0544,108.2022",101.8
2024-01-04 21:15:00,VIN-A1865,23.0,40.9,"11.9404,108.4583",82.7
2024-01-04 21:18:00,VIN-A1866,51.5,65.4,"10.8231,106.6297",100.5
2024-01-04 21:21:00,VIN-A1867,70.5,86.2,"12.2388,109.1967",101.6
2024-01-04 21:24:00,VIN-A1868,39.3,10.1,"12.2388,109.1967",104.9
2024-01-04 21:27:00,VIN-A1869,102.2,97.0,"10.9460,108.4419",78.4
2024-01-04 21:30:00,VIN-A1870,9.8,49.7,"21.0285,105.8542",76.7
2024-01-04 21:33:00,VIN-A1871,46.6,88.8,"11.9404,108.4583",89.9
2024-01-04 21:36:00,VIN-A1872,55.7,35.6,"11.9404,108.4583",91.0
2024-01-04 21:39:00,VIN-A1873,58.0,95.8,"10.9460,108.4419",80.7
2024-01-04 21:42:00,VIN-A1874,48.1,92.5,"10.8231,106.6297",78.3
2024-01-04 21:45:00,VIN-A1875,107.4,47.9,"10.0452,105.7469",85.8
2024-01-04 21:48:00,VIN-A1876,36.7,89.4,"16.0544,108.2022",107.4
2024-01-04 21:51:00,VIN-A1877,44.9,57.3,"16.0544,108.2022",100.1
2024-01-04 21:54:00,VIN-A1878,35.4,54.3,"10.0452,105.7469",93.4
2024-01-04 21:57:00,VIN-A1879,55.8,64.0,"20.8449,106.6881",88.0
2024-01-04 22:00:00,VIN-A1880,51.9,39.9,"10.9460,108.4419",82.7
2024-01-04 22:03:00,VIN-A1881,45.9,22.1,"10.0452,105.7469",80.6
2024-01-04 22:06:00,VIN-A1882,9.1,90.6,"12.2388,109.1967",103.7
2024-01-04 22:09:00,VIN-A1883,61.5,66.1,"12.2388,109.1967",107.1
2024-01-04 22:12:00,VIN-A1884,11.8,11.8,"10.8231,106.6297",91.8
2024-01-04 22:15:00,VIN-A1885,40.1,69.1,"12.2388,109.1967",82.1
2024-01-04 22:18:00,VIN-A1886,97.9,69.9,"12.2388,109.1967",77.6
2024-01-04 22:21:00,VIN-A1887,72.5,18.1,"12.2388,109.1967",70.3
2024-01-04 22:24:00,VIN-A1888,35.9,83.1,"20.8449,106.6881",107.8
2024-01-04 22:27:00,VIN-A1889,98.6,77.0,"10.8231,106.6297",88.9
2024-01-04 22:30:00,VIN-A1890,61.5,77.3,"16.0544,108.2022",104.6
2024-01-04 22:33:00,VIN-A1891,27.3,73.7,"10.0452,105.7469",89.0
2024-01-04 22:36:00,VIN-A1892,61.9,79.7,"10.9460,108.4419",98.9
2024-01-04 22:39:00,VIN-A1893,55.4,80.2,"11.9404,108.4583",103.8
2024-01-04 22:42:00,VIN-A1894,51.5,94.5,"20.8449,106.6881",78.4
2024-01-04 22:45:00,VIN-A1895,54.0,58.1,"11.9404,108.4583",75.6
2024-01-04 22:48:00,VIN-A1896,104.9,34.0,"10.8231,106.6297",90.0
2024-01-04 22:51:00,VIN-A1897,79.1,38.7,"10.0452,105.7469",86.8
2024-01-04 22:54:00,VIN-A1898,82.3,43.3,"12.2388,109.1967",83.0
2024-01-04 22:57:00,VIN-A1899,2.8,79.6,"16.0544,108.2022",76.1
2024-01-04 23:00:00,VIN-A1900,114.3,36.4,"20.8449,106.6881",109.2
2024-01-04 23:03:00,VIN-A1901,24.5,42.1,"20.8449,106.6881",77.5
2024-01-04 23:06:00,VIN-A1902,13.0,59.1,"10.9460,108.4419",95.6
2024-01-04 23:09:00,VIN-A1903,36.6,21.3,"16.0544,108.2022",71.3
2024-01-04 23:12:00,VIN-A1904,82.7,51.4,"16.0544,108.2022",78.0
2024-01-04 23:15:00,VIN-A1905,109.4,41.7,"10.0452,105.7469",79.3
2024-01-04 23:18:00,VIN-A1906,79.1,11.6,"10.8231,106.6297",84.7
2024-01-04 23:21:00,VIN-A1907,1.3,36.0,"20.8449,106.6881",85.6
2024-01-04 23:24:00,VIN-A1908,118.8,17.3,"20.8449,106.6881",89.1
2024-01-04 23:27:00,VIN-A1909,8.3,95.7,"10.0452,105.7469",75.2
2024-01-04 23:30:00,VIN-A1910,24.7,46.1,"10.9460,108.4419",76.4
2024-01-04 23:33:00,VIN-A1911,69.0,34.5,"10.0452,105.7469",90.1
2024-01-04 23:36:00,VIN-A1912,82.2,31.2,"10.8231,106.6297",109.6
2024-01-04 23:39:00,VIN-A1913,53.5,83.3,"10.0452,105.7469",91.0
2024-01-04 23:42:00,VIN-A1914,109.2,88.5,"10.9460,108.4419",88.5
2024-01-04 23:45:00,VIN-A1915,4.7,13.7,"10.9460,108.4419",83.9
2024-01-04 23:48:00,VIN-A1916,101.1,80.3,"20.8449,106.6881",94.5
2024-01-04 23:51:00,VIN-A1917,97.2,21.6,"10.0452,105.7469",77.2
2024-01-04 23:54:00,VIN-A1918,74.1,46.0,"20.8449,106.6881",106.4
2024-01-04 23:57:00,VIN-A1919,22.0,59.0,"20.8449,106.6881",97.9
2024-01-05 00:00:00,VIN-A1920,5.2,89.1,"16.0544,108.2022",81.0
2024-01-05 00:03:00,VIN-A1921,75.4,32.7,"21.0285,105.8542",97.9
2024-01-05 00:06:00,VIN-A1922,86.7,25.6,"10.9460,108.4419",86.5
2024-01-05 00:09:00,VIN-A1923,91.4,16.5,"11.9404,108.4583",73.1
2024-01-05 00:12:00,VIN-A1924,12.6,77.8,"11.9404,108.4583",86.4
2024-01-05 00:15:00,VIN-A1925,19.8,24.7,"10.8231,106.6297",88.5
2024-01-05 00:18:00,VIN-A1926,8.8,71.0,"10.9460,108.4419",85.2
2024-01-05 00:21:00,VIN-A1927,89.5,86.3,"20.8449,106.6881",71.5
2024-01-05 00:24:00,VIN-A1928,30.1,72.4,"16.0544,108.2022",83.1
2024-01-05 00:27:00,VIN-A1929,89.8,51.1,"21.0285,105.8542",73.3
2024-01-05 00:30:00,VIN-A1930,78.8,72.8,"10.9460,108.4419",75.6
2024-01-05 00:33:00,VIN-A1931,98.5,84.9,"16.0544,108.2022",103.5
2024-01-05 00:36:00,VIN-A1932,72.8,21.8,"21.0285,105.8542",91.4
2024-01-05 00:39:00,VIN-A1933,46.9,12.4,"10.8231,106.6297",97.1
2024-01-05 00:42:00,VIN-A1934,18.4,39.0,"10.0452,105.7469",98.6
2024-01-05 00:45:00,VIN-A1935,107.1,55.6,"10.9460,108.4419",97.9
2024-01-05 00:48:00,VIN-A1936,100.4,82.1,"21.0285,105.8542",85.6
2024-01-05 00:51:00,VIN-A1937,37.0,10.0,"10.8231,106.6297",71.9
2024-01-05 00:54:00,VIN-A1938,45.3,24.2,"10.0452,105.7469",85.0
2024-01-05 00:57:00,VIN-A1939,28.6,13.7,"20.8449,106.6881",71.1
2024-01-05 01:00:00,VIN-A1940,1.7,83.0,"21.0285,105.8542",78.8
2024-01-05 01:03:00,VIN-A1941,105.9,80.7,"16.0544,108.2022",99.0
2024-01-05 01:06:00,VIN-A1942,5.3,53.7,"11.9404,108.4583",82.9
2024-01-05 01:09:00,VIN-A1943,75.2,64.3,"20.8449,106.6881",107.6
2024-01-05 01:12:00,VIN-A1944,14.5,25.3,"11.9404,108.4583",82.9
2024-01-05 01:15:00,VIN-A1945,1.8,67.1,"10.8231,106.6297",85.6
2024-01-05 01:18:00,VIN-A1946,55.1,11.3,"12.2388,109.1967",96.0
2024-01-05 01:21:00,VIN-A1947,44.3,11.4,"10.0452,105.7469",86.4
2024-01-05 01:24:00,VIN-A1948,92.1,52.5,"21.0285,105.8542",98.5
2024-01-05 01:27:00,VIN-A1949,95.0,92.6,"16.0544,108.2022",80.1
2024-01-05 01:30:00,VIN-A1950,11.4,35.8,"20.8449,106.6881",97.1
2024-01-05 01:33:00,VIN-A1951,116.7,70.9,"11.9404,108.4583",77.0
2024-01-05 01:36:00,VIN-A1952,91.4,70.3,"10.9460,108.4419",72.7
2024-01-05 01:39:00,VIN-A1953,2.1,91.6,"10.9460,108.4419",85.3
2024-01-05 01:42:00,VIN-A1954,76.9,27.1,"10.8231,106.6297",79.3
2024-01-05 01:45:00,VIN-A1955,74.0,90.2,"12.2388,109.1967",79.5
2024-01-05 01:48:00,VIN-A1956,51.4,28.1,"21.0285,105.8542",72.4
2024-01-05 01:51:00,VIN-A1957,44.9,33.2,"16.0544,108.2022",85.0
2024-01-05 01:54:00,VIN-A1958,77.0,27.6,"10.9460,108.4419",99.6
2024-01-05 01:57:00,VIN-A1959,39.4,31.4,"10.8231,106.6297",90.8
2024-01-05 02:00:00,VIN-A1960,117.3,66.6,"12.2388,109.1967",100.0
2024-01-05 02:03:00,VIN-A1961,27.5,74.6,"11.9404,108.4583",79.7
2024-01-05 02:06:00,VIN-A1962,64.7,91.1,"10.0452,105.7469",102.1
2024-01-05 02:09:00,VIN-A1963,83.6,26.1,"20.8449,106.6881",90.9
2024-01-05 02:12:00,VIN-A1964,22.0,64.8,"21.0285,105.8542",104.8
2024-01-05 02:15:00,VIN-A1965,8.4,23.3,"16.0544,108.2022",107.5
2024-01-05 02:18:00,VIN-A1966,15.1,21.5,"10.0452,105.7469",79.5
2024-01-05 02:21:00,VIN-A1967,9.4,73.9,"12.2388,109.1967",76.6
2024-01-05 02:24:00,VIN-A1968,23.7,45.3,"10.0452,105.7469",82.1
2024-01-05 02:27:00,VIN-A1969,69.2,96.9,"10.0452,105.7469",80.9
2024-01-05 02:30:00,VIN-A1970,93.8,12.6,"11.9404,108.4583",85.9
2024-01-05 02:33:00,VIN-A1971,20.1,46.9,"20.8449,106.6881",100.4
2024-01-05 02:36:00,VIN-A1972,98.4,80.4,"10.8231,106.6297",100.5
2024-01-05 02:39:00,VIN-A1973,51.3,12.9,"12.2388,109.1967",93.8
2024-01-05 02:42:00,VIN-A1974,18.3,74.0,"12.2388,109.1967",85.2
2024-01-05 02:45:00,VIN-A1975,36.7,31.9,"10.9460,108.4419",72.9
2024-01-05 02:48:00,VIN-A1976,16.4,49.6,"16.0544,108.2022",106.6
2024-01-05 02:51:00,VIN-A1977,0.5,86.9,"11.9404,108.4583",89.7
2024-01-05 02:54:00,VIN-A1978,111.1,94.3,"11.9404,108.4583",85.4
2024-01-05 02:57:00,VIN-A1979,36.9,98.8,"21.0285,105.8542",86.4
2024-01-05 03:00:00,VIN-A1980,4.7,92.6,"20.8449,106.6881",107.3
2024-01-05 03:03:00,VIN-A1981,19.5,77.5,"12.2388,109.1967",100.9
2024-01-05 03:06:00,VIN-A1982,90.2,38.1,"10.9460,108.4419",95.4
2024-01-05 03:09:00,VIN-A1983,44.2,10.5,"20.8449,106.6881",107.1
2024-01-05 03:12:00,VIN-A1984,88.3,28.0,"10.8231,106.6297",106.9
2024-01-05 03:15:00,VIN-A1985,43.4,72.1,"10.8231,106.6297",97.9
2024-01-05 03:18:00,VIN-A1986,77.4,29.8,"10.9460,108.4419",107.8
2024-01-05 03:21:00,VIN-A1987,17.7,28.5,"16.0544,108.2022",70.5
2024-01-05 03:24:00,VIN-A1988,92.5,66.2,"20.8449,106.6881",85.9
2024-01-05 03:27:00,VIN-A1989,70.3,90.6,"10.0452,105.7469",105.0
2024-01-05 03:30:00,VIN-A1990,19.9,45.6,"12.2388,109.1967",90.0
2024-01-05 03:33:00,VIN-A1991,64.0,89.2,"12.2388,109.1967",99.4
2024-01-05 03:36:00,VIN-A1992,90.3,92.8,"21.0285,105.8542",74.4
2024-01-05 03:39:00,VIN-A1993,68.7,80.8,"16.0544,108.2022",80.8
2024-01-05 03:42:00,VIN-A1994,25.1,76.1,"12.2388,109.1967",70.3
2024-01-05 03:45:00,VIN-A1995,20.2,51.7,"21.0285,105.8542",72.8
2024-01-05 03:48:00,VIN-A1996,83.6,54.9,"12.2388,109.1967",99.3
2024-01-05 03:51:00,VIN-A1997,20.5,40.6,"16.0544,108.2022",77.9
2024-01-05 03:54:00,VIN-A1998,21.8,95.1,"10.9460,108.4419",92.7
2024-01-05 03:57:00,VIN-A1999,25.5,24.1,"16.0544,108.2022",102.4
2024-01-05 04:00:00,VIN-A2000,23.0,98.4,"20.8449,106.6881",87.6
2024-01-05 04:03:00,VIN-A2001,109.6,15.4,"16.0544,108.2022",73.2
2024-01-05 04:06:00,VIN-A2002,10.3,16.8,"21.0285,105.8542",83.7
2024-01-05 04:09:00,VIN-A2003,70.3,50.4,"21.0285,105.8542",70.4
2024-01-05 04:12:00,VIN-A2004,31.9,95.7,"10.8231,106.6297",73.9
2024-01-05 04:15:00,VIN-A2005,62.7,5.7,"12.2388,109.1967",107.3
2024-01-05 04:18:00,VIN-A2006,56.8,37.0,"20.8449,106.6881",83.5
2024-01-05 04:21:00,VIN-A2007,81.8,37.6,"11.9404,108.4583",102.7
2024-01-05 04:24:00,VIN-A2008,112.9,68.2,"20.8449,106.6881",94.4
2024-01-05 04:27:00,VIN-A2009,117.0,87.9,"21.0285,105.8542",70.1
2024-01-05 04:30:00,VIN-A2010,104.5,43.2,"16.0544,108.2022",71.0
2024-01-05 04:33:00,VIN-A2011,14.7,55.4,"10.0452,105.7469",84.7
2024-01-05 04:36:00,VIN-A2012,74.2,67.6,"10.9460,108.4419",90.6
2024-01-05 04:39:00,VIN-A2013,79.2,5.3,"11.9404,108.4583",70.7
2024-01-05 04:42:00,VIN-A2014,43.2,9.3,"11.9404,108.4583",97.1
2024-01-05 04:45:00,VIN-A2015,28.0,51.0,"21.0285,105.8542",83.9
2024-01-05 04:48:00,VIN-A2016,112.7,94.4,"10.9460,108.4419",109.5
2024-01-05 04:51:00,VIN-A2017,102.9,91.0,"20.8449,106.6881",81.8
2024-01-05 04:54:00,VIN-A2018,23.4,18.6,"10.8231,106.6297",75.1
2024-01-05 04:57:00,VIN-A2019,95.6,33.6,"10.9460,108.4419",76.7
2024-01-05 05:00:00,VIN-A2020,53.6,16.0,"10.0452,105.7469",79.7
2024-01-05 05:03:00,VIN-A2021,20.5,94.7,"21.0285,105.8542",74.2
2024-01-05 05:06:00,VIN-A2022,119.2,7.8,"11.9404,108.4583",106.1
2024-01-05 05:09:00,VIN-A2023,92.0,25.9,"12.2388,109.1967",96.6
2024-01-05 05:12:00,VIN-A2024,114.2,68.7,"16.0544,108.2022",106.9
2024-01-05 05:15:00,VIN-A2025,76.0,51.7,"11.9404,108.4583",104.9
2024-01-05 05:18:00,VIN-A2026,111.8,77.8,"21.0285,105.8542",95.8
2024-01-05 05:21:00,VIN-A2027,45.2,73.2,"20.8449,106.6881",96.2
2024-01-05 05:24:00,VIN-A2028,94.2,96.8,"20.8449,106.6881",102.3
2024-01-05 05:27:00,VIN-A2029,26.8,16.0,"21.0285,105.8542",74.5
2024-01-05 05:30:00,VIN-A2030,40.8,61.3,"10.0452,105.7469",99.8
2024-01-05 05:33:00,VIN-A2031,13.9,39.9,"11.9404,108.4583",108.2
2024-01-05 05:36:00,VIN-A2032,69.2,5.2,"10.8231,106.6297",93.6
2024-01-05 05:39:00,VIN-A2033,22.8,41.9,"20.8449,106.6881",82.8
2024-01-05 05:42:00,VIN-A2034,43.8,69.5,"16.0544,108.2022",90.8
2024-01-05 05:45:00,VIN-A2035,72.2,26.1,"20.8449,106.6881",70.4
2024-01-05 05:48:00,VIN-A2036,102.3,35.0,"12.2388,109.1967",103.5
2024-01-05 05:51:00,VIN-A2037,60.0,48.3,"12.2388,109.1967",75.8
2024-01-05 05:54:00,VIN-A2038,79.8,81.1,"10.8231,106.6297",94.0
2024-01-05 05:57:00,VIN-A2039,37.1,99.1,"21.0285,105.8542",80.9
2024-01-05 06:00:00,VIN-A2040,101.7,59.5,"10.0452,105.7469",89.8
2024-01-05 06:03:00,VIN-A2041,84.5,40.8,"11.9404,108.4583",76.1
2024-01-05 06:06:00,VIN-A2042,86.0,85.6,"10.0452,105.7469",98.0
2024-01-05 06:09:00,VIN-A2043,6.3,87.2,"16.0544,108.2022",104.3
2024-01-05 06:12:00,VIN-A2044,87.3,33.4,"16.0544,108.2022",109.6
2024-01-05 06:15:00,VIN-A2045,65.8,37.1,"10.9460,108.4419",109.6
2024-01-05 06:18:00,VIN-A2046,90.9,42.2,"12.2388,109.1967",81.3
2024-01-05 06:21:00,VIN-A2047,110.8,71.6,"20.8449,106.6881",73.9
2024-01-05 06:24:00,VIN-A2048,38.8,80.2,"10.8231,106.6297",104.0
2024-01-05 06:27:00,VIN-A2049,85.2,48.5,"16.0544,108.2022",93.1
2024-01-05 06:30:00,VIN-A2050,53.0,50.8,"16.0544,108.2022",78.4
2024-01-05 06:33:00,VIN-A2051,96.5,23.6,"10.8231,106.6297",84.5
2024-01-05 06:36:00,VIN-A2052,102.7,14.7,"16.0544,108.2022",85.1
2024-01-05 06:39:00,VIN-A2053,117.9,69.5,"16.0544,108.2022",107.0
2024-01-05 06:42:00,VIN-A2054,11.5,97.5,"16.0544,108.2022",107.8
2024-01-05 06:45:00,VIN-A2055,14.1,54.0,"11.9404,108.4583",93.7
2024-01-05 06:48:00,VIN-A2056,116.4,64.6,"20.8449,106.6881",79.8
2024-01-05 06:51:00,VIN-A2057,14.3,42.7,"12.2388,109.1967",97.5
2024-01-05 06:54:00,VIN-A2058,114.5,67.0,"20.8449,106.6881",101.0
2024-01-05 06:57:00,VIN-A2059,118.9,68.7,"21.0285,105.8542",101.1
2024-01-05 07:00:00,VIN-A2060,103.8,66.8,"12.2388,109.1967",95.3
2024-01-05 07:03:00,VIN-A2061,53.4,6.1,"21.0285,105.8542",73.3
2024-01-05 07:06:00,VIN-A2062,58.7,68.5,"10.0452,105.7469",70.9
2024-01-05 07:09:00,VIN-A2063,68.8,59.4,"12.2388,109.1967",97.7
2024-01-05 07:12:00,VIN-A2064,11.3,61.3,"20.8449,106.6881",89.4
2024-01-05 07:15:00,VIN-A2065,77.4,46.2,"16.0544,108.2022",74.0
2024-01-05 07:18:00,VIN-A2066,7.6,91.3,"16.0544,108.2022",86.2
2024-01-05 07:21:00,VIN-A2067,84.1,42.4,"10.9460,108.4419",72.6
2024-01-05 07:24:00,VIN-A2068,100.5,56.2,"21.0285,105.8542",100.1
2024-01-05 07:27:00,VIN-A2069,24.9,67.6,"21.0285,105.8542",77.2
2024-01-05 07:30:00,VIN-A2070,71.9,22.1,"10.9460,108.4419",102.0
2024-01-05 07:33:00,VIN-A2071,14.8,17.2,"10.0452,105.7469",96.1
2024-01-05 07:36:00,VIN-A2072,10.5,29.4,"10.8231,106.6297",73.4
2024-01-05 07:39:00,VIN-A2073,15.0,33.4,"16.0544,108.2022",86.9
2024-01-05 07:42:00,VIN-A2074,113.4,5.0,"12.2388,109.1967",71.8
2024-01-05 07:45:00,VIN-A2075,113.5,90.9,"12.2388,109.1967",96.4
2024-01-05 07:48:00,VIN-A2076,53.4,59.8,"11.9404,108.4583",90.9
2024-01-05 07:51:00,VIN-A2077,118.3,38.5,"10.0452,105.7469",97.5
2024-01-05 07:54:00,VIN-A2078,79.5,9.2,"10.8231,106.6297",77.5
2024-01-05 07:57:00,VIN-A2079,36.0,84.1,"16.0544,108.2022",94.1
2024-01-05 08:00:00,VIN-A2080,25.9,39.1,"16.0544,108.2022",99.2
2024-01-05 08:03:00,VIN-A2081,50.6,57.2,"12.2388,109.1967",85.3
2024-01-05 08:06:00,VIN-A2082,108.4,43.0,"21.0285,105.8542",107.8
2024-01-05 08:09:00,VIN-A2083,81.2,94.3,"16.0544,108.2022",91.4
2024-01-05 08:12:00,VIN-A2084,8.5,74.6,"10.0452,105.7469",98.6
2024-01-05 08:15:00,VIN-A2085,67.6,66.5,"16.0544,108.2022",86.8
2024-01-05 08:18:00,VIN-A2086,18.4,99.3,"20.8449,106.6881",85.2
2024-01-05 08:21:00,VIN-A2087,115.7,28.5,"12.2388,109.1967",75.0
2024-01-05 08:24:00,VIN-A2088,13.2,57.1,"21.0285,105.8542",83.2
2024-01-05 08:27:00,VIN-A2089,10.7,91.4,"12.2388,109.1967",75.9
2024-01-05 08:30:00,VIN-A2090,95.8,31.0,"21.0285,105.8542",85.1
2024-01-05 08:33:00,VIN-A2091,116.3,41.0,"21.0285,105.8542",101.3
2024-01-05 08:36:00,VIN-A2092,14.8,55.0,"12.2388,109.1967",93.6
2024-01-05 08:39:00,VIN-A2093,96.8,14.1,"11.9404,108.4583",98.0
2024-01-05 08:42:00,VIN-A2094,103.8,57.4,"21.0285,105.8542",105.9
2024-01-05 08:45:00,VIN-A2095,20.5,94.9,"20.8449,106.6881",77.2
2024-01-05 08:48:00,VIN-A2096,96.7,69.4,"20.8449,106.6881",89.1
2024-01-05 08:51:00,VIN-A2097,15.3,5.9,"16.0544,108.2022",96.3
2024-01-05 08:54:00,VIN-A2098,17.1,58.9,"12.2388,109.1967",72.1
2024-01-05 08:57:00,VIN-A2099,87.1,97.6,"10.0452,105.7469",97.1
2024-01-05 09:00:00,VIN-A2100,50.2,48.5,"10.9460,108.4419",109.4
2024-01-05 09:03:00,VIN-A2101,95.8,52.7,"12.2388,109.1967",108.1
2024-01-05 09:06:00,VIN-A2102,62.5,73.3,"10.0452,105.7469",82.2
2024-01-05 09:09:00,VIN-A2103,103.0,95.0,"20.8449,106.6881",100.8
2024-01-05 09:12:00,VIN-A2104,101.4,65.3,"21.0285,105.8542",99.2
2024-01-05 09:15:00,VIN-A2105,113.4,20.7,"10.8231,106.6297",73.4
2024-01-05 09:18:00,VIN-A2106,34.3,93.3,"10.8231,106.6297",108.5
2024-01-05 09:21:00,VIN-A2107,50.9,53.3,"16.0544,108.2022",89.2
2024-01-05 09:24:00,VIN-A2108,61.8,99.8,"21.0285,105.8542",86.2
2024-01-05 09:27:00,VIN-A2109,74.0,91.5,"10.8231,106.6297",98.6
2024-01-05 09:30:00,VIN-A2110,84.3,76.2,"10.0452,105.7469",109.8
2024-01-05 09:33:00,VIN-A2111,79.3,92.4,"10.8231,106.6297",94.3
2024-01-05 09:36:00,VIN-A2112,115.8,69.1,"10.0452,105.7469",77.0
2024-01-05 09:39:00,VIN-A2113,44.0,17.7,"11.9404,108.4583",108.1
2024-01-05 09:42:00,VIN-A2114,50.7,41.0,"11.9404,108.4583",108.8
2024-01-05 09:45:00,VIN-A2115,40.6,69.5,"21.0285,105.8542",81.6
2024-01-05 09:48:00,VIN-A2116,58.0,30.2,"10.8231,106.6297",99.5
2024-01-05 09:51:00,VIN-A2117,68.3,25.7,"12.2388,109.1967",107.2
2024-01-05 09:54:00,VIN-A2118,115.1,54.0,"10.8231,106.6297",107.4
2024-01-05 09:57:00,VIN-A2119,107.1,85.6,"10.8231,106.6297",84.2
2024-01-05 10:00:00,VIN-A2120,73.9,36.2,"11.9404,108.4583",74.3
2024-01-05 10:03:00,VIN-A2121,42.0,73.6,"20.8449,106.6881",84.2
2024-01-05 10:06:00,VIN-A2122,12.2,51.7,"21.0285,105.8542",91.2
2024-01-05 10:09:00,VIN-A2123,107.8,44.0,"10.9460,108.4419",70.3
2024-01-05 10:12:00,VIN-A2124,92.3,28.8,"10.9460,108.4419",85.8
2024-01-05 10:15:00,VIN-A2125,35.9,45.7,"16.0544,108.2022",91.5
2024-01-05 10:18:00,VIN-A2126,32.3,99.0,"10.9460,108.4419",76.5
2024-01-05 10:21:00,VIN-A2127,42.4,46.2,"11.9404,108.4583",105.3
2024-01-05 10:24:00,VIN-A2128,85.1,15.5,"12.2388,109.1967",71.6
2024-01-05 10:27:00,VIN-A2129,47.3,75.7,"10.8231,106.6297",76.4
2024-01-05 10:30:00,VIN-A2130,23.9,50.5,"12.2388,109.1967",74.8
2024-01-05 10:33:00,VIN-A2131,58.7,52.1,"16.0544,108.2022",83.0
2024-01-05 10:36:00,VIN-A2132,91.7,88.8,"20.8449,106.6881",75.3
2024-01-05 10:39:00,VIN-A2133,114.9,80.3,"16.0544,108.2022",76.2
2024-01-05 10:42:00,VIN-A2134,60.0,77.9,"10.0452,105.7469",72.1
2024-01-05 10:45:00,VIN-A2135,99.6,45.8,"10.8231,106.6297",87.4
2024-01-05 10:48:00,VIN-A2136,34.7,51.2,"20.8449,106.6881",79.9
2024-01-05 10:51:00,VIN-A2137,18.3,53.6,"10.0452,105.7469",81.2
2024-01-05 10:54:00,VIN-A2138,13.8,30.0,"10.0452,105.7469",96.7
2024-01-05 10:57:00,VIN-A2139,51.5,50.0,"21.0285,105.8542",98.0
2024-01-05 11:00:00,VIN-A2140,60.3,22.2,"16.0544,108.2022",79.2
2024-01-05 11:03:00,VIN-A2141,15.9,8.6,"10.0452,105.7469",107.2
2024-01-05 11:06:00,VIN-A2142,51.2,63.6,"21.0285,105.8542",104.6
2024-01-05 11:09:00,VIN-A2143,45.6,54.9,"10.0452,105.7469",78.9
2024-01-05 11:12:00,VIN-A2144,51.1,10.8,"20.8449,106.6881",95.8
2024-01-05 11:15:00,VIN-A2145,36.5,30.6,"12.2388,109.1967",107.7
2024-01-05 11:18:00,VIN-A2146,85.4,28.5,"10.8231,106.6297",77.3
2024-01-05 11:21:00,VIN-A2147,0.1,67.7,"11.9404,108.4583",78.5
2024-01-05 11:24:00,VIN-A2148,56.6,91.3,"21.0285,105.8542",87.2
2024-01-05 11:27:00,VIN-A2149,30.3,51.7,"11.9404,108.4583",82.2
2024-01-05 11:30:00,VIN-A2150,11.6,6.3,"16.0544,108.2022",83.2
2024-01-05 11:33:00,VIN-A2151,89.0,39.3,"11.9404,108.4583",79.5
2024-01-05 11:36:00,VIN-A2152,33.1,60.5,"21.0285,105.8542",105.5
2024-01-05 11:39:00,VIN-A2153,15.7,75.5,"21.0285,105.8542",71.6
2024-01-05 11:42:00,VIN-A2154,116.2,89.0,"10.0452,105.7469",77.7
2024-01-05 11:45:00,VIN-A2155,53.5,14.4,"11.9404,108.4583",82.1
2024-01-05 11:48:00,VIN-A2156,56.9,77.3,"16.0544,108.2022",71.8
2024-01-05 11:51:00,VIN-A2157,23.0,57.3,"12.2388,109.1967",105.7
2024-01-05 11:54:00,VIN-A2158,91.1,85.4,"11.9404,108.4583",105.8
2024-01-05 11:57:00,VIN-A2159,53.8,73.1,"20.8449,106.6881",72.7
2024-01-05 12:00:00,VIN-A2160,50.3,93.5,"10.8231,106.6297",76.7
2024-01-05 12:03:00,VIN-A2161,32.9,96.9,"12.2388,109.1967",71.8
2024-01-05 12:06:00,VIN-A2162,67.9,80.5,"10.0452,105.7469",99.6
2024-01-05 12:09:00,VIN-A2163,47.7,70.0,"21.0285,105.8542",76.6
2024-01-05 12:12:00,VIN-A2164,90.1,41.5,"20.8449,106.6881",86.0
2024-01-05 12:15:00,VIN-A2165,32.6,22.5,"16.0544,108.2022",92.9
2024-01-05 12:18:00,VIN-A2166,71.1,5.8,"10.9460,108.4419",90.2
2024-01-05 12:21:00,VIN-A2167,86.5,29.6,"10.0452,105.7469",81.9
2024-01-05 12:24:00,VIN-A2168,32.2,16.3,"10.0452,105.7469",71.8
2024-01-05 12:27:00,VIN-A2169,28.6,8.7,"16.0544,108.2022",107.7
2024-01-05 12:30:00,VIN-A2170,33.3,17.6,"10.8231,106.6297",95.7
2024-01-05 12:33:00,VIN-A2171,29.9,83.2,"21.0285,105.8542",70.1
2024-01-05 12:36:00,VIN-A2172,41.7,62.5,"11.9404,108.4583",83.0
2024-01-05 12:39:00,VIN-A2173,113.6,89.0,"12.2388,109.1967",98.9
2024-01-05 12:42:00,VIN-A2174,49.0,63.1,"11.9404,108.4583",109.4
2024-01-05 12:45:00,VIN-A2175,75.1,6.0,"11.9404,108.4583",78.8
2024-01-05 12:48:00,VIN-A2176,115.8,21.8,"10.8231,106.6297",91.5
2024-01-05 12:51:00,VIN-A2177,117.5,78.9,"21.0285,105.8542",98.9
2024-01-05 12:54:00,VIN-A2178,82.6,94.8,"12.2388,109.1967",104.8
2024-01-05 12:57:00,VIN-A2179,76.1,57.3,"10.9460,108.4419",78.8
2024-01-05 13:00:00,VIN-A2180,32.3,60.3,"20.8449,106.6881",76.2
2024-01-05 13:03:00,VIN-A2181,27.8,74.0,"11.9404,108.4583",75.9
2024-01-05 13:06:00,VIN-A2182,57.5,52.1,"10.9460,108.4419",77.4
2024-01-05 13:09:00,VIN-A2183,103.5,22.9,"10.9460,108.4419",107.7
2024-01-05 13:12:00,VIN-A2184,21.6,31.8,"12.2388,109.1967",76.5
2024-01-05 13:15:00,VIN-A2185,21.3,42.4,"10.0452,105.7469",72.8
2024-01-05 13:18:00,VIN-A2186,8.6,28.3,"20.8449,106.6881",74.0
2024-01-05 13:21:00,VIN-A2187,63.2,74.0,"10.8231,106.6297",94.1
2024-01-05 13:24:00,VIN-A2188,45.3,7.0,"10.8231,106.6297",100.5
2024-01-05 13:27:00,VIN-A2189,77.3,9.2,"10.0452,105.7469",100.8
2024-01-05 13:30:00,VIN-A2190,32.1,94.2,"10.8231,106.6297",101.7
2024-01-05 13:33:00,VIN-A2191,1.1,80.2,"11.9404,108.4583",104.1
2024-01-05 13:36:00,VIN-A2192,10.2,18.2,"10.9460,108.4419",102.6
2024-01-05 13:39:00,VIN-A2193,36.9,50.5,"10.0452,105.7469",72.2
2024-01-05 13:42:00,VIN-A2194,83.0,64.6,"21.0285,105.8542",70.8
2024-01-05 13:45:00,VIN-A2195,5.3,56.7,"21.0285,105.8542",90.5
2024-01-05 13:48:00,VIN-A2196,100.4,18.5,"10.0452,105.7469",71.0
2024-01-05 13:51:00,VIN-A2197,51.3,19.0,"12.2388,109.1967",79.0
2024-01-05 13:54:00,VIN-A2198,105.5,41.6,"21.0285,105.8542",89.7
2024-01-05 13:57:00,VIN-A2199,118.9,26.3,"12.2388,109.1967",84.3
2024-01-05 14:00:00,VIN-A2200,73.9,16.2,"21.0285,105.8542",105.8
2024-01-05 14:03:00,VIN-A2201,72.5,21.9,"11.9404,108.4583",94.0
2024-01-05 14:06:00,VIN-A2202,81.5,19.3,"12.2388,109.1967",95.0
2024-01-05 14:09:00,VIN-A2203,34.4,88.2,"12.2388,109.1967",106.6
2024-01-05 14:12:00,VIN-A2204,79.4,93.6,"21.0285,105.8542",101.6
2024-01-05 14:15:00,VIN-A2205,103.4,97.9,"16.0544,108.2022",82.8
2024-01-05 14:18:00,VIN-A2206,46.9,73.5,"10.9460,108.4419",102.6
2024-01-05 14:21:00,VIN-A2207,13.6,45.6,"12.2388,109.1967",75.8
2024-01-05 14:24:00,VIN-A2208,38.8,17.1,"20.8449,106.6881",84.1
2024-01-05 14:27:00,VIN-A2209,59.3,50.7,"20.8449,106.6881",94.1
2024-01-05 14:30:00,VIN-A2210,76.4,18.1,"10.0452,105.7469",85.3
2024-01-05 14:33:00,VIN-A2211,65.9,56.2,"10.9460,108.4419",91.3
2024-01-05 14:36:00,VIN-A2212,98.6,41.5,"20.8449,106.6881",91.1
2024-01-05 14:39:00,VIN-A2213,93.2,82.1,"10.0452,105.7469",98.1
2024-01-05 14:42:00,VIN-A2214,28.2,5.3,"10.8231,106.6297",84.5
2024-01-05 14:45:00,VIN-A2215,56.9,17.7,"21.0285,105.8542",72.4
2024-01-05 14:48:00,VIN-A2216,41.9,85.6,"16.0544,108.2022",81.8
2024-01-05 14:51:00,VIN-A2217,17.3,86.1,"20.8449,106.6881",79.7
2024-01-05 14:54:00,VIN-A2218,99.3,10.3,"16.0544,108.2022",74.7
2024-01-05 14:57:00,VIN-A2219,83.5,18.6,"10.8231,106.6297",97.8
2024-01-05 15:00:00,VIN-A2220,51.0,10.1,"21.0285,105.8542",96.5
2024-01-05 15:03:00,VIN-A2221,8.9,84.6,"16.0544,108.2022",71.2
2024-01-05 15:06:00,VIN-A2222,43.8,12.5,"21.0285,105.8542",70.5
2024-01-05 15:09:00,VIN-A2223,99.7,44.6,"16.0544,108.2022",88.8
2024-01-05 15:12:00,VIN-A2224,16.8,55.1,"12.2388,109.1967",88.8
2024-01-05 15:15:00,VIN-A2225,86.7,47.2,"10.8231,106.6297",81.5
2024-01-05 15:18:00,VIN-A2226,18.7,88.7,"10.8231,106.6297",94.2
2024-01-05 15:21:00,VIN-A2227,20.8,20.2,"20.8449,106.6881",103.3
2024-01-05 15:24:00,VIN-A2228,81.6,88.2,"12.2388,109.1967",106.8
2024-01-05 15:27:00,VIN-A2229,60.2,72.4,"20.8449,106.6881",107.3
2024-01-05 15:30:00,VIN-A2230,32.6,13.7,"20.8449,106.6881",109.1
2024-01-05 15:33:00,VIN-A2231,15.0,25.1,"10.8231,106.6297",78.8
2024-01-05 15:36:00,VIN-A2232,22.0,75.9,"21.0285,105.8542",102.7
2024-01-05 15:39:00,VIN-A2233,56.2,34.8,"20.8449,106.6881",103.1
2024-01-05 15:42:00,VIN-A2234,19.8,81.3,"20.8449,106.6881",77.8
2024-01-05 15:45:00,VIN-A2235,13.0,12.4,"11.9404,108.4583",71.1
2024-01-05 15:48:00,VIN-A2236,33.9,56.4,"21.0285,105.8542",78.5
2024-01-05 15:51:00,VIN-A2237,1.3,91.4,"10.0452,105.7469",92.1
2024-01-05 15:54:00,VIN-A2238,76.6,8.1,"12.2388,109.1967",73.4
2024-01-05 15:57:00,VIN-A2239,68.4,9.3,"10.9460,108.4419",71.8
2024-01-05 16:00:00,VIN-A2240,37.7,94.6,"10.8231,106.6297",109.2
2024-01-05 16:03:00,VIN-A2241,90.2,96.1,"10.0452,105.7469",82.6
2024-01-05 16:06:00,VIN-A2242,46.9,38.8,"16.0544,108.2022",98.1
2024-01-05 16:09:00,VIN-A2243,11.7,43.7,"21.0285,105.8542",90.1
2024-01-05 16:12:00,VIN-A2244,93.0,7.3,"20.8449,106.6881",89.1
2024-01-05 16:15:00,VIN-A2245,104.3,8.6,"16.0544,108.2022",76.1
2024-01-05 16:18:00,VIN-A2246,55.6,89.1,"21.0285,105.8542",108.1
2024-01-05 16:21:00,VIN-A2247,27.8,25.5,"16.0544,108.2022",100.8
2024-01-05 16:24:00,VIN-A2248,19.3,96.5,"11.9404,108.4583",87.9
2024-01-05 16:27:00,VIN-A2249,15.7,32.6,"20.8449,106.6881",71.6
2024-01-05 16:30:00,VIN-A2250,85.5,69.9,"10.0452,105.7469",78.4
2024-01-05 16:33:00,VIN-A2251,73.2,12.1,"16.0544,108.2022",92.7
2024-01-05 16:36:00,VIN-A2252,119.3,14.3,"10.8231,106.6297",75.7
2024-01-05 16:39:00,VIN-A2253,104.5,57.0,"21.0285,105.8542",90.0
2024-01-05 16:42:00,VIN-A2254,54.6,21.1,"12.2388,109.1967",76.5
2024-01-05 16:45:00,VIN-A2255,33.6,39.5,"21.0285,105.8542",72.8
2024-01-05 16:48:00,VIN-A2256,85.3,48.8,"10.9460,108.4419",109.1
2024-01-05 16:51:00,VIN-A2257,91.6,47.0,"16.0544,108.2022",107.6
2024-01-05 16:54:00,VIN-A2258,116.6,51.4,"11.9404,108.4583",104.4
2024-01-05 16:57:00,VIN-A2259,48.1,86.4,"16.0544,108.2022",87.6
2024-01-05 17:00:00,VIN-A2260,61.5,64.3,"11.9404,108.4583",84.9
2024-01-05 17:03:00,VIN-A2261,81.9,53.1,"12.2388,109.1967",105.1
2024-01-05 17:06:00,VIN-A2262,118.9,9.1,"10.8231,106.6297",99.6
2024-01-05 17:09:00,VIN-A2263,29.4,83.0,"10.8231,106.6297",76.2
2024-01-05 17:12:00,VIN-A2264,12.6,40.7,"20.8449,106.6881",104.2
2024-01-05 17:15:00,VIN-A2265,26.8,88.0,"21.0285,105.8542",84.0
2024-01-05 17:18:00,VIN-A2266,56.2,55.8,"10.9460,108.4419",74.4
2024-01-05 17:21:00,VIN-A2267,21.6,15.3,"20.8449,106.6881",100.7
2024-01-05 17:24:00,VIN-A2268,23.9,36.2,"11.9404,108.4583",83.7
2024-01-05 17:27:00,VIN-A2269,72.5,25.2,"10.9460,108.4419",74.6
2024-01-05 17:30:00,VIN-A2270,54.5,56.8,"10.9460,108.4419",75.8
2024-01-05 17:33:00,VIN-A2271,25.6,59.0,"20.8449,106.6881",72.5
2024-01-05 17:36:00,VIN-A2272,97.0,80.0,"10.9460,108.4419",78.5
2024-01-05 17:39:00,VIN-A2273,25.4,7.2,"20.8449,106.6881",80.8
2024-01-05 17:42:00,VIN-A2274,76.3,12.9,"21.0285,105.8542",81.0
2024-01-05 17:45:00,VIN-A2275,9.8,88.0,"10.9460,108.4419",104.9
2024-01-05 17:48:00,VIN-A2276,63.0,68.6,"12.2388,109.1967",77.4
2024-01-05 17:51:00,VIN-A2277,6.4,90.0,"20.8449,106.6881",83.7
2024-01-05 17:54:00,VIN-A2278,90.4,20.6,"11.9404,108.4583",107.7
2024-01-05 17:57:00,VIN-A2279,57.8,55.9,"16.0544,108.2022",108.6
2024-01-05 18:00:00,VIN-A2280,52.4,91.7,"20.8449,106.6881",102.9
2024-01-05 18:03:00,VIN-A2281,67.3,89.9,"10.0452,105.7469",73.1
2024-01-05 18:06:00,VIN-A2282,80.2,63.6,"11.9404,108.4583",96.6
2024-01-05 18:09:00,VIN-A2283,98.8,74.8,"11.9404,108.4583",70.6
2024-01-05 18:12:00,VIN-A2284,107.6,93.7,"10.9460,108.4419",104.6
2024-01-05 18:15:00,VIN-A2285,13.6,97.1,"20.8449,106.6881",80.5
2024-01-05 18:18:00,VIN-A2286,86.7,98.9,"16.0544,108.2022",95.4
2024-01-05 18:21:00,VIN-A2287,76.7,59.9,"10.8231,106.6297",78.7
2024-01-05 18:24:00,VIN-A2288,117.5,44.9,"16.0544,108.2022",94.0
2024-01-05 18:27:00,VIN-A2289,25.9,24.9,"10.0452,105.7469",108.9
2024-01-05 18:30:00,VIN-A2290,69.2,6.4,"11.9404,108.4583",70.6
2024-01-05 18:33:00,VIN-A2291,107.6,52.7,"21.0285,105.8542",98.0
2024-01-05 18:36:00,VIN-A2292,77.9,48.3,"20.8449,106.6881",84.1
2024-01-05 18:39:00,VIN-A2293,99.4,45.5,"11.9404,108.4583",74.5
2024-01-05 18:42:00,VIN-A2294,21.1,45.7,"16.0544,108.2022",92.1
2024-01-05 18:45:00,VIN-A2295,19.5,46.4,"12.2388,109.1967",103.8
2024-01-05 18:48:00,VIN-A2296,82.6,46.6,"12.2388,109.1967",98.1
2024-01-05 18:51:00,VIN-A2297,112.5,91.1,"21.0285,105.8542",109.8
2024-01-05 18:54:00,VIN-A2298,96.7,14.9,"10.8231,106.6297",94.7
2024-01-05 18:57:00,VIN-A2299,49.4,52.2,"21.0285,105.8542",95.3
2024-01-05 19:00:00,VIN-A2300,60.4,81.6,"12.2388,109.1967",104.1
2024-01-05 19:03:00,VIN-A2301,25.4,78.8,"20.8449,106.6881",74.6
2024-01-05 19:06:00,VIN-A2302,102.8,95.3,"11.9404,108.4583",108.7
2024-01-05 19:09:00,VIN-A2303,109.7,44.2,"20.8449,106.6881",70.3
2024-01-05 19:12:00,VIN-A2304,45.0,26.3,"12.2388,109.1967",80.7
2024-01-05 19:15:00,VIN-A2305,79.0,34.2,"20.8449,106.6881",96.9
2024-01-05 19:18:00,VIN-A2306,0.5,91.4,"10.8231,106.6297",70.6
2024-01-05 19:21:00,VIN-A2307,18.4,40.6,"11.9404,108.4583",83.4
2024-01-05 19:24:00,VIN-A2308,115.1,99.3,"10.0452,105.7469",92.2
2024-01-05 19:27:00,VIN-A2309,47.0,63.5,"20.8449,106.6881",103.1
2024-01-05 19:30:00,VIN-A2310,96.2,59.9,"16.0544,108.2022",107.6
2024-01-05 19:33:00,VIN-A2311,46.8,74.2,"20.8449,106.6881",106.2
2024-01-05 19:36:00,VIN-A2312,62.1,46.6,"21.0285,105.8542",98.4
2024-01-05 19:39:00,VIN-A2313,15.2,16.2,"20.8449,106.6881",103.7
2024-01-05 19:42:00,VIN-A2314,75.3,29.7,"16.0544,108.2022",107.9
2024-01-05 19:45:00,VIN-A2315,24.5,13.9,"20.8449,106.6881",70.5
2024-01-05 19:48:00,VIN-A2316,92.4,19.5,"21.0285,105.8542",92.9
2024-01-05 19:51:00,VIN-A2317,3.0,74.7,"10.9460,108.4419",95.4
2024-01-05 19:54:00,VIN-A2318,93.3,22.7,"10.0452,105.7469",81.9
2024-01-05 19:57:00,VIN-A2319,64.3,28.3,"20.8449,106.6881",100.8
2024-01-05 20:00:00,VIN-A2320,79.1,31.1,"16.0544,108.2022",95.1
2024-01-05 20:03:00,VIN-A2321,76.6,60.0,"21.0285,105.8542",74.4
2024-01-05 20:06:00,VIN-A2322,111.3,16.7,"16.0544,108.2022",81.3
2024-01-05 20:09:00,VIN-A2323,107.4,13.8,"10.9460,108.4419",103.8
2024-01-05 20:12:00,VIN-A2324,109.5,24.8,"21.0285,105.8542",89.6
2024-01-05 20:15:00,VIN-A2325,2.6,12.0,"21.0285,105.8542",78.4
2024-01-05 20:18:00,VIN-A2326,50.4,89.5,"10.9460,108.4419",102.3
2024-01-05 20:21:00,VIN-A2327,21.6,6.0,"16.0544,108.2022",96.4
2024-01-05 20:24:00,VIN-A2328,75.7,86.2,"21.0285,105.8542",109.0
2024-01-05 20:27:00,VIN-A2329,119.2,51.0,"10.8231,106.6297",76.3
2024-01-05 20:30:00,VIN-A2330,89.0,93.0,"10.0452,105.7469",94.2
2024-01-05 20:33:00,VIN-A2331,64.3,54.2,"16.0544,108.2022",78.7
2024-01-05 20:36:00,VIN-A2332,43.8,90.4,"10.8231,106.6297",83.1
2024-01-05 20:39:00,VIN-A2333,26.4,74.1,"16.0544,108.2022",80.7
2024-01-05 20:42:00,VIN-A2334,57.8,95.6,"11.9404,108.4583",98.3
2024-01-05 20:45:00,VIN-A2335,78.2,49.4,"10.9460,108.4419",87.4
2024-01-05 20:48:00,VIN-A2336,113.6,92.6,"12.2388,109.1967",76.9
2024-01-05 20:51:00,VIN-A2337,82.4,89.3,"12.2388,109.1967",108.5
2024-01-05 20:54:00,VIN-A2338,12.3,80.3,"12.2388,109.1967",76.6
2024-01-05 20:57:00,VIN-A2339,24.7,73.6,"20.8449,106.6881",105.3
2024-01-05 21:00:00,VIN-A2340,50.8,76.0,"11.9404,108.4583",94.9
2024-01-05 21:03:00,VIN-A2341,72.9,45.8,"11.9404,108.4583",85.0
2024-01-05 21:06:00,VIN-A2342,75.9,11.1,"16.0544,108.2022",105.6
2024-01-05 21:09:00,VIN-A2343,115.0,29.0,"20.8449,106.6881",81.7
2024-01-05 21:12:00,VIN-A2344,99.2,66.3,"11.9404,108.4583",85.9
2024-01-05 21:15:00,VIN-A2345,13.8,81.9,"20.8449,106.6881",101.6
2024-01-05 21:18:00,VIN-A2346,42.9,11.9,"11.9404,108.4583",84.9
2024-01-05 21:21:00,VIN-A2347,93.5,16.6,"11.9404,108.4583",97.5
2024-01-05 21:24:00,VIN-A2348,86.0,25.3,"11.9404,108.4583",105.9
2024-01-05 21:27:00,VIN-A2349,67.4,41.6,"10.0452,105.7469",91.1
2024-01-05 21:30:00,VIN-A2350,12.4,31.4,"21.0285,105.8542",93.0
2024-01-05 21:33:00,VIN-A2351,77.6,69.8,"20.8449,106.6881",82.7
2024-01-05 21:36:00,VIN-A2352,38.4,23.7,"10.9460,108.4419",89.9
2024-01-05 21:39:00,VIN-A2353,118.8,45.0,"21.0285,105.8542",88.1
2024-01-05 21:42:00,VIN-A2354,72.2,61.2,"10.0452,105.7469",93.1
2024-01-05 21:45:00,VIN-A2355,34.2,66.1,"10.8231,106.6297",106.5
2024-01-05 21:48:00,VIN-A2356,34.1,85.0,"20.8449,106.6881",71.5
2024-01-05 21:51:00,VIN-A2357,64.0,55.1,"11.9404,108.4583",95.8
2024-01-05 21:54:00,VIN-A2358,8.3,14.0,"20.8449,106.6881",98.9
2024-01-05 21:57:00,VIN-A2359,33.0,76.6,"20.8449,106.6881",73.2
2024-01-05 22:00:00,VIN-A2360,93.0,51.9,"10.8231,106.6297",85.7
2024-01-05 22:03:00,VIN-A2361,83.6,48.2,"21.0285,105.8542",103.7
2024-01-05 22:06:00,VIN-A2362,112.5,14.8,"10.0452,105.7469",71.9
2024-01-05 22:09:00,VIN-A2363,1.2,15.0,"11.9404,108.4583",104.5
2024-01-05 22:12:00,VIN-A2364,86.9,26.5,"21.0285,105.8542",77.6
2024-01-05 22:15:00,VIN-A2365,108.3,40.0,"10.8231,106.6297",107.4
2024-01-05 22:18:00,VIN-A2366,104.2,29.7,"10.8231,106.6297",74.4
2024-01-05 22:21:00,VIN-A2367,113.7,12.1,"11.9404,108.4583",97.5
2024-01-05 22:24:00,VIN-A2368,95.0,41.1,"16.0544,108.2022",107.0
2024-01-05 22:27:00,VIN-A2369,70.0,16.4,"11.9404,108.4583",104.5
2024-01-05 22:30:00,VIN-A2370,90.4,89.3,"20.8449,106.6881",95.5
2024-01-05 22:33:00,VIN-A2371,80.2,54.6,"10.0452,105.7469",93.1
2024-01-05 22:36:00,VIN-A2372,79.4,97.8,"11.9404,108.4583",100.9
2024-01-05 22:39:00,VIN-A2373,57.9,13.7,"12.2388,109.1967",98.5
2024-01-05 22:42:00,VIN-A2374,42.4,84.4,"10.0452,105.7469",96.4
2024-01-05 22:45:00,VIN-A2375,88.2,24.6,"21.0285,105.8542",73.0
2024-01-05 22:48:00,VIN-A2376,59.4,25.2,"10.0452,105.7469",88.7
2024-01-05 22:51:00,VIN-A2377,46.2,51.3,"11.9404,108.4583",78.3
2024-01-05 22:54:00,VIN-A2378,70.9,55.1,"11.9404,108.4583",100.4
2024-01-05 22:57:00,VIN-A2379,37.4,48.1,"16.0544,108.2022",103.9
2024-01-05 23:00:00,VIN-A2380,12.7,17.4,"11.9404,108.4583",85.4
2024-01-05 23:03:00,VIN-A2381,54.3,63.9,"10.0452,105.7469",101.2
2024-01-05 23:06:00,VIN-A2382,22.6,31.4,"16.0544,108.2022",97.5
2024-01-05 23:09:00,VIN-A2383,114.2,59.8,"21.0285,105.8542",75.9
2024-01-05 23:12:00,VIN-A2384,105.1,75.8,"10.0452,105.7469",70.7
2024-01-05 23:15:00,VIN-A2385,55.3,30.3,"10.9460,108.4419",96.5
2024-01-05 23:18:00,VIN-A2386,54.3,30.2,"21.0285,105.8542",84.2
2024-01-05 23:21:00,VIN-A2387,25.4,42.7,"20.8449,106.6881",90.3
2024-01-05 23:24:00,VIN-A2388,6.4,30.9,"21.0285,105.8542",72.0
2024-01-05 23:27:00,VIN-A2389,45.9,93.2,"10.0452,105.7469",81.8
2024-01-05 23:30:00,VIN-A2390,48.3,61.4,"10.9460,108.4419",90.7
2024-01-05 23:33:00,VIN-A2391,13.1,9.7,"10.0452,105.7469",108.4
2024-01-05 23:36:00,VIN-A2392,26.3,10.0,"10.8231,106.6297",93.0
2024-01-05 23:39:00,VIN-A2393,28.7,55.6,"12.2388,109.1967",79.1
2024-01-05 23:42:00,VIN-A2394,74.4,73.0,"20.8449,106.6881",85.7
2024-01-05 23:45:00,VIN-A2395,26.4,83.3,"12.2388,109.1967",89.8
2024-01-05 23:48:00,VIN-A2396,20.5,24.3,"12.2388,109.1967",98.2
2024-01-05 23:51:00,VIN-A2397,34.6,5.3,"16.0544,108.2022",90.1
2024-01-05 23:54:00,VIN-A2398,84.1,50.3,"12.2388,109.1967",104.1
2024-01-05 23:57:00,VIN-A2399,82.6,21.2,"21.0285,105.8542",76.7
2024-01-06 00:00:00,VIN-A2400,39.9,48.2,"10.8231,106.6297",96.6
2024-01-06 00:03:00,VIN-A2401,51.4,7.0,"12.2388,109.1967",105.3
2024-01-06 00:06:00,VIN-A2402,20.5,77.2,"10.8231,106.6297",93.8
2024-01-06 00:09:00,VIN-A2403,116.3,60.4,"10.9460,108.4419",104.9
2024-01-06 00:12:00,VIN-A2404,56.7,9.3,"10.8231,106.6297",92.7
2024-01-06 00:15:00,VIN-A2405,118.8,84.4,"16.0544,108.2022",100.2
2024-01-06 00:18:00,VIN-A2406,93.0,14.5,"11.9404,108.4583",88.1
2024-01-06 00:21:00,VIN-A2407,88.2,99.0,"12.2388,109.1967",96.5
2024-01-06 00:24:00,VIN-A2408,30.4,48.6,"11.9404,108.4583",82.0
2024-01-06 00:27:00,VIN-A2409,40.0,54.2,"10.9460,108.4419",74.5
2024-01-06 00:30:00,VIN-A2410,82.3,74.2,"10.8231,106.6297",75.9
2024-01-06 00:33:00,VIN-A2411,49.2,25.9,"16.0544,108.2022",84.3
2024-01-06 00:36:00,VIN-A2412,3.7,59.9,"20.8449,106.6881",84.4
2024-01-06 00:39:00,VIN-A2413,89.3,23.4,"20.8449,106.6881",95.5
2024-01-06 00:42:00,VIN-A2414,115.9,88.3,"10.9460,108.4419",109.5
2024-01-06 00:45:00,VIN-A2415,105.1,21.6,"11.9404,108.4583",105.5
2024-01-06 00:48:00,VIN-A2416,46.9,44.6,"12.2388,109.1967",82.4
2024-01-06 00:51:00,VIN-A2417,4.9,54.4,"11.9404,108.4583",103.4
2024-01-06 00:54:00,VIN-A2418,14.8,80.6,"11.9404,108.4583",81.5
2024-01-06 00:57:00,VIN-A2419,116.3,52.4,"16.0544,108.2022",88.7
2024-01-06 01:00:00,VIN-A2420,18.0,96.8,"16.0544,108.2022",82.1
2024-01-06 01:03:00,VIN-A2421,34.6,81.0,"10.8231,106.6297",88.2
2024-01-06 01:06:00,VIN-A2422,26.1,83.4,"21.0285,105.8542",72.1
2024-01-06 01:09:00,VIN-A2423,36.7,45.9,"10.8231,106.6297",72.0
2024-01-06 01:12:00,VIN-A2424,16.5,88.5,"16.0544,108.2022",108.1
2024-01-06 01:15:00,VIN-A2425,85.6,18.6,"10.0452,105.7469",87.3
2024-01-06 01:18:00,VIN-A2426,110.2,32.6,"10.8231,106.6297",88.9
2024-01-06 01:21:00,VIN-A2427,42.6,82.1,"20.8449,106.6881",86.9
2024-01-06 01:24:00,VIN-A2428,116.0,14.3,"12.2388,109.1967",106.8
2024-01-06 01:27:00,VIN-A2429,71.6,21.5,"20.8449,106.6881",97.2
2024-01-06 01:30:00,VIN-A2430,38.7,59.9,"10.0452,105.7469",80.0
2024-01-06 01:33:00,VIN-A2431,50.0,24.0,"12.2388,109.1967",73.4
2024-01-06 01:36:00,VIN-A2432,68.0,64.7,"16.0544,108.2022",85.0
2024-01-06 01:39:00,VIN-A2433,105.1,46.5,"16.0544,108.2022",91.1
2024-01-06 01:42:00,VIN-A2434,83.3,52.9,"11.9404,108.4583",88.7
2024-01-06 01:45:00,VIN-A2435,51.3,44.9,"20.8449,106.6881",88.5
2024-01-06 01:48:00,VIN-A2436,109.5,7.5,"20.8449,106.6881",73.5
2024-01-06 01:51:00,VIN-A2437,16.9,91.2,"10.0452,105.7469",93.2
2024-01-06 01:54:00,VIN-A2438,44.8,64.0,"12.2388,109.1967",72.1
2024-01-06 01:57:00,VIN-A2439,101.4,17.0,"10.8231,106.6297",88.5
2024-01-06 02:00:00,VIN-A2440,91.6,54.2,"10.8231,106.6297",73.4
2024-01-06 02:03:00,VIN-A2441,32.4,98.7,"21.0285,105.8542",83.3
2024-01-06 02:06:00,VIN-A2442,11.7,32.6,"10.9460,108.4419",97.6
2024-01-06 02:09:00,VIN-A2443,103.7,16.5,"10.8231,106.6297",98.1
2024-01-06 02:12:00,VIN-A2444,62.0,58.4,"10.9460,108.4419",75.5
2024-01-06 02:15:00,VIN-A2445,107.4,65.8,"16.0544,108.2022",82.0
2024-01-06 02:18:00,VIN-A2446,37.3,99.0,"10.8231,106.6297",102.2
2024-01-06 02:21:00,VIN-A2447,74.8,24.1,"21.0285,105.8542",70.0
2024-01-06 02:24:00,VIN-A2448,72.5,16.5,"21.0285,105.8542",79.9
2024-01-06 02:27:00,VIN-A2449,12.4,7.3,"10.9460,108.4419",85.6
2024-01-06 02:30:00,VIN-A2450,111.1,33.5,"10.9460,108.4419",109.3
2024-01-06 02:33:00,VIN-A2451,98.4,85.0,"12.2388,109.1967",102.9
2024-01-06 02:36:00,VIN-A2452,81.8,86.6,"21.0285,105.8542",87.3
2024-01-06 02:39:00,VIN-A2453,76.3,22.6,"10.0452,105.7469",76.8
2024-01-06 02:42:00,VIN-A2454,89.0,56.9,"10.9460,108.4419",89.2
2024-01-06 02:45:00,VIN-A2455,34.7,14.5,"10.9460,108.4419",84.7
2024-01-06 02:48:00,VIN-A2456,33.0,41.7,"21.0285,105.8542",88.6
2024-01-06 02:51:00,VIN-A2457,97.6,19.1,"12.2388,109.1967",88.3
2024-01-06 02:54:00,VIN-A2458,67.7,6.0,"12.2388,109.1967",71.4
2024-01-06 02:57:00,VIN-A2459,78.1,67.4,"10.9460,108.4419",71.7
2024-01-06 03:00:00,VIN-A2460,108.8,96.5,"10.9460,108.4419",105.3
2024-01-06 03:03:00,VIN-A2461,55.0,5.9,"16.0544,108.2022",84.3
2024-01-06 03:06:00,VIN-A2462,102.7,52.8,"11.9404,108.4583",106.1
2024-01-06 03:09:00,VIN-A2463,63.0,53.7,"16.0544,108.2022",96.2
2024-01-06 03:12:00,VIN-A2464,42.2,73.3,"11.9404,108.4583",88.4
2024-01-06 03:15:00,VIN-A2465,103.0,18.3,"12.2388,109.1967",106.9
2024-01-06 03:18:00,VIN-A2466,8.2,84.7,"10.9460,108.4419",85.1
2024-01-06 03:21:00,VIN-A2467,56.6,67.6,"12.2388,109.1967",75.2
2024-01-06 03:24:00,VIN-A2468,38.9,95.7,"11.9404,108.4583",93.4
2024-01-06 03:27:00,VIN-A2469,99.6,11.4,"10.8231,106.6297",104.1
2024-01-06 03:30:00,VIN-A2470,19.1,14.2,"21.0285,105.8542",90.0
2024-01-06 03:33:00,VIN-A2471,81.5,35.7,"10.0452,105.7469",109.3
2024-01-06 03:36:00,VIN-A2472,97.0,74.6,"10.0452,105.7469",74.2
2024-01-06 03:39:00,VIN-A2473,105.7,74.2,"20.8449,106.6881",100.2
2024-01-06 03:42:00,VIN-A2474,50.4,11.1,"12.2388,109.1967",74.6
2024-01-06 03:45:00,VIN-A2475,101.6,11.9,"11.9404,108.4583",94.3
2024-01-06 03:48:00,VIN-A2476,100.9,92.7,"11.9404,108.4583",74.3
2024-01-06 03:51:00,VIN-A2477,53.9,17.7,"10.0452,105.7469",77.8
2024-01-06 03:54:00,VIN-A2478,58.9,69.5,"10.0452,105.7469",78.0
2024-01-06 03:57:00,VIN-A2479,19.5,82.3,"10.0452,105.7469",73.4
2024-01-06 04:00:00,VIN-A2480,2.9,96.2,"21.0285,105.8542",78.1
2024-01-06 04:03:00,VIN-A2481,97.2,89.9,"11.9404,108.4583",101.0
2024-01-06 04:06:00,VIN-A2482,68.2,87.1,"11.9404,108.4583",77.4
2024-01-06 04:09:00,VIN-A2483,87.6,91.5,"10.9460,108.4419",77.6
2024-01-06 04:12:00,VIN-A2484,24.9,83.6,"11.9404,108.4583",84.3
2024-01-06 04:15:00,VIN-A2485,108.0,86.1,"21.0285,105.8542",87.6
2024-01-06 04:18:00,VIN-A2486,75.1,88.0,"21.0285,105.8542",75.1
2024-01-06 04:21:00,VIN-A2487,62.1,14.6,"10.9460,108.4419",79.2
2024-01-06 04:24:00,VIN-A2488,72.2,36.4,"10.0452,105.7469",102.9
2024-01-06 04:27:00,VIN-A2489,34.8,83.7,"20.8449,106.6881",98.1
2024-01-06 04:30:00,VIN-A2490,8.2,87.8,"12.2388,109.1967",73.0
2024-01-06 04:33:00,VIN-A2491,69.0,86.1,"12.2388,109.1967",86.0
2024-01-06 04:36:00,VIN-A2492,6.8,71.3,"21.0285,105.8542",93.3
2024-01-06 04:39:00,VIN-A2493,112.4,98.6,"10.8231,106.6297",71.3
2024-01-06 04:42:00,VIN-A2494,50.6,24.0,"10.8231,106.6297",75.6
2024-01-06 04:45:00,VIN-A2495,65.7,74.7,"10.8231,106.6297",79.4
2024-01-06 04:48:00,VIN-A2496,8.7,95.1,"10.8231,106.6297",83.8
2024-01-06 04:51:00,VIN-A2497,8.5,44.5,"21.0285,105.8542",105.5
2024-01-06 04:54:00,VIN-A2498,57.5,17.3,"10.8231,106.6297",74.2
2024-01-06 04:57:00,VIN-A2499,59.6,26.4,"11.9404,108.4583",87.3
2024-01-06 05:00:00,VIN-A2500,36.4,85.7,"10.0452,105.7469",70.9
2024-01-06 05:03:00,VIN-B0001,6.6,78.5,"10.0452,105.7469",91.4
2024-01-06 05:06:00,VIN-B0002,103.2,69.8,"10.8231,106.6297",92.1
2024-01-06 05:09:00,VIN-B0003,6.3,77.7,"16.0544,108.2022",87.2
2024-01-06 05:12:00,VIN-B0004,51.2,18.1,"10.9460,108.4419",74.7
2024-01-06 05:15:00,VIN-B0005,73.9,90.8,"11.9404,108.4583",77.7
2024-01-06 05:18:00,VIN-B0006,52.4,10.5,"10.0452,105.7469",73.7
2024-01-06 05:21:00,VIN-B0007,1.2,44.2,"10.8231,106.6297",109.6
2024-01-06 05:24:00,VIN-B0008,1.8,73.4,"10.8231,106.6297",73.1
2024-01-06 05:27:00,VIN-B0009,15.2,22.2,"10.8231,106.6297",82.6
2024-01-06 05:30:00,VIN-B0010,72.3,89.6,"12.2388,109.1967",75.2
2024-01-06 05:33:00,VIN-B0011,47.7,67.5,"21.0285,105.8542",73.1
2024-01-06 05:36:00,VIN-B0012,112.6,24.6,"11.9404,108.4583",105.9
2024-01-06 05:39:00,VIN-B0013,103.1,47.1,"12.2388,109.1967",107.7
2024-01-06 05:42:00,VIN-B0014,93.6,32.8,"10.0452,105.7469",91.1
2024-01-06 05:45:00,VIN-B0015,32.1,71.3,"21.0285,105.8542",72.2
2024-01-06 05:48:00,VIN-B0016,108.1,72.0,"10.9460,108.4419",81.2
2024-01-06 05:51:00,VIN-B0017,24.4,18.0,"10.0452,105.7469",82.2
2024-01-06 05:54:00,VIN-B0018,66.4,16.7,"16.0544,108.2022",71.4
2024-01-06 05:57:00,VIN-B0019,28.2,46.8,"10.9460,108.4419",108.1
2024-01-06 06:00:00,VIN-B0020,2.6,84.5,"12.2388,109.1967",81.1
2024-01-06 06:03:00,VIN-B0021,46.1,83.6,"21.0285,105.8542",72.4
2024-01-06 06:06:00,VIN-B0022,102.5,41.5,"10.8231,106.6297",104.5
2024-01-06 06:09:00,VIN-B0023,46.2,9.2,"10.0452,105.7469",85.2
2024-01-06 06:12:00,VIN-B0024,79.2,55.6,"12.2388,109.1967",71.3
2024-01-06 06:15:00,VIN-B0025,91.6,94.0,"11.9404,108.4583",106.9
2024-01-06 06:18:00,VIN-B0026,108.9,82.0,"10.0452,105.7469",100.3
2024-01-06 06:21:00,VIN-B0027,40.9,83.8,"20.8449,106.6881",104.6
2024-01-06 06:24:00,VIN-B0028,93.9,93.2,"10.8231,106.6297",102.3
2024-01-06 06:27:00,VIN-B0029,66.4,95.5,"12.2388,109.1967",104.3
2024-01-06 06:30:00,VIN-B0030,112.6,49.0,"12.2388,109.1967",76.5
2024-01-06 06:33:00,VIN-B0031,45.8,75.8,"10.0452,105.7469",75.3
2024-01-06 06:36:00,VIN-B0032,1.8,81.0,"12.2388,109.1967",73.4
2024-01-06 06:39:00,VIN-B0033,30.0,56.6,"11.9404,108.4583",92.8
2024-01-06 06:42:00,VIN-B0034,4.6,31.1,"12.2388,109.1967",96.4
2024-01-06 06:45:00,VIN-B0035,93.9,82.0,"10.8231,106.6297",75.0
2024-01-06 06:48:00,VIN-B0036,68.2,35.5,"12.2388,109.1967",103.9
2024-01-06 06:51:00,VIN-B0037,53.3,6.6,"10.8231,106.6297",88.7
2024-01-06 06:54:00,VIN-B0038,115.9,50.6,"10.0452,105.7469",86.3
2024-01-06 06:57:00,VIN-B0039,69.5,12.6,"11.9404,108.4583",108.1
2024-01-06 07:00:00,VIN-B0040,52.9,29.5,"12.2388,109.1967",80.4
2024-01-06 07:03:00,VIN-B0041,59.4,26.6,"16.0544,108.2022",75.9
2024-01-06 07:06:00,VIN-B0042,74.2,9.7,"21.0285,105.8542",96.2
2024-01-06 07:09:00,VIN-B0043,22.1,53.1,"10.9460,108.4419",93.2
2024-01-06 07:12:00,VIN-B0044,5.0,73.1,"10.8231,106.6297",108.1
2024-01-06 07:15:00,VIN-B0045,119.0,97.7,"10.8231,106.6297",97.1
2024-01-06 07:18:00,VIN-B0046,102.9,38.6,"10.8231,106.6297",94.0
2024-01-06 07:21:00,VIN-B0047,42.0,12.4,"10.9460,108.4419",74.5
2024-01-06 07:24:00,VIN-B0048,9.3,24.4,"11.9404,108.4583",103.2
2024-01-06 07:27:00,VIN-B0049,81.7,11.8,"20.8449,106.6881",105.0
2024-01-06 07:30:00,VIN-B0050,17.2,36.0,"11.9404,108.4583",83.4
2024-01-06 07:33:00,VIN-B0051,49.0,66.9,"10.9460,108.4419",107.7
2024-01-06 07:36:00,VIN-B0052,35.3,8.0,"11.9404,108.4583",71.8
2024-01-06 07:39:00,VIN-B0053,111.6,91.6,"10.8231,106.6297",74.2
2024-01-06 07:42:00,VIN-B0054,25.4,34.7,"11.9404,108.4583",107.6
2024-01-06 07:45:00,VIN-B0055,45.5,60.4,"16.0544,108.2022",85.2
2024-01-06 07:48:00,VIN-B0056,119.7,12.5,"21.0285,105.8542",108.3
2024-01-06 07:51:00,VIN-B0057,119.1,58.7,"20.8449,106.6881",91.6
2024-01-06 07:54:00,VIN-B0058,14.5,88.5,"10.8231,106.6297",94.3
2024-01-06 07:57:00,VIN-B0059,79.1,54.4,"11.9404,108.4583",80.8
2024-01-06 08:00:00,VIN-B0060,100.3,32.8,"10.0452,105.7469",83.1
2024-01-06 08:03:00,VIN-B0061,95.9,97.9,"10.0452,105.7469",88.2
2024-01-06 08:06:00,VIN-B0062,89.8,16.0,"10.0452,105.7469",87.8
2024-01-06 08:09:00,VIN-B0063,114.9,43.9,"21.0285,105.8542",84.1
2024-01-06 08:12:00,VIN-B0064,60.7,91.9,"10.9460,108.4419",94.2
2024-01-06 08:15:00,VIN-B0065,53.9,44.8,"16.0544,108.2022",107.0
2024-01-06 08:18:00,VIN-B0066,29.4,91.4,"16.0544,108.2022",94.2
2024-01-06 08:21:00,VIN-B0067,95.5,37.4,"21.0285,105.8542",73.3
2024-01-06 08:24:00,VIN-B0068,50.5,98.4,"10.9460,108.4419",95.3
2024-01-06 08:27:00,VIN-B0069,92.7,90.5,"10.9460,108.4419",70.6
2024-01-06 08:30:00,VIN-B0070,14.5,30.0,"10.9460,108.4419",99.7
2024-01-06 08:33:00,VIN-B0071,15.2,8.2,"20.8449,106.6881",71.0
2024-01-06 08:36:00,VIN-B0072,20.0,11.9,"20.8449,106.6881",106.2
2024-01-06 08:39:00,VIN-B0073,42.5,43.2,"10.0452,105.7469",98.5
2024-01-06 08:42:00,VIN-B0074,14.3,90.3,"11.9404,108.4583",93.7
2024-01-06 08:45:00,VIN-B0075,74.0,99.4,"10.8231,106.6297",73.0
2024-01-06 08:48:00,VIN-B0076,110.5,95.2,"20.8449,106.6881",95.2
2024-01-06 08:51:00,VIN-B0077,88.9,46.4,"10.9460,108.4419",98.0
2024-01-06 08:54:00,VIN-B0078,88.0,73.8,"21.0285,105.8542",76.1
2024-01-06 08:57:00,VIN-B0079,0.9,61.3,"10.9460,108.4419",85.2
2024-01-06 09:00:00,VIN-B0080,52.6,53.3,"12.2388,109.1967",107.8
2024-01-06 09:03:00,VIN-B0081,11.6,33.2,"11.9404,108.4583",71.9
2024-01-06 09:06:00,VIN-B0082,62.1,54.9,"20.8449,106.6881",81.4
2024-01-06 09:09:00,VIN-B0083,46.1,76.9,"16.0544,108.2022",71.7
2024-01-06 09:12:00,VIN-B0084,113.4,88.8,"10.0452,105.7469",87.2
2024-01-06 09:15:00,VIN-B0085,33.4,88.6,"11.9404,108.4583",74.0
2024-01-06 09:18:00,VIN-B0086,34.2,16.3,"12.2388,109.1967",89.5
2024-01-06 09:21:00,VIN-B0087,26.8,21.1,"12.2388,109.1967",109.6
2024-01-06 09:24:00,VIN-B0088,90.4,92.8,"12.2388,109.1967",75.6
2024-01-06 09:27:00,VIN-B0089,24.8,84.7,"16.0544,108.2022",71.1
2024-01-06 09:30:00,VIN-B0090,108.3,96.2,"10.0452,105.7469",70.3
2024-01-06 09:33:00,VIN-B0091,99.9,7.4,"10.0452,105.7469",81.3
2024-01-06 09:36:00,VIN-B0092,113.7,45.5,"10.9460,108.4419",90.8
2024-01-06 09:39:00,VIN-B0093,99.7,33.0,"21.0285,105.8542",98.7
2024-01-06 09:42:00,VIN-B0094,110.3,16.4,"20.8449,106.6881",89.7
2024-01-06 09:45:00,VIN-B0095,10.4,18.0,"12.2388,109.1967",99.3
2024-01-06 09:48:00,VIN-B0096,14.0,38.6,"21.0285,105.8542",99.8
2024-01-06 09:51:00,VIN-B0097,26.7,12.1,"16.0544,108.2022",90.3
2024-01-06 09:54:00,VIN-B0098,33.1,64.9,"21.0285,105.8542",98.3
2024-01-06 09:57:00,VIN-B0099,37.8,92.8,"20.8449,106.6881",74.0
2024-01-06 10:00:00,VIN-B0100,84.6,54.5,"10.0452,105.7469",103.7
2024-01-06 10:03:00,VIN-B0101,79.3,88.4,"10.8231,106.6297",108.0
2024-01-06 10:06:00,VIN-B0102,75.3,28.4,"20.8449,106.6881",104.9
2024-01-06 10:09:00,VIN-B0103,26.4,23.6,"10.9460,108.4419",76.1
2024-01-06 10:12:00,VIN-B0104,97.7,74.7,"12.2388,109.1967",75.3
2024-01-06 10:15:00,VIN-B0105,76.2,13.4,"10.0452,105.7469",70.1
2024-01-06 10:18:00,VIN-B0106,8.1,58.0,"10.0452,105.7469",98.4
2024-01-06 10:21:00,VIN-B0107,4.7,70.4,"20.8449,106.6881",95.2
2024-01-06 10:24:00,VIN-B0108,28.2,38.1,"16.0544,108.2022",105.1
2024-01-06 10:27:00,VIN-B0109,100.9,88.1,"10.9460,108.4419",89.6
2024-01-06 10:30:00,VIN-B0110,75.6,61.8,"10.9460,108.4419",81.8
2024-01-06 10:33:00,VIN-B0111,26.3,96.5,"12.2388,109.1967",86.8
2024-01-06 10:36:00,VIN-B0112,53.7,28.5,"20.8449,106.6881",74.6
2024-01-06 10:39:00,VIN-B0113,55.8,35.3,"21.0285,105.8542",83.9
2024-01-06 10:42:00,VIN-B0114,47.8,17.2,"10.9460,108.4419",103.6
2024-01-06 10:45:00,VIN-B0115,103.7,62.1,"10.0452,105.7469",71.2
2024-01-06 10:48:00,VIN-B0116,32.2,25.4,"20.8449,106.6881",72.4
2024-01-06 10:51:00,VIN-B0117,92.6,29.9,"11.9404,108.4583",86.4
2024-01-06 10:54:00,VIN-B0118,97.1,45.4,"12.2388,109.1967",106.5
2024-01-06 10:57:00,VIN-B0119,32.2,74.2,"11.9404,108.4583",95.5
2024-01-06 11:00:00,VIN-B0120,5.5,47.5,"10.0452,105.7469",92.9
2024-01-06 11:03:00,VIN-B0121,20.0,24.6,"21.0285,105.8542",107.9
2024-01-06 11:06:00,VIN-B0122,73.6,36.3,"10.8231,106.6297",108.0
2024-01-06 11:09:00,VIN-B0123,2.5,41.0,"11.9404,108.4583",106.5
2024-01-06 11:12:00,VIN-B0124,92.0,57.5,"10.8231,106.6297",90.7
2024-01-06 11:15:00,VIN-B0125,43.5,23.9,"16.0544,108.2022",103.5
2024-01-06 11:18:00,VIN-B0126,47.5,73.2,"12.2388,109.1967",102.1
2024-01-06 11:21:00,VIN-B0127,109.3,36.5,"10.0452,105.7469",92.1
2024-01-06 11:24:00,VIN-B0128,29.8,6.3,"10.8231,106.6297",100.2
2024-01-06 11:27:00,VIN-B0129,63.2,52.6,"10.9460,108.4419",71.7
2024-01-06 11:30:00,VIN-B0130,34.0,7.3,"10.0452,105.7469",71.4
2024-01-06 11:33:00,VIN-B0131,90.0,82.2,"20.8449,106.6881",96.2
2024-01-06 11:36:00,VIN-B0132,15.7,75.3,"12.2388,109.1967",104.5
2024-01-06 11:39:00,VIN-B0133,9.2,52.9,"20.8449,106.6881",70.8
2024-01-06 11:42:00,VIN-B0134,89.1,56.5,"16.0544,108.2022",73.8
2024-01-06 11:45:00,VIN-B0135,70.6,42.2,"12.2388,109.1967",101.4
2024-01-06 11:48:00,VIN-B0136,51.0,75.6,"12.2388,109.1967",81.0
2024-01-06 11:51:00,VIN-B0137,24.3,30.1,"10.9460,108.4419",85.1
2024-01-06 11:54:00,VIN-B0138,51.5,26.1,"20.8449,106.6881",92.4
2024-01-06 11:57:00,VIN-B0139,58.0,91.2,"10.0452,105.7469",85.3
2024-01-06 12:00:00,VIN-B0140,119.2,74.1,"11.9404,108.4583",100.5
2024-01-06 12:03:00,VIN-B0141,85.7,48.0,"10.8231,106.6297",85.9
2024-01-06 12:06:00,VIN-B0142,27.9,40.1,"21.0285,105.8542",95.7
2024-01-06 12:09:00,VIN-B0143,39.9,81.9,"21.0285,105.8542",73.8
2024-01-06 12:12:00,VIN-B0144,20.3,87.2,"10.9460,108.4419",93.7
2024-01-06 12:15:00,VIN-B0145,10.1,43.3,"10.9460,108.4419",90.9
2024-01-06 12:18:00,VIN-B0146,100.8,77.3,"10.8231,106.6297",100.7
2024-01-06 12:21:00,VIN-B0147,30.2,34.6,"11.9404,108.4583",103.4
2024-01-06 12:24:00,VIN-B0148,4.4,70.5,"20.8449,106.6881",104.9
2024-01-06 12:27:00,VIN-B0149,32.2,24.9,"10.9460,108.4419",91.8
2024-01-06 12:30:00,VIN-B0150,37.6,66.9,"11.9404,108.4583",88.5
2024-01-06 12:33:00,VIN-B0151,58.0,57.7,"21.0285,105.8542",106.8
2024-01-06 12:36:00,VIN-B0152,51.1,12.4,"16.0544,108.2022",100.3
2024-01-06 12:39:00,VIN-B0153,19.5,76.1,"16.0544,108.2022",77.9
2024-01-06 12:42:00,VIN-B0154,104.4,15.8,"20.8449,106.6881",89.8
2024-01-06 12:45:00,VIN-B0155,75.1,54.8,"16.0544,108.2022",100.0
2024-01-06 12:48:00,VIN-B0156,65.7,42.9,"12.2388,109.1967",74.7
2024-01-06 12:51:00,VIN-B0157,119.5,73.4,"12.2388,109.1967",90.9
2024-01-06 12:54:00,VIN-B0158,73.8,40.3,"16.0544,108.2022",75.7
2024-01-06 12:57:00,VIN-B0159,62.8,24.4,"11.9404,108.4583",90.8
2024-01-06 13:00:00,VIN-B0160,30.1,49.0,"11.9404,108.4583",107.1
2024-01-06 13:03:00,VIN-B0161,86.4,86.0,"16.0544,108.2022",76.6
2024-01-06 13:06:00,VIN-B0162,85.8,50.0,"11.9404,108.4583",86.7
2024-01-06 13:09:00,VIN-B0163,18.0,11.4,"10.8231,106.6297",82.5
2024-01-06 13:12:00,VIN-B0164,22.5,70.9,"10.9460,108.4419",83.2
2024-01-06 13:15:00,VIN-B0165,7.3,49.5,"16.0544,108.2022",72.7
2024-01-06 13:18:00,VIN-B0166,76.4,88.9,"11.9404,108.4583",95.2
2024-01-06 13:21:00,VIN-B0167,111.3,31.1,"20.8449,106.6881",93.4
2024-01-06 13:24:00,VIN-B0168,36.7,64.3,"20.8449,106.6881",107.4
2024-01-06 13:27:00,VIN-B0169,67.3,66.0,"10.0452,105.7469",73.1
2024-01-06 13:30:00,VIN-B0170,18.3,74.4,"12.2388,109.1967",77.1
2024-01-06 13:33:00,VIN-B0171,67.6,17.0,"20.8449,106.6881",83.2
2024-01-06 13:36:00,VIN-B0172,92.6,61.3,"12.2388,109.1967",108.7
2024-01-06 13:39:00,VIN-B0173,88.5,63.5,"10.9460,108.4419",78.4
2024-01-06 13:42:00,VIN-B0174,0.3,27.0,"10.0452,105.7469",73.7
2024-01-06 13:45:00,VIN-B0175,96.4,18.9,"16.0544,108.2022",89.0
2024-01-06 13:48:00,VIN-B0176,0.0,12.4,"10.8231,106.6297",75.5
2024-01-06 13:51:00,VIN-B0177,96.9,45.4,"10.9460,108.4419",83.1
2024-01-06 13:54:00,VIN-B0178,60.0,16.1,"20.8449,106.6881",85.1
2024-01-06 13:57:00,VIN-B0179,46.3,50.1,"12.2388,109.1967",103.5
2024-01-06 14:00:00,VIN-B0180,38.0,12.4,"10.0452,105.7469",108.2
2024-01-06 14:03:00,VIN-B0181,113.5,84.2,"16.0544,108.2022",103.6
2024-01-06 14:06:00,VIN-B0182,67.3,51.6,"12.2388,109.1967",97.4
2024-01-06 14:09:00,VIN-B0183,66.9,46.4,"11.9404,108.4583",77.1
2024-01-06 14:12:00,VIN-B0184,103.9,86.3,"11.9404,108.4583",99.1
2024-01-06 14:15:00,VIN-B0185,25.7,58.2,"10.0452,105.7469",85.3
2024-01-06 14:18:00,VIN-B0186,21.5,76.0,"10.8231,106.6297",77.8
2024-01-06 14:21:00,VIN-B0187,43.3,23.5,"12.2388,109.1967",83.1
2024-01-06 14:24:00,VIN-B0188,109.3,92.0,"10.8231,106.6297",94.3
2024-01-06 14:27:00,VIN-B0189,4.0,31.1,"10.9460,108.4419",85.9
2024-01-06 14:30:00,VIN-B0190,119.5,71.9,"12.2388,109.1967",95.0
2024-01-06 14:33:00,VIN-B0191,116.5,83.2,"10.9460,108.4419",109.9
2024-01-06 14:36:00,VIN-B0192,75.9,51.6,"10.9460,108.4419",100.0
2024-01-06 14:39:00,VIN-B0193,77.7,56.8,"21.0285,105.8542",71.5
2024-01-06 14:42:00,VIN-B0194,3.5,90.0,"16.0544,108.2022",98.2
2024-01-06 14:45:00,VIN-B0195,21.2,85.8,"21.0285,105.8542",86.8
2024-01-06 14:48:00,VIN-B0196,101.5,10.3,"10.8231,106.6297",82.6
2024-01-06 14:51:00,VIN-B0197,102.9,31.4,"10.0452,105.7469",96.2
2024-01-06 14:54:00,VIN-B0198,88.5,36.6,"11.9404,108.4583",105.9
2024-01-06 14:57:00,VIN-B0199,20.3,98.7,"11.9404,108.4583",90.7
2024-01-06 15:00:00,VIN-B0200,112.9,43.3,"10.8231,106.6297",72.6
2024-01-06 15:03:00,VIN-B0201,99.0,52.6,"12.2388,109.1967",73.4
2024-01-06 15:06:00,VIN-B0202,53.2,31.2,"10.0452,105.7469",97.5
2024-01-06 15:09:00,VIN-B0203,49.1,65.4,"10.8231,106.6297",82.4
2024-01-06 15:12:00,VIN-B0204,67.3,16.2,"10.9460,108.4419",92.7
2024-01-06 15:15:00,VIN-B0205,83.6,58.8,"10.9460,108.4419",73.5
2024-01-06 15:18:00,VIN-B0206,110.2,22.3,"21.0285,105.8542",77.4
2024-01-06 15:21:00,VIN-B0207,70.9,96.7,"16.0544,108.2022",101.5
2024-01-06 15:24:00,VIN-B0208,26.1,40.6,"21.0285,105.8542",105.1
2024-01-06 15:27:00,VIN-B0209,113.2,34.2,"10.0452,105.7469",99.9
2024-01-06 15:30:00,VIN-B0210,88.6,34.5,"20.8449,106.6881",98.2
2024-01-06 15:33:00,VIN-B0211,21.4,18.3,"11.9404,108.4583",86.6
2024-01-06 15:36:00,VIN-B0212,100.2,30.9,"10.0452,105.7469",77.1
2024-01-06 15:39:00,VIN-B0213,35.4,71.3,"12.2388,109.1967",73.7
2024-01-06 15:42:00,VIN-B0214,42.6,39.5,"10.9460,108.4419",103.2
2024-01-06 15:45:00,VIN-B0215,82.4,21.2,"20.8449,106.6881",76.2
2024-01-06 15:48:00,VIN-B0216,68.2,99.4,"20.8449,106.6881",83.9
2024-01-06 15:51:00,VIN-B0217,97.3,80.6,"10.0452,105.7469",83.7
2024-01-06 15:54:00,VIN-B0218,116.2,57.4,"12.2388,109.1967",73.6
2024-01-06 15:57:00,VIN-B0219,92.8,29.5,"10.9460,108.4419",80.4
2024-01-06 16:00:00,VIN-B0220,110.6,54.1,"16.0544,108.2022",89.0
2024-01-06 16:03:00,VIN-B0221,56.1,35.7,"20.8449,106.6881",96.3
2024-01-06 16:06:00,VIN-B0222,108.2,35.6,"21.0285,105.8542",95.2
2024-01-06 16:09:00,VIN-B0223,104.3,5.8,"20.8449,106.6881",89.0
2024-01-06 16:12:00,VIN-B0224,40.4,90.8,"16.0544,108.2022",106.5
2024-01-06 16:15:00,VIN-B0225,36.8,49.3,"16.0544,108.2022",100.1
2024-01-06 16:18:00,VIN-B0226,52.7,63.6,"20.8449,106.6881",99.2
2024-01-06 16:21:00,VIN-B0227,56.8,28.1,"11.9404,108.4583",94.0
2024-01-06 16:24:00,VIN-B0228,57.9,43.1,"10.8231,106.6297",108.8
2024-01-06 16:27:00,VIN-B0229,105.3,77.5,"21.0285,105.8542",86.8
2024-01-06 16:30:00,VIN-B0230,92.9,95.6,"20.8449,106.6881",93.7
2024-01-06 16:33:00,VIN-B0231,19.7,20.8,"12.2388,109.1967",105.5
2024-01-06 16:36:00,VIN-B0232,115.8,94.6,"10.0452,105.7469",108.1
2024-01-06 16:39:00,VIN-B0233,68.2,18.3,"11.9404,108.4583",101.5
2024-01-06 16:42:00,VIN-B0234,6.5,13.6,"16.0544,108.2022",102.1
2024-01-06 16:45:00,VIN-B0235,55.0,20.7,"10.8231,106.6297",96.3
2024-01-06 16:48:00,VIN-B0236,24.0,21.3,"12.2388,109.1967",73.2
2024-01-06 16:51:00,VIN-B0237,28.3,24.3,"21.0285,105.8542",99.0
2024-01-06 16:54:00,VIN-B0238,18.5,57.8,"11.9404,108.4583",70.2
2024-01-06 16:57:00,VIN-B0239,19.1,14.5,"20.8449,106.6881",98.0
2024-01-06 17:00:00,VIN-B0240,109.5,68.5,"10.9460,108.4419",98.2
2024-01-06 17:03:00,VIN-B0241,91.6,14.1,"16.0544,108.2022",82.7
2024-01-06 17:06:00,VIN-B0242,112.2,43.0,"11.9404,108.4583",105.9
2024-01-06 17:09:00,VIN-B0243,98.4,74.4,"20.8449,106.6881",93.9
2024-01-06 17:12:00,VIN-B0244,64.1,38.0,"10.8231,106.6297",78.9
2024-01-06 17:15:00,VIN-B0245,73.0,77.9,"11.9404,108.4583",84.5
2024-01-06 17:18:00,VIN-B0246,60.2,5.2,"20.8449,106.6881",106.6
2024-01-06 17:21:00,VIN-B0247,77.5,18.1,"10.0452,105.7469",71.8
2024-01-06 17:24:00,VIN-B0248,36.2,13.8,"20.8449,106.6881",96.2
2024-01-06 17:27:00,VIN-B0249,51.1,32.1,"20.8449,106.6881",97.0
2024-01-06 17:30:00,VIN-B0250,57.7,29.8,"20.8449,106.6881",77.2
2024-01-06 17:33:00,VIN-B0251,47.8,54.1,"21.0285,105.8542",88.6
2024-01-06 17:36:00,VIN-B0252,9.9,70.2,"21.0285,105.8542",96.2
2024-01-06 17:39:00,VIN-B0253,48.5,81.7,"16.0544,108.2022",82.8
2024-01-06 17:42:00,VIN-B0254,69.0,41.5,"10.9460,108.4419",70.5
2024-01-06 17:45:00,VIN-B0255,78.5,68.7,"20.8449,106.6881",100.9
2024-01-06 17:48:00,VIN-B0256,36.4,29.6,"21.0285,105.8542",94.1
2024-01-06 17:51:00,VIN-B0257,96.3,47.8,"11.9404,108.4583",101.2
2024-01-06 17:54:00,VIN-B0258,85.4,85.2,"11.9404,108.4583",74.5
2024-01-06 17:57:00,VIN-B0259,21.5,45.3,"20.8449,106.6881",104.8
2024-01-06 18:00:00,VIN-B0260,9.6,5.7,"12.2388,109.1967",77.9
2024-01-06 18:03:00,VIN-B0261,97.5,74.1,"10.9460,108.4419",87.4
2024-01-06 18:06:00,VIN-B0262,55.8,8.8,"10.9460,108.4419",88.4
2024-01-06 18:09:00,VIN-B0263,6.0,61.9,"11.9404,108.4583",80.1
2024-01-06 18:12:00,VIN-B0264,40.5,33.1,"10.8231,106.6297",91.7
2024-01-06 18:15:00,VIN-B0265,21.4,38.9,"10.8231,106.6297",87.9
2024-01-06 18:18:00,VIN-B0266,35.7,8.4,"21.0285,105.8542",84.3
2024-01-06 18:21:00,VIN-B0267,4.4,75.2,"10.0452,105.7469",77.0
2024-01-06 18:24:00,VIN-B0268,64.2,17.0,"16.0544,108.2022",95.3
2024-01-06 18:27:00,VIN-B0269,51.7,31.1,"10.9460,108.4419",97.6
2024-01-06 18:30:00,VIN-B0270,29.3,83.4,"10.9460,108.4419",71.6
2024-01-06 18:33:00,VIN-B0271,39.2,8.6,"21.0285,105.8542",85.3
2024-01-06 18:36:00,VIN-B0272,117.6,12.5,"12.2388,109.1967",86.9
2024-01-06 18:39:00,VIN-B0273,2.7,95.3,"12.2388,109.1967",98.9
2024-01-06 18:42:00,VIN-B0274,89.1,12.5,"20.8449,106.6881",108.6
2024-01-06 18:45:00,VIN-B0275,95.2,59.2,"12.2388,109.1967",94.6
2024-01-06 18:48:00,VIN-B0276,64.7,80.4,"10.8231,106.6297",85.0
2024-01-06 18:51:00,VIN-B0277,56.8,77.3,"20.8449,106.6881",81.0
2024-01-06 18:54:00,VIN-B0278,82.7,22.6,"10.8231,106.6297",94.2
2024-01-06 18:57:00,VIN-B0279,109.2,69.4,"12.2388,109.1967",70.2
2024-01-06 19:00:00,VIN-B0280,24.9,79.3,"16.0544,108.2022",81.0
2024-01-06 19:03:00,VIN-B0281,55.5,80.1,"11.9404,108.4583",73.9
2024-01-06 19:06:00,VIN-B0282,27.0,72.4,"10.0452,105.7469",72.5
2024-01-06 19:09:00,VIN-B0283,34.5,72.6,"10.9460,108.4419",93.5
2024-01-06 19:12:00,VIN-B0284,76.2,36.2,"20.8449,106.6881",89.0
2024-01-06 19:15:00,VIN-B0285,66.9,37.6,"11.9404,108.4583",83.9
2024-01-06 19:18:00,VIN-B0286,53.3,48.9,"10.9460,108.4419",78.4
2024-01-06 19:21:00,VIN-B0287,83.7,68.9,"12.2388,109.1967",86.1
2024-01-06 19:24:00,VIN-B0288,79.3,59.3,"21.0285,105.8542",95.3
2024-01-06 19:27:00,VIN-B0289,67.4,37.8,"10.0452,105.7469",99.9
2024-01-06 19:30:00,VIN-B0290,63.6,33.9,"11.9404,108.4583",88.1
2024-01-06 19:33:00,VIN-B0291,56.1,19.8,"16.0544,108.2022",95.0
2024-01-06 19:36:00,VIN-B0292,67.8,44.5,"10.8231,106.6297",100.1
2024-01-06 19:39:00,VIN-B0293,34.1,75.7,"10.0452,105.7469",85.0
2024-01-06 19:42:00,VIN-B0294,64.5,41.0,"21.0285,105.8542",73.9
2024-01-06 19:45:00,VIN-B0295,26.2,99.3,"12.2388,109.1967",77.1
2024-01-06 19:48:00,VIN-B0296,19.1,78.9,"20.8449,106.6881",92.0
2024-01-06 19:51:00,VIN-B0297,42.2,25.7,"12.2388,109.1967",82.8
2024-01-06 19:54:00,VIN-B0298,43.6,15.0,"11.9404,108.4583",90.1
2024-01-06 19:57:00,VIN-B0299,63.9,26.4,"20.8449,106.6881",89.8
2024-01-06 20:00:00,VIN-B0300,55.7,83.5,"10.9460,108.4419",76.3
2024-01-06 20:03:00,VIN-B0301,104.8,43.0,"10.8231,106.6297",91.3
2024-01-06 20:06:00,VIN-B0302,40.1,49.1,"16.0544,108.2022",97.3
2024-01-06 20:09:00,VIN-B0303,11.8,60.1,"20.8449,106.6881",109.0
2024-01-06 20:12:00,VIN-B0304,49.2,65.5,"10.0452,105.7469",75.5
2024-01-06 20:15:00,VIN-B0305,74.4,99.9,"20.8449,106.6881",107.8
2024-01-06 20:18:00,VIN-B0306,39.0,28.7,"10.9460,108.4419",97.4
2024-01-06 20:21:00,VIN-B0307,114.2,7.2,"20.8449,106.6881",92.1
2024-01-06 20:24:00,VIN-B0308,103.6,85.8,"16.0544,108.2022",88.3
2024-01-06 20:27:00,VIN-B0309,86.8,27.7,"10.9460,108.4419",107.5
2024-01-06 20:30:00,VIN-B0310,110.6,35.7,"12.2388,109.1967",72.6
2024-01-06 20:33:00,VIN-B0311,3.7,59.9,"10.9460,108.4419",79.8
2024-01-06 20:36:00,VIN-B0312,72.4,99.0,"16.0544,108.2022",108.9
2024-01-06 20:39:00,VIN-B0313,60.0,15.6,"11.9404,108.4583",104.9
2024-01-06 20:42:00,VIN-B0314,109.1,28.3,"21.0285,105.8542",70.3
2024-01-06 20:45:00,VIN-B0315,3.9,69.3,"10.9460,108.4419",104.5
2024-01-06 20:48:00,VIN-B0316,8.4,44.6,"12.2388,109.1967",105.3
2024-01-06 20:51:00,VIN-B0317,64.5,73.0,"10.8231,106.6297",87.5
2024-01-06 20:54:00,VIN-B0318,99.3,10.7,"20.8449,106.6881",103.1
2024-01-06 20:57:00,VIN-B0319,87.0,8.8,"20.8449,106.6881",98.7
2024-01-06 21:00:00,VIN-B0320,61.4,66.7,"20.8449,106.6881",101.5
2024-01-06 21:03:00,VIN-B0321,12.4,85.5,"21.0285,105.8542",98.9
2024-01-06 21:06:00,VIN-B0322,44.0,67.4,"16.0544,108.2022",106.5
2024-01-06 21:09:00,VIN-B0323,95.5,25.0,"21.0285,105.8542",83.2
2024-01-06 21:12:00,VIN-B0324,83.2,48.5,"10.9460,108.4419",100.1
2024-01-06 21:15:00,VIN-B0325,90.8,37.5,"10.9460,108.4419",83.2
2024-01-06 21:18:00,VIN-B0326,54.0,29.5,"12.2388,109.1967",93.8
2024-01-06 21:21:00,VIN-B0327,91.4,19.1,"12.2388,109.1967",71.0
2024-01-06 21:24:00,VIN-B0328,105.6,58.5,"12.2388,109.1967",82.3
2024-01-06 21:27:00,VIN-B0329,85.9,58.9,"12.2388,109.1967",89.0
2024-01-06 21:30:00,VIN-B0330,52.8,33.0,"16.0544,108.2022",75.9
2024-01-06 21:33:00,VIN-B0331,35.1,41.5,"10.0452,105.7469",71.1
2024-01-06 21:36:00,VIN-B0332,25.4,33.8,"10.8231,106.6297",80.4
2024-01-06 21:39:00,VIN-B0333,86.5,75.8,"20.8449,106.6881",89.1
2024-01-06 21:42:00,VIN-B0334,108.0,97.4,"16.0544,108.2022",93.5
2024-01-06 21:45:00,VIN-B0335,60.1,54.7,"20.8449,106.6881",104.6
2024-01-06 21:48:00,VIN-B0336,58.2,21.1,"10.9460,108.4419",77.0
2024-01-06 21:51:00,VIN-B0337,107.7,6.4,"21.0285,105.8542",83.7
2024-01-06 21:54:00,VIN-B0338,37.1,26.3,"12.2388,109.1967",94.3
2024-01-06 21:57:00,VIN-B0339,87.5,16.4,"10.0452,105.7469",84.3
2024-01-06 22:00:00,VIN-B0340,55.1,91.7,"10.8231,106.6297",103.6
2024-01-06 22:03:00,VIN-B0341,101.5,79.4,"10.0452,105.7469",99.7
2024-01-06 22:06:00,VIN-B0342,43.6,8.1,"21.0285,105.8542",108.1
2024-01-06 22:09:00,VIN-B0343,60.9,30.8,"21.0285,105.8542",108.8
2024-01-06 22:12:00,VIN-B0344,6.7,58.8,"10.0452,105.7469",79.8
2024-01-06 22:15:00,VIN-B0345,95.7,22.4,"10.0452,105.7469",79.1
2024-01-06 22:18:00,VIN-B0346,86.1,21.9,"12.2388,109.1967",92.1
2024-01-06 22:21:00,VIN-B0347,11.0,23.1,"21.0285,105.8542",106.2
2024-01-06 22:24:00,VIN-B0348,15.9,33.8,"10.0452,105.7469",79.1
2024-01-06 22:27:00,VIN-B0349,70.3,60.2,"10.9460,108.4419",73.9
2024-01-06 22:30:00,VIN-B0350,105.8,9.9,"21.0285,105.8542",77.9
2024-01-06 22:33:00,VIN-B0351,14.0,12.9,"10.0452,105.7469",74.0
2024-01-06 22:36:00,VIN-B0352,70.7,61.8,"12.2388,109.1967",92.8
2024-01-06 22:39:00,VIN-B0353,69.8,86.8,"21.0285,105.8542",98.8
2024-01-06 22:42:00,VIN-B0354,53.1,66.0,"10.9460,108.4419",109.7
2024-01-06 22:45:00,VIN-B0355,30.2,43.7,"12.2388,109.1967",89.7
2024-01-06 22:48:00,VIN-B0356,21.2,53.2,"12.2388,109.1967",108.1
2024-01-06 22:51:00,VIN-B0357,36.0,87.4,"10.0452,105.7469",83.6
2024-01-06 22:54:00,VIN-B0358,81.3,52.8,"10.9460,108.4419",74.5
2024-01-06 22:57:00,VIN-B0359,90.8,22.3,"10.8231,106.6297",82.8
2024-01-06 23:00:00,VIN-B0360,116.9,49.7,"16.0544,108.2022",77.2
2024-01-06 23:03:00,VIN-B0361,91.3,68.9,"21.0285,105.8542",107.0
2024-01-06 23:06:00,VIN-B0362,53.2,65.6,"16.0544,108.2022",77.7
2024-01-06 23:09:00,VIN-B0363,13.0,27.0,"12.2388,109.1967",90.1
2024-01-06 23:12:00,VIN-B0364,38.4,55.4,"21.0285,105.8542",97.4
2024-01-06 23:15:00,VIN-B0365,111.3,25.0,"16.0544,108.2022",83.0
2024-01-06 23:18:00,VIN-B0366,23.0,42.6,"16.0544,108.2022",104.1
2024-01-06 23:21:00,VIN-B0367,73.2,19.9,"10.9460,108.4419",96.1
2024-01-06 23:24:00,VIN-B0368,94.6,79.1,"12.2388,109.1967",79.1
2024-01-06 23:27:00,VIN-B0369,31.5,93.8,"12.2388,109.1967",84.8
2024-01-06 23:30:00,VIN-B0370,36.7,74.0,"11.9404,108.4583",88.0
2024-01-06 23:33:00,VIN-B0371,51.0,42.4,"20.8449,106.6881",70.2
2024-01-06 23:36:00,VIN-B0372,112.8,10.3,"20.8449,106.6881",84.1
2024-01-06 23:39:00,VIN-B0373,96.6,97.6,"12.2388,109.1967",70.8
2024-01-06 23:42:00,VIN-B0374,84.5,24.8,"12.2388,109.1967",81.8
2024-01-06 23:45:00,VIN-B0375,44.8,35.6,"20.8449,106.6881",83.0
2024-01-06 23:48:00,VIN-B0376,67.2,23.9,"10.0452,105.7469",94.7
2024-01-06 23:51:00,VIN-B0377,52.8,31.0,"21.0285,105.8542",79.7
2024-01-06 23:54:00,VIN-B0378,39.1,50.6,"10.9460,108.4419",108.1
2024-01-06 23:57:00,VIN-B0379,113.6,79.2,"20.8449,106.6881",97.5
2024-01-07 00:00:00,VIN-B0380,109.1,51.3,"12.2388,109.1967",109.5
2024-01-07 00:03:00,VIN-B0381,70.3,10.6,"10.8231,106.6297",95.6
2024-01-07 00:06:00,VIN-B0382,33.1,40.1,"12.2388,109.1967",74.4
2024-01-07 00:09:00,VIN-B0383,16.1,76.2,"11.9404,108.4583",109.1
2024-01-07 00:12:00,VIN-B0384,87.9,83.3,"16.0544,108.2022",93.6
2024-01-07 00:15:00,VIN-B0385,68.9,58.4,"10.9460,108.4419",79.8
2024-01-07 00:18:00,VIN-B0386,68.7,77.5,"12.2388,109.1967",92.3
2024-01-07 00:21:00,VIN-B0387,98.1,70.5,"16.0544,108.2022",100.9
2024-01-07 00:24:00,VIN-B0388,8.2,79.7,"11.9404,108.4583",108.3
2024-01-07 00:27:00,VIN-B0389,43.3,78.4,"10.0452,105.7469",77.4
2024-01-07 00:30:00,VIN-B0390,56.2,48.8,"11.9404,108.4583",78.0
2024-01-07 00:33:00,VIN-B0391,116.6,29.6,"10.8231,106.6297",75.6
2024-01-07 00:36:00,VIN-B0392,77.1,45.6,"10.9460,108.4419",101.9
2024-01-07 00:39:00,VIN-B0393,99.8,10.7,"11.9404,108.4583",70.6
2024-01-07 00:42:00,VIN-B0394,52.5,8.0,"11.9404,108.4583",101.6
2024-01-07 00:45:00,VIN-B0395,59.0,59.6,"21.0285,105.8542",99.4
2024-01-07 00:48:00,VIN-B0396,67.8,97.6,"21.0285,105.8542",91.3
2024-01-07 00:51:00,VIN-B0397,95.8,85.4,"21.0285,105.8542",93.0
2024-01-07 00:54:00,VIN-B0398,56.2,66.8,"10.0452,105.7469",100.1
2024-01-07 00:57:00,VIN-B0399,92.1,45.9,"12.2388,109.1967",88.6
2024-01-07 01:00:00,VIN-B0400,106.7,99.5,"16.0544,108.2022",96.0
2024-01-07 01:03:00,VIN-B0401,8.8,66.5,"11.9404,108.4583",88.2
2024-01-07 01:06:00,VIN-B0402,93.7,75.2,"20.8449,106.6881",105.6
2024-01-07 01:09:00,VIN-B0403,48.2,32.9,"20.8449,106.6881",70.8
2024-01-07 01:12:00,VIN-B0404,27.0,45.6,"12.2388,109.1967",104.2
2024-01-07 01:15:00,VIN-B0405,70.1,77.9,"10.9460,108.4419",96.1
2024-01-07 01:18:00,VIN-B0406,24.0,83.0,"11.9404,108.4583",105.7
2024-01-07 01:21:00,VIN-B0407,85.8,59.8,"10.0452,105.7469",100.9
2024-01-07 01:24:00,VIN-B0408,24.7,22.3,"10.8231,106.6297",91.3
2024-01-07 01:27:00,VIN-B0409,113.3,8.7,"16.0544,108.2022",91.6
2024-01-07 01:30:00,VIN-B0410,114.6,36.1,"11.9404,108.4583",107.1
2024-01-07 01:33:00,VIN-B0411,79.0,24.2,"16.0544,108.2022",87.0
2024-01-07 01:36:00,VIN-B0412,32.5,93.9,"10.0452,105.7469",100.9
2024-01-07 01:39:00,VIN-B0413,3.3,88.4,"10.9460,108.4419",74.9
2024-01-07 01:42:00,VIN-B0414,113.8,7.4,"10.0452,105.7469",85.2
2024-01-07 01:45:00,VIN-B0415,53.6,42.9,"10.0452,105.7469",100.8
2024-01-07 01:48:00,VIN-B0416,70.8,16.8,"16.0544,108.2022",90.3
2024-01-07 01:51:00,VIN-B0417,69.4,54.1,"16.0544,108.2022",100.3
2024-01-07 01:54:00,VIN-B0418,14.4,51.5,"11.9404,108.4583",100.0
2024-01-07 01:57:00,VIN-B0419,38.0,23.1,"21.0285,105.8542",102.0
2024-01-07 02:00:00,VIN-B0420,43.2,29.3,"21.0285,105.8542",107.8
2024-01-07 02:03:00,VIN-B0421,1.9,41.1,"20.8449,106.6881",86.0
2024-01-07 02:06:00,VIN-B0422,102.9,38.7,"12.2388,109.1967",103.5
2024-01-07 02:09:00,VIN-B0423,52.1,85.5,"12.2388,109.1967",79.2
2024-01-07 02:12:00,VIN-B0424,84.1,66.8,"20.8449,106.6881",105.0
2024-01-07 02:15:00,VIN-B0425,1.9,96.6,"11.9404,108.4583",71.8
2024-01-07 02:18:00,VIN-B0426,101.7,21.8,"10.8231,106.6297",75.1
2024-01-07 02:21:00,VIN-B0427,18.7,71.0,"10.8231,106.6297",72.4
2024-01-07 02:24:00,VIN-B0428,96.3,87.3,"12.2388,109.1967",84.9
2024-01-07 02:27:00,VIN-B0429,49.8,20.0,"16.0544,108.2022",77.0
2024-01-07 02:30:00,VIN-B0430,62.2,19.4,"16.0544,108.2022",84.6
2024-01-07 02:33:00,VIN-B0431,111.0,79.7,"10.8231,106.6297",89.9
2024-01-07 02:36:00,VIN-B0432,36.7,64.4,"12.2388,109.1967",94.9
2024-01-07 02:39:00,VIN-B0433,3.4,7.5,"10.8231,106.6297",105.6
2024-01-07 02:42:00,VIN-B0434,4.1,87.8,"20.8449,106.6881",71.9
2024-01-07 02:45:00,VIN-B0435,45.2,61.9,"16.0544,108.2022",76.3
2024-01-07 02:48:00,VIN-B0436,1.8,90.2,"21.0285,105.8542",86.8
2024-01-07 02:51:00,VIN-B0437,8.0,97.0,"10.9460,108.4419",109.3
2024-01-07 02:54:00,VIN-B0438,102.7,56.0,"16.0544,108.2022",104.3
2024-01-07 02:57:00,VIN-B0439,97.1,5.1,"10.9460,108.4419",88.8
2024-01-07 03:00:00,VIN-B0440,108.3,17.2,"11.9404,108.4583",108.3
2024-01-07 03:03:00,VIN-B0441,80.2,14.2,"10.9460,108.4419",99.9
2024-01-07 03:06:00,VIN-B0442,102.2,23.6,"10.0452,105.7469",90.6
2024-01-07 03:09:00,VIN-B0443,96.7,18.5,"21.0285,105.8542",99.7
2024-01-07 03:12:00,VIN-B0444,86.1,31.8,"21.0285,105.8542",80.0
2024-01-07 03:15:00,VIN-B0445,30.1,74.4,"12.2388,109.1967",83.1
2024-01-07 03:18:00,VIN-B0446,116.9,68.5,"12.2388,109.1967",100.4
2024-01-07 03:21:00,VIN-B0447,15.8,45.1,"16.0544,108.2022",93.2
2024-01-07 03:24:00,VIN-B0448,112.2,8.3,"20.8449,106.6881",95.3
2024-01-07 03:27:00,VIN-B0449,95.3,98.1,"10.8231,106.6297",75.7
2024-01-07 03:30:00,VIN-B0450,4.1,80.5,"16.0544,108.2022",85.9
2024-01-07 03:33:00,VIN-B0451,1.4,50.7,"11.9404,108.4583",77.5
2024-01-07 03:36:00,VIN-B0452,104.3,97.2,"20.8449,106.6881",88.1
2024-01-07 03:39:00,VIN-B0453,25.8,64.0,"10.9460,108.4419",74.7
2024-01-07 03:42:00,VIN-B0454,33.5,78.0,"11.9404,108.4583",83.5
2024-01-07 03:45:00,VIN-B0455,107.1,29.3,"10.9460,108.4419",100.9
2024-01-07 03:48:00,VIN-B0456,54.8,14.2,"11.9404,108.4583",100.5
2024-01-07 03:51:00,VIN-B0457,31.5,79.3,"20.8449,106.6881",95.7
2024-01-07 03:54:00,VIN-B0458,115.8,17.0,"10.0452,105.7469",109.0
2024-01-07 03:57:00,VIN-B0459,99.6,16.4,"12.2388,109.1967",75.1
2024-01-07 04:00:00,VIN-B0460,41.7,48.0,"21.0285,105.8542",108.7
2024-01-07 04:03:00,VIN-B0461,116.6,22.3,"10.0452,105.7469",75.7
2024-01-07 04:06:00,VIN-B0462,81.7,78.7,"10.0452,105.7469",99.3
2024-01-07 04:09:00,VIN-B0463,42.5,62.1,"16.0544,108.2022",92.5
2024-01-07 04:12:00,VIN-B0464,63.7,9.5,"11.9404,108.4583",91.6
2024-01-07 04:15:00,VIN-B0465,83.2,99.7,"16.0544,108.2022",85.0
2024-01-07 04:18:00,VIN-B0466,12.0,20.7,"10.0452,105.7469",103.7
2024-01-07 04:21:00,VIN-B0467,90.1,19.4,"20.8449,106.6881",104.3
2024-01-07 04:24:00,VIN-B0468,33.4,96.1,"20.8449,106.6881",81.9
2024-01-07 04:27:00,VIN-B0469,108.1,97.3,"10.9460,108.4419",88.7
2024-01-07 04:30:00,VIN-B0470,16.3,94.1,"10.8231,106.6297",73.0
2024-01-07 04:33:00,VIN-B0471,85.0,68.5,"10.0452,105.7469",106.9
2024-01-07 04:36:00,VIN-B0472,73.6,96.1,"10.8231,106.6297",100.2
2024-01-07 04:39:00,VIN-B0473,16.8,50.7,"16.0544,108.2022",100.6
2024-01-07 04:42:00,VIN-B0474,96.8,95.3,"10.0452,105.7469",85.6
2024-01-07 04:45:00,VIN-B0475,19.1,44.8,"10.0452,105.7469",79.9
2024-01-07 04:48:00,VIN-B0476,42.0,26.5,"12.2388,109.1967",75.6
2024-01-07 04:51:00,VIN-B0477,48.2,74.0,"16.0544,108.2022",78.2
2024-01-07 04:54:00,VIN-B0478,17.1,31.2,"11.9404,108.4583",70.4
2024-01-07 04:57:00,VIN-B0479,14.1,34.6,"21.0285,105.8542",100.9
2024-01-07 05:00:00,VIN-B0480,71.8,27.1,"10.9460,108.4419",82.0
2024-01-07 05:03:00,VIN-B0481,15.0,75.6,"10.9460,108.4419",76.1
2024-01-07 05:06:00,VIN-B0482,105.6,76.7,"11.9404,108.4583",105.0
2024-01-07 05:09:00,VIN-B0483,113.9,8.9,"12.2388,109.1967",74.5
2024-01-07 05:12:00,VIN-B0484,56.0,60.6,"10.9460,108.4419",100.3
2024-01-07 05:15:00,VIN-B0485,27.0,14.8,"11.9404,108.4583",79.7
2024-01-07 05:18:00,VIN-B0486,102.0,52.0,"20.8449,106.6881",86.9
2024-01-07 05:21:00,VIN-B0487,76.6,87.2,"12.2388,109.1967",103.7
2024-01-07 05:24:00,VIN-B0488,87.9,90.9,"11.9404,108.4583",86.8
2024-01-07 05:27:00,VIN-B0489,100.4,98.4,"21.0285,105.8542",70.5
2024-01-07 05:30:00,VIN-B0490,85.6,51.1,"10.9460,108.4419",78.9
2024-01-07 05:33:00,VIN-B0491,52.1,30.2,"10.9460,108.4419",92.4
2024-01-07 05:36:00,VIN-B0492,100.5,40.7,"20.8449,106.6881",71.7
2024-01-07 05:39:00,VIN-B0493,12.9,84.6,"21.0285,105.8542",93.0
2024-01-07 05:42:00,VIN-B0494,14.1,77.6,"11.9404,108.4583",93.2
2024-01-07 05:45:00,VIN-B0495,85.1,62.4,"20.8449,106.6881",98.7
2024-01-07 05:48:00,VIN-B0496,4.8,66.5,"10.9460,108.4419",104.1
2024-01-07 05:51:00,VIN-B0497,68.8,54.7,"20.8449,106.6881",102.5
2024-01-07 05:54:00,VIN-B0498,75.4,78.9,"10.8231,106.6297",78.6
2024-01-07 05:57:00,VIN-B0499,21.7,64.9,"11.9404,108.4583",74.0
2024-01-07 06:00:00,VIN-B0500,110.5,81.2,"10.9460,108.4419",104.0
2024-01-07 06:03:00,VIN-B0501,30.4,82.7,"11.9404,108.4583",84.1
2024-01-07 06:06:00,VIN-B0502,115.9,31.3,"10.8231,106.6297",83.0
2024-01-07 06:09:00,VIN-B0503,83.9,65.3,"16.0544,108.2022",78.4
2024-01-07 06:12:00,VIN-B0504,92.5,57.0,"11.9404,108.4583",99.6
2024-01-07 06:15:00,VIN-B0505,90.4,79.2,"16.0544,108.2022",103.8
2024-01-07 06:18:00,VIN-B0506,102.8,36.7,"10.0452,105.7469",82.7
2024-01-07 06:21:00,VIN-B0507,36.7,91.8,"21.0285,105.8542",95.6
2024-01-07 06:24:00,VIN-B0508,37.6,52.2,"16.0544,108.2022",100.3
2024-01-07 06:27:00,VIN-B0509,24.3,86.3,"10.9460,108.4419",84.0
2024-01-07 06:30:00,VIN-B0510,96.7,90.1,"16.0544,108.2022",108.4
2024-01-07 06:33:00,VIN-B0511,38.7,15.6,"12.2388,109.1967",106.4
2024-01-07 06:36:00,VIN-B0512,84.0,58.2,"16.0544,108.2022",85.9
2024-01-07 06:39:00,VIN-B0513,83.5,23.9,"21.0285,105.8542",98.5
2024-01-07 06:42:00,VIN-B0514,109.8,68.0,"12.2388,109.1967",75.8
2024-01-07 06:45:00,VIN-B0515,40.8,38.6,"16.0544,108.2022",106.9
2024-01-07 06:48:00,VIN-B0516,12.4,95.8,"12.2388,109.1967",94.5
2024-01-07 06:51:00,VIN-B0517,116.5,35.8,"10.0452,105.7469",87.7
2024-01-07 06:54:00,VIN-B0518,4.9,57.1,"12.2388,109.1967",71.1
2024-01-07 06:57:00,VIN-B0519,26.9,71.0,"10.0452,105.7469",79.8
2024-01-07 07:00:00,VIN-B0520,27.1,66.6,"10.0452,105.7469",75.8
2024-01-07 07:03:00,VIN-B0521,35.6,96.6,"10.9460,108.4419",103.5
2024-01-07 07:06:00,VIN-B0522,49.7,57.4,"10.0452,105.7469",86.5
2024-01-07 07:09:00,VIN-B0523,101.7,60.2,"20.8449,106.6881",99.9
2024-01-07 07:12:00,VIN-B0524,84.8,98.3,"12.2388,109.1967",87.3
2024-01-07 07:15:00,VIN-B0525,43.7,92.9,"10.0452,105.7469",82.8
2024-01-07 07:18:00,VIN-B0526,42.8,96.0,"16.0544,108.2022",82.9
2024-01-07 07:21:00,VIN-B0527,99.3,71.7,"16.0544,108.2022",73.9
2024-01-07 07:24:00,VIN-B0528,110.1,98.6,"10.9460,108.4419",91.4
2024-01-07 07:27:00,VIN-B0529,12.6,83.5,"10.0452,105.7469",98.8
2024-01-07 07:30:00,VIN-B0530,86.1,66.3,"10.0452,105.7469",88.6
2024-01-07 07:33:00,VIN-B0531,68.9,10.1,"10.9460,108.4419",89.9
2024-01-07 07:36:00,VIN-B0532,52.3,95.6,"16.0544,108.2022",70.9
2024-01-07 07:39:00,VIN-B0533,53.8,66.8,"11.9404,108.4583",89.1
2024-01-07 07:42:00,VIN-B0534,84.8,11.1,"11.9404,108.4583",72.6
2024-01-07 07:45:00,VIN-B0535,86.3,59.1,"10.8231,106.6297",98.5
2024-01-07 07:48:00,VIN-B0536,58.9,71.9,"16.0544,108.2022",109.4
2024-01-07 07:51:00,VIN-B0537,25.8,48.0,"12.2388,109.1967",83.2
2024-01-07 07:54:00,VIN-B0538,68.4,88.2,"20.8449,106.6881",75.8
2024-01-07 07:57:00,VIN-B0539,64.8,69.7,"11.9404,108.4583",104.5
2024-01-07 08:00:00,VIN-B0540,116.5,10.0,"11.9404,108.4583",93.5
2024-01-07 08:03:00,VIN-B0541,93.0,11.7,"21.0285,105.8542",91.2
2024-01-07 08:06:00,VIN-B0542,87.6,74.6,"10.0452,105.7469",109.2
2024-01-07 08:09:00,VIN-B0543,92.8,99.0,"16.0544,108.2022",71.2
2024-01-07 08:12:00,VIN-B0544,111.5,74.2,"11.9404,108.4583",73.6
2024-01-07 08:15:00,VIN-B0545,113.5,59.5,"20.8449,106.6881",102.2
2024-01-07 08:18:00,VIN-B0546,45.8,50.1,"11.9404,108.4583",77.3
2024-01-07 08:21:00,VIN-B0547,37.3,21.9,"20.8449,106.6881",105.2
2024-01-07 08:24:00,VIN-B0548,60.0,22.5,"20.8449,106.6881",78.0
2024-01-07 08:27:00,VIN-B0549,42.1,66.5,"21.0285,105.8542",83.6
2024-01-07 08:30:00,VIN-B0550,90.2,54.8,"10.8231,106.6297",105.2
2024-01-07 08:33:00,VIN-B0551,7.3,57.9,"11.9404,108.4583",73.8
2024-01-07 08:36:00,VIN-B0552,0.2,98.6,"10.8231,106.6297",70.2
2024-01-07 08:39:00,VIN-B0553,46.2,7.6,"11.9404,108.4583",104.4
2024-01-07 08:42:00,VIN-B0554,114.7,22.9,"10.9460,108.4419",77.3
2024-01-07 08:45:00,VIN-B0555,26.2,37.8,"16.0544,108.2022",94.0
2024-01-07 08:48:00,VIN-B0556,68.9,89.7,"16.0544,108.2022",90.3
2024-01-07 08:51:00,VIN-B0557,97.7,47.3,"10.8231,106.6297",107.4
2024-01-07 08:54:00,VIN-B0558,106.6,80.4,"21.0285,105.8542",102.3
2024-01-07 08:57:00,VIN-B0559,37.4,32.7,"11.9404,108.4583",97.3
2024-01-07 09:00:00,VIN-B0560,70.8,20.9,"21.0285,105.8542",89.9
2024-01-07 09:03:00,VIN-B0561,72.4,99.7,"11.9404,108.4583",107.5
2024-01-07 09:06:00,VIN-B0562,111.4,57.1,"20.8449,106.6881",101.4
2024-01-07 09:09:00,VIN-B0563,113.3,68.5,"21.0285,105.8542",83.5
2024-01-07 09:12:00,VIN-B0564,43.9,27.7,"10.9460,108.4419",77.5
2024-01-07 09:15:00,VIN-B0565,48.5,39.0,"10.9460,108.4419",102.4
2024-01-07 09:18:00,VIN-B0566,109.2,72.2,"21.0285,105.8542",103.9
2024-01-07 09:21:00,VIN-B0567,10.9,67.2,"20.8449,106.6881",100.3
2024-01-07 09:24:00,VIN-B0568,77.2,31.8,"16.0544,108.2022",87.9
2024-01-07 09:27:00,VIN-B0569,23.8,94.7,"20.8449,106.6881",86.2
2024-01-07 09:30:00,VIN-B0570,45.2,51.6,"10.9460,108.4419",74.2
2024-01-07 09:33:00,VIN-B0571,67.4,62.9,"12.2388,109.1967",89.9
2024-01-07 09:36:00,VIN-B0572,94.4,32.3,"10.8231,106.6297",91.1
2024-01-07 09:39:00,VIN-B0573,5.0,94.9,"12.2388,109.1967",105.7
2024-01-07 09:42:00,VIN-B0574,89.7,59.3,"16.0544,108.2022",95.6
2024-01-07 09:45:00,VIN-B0575,88.7,55.8,"10.8231,106.6297",108.7
2024-01-07 09:48:00,VIN-B0576,46.2,38.4,"10.8231,106.6297",102.9
2024-01-07 09:51:00,VIN-B0577,82.1,46.2,"16.0544,108.2022",90.3
2024-01-07 09:54:00,VIN-B0578,81.7,9.2,"10.0452,105.7469",73.9
2024-01-07 09:57:00,VIN-B0579,114.0,89.8,"11.9404,108.4583",72.9
2024-01-07 10:00:00,VIN-B0580,24.4,24.6,"10.8231,106.6297",71.8
2024-01-07 10:03:00,VIN-B0581,45.8,90.5,"21.0285,105.8542",107.0
2024-01-07 10:06:00,VIN-B0582,0.6,27.8,"11.9404,108.4583",109.4
2024-01-07 10:09:00,VIN-B0583,118.5,83.5,"11.9404,108.4583",106.7
2024-01-07 10:12:00,VIN-B0584,48.2,19.8,"10.0452,105.7469",94.9
2024-01-07 10:15:00,VIN-B0585,31.0,92.6,"12.2388,109.1967",78.2
2024-01-07 10:18:00,VIN-B0586,105.4,75.0,"12.2388,109.1967",86.4
2024-01-07 10:21:00,VIN-B0587,1.2,83.2,"20.8449,106.6881",81.1
2024-01-07 10:24:00,VIN-B0588,108.1,82.6,"10.9460,108.4419",80.1
2024-01-07 10:27:00,VIN-B0589,1.3,70.8,"10.8231,106.6297",97.8
2024-01-07 10:30:00,VIN-B0590,53.9,68.0,"10.0452,105.7469",72.8
2024-01-07 10:33:00,VIN-B0591,13.7,20.1,"10.9460,108.4419",72.7
2024-01-07 10:36:00,VIN-B0592,64.4,20.9,"12.2388,109.1967",108.2
2024-01-07 10:39:00,VIN-B0593,85.8,71.0,"12.2388,109.1967",91.5
2024-01-07 10:42:00,VIN-B0594,34.2,59.2,"21.0285,105.8542",100.4
2024-01-07 10:45:00,VIN-B0595,47.4,89.1,"10.0452,105.7469",108.0
2024-01-07 10:48:00,VIN-B0596,66.6,52.3,"16.0544,108.2022",90.7
2024-01-07 10:51:00,VIN-B0597,4.3,50.5,"21.0285,105.8542",79.1
2024-01-07 10:54:00,VIN-B0598,100.0,22.5,"21.0285,105.8542",79.7
2024-01-07 10:57:00,VIN-B0599,73.8,46.6,"16.0544,108.2022",87.7
2024-01-07 11:00:00,VIN-B0600,92.3,68.0,"10.0452,105.7469",100.7
2024-01-07 11:03:00,VIN-B0601,87.0,9.2,"10.8231,106.6297",107.9
2024-01-07 11:06:00,VIN-B0602,41.0,95.3,"16.0544,108.2022",84.0
2024-01-07 11:09:00,VIN-B0603,24.1,66.2,"20.8449,106.6881",85.2
2024-01-07 11:12:00,VIN-B0604,113.6,53.0,"10.0452,105.7469",77.4
2024-01-07 11:15:00,VIN-B0605,23.3,67.5,"10.9460,108.4419",71.0
2024-01-07 11:18:00,VIN-B0606,52.9,85.1,"12.2388,109.1967",92.3
2024-01-07 11:21:00,VIN-B0607,17.2,96.6,"10.8231,106.6297",74.5
2024-01-07 11:24:00,VIN-B0608,7.8,54.2,"10.8231,106.6297",94.7
2024-01-07 11:27:00,VIN-B0609,20.4,93.6,"11.9404,108.4583",71.5
2024-01-07 11:30:00,VIN-B0610,108.2,70.0,"10.8231,106.6297",85.2
2024-01-07 11:33:00,VIN-B0611,67.5,82.3,"21.0285,105.8542",104.3
2024-01-07 11:36:00,VIN-B0612,91.5,8.3,"21.0285,105.8542",70.8
2024-01-07 11:39:00,VIN-B0613,98.9,50.3,"20.8449,106.6881",81.3
2024-01-07 11:42:00,VIN-B0614,73.9,47.7,"10.0452,105.7469",97.3
2024-01-07 11:45:00,VIN-B0615,73.5,37.8,"10.9460,108.4419",89.2
2024-01-07 11:48:00,VIN-B0616,107.8,48.2,"11.9404,108.4583",79.0
2024-01-07 11:51:00,VIN-B0617,34.4,74.4,"20.8449,106.6881",110.0
2024-01-07 11:54:00,VIN-B0618,105.8,40.0,"10.8231,106.6297",87.3
2024-01-07 11:57:00,VIN-B0619,36.0,9.0,"20.8449,106.6881",98.4
2024-01-07 12:00:00,VIN-B0620,65.0,26.6,"20.8449,106.6881",75.0
2024-01-07 12:03:00,VIN-B0621,75.2,24.8,"20.8449,106.6881",86.8
2024-01-07 12:06:00,VIN-B0622,50.1,74.7,"10.9460,108.4419",108.1
2024-01-07 12:09:00,VIN-B0623,55.6,37.1,"20.8449,106.6881",75.3
2024-01-07 12:12:00,VIN-B0624,63.6,28.4,"10.0452,105.7469",92.7
2024-01-07 12:15:00,VIN-B0625,113.8,74.3,"11.9404,108.4583",106.0
2024-01-07 12:18:00,VIN-B0626,65.8,77.6,"20.8449,106.6881",85.0
2024-01-07 12:21:00,VIN-B0627,36.8,42.3,"10.9460,108.4419",74.3
2024-01-07 12:24:00,VIN-B0628,78.3,33.5,"20.8449,106.6881",72.0
2024-01-07 12:27:00,VIN-B0629,26.1,57.4,"16.0544,108.2022",96.4
2024-01-07 12:30:00,VIN-B0630,112.5,46.0,"10.9460,108.4419",71.0
2024-01-07 12:33:00,VIN-B0631,24.8,58.9,"16.0544,108.2022",80.9
2024-01-07 12:36:00,VIN-B0632,89.5,58.5,"16.0544,108.2022",95.6
2024-01-07 12:39:00,VIN-B0633,69.0,81.1,"16.0544,108.2022",86.5
2024-01-07 12:42:00,VIN-B0634,56.2,87.5,"16.0544,108.2022",100.5
2024-01-07 12:45:00,VIN-B0635,58.4,63.0,"10.8231,106.6297",97.0
2024-01-07 12:48:00,VIN-B0636,94.4,13.1,"10.8231,106.6297",106.8
2024-01-07 12:51:00,VIN-B0637,104.3,36.5,"21.0285,105.8542",82.5
2024-01-07 12:54:00,VIN-B0638,108.2,24.3,"16.0544,108.2022",108.3
2024-01-07 12:57:00,VIN-B0639,36.9,11.3,"11.9404,108.4583",93.3
2024-01-07 13:00:00,VIN-B0640,99.4,50.1,"16.0544,108.2022",81.6
2024-01-07 13:03:00,VIN-B0641,12.2,58.4,"16.0544,108.2022",76.5
2024-01-07 13:06:00,VIN-B0642,14.2,91.5,"20.8449,106.6881",76.3
2024-01-07 13:09:00,VIN-B0643,66.3,49.6,"12.2388,109.1967",97.6
2024-01-07 13:12:00,VIN-B0644,108.4,97.7,"16.0544,108.2022",106.4
2024-01-07 13:15:00,VIN-B0645,11.6,8.7,"20.8449,106.6881",88.9
2024-01-07 13:18:00,VIN-B0646,57.2,77.9,"11.9404,108.4583",107.2
2024-01-07 13:21:00,VIN-B0647,70.2,22.3,"10.8231,106.6297",108.8
2024-01-07 13:24:00,VIN-B0648,113.6,58.8,"11.9404,108.4583",109.5
2024-01-07 13:27:00,VIN-B0649,106.4,11.5,"16.0544,108.2022",95.0
2024-01-07 13:30:00,VIN-B0650,81.3,92.1,"21.0285,105.8542",109.7
2024-01-07 13:33:00,VIN-B0651,94.9,68.5,"11.9404,108.4583",81.7
2024-01-07 13:36:00,VIN-B0652,95.1,79.7,"11.9404,108.4583",94.1
2024-01-07 13:39:00,VIN-B0653,95.9,6.5,"20.8449,106.6881",109.7
2024-01-07 13:42:00,VIN-B0654,43.8,29.0,"12.2388,109.1967",109.3
2024-01-07 13:45:00,VIN-B0655,108.5,7.2,"11.9404,108.4583",106.2
2024-01-07 13:48:00,VIN-B0656,6.2,27.7,"12.2388,109.1967",80.5
2024-01-07 13:51:00,VIN-B0657,119.5,37.1,"12.2388,109.1967",100.0
2024-01-07 13:54:00,VIN-B0658,91.2,48.5,"21.0285,105.8542",83.3
2024-01-07 13:57:00,VIN-B0659,3.8,87.8,"10.8231,106.6297",99.4
2024-01-07 14:00:00,VIN-B0660,2.3,41.2,"10.9460,108.4419",85.2
2024-01-07 14:03:00,VIN-B0661,4.3,68.8,"20.8449,106.6881",83.4
2024-01-07 14:06:00,VIN-B0662,96.4,86.1,"20.8449,106.6881",86.3
2024-01-07 14:09:00,VIN-B0663,41.1,94.6,"12.2388,109.1967",92.1
2024-01-07 14:12:00,VIN-B0664,58.7,30.3,"10.9460,108.4419",106.8
2024-01-07 14:15:00,VIN-B0665,10.2,68.3,"11.9404,108.4583",104.5
2024-01-07 14:18:00,VIN-B0666,107.5,7.2,"16.0544,108.2022",102.2
2024-01-07 14:21:00,VIN-B0667,12.8,12.1,"11.9404,108.4583",72.6
2024-01-07 14:24:00,VIN-B0668,68.6,27.5,"21.0285,105.8542",104.5
2024-01-07 14:27:00,VIN-B0669,1.2,6.3,"11.9404,108.4583",104.8
2024-01-07 14:30:00,VIN-B0670,74.1,19.8,"10.9460,108.4419",95.2
2024-01-07 14:33:00,VIN-B0671,39.7,68.2,"21.0285,105.8542",72.2
2024-01-07 14:36:00,VIN-B0672,16.6,92.2,"21.0285,105.8542",77.4
2024-01-07 14:39:00,VIN-B0673,86.2,13.7,"20.8449,106.6881",101.7
2024-01-07 14:42:00,VIN-B0674,28.0,9.7,"21.0285,105.8542",85.5
2024-01-07 14:45:00,VIN-B0675,75.1,23.3,"10.0452,105.7469",98.3
2024-01-07 14:48:00,VIN-B0676,59.4,72.1,"10.9460,108.4419",81.5
2024-01-07 14:51:00,VIN-B0677,81.1,87.2,"10.8231,106.6297",87.7
2024-01-07 14:54:00,VIN-B0678,60.9,12.6,"10.0452,105.7469",80.5
2024-01-07 14:57:00,VIN-B0679,105.4,59.7,"10.0452,105.7469",98.0
2024-01-07 15:00:00,VIN-B0680,84.3,12.2,"16.0544,108.2022",103.9
2024-01-07 15:03:00,VIN-B0681,90.8,26.6,"20.8449,106.6881",95.4
2024-01-07 15:06:00,VIN-B0682,71.1,62.1,"12.2388,109.1967",78.7
2024-01-07 15:09:00,VIN-B0683,30.1,37.8,"10.0452,105.7469",91.2
2024-01-07 15:12:00,VIN-B0684,78.6,97.0,"12.2388,109.1967",81.3
2024-01-07 15:15:00,VIN-B0685,19.4,10.9,"10.9460,108.4419",83.8
2024-01-07 15:18:00,VIN-B0686,87.9,63.9,"20.8449,106.6881",73.2
2024-01-07 15:21:00,VIN-B0687,91.7,73.0,"10.8231,106.6297",109.1
2024-01-07 15:24:00,VIN-B0688,80.9,35.2,"11.9404,108.4583",97.9
2024-01-07 15:27:00,VIN-B0689,72.7,96.1,"12.2388,109.1967",99.1
2024-01-07 15:30:00,VIN-B0690,38.3,39.0,"10.9460,108.4419",84.8
2024-01-07 15:33:00,VIN-B0691,36.0,51.5,"10.0452,105.7469",79.1
2024-01-07 15:36:00,VIN-B0692,20.5,70.6,"20.8449,106.6881",88.6
2024-01-07 15:39:00,VIN-B0693,55.4,92.7,"20.8449,106.6881",88.5
2024-01-07 15:42:00,VIN-B0694,107.9,48.0,"16.0544,108.2022",99.5
2024-01-07 15:45:00,VIN-B0695,46.3,95.2,"16.0544,108.2022",101.5
2024-01-07 15:48:00,VIN-B0696,45.8,87.7,"16.0544,108.2022",86.0
2024-01-07 15:51:00,VIN-B0697,1.7,80.2,"16.0544,108.2022",76.0
2024-01-07 15:54:00,VIN-B0698,113.5,25.6,"10.8231,106.6297",85.7
2024-01-07 15:57:00,VIN-B0699,18.0,37.0,"10.8231,106.6297",89.9
2024-01-07 16:00:00,VIN-B0700,19.0,83.8,"12.2388,109.1967",79.1
2024-01-07 16:03:00,VIN-B0701,58.4,73.8,"20.8449,106.6881",87.4
2024-01-07 16:06:00,VIN-B0702,102.2,51.3,"10.8231,106.6297",84.1
2024-01-07 16:09:00,VIN-B0703,12.7,95.5,"10.9460,108.4419",94.3
2024-01-07 16:12:00,VIN-B0704,17.0,54.3,"10.9460,108.4419",102.1
2024-01-07 16:15:00,VIN-B0705,50.0,6.2,"12.2388,109.1967",95.3
2024-01-07 16:18:00,VIN-B0706,40.6,34.5,"20.8449,106.6881",94.5
2024-01-07 16:21:00,VIN-B0707,71.9,55.3,"11.9404,108.4583",99.0
2024-01-07 16:24:00,VIN-B0708,96.9,87.1,"11.9404,108.4583",92.6
2024-01-07 16:27:00,VIN-B0709,56.8,6.7,"11.9404,108.4583",86.7
2024-01-07 16:30:00,VIN-B0710,25.1,36.0,"10.0452,105.7469",106.4
2024-01-07 16:33:00,VIN-B0711,108.3,65.2,"10.9460,108.4419",101.5
2024-01-07 16:36:00,VIN-B0712,66.6,59.8,"11.9404,108.4583",97.9
2024-01-07 16:39:00,VIN-B0713,108.2,96.7,"10.0452,105.7469",98.3
2024-01-07 16:42:00,VIN-B0714,73.1,82.3,"10.0452,105.7469",89.5
2024-01-07 16:45:00,VIN-B0715,56.4,6.8,"21.0285,105.8542",85.4
2024-01-07 16:48:00,VIN-B0716,17.8,35.6,"10.9460,108.4419",88.5
2024-01-07 16:51:00,VIN-B0717,108.1,95.0,"12.2388,109.1967",72.7
2024-01-07 16:54:00,VIN-B0718,46.7,23.4,"12.2388,109.1967",98.5
2024-01-07 16:57:00,VIN-B0719,43.7,78.9,"10.9460,108.4419",79.9
2024-01-07 17:00:00,VIN-B0720,76.0,36.1,"10.9460,108.4419",92.5
2024-01-07 17:03:00,VIN-B0721,94.0,95.9,"10.9460,108.4419",109.4
2024-01-07 17:06:00,VIN-B0722,72.6,55.9,"10.0452,105.7469",108.3
2024-01-07 17:09:00,VIN-B0723,71.7,16.4,"10.8231,106.6297",99.4
2024-01-07 17:12:00,VIN-B0724,23.4,80.9,"12.2388,109.1967",79.9
2024-01-07 17:15:00,VIN-B0725,45.1,71.6,"10.8231,106.6297",81.9
2024-01-07 17:18:00,VIN-B0726,24.5,33.1,"10.8231,106.6297",96.1
2024-01-07 17:21:00,VIN-B0727,91.5,12.5,"10.9460,108.4419",101.0
2024-01-07 17:24:00,VIN-B0728,119.2,47.4,"20.8449,106.6881",92.2
2024-01-07 17:27:00,VIN-B0729,71.3,77.1,"21.0285,105.8542",107.5
2024-01-07 17:30:00,VIN-B0730,54.7,23.8,"10.9460,108.4419",81.4
2024-01-07 17:33:00,VIN-B0731,70.4,35.7,"10.8231,106.6297",75.0
2024-01-07 17:36:00,VIN-B0732,104.1,57.5,"11.9404,108.4583",75.7
2024-01-07 17:39:00,VIN-B0733,99.8,40.6,"10.8231,106.6297",95.2
2024-01-07 17:42:00,VIN-B0734,77.6,42.6,"11.9404,108.4583",94.5
2024-01-07 17:45:00,VIN-B0735,91.3,66.1,"11.9404,108.4583",92.6
2024-01-07 17:48:00,VIN-B0736,68.2,88.9,"10.8231,106.6297",98.9
2024-01-07 17:51:00,VIN-B0737,85.6,52.2,"21.0285,105.8542",75.6
2024-01-07 17:54:00,VIN-B0738,12.3,20.5,"10.0452,105.7469",73.7
2024-01-07 17:57:00,VIN-B0739,43.2,38.9,"21.0285,105.8542",86.5
2024-01-07 18:00:00,VIN-B0740,90.1,51.8,"10.8231,106.6297",91.0
2024-01-07 18:03:00,VIN-B0741,77.0,42.6,"16.0544,108.2022",91.9
2024-01-07 18:06:00,VIN-B0742,10.7,24.7,"16.0544,108.2022",74.6
2024-01-07 18:09:00,VIN-B0743,109.4,29.8,"10.0452,105.7469",72.3
2024-01-07 18:12:00,VIN-B0744,82.0,7.3,"10.0452,105.7469",89.1
2024-01-07 18:15:00,VIN-B0745,5.1,77.1,"16.0544,108.2022",108.2
2024-01-07 18:18:00,VIN-B0746,16.5,35.3,"20.8449,106.6881",100.2
2024-01-07 18:21:00,VIN-B0747,80.4,6.8,"12.2388,109.1967",89.7
2024-01-07 18:24:00,VIN-B0748,80.4,71.2,"21.0285,105.8542",71.6
2024-01-07 18:27:00,VIN-B0749,70.8,24.8,"10.9460,108.4419",70.3
2024-01-07 18:30:00,VIN-B0750,84.2,60.3,"11.9404,108.4583",90.4
2024-01-07 18:33:00,VIN-B0751,99.5,42.7,"16.0544,108.2022",91.4
2024-01-07 18:36:00,VIN-B0752,109.8,75.7,"12.2388,109.1967",80.6
2024-01-07 18:39:00,VIN-B0753,44.9,41.9,"10.0452,105.7469",100.2
2024-01-07 18:42:00,VIN-B0754,30.8,23.6,"12.2388,109.1967",85.7
2024-01-07 18:45:00,VIN-B0755,78.1,47.9,"10.9460,108.4419",94.1
2024-01-07 18:48:00,VIN-B0756,78.2,53.6,"20.8449,106.6881",78.2
2024-01-07 18:51:00,VIN-B0757,13.5,41.8,"21.0285,105.8542",99.7
2024-01-07 18:54:00,VIN-B0758,104.9,24.0,"12.2388,109.1967",103.3
2024-01-07 18:57:00,VIN-B0759,80.9,89.2,"12.2388,109.1967",84.4
2024-01-07 19:00:00,VIN-B0760,6.5,64.5,"12.2388,109.1967",78.7
2024-01-07 19:03:00,VIN-B0761,2.9,6.2,"16.0544,108.2022",104.4
2024-01-07 19:06:00,VIN-B0762,24.8,94.9,"20.8449,106.6881",98.8
2024-01-07 19:09:00,VIN-B0763,54.9,42.1,"16.0544,108.2022",106.8
2024-01-07 19:12:00,VIN-B0764,57.6,61.7,"10.0452,105.7469",73.1
2024-01-07 19:15:00,VIN-B0765,12.9,5.0,"10.8231,106.6297",94.8
2024-01-07 19:18:00,VIN-B0766,102.9,94.9,"10.8231,106.6297",82.1
2024-01-07 19:21:00,VIN-B0767,45.8,59.0,"16.0544,108.2022",73.9
2024-01-07 19:24:00,VIN-B0768,44.2,66.3,"20.8449,106.6881",99.7
2024-01-07 19:27:00,VIN-B0769,44.7,31.6,"10.8231,106.6297",81.9
2024-01-07 19:30:00,VIN-B0770,4.2,16.4,"16.0544,108.2022",80.5
2024-01-07 19:33:00,VIN-B0771,111.6,89.3,"10.0452,105.7469",74.8
2024-01-07 19:36:00,VIN-B0772,76.4,95.5,"10.8231,106.6297",105.2
2024-01-07 19:39:00,VIN-B0773,111.8,21.6,"21.0285,105.8542",73.4
2024-01-07 19:42:00,VIN-B0774,28.2,87.6,"12.2388,109.1967",80.8
2024-01-07 19:45:00,VIN-B0775,84.3,50.6,"16.0544,108.2022",78.6
2024-01-07 19:48:00,VIN-B0776,47.7,40.9,"10.8231,106.6297",89.9
2024-01-07 19:51:00,VIN-B0777,99.7,44.2,"10.8231,106.6297",93.1
2024-01-07 19:54:00,VIN-B0778,5.3,11.0,"12.2388,109.1967",98.4
2024-01-07 19:57:00,VIN-B0779,86.3,24.3,"12.2388,109.1967",71.0
2024-01-07 20:00:00,VIN-B0780,32.6,87.8,"10.0452,105.7469",97.6
2024-01-07 20:03:00,VIN-B0781,97.2,99.6,"10.8231,106.6297",104.9
2024-01-07 20:06:00,VIN-B0782,100.2,46.4,"10.9460,108.4419",101.7
2024-01-07 20:09:00,VIN-B0783,85.9,75.5,"12.2388,109.1967",84.6
2024-01-07 20:12:00,VIN-B0784,71.8,48.3,"10.9460,108.4419",91.8
2024-01-07 20:15:00,VIN-B0785,44.8,90.7,"16.0544,108.2022",82.8
2024-01-07 20:18:00,VIN-B0786,76.7,43.7,"20.8449,106.6881",84.9
2024-01-07 20:21:00,VIN-B0787,118.0,77.9,"16.0544,108.2022",102.6
2024-01-07 20:24:00,VIN-B0788,90.2,52.0,"20.8449,106.6881",84.4
2024-01-07 20:27:00,VIN-B0789,51.8,62.2,"16.0544,108.2022",83.3
2024-01-07 20:30:00,VIN-B0790,43.0,49.3,"16.0544,108.2022",105.6
2024-01-07 20:33:00,VIN-B0791,41.2,92.2,"16.0544,108.2022",94.0
2024-01-07 20:36:00,VIN-B0792,64.8,84.0,"16.0544,108.2022",104.0
2024-01-07 20:39:00,VIN-B0793,68.8,97.8,"10.0452,105.7469",103.0
2024-01-07 20:42:00,VIN-B0794,47.6,83.2,"21.0285,105.8542",109.6
2024-01-07 20:45:00,VIN-B0795,65.3,54.4,"10.8231,106.6297",80.2
2024-01-07 20:48:00,VIN-B0796,66.1,94.5,"10.0452,105.7469",97.4
2024-01-07 20:51:00,VIN-B0797,94.5,51.5,"11.9404,108.4583",99.3
2024-01-07 20:54:00,VIN-B0798,95.6,57.1,"20.8449,106.6881",90.9
2024-01-07 20:57:00,VIN-B0799,98.3,25.8,"11.9404,108.4583",100.0
2024-01-07 21:00:00,VIN-B0800,82.5,98.9,"10.0452,105.7469",95.6
2024-01-07 21:03:00,VIN-B0801,54.4,84.3,"10.0452,105.7469",98.6
2024-01-07 21:06:00,VIN-B0802,107.2,97.1,"21.0285,105.8542",89.8
2024-01-07 21:09:00,VIN-B0803,109.9,71.0,"12.2388,109.1967",79.7
2024-01-07 21:12:00,VIN-B0804,48.7,83.4,"21.0285,105.8542",108.1
2024-01-07 21:15:00,VIN-B0805,22.9,6.5,"12.2388,109.1967",74.8
2024-01-07 21:18:00,VIN-B0806,22.3,78.7,"21.0285,105.8542",72.7
2024-01-07 21:21:00,VIN-B0807,54.3,16.3,"11.9404,108.4583",96.5
2024-01-07 21:24:00,VIN-B0808,1.3,61.8,"11.9404,108.4583",85.5
2024-01-07 21:27:00,VIN-B0809,25.0,45.7,"10.9460,108.4419",95.4
2024-01-07 21:30:00,VIN-B0810,71.2,69.5,"10.8231,106.6297",90.0
2024-01-07 21:33:00,VIN-B0811,42.2,29.3,"10.9460,108.4419",104.4
2024-01-07 21:36:00,VIN-B0812,46.1,56.2,"21.0285,105.8542",86.9
2024-01-07 21:39:00,VIN-B0813,70.5,88.7,"10.9460,108.4419",109.8
2024-01-07 21:42:00,VIN-B0814,45.6,96.5,"21.0285,105.8542",89.0
2024-01-07 21:45:00,VIN-B0815,65.2,12.9,"21.0285,105.8542",88.2
2024-01-07 21:48:00,VIN-B0816,89.9,27.9,"10.9460,108.4419",71.4
2024-01-07 21:51:00,VIN-B0817,37.2,78.8,"10.9460,108.4419",78.7
2024-01-07 21:54:00,VIN-B0818,49.3,6.0,"16.0544,108.2022",93.7
2024-01-07 21:57:00,VIN-B0819,81.0,7.7,"10.9460,108.4419",72.8
2024-01-07 22:00:00,VIN-B0820,21.7,31.1,"20.8449,106.6881",102.1
2024-01-07 22:03:00,VIN-B0821,64.3,73.8,"12.2388,109.1967",93.4
2024-01-07 22:06:00,VIN-B0822,83.8,51.7,"10.9460,108.4419",81.7
2024-01-07 22:09:00,VIN-B0823,19.5,32.6,"11.9404,108.4583",87.1
2024-01-07 22:12:00,VIN-B0824,82.4,97.0,"21.0285,105.8542",78.0
2024-01-07 22:15:00,VIN-B0825,58.3,5.5,"16.0544,108.2022",100.9
2024-01-07 22:18:00,VIN-B0826,5.3,22.4,"11.9404,108.4583",104.6
2024-01-07 22:21:00,VIN-B0827,70.0,51.9,"10.9460,108.4419",102.3
2024-01-07 22:24:00,VIN-B0828,113.8,16.0,"16.0544,108.2022",75.6
2024-01-07 22:27:00,VIN-B0829,88.8,94.9,"10.8231,106.6297",87.5
2024-01-07 22:30:00,VIN-B0830,44.0,71.4,"10.8231,106.6297",98.3
2024-01-07 22:33:00,VIN-B0831,107.7,40.0,"21.0285,105.8542",86.7
2024-01-07 22:36:00,VIN-B0832,4.0,46.4,"20.8449,106.6881",72.7
2024-01-07 22:39:00,VIN-B0833,10.5,88.4,"11.9404,108.4583",89.0
2024-01-07 22:42:00,VIN-B0834,60.9,28.1,"16.0544,108.2022",74.8
2024-01-07 22:45:00,VIN-B0835,19.4,59.2,"10.0452,105.7469",87.8
2024-01-07 22:48:00,VIN-B0836,119.6,40.5,"12.2388,109.1967",89.1
2024-01-07 22:51:00,VIN-B0837,116.5,67.3,"20.8449,106.6881",74.6
2024-01-07 22:54:00,VIN-B0838,4.8,24.2,"12.2388,109.1967",75.3
2024-01-07 22:57:00,VIN-B0839,84.2,6.1,"10.8231,106.6297",90.4
2024-01-07 23:00:00,VIN-B0840,1.5,54.8,"12.2388,109.1967",93.4
2024-01-07 23:03:00,VIN-B0841,1.1,88.6,"16.0544,108.2022",82.8
2024-01-07 23:06:00,VIN-B0842,29.2,50.6,"10.0452,105.7469",77.5
2024-01-07 23:09:00,VIN-B0843,57.0,50.5,"21.0285,105.8542",76.9
2024-01-07 23:12:00,VIN-B0844,66.4,64.6,"21.0285,105.8542",75.8
2024-01-07 23:15:00,VIN-B0845,15.2,53.4,"21.0285,105.8542",89.1
2024-01-07 23:18:00,VIN-B0846,118.8,11.9,"16.0544,108.2022",79.9
2024-01-07 23:21:00,VIN-B0847,90.4,84.8,"11.9404,108.4583",107.5
2024-01-07 23:24:00,VIN-B0848,99.4,43.6,"20.8449,106.6881",71.7
2024-01-07 23:27:00,VIN-B0849,38.5,42.5,"10.0452,105.7469",96.9
2024-01-07 23:30:00,VIN-B0850,111.7,42.1,"10.0452,105.7469",99.9
2024-01-07 23:33:00,VIN-B0851,15.3,63.4,"20.8449,106.6881",95.8
2024-01-07 23:36:00,VIN-B0852,90.7,19.9,"12.2388,109.1967",89.9
2024-01-07 23:39:00,VIN-B0853,9.0,62.0,"20.8449,106.6881",72.7
2024-01-07 23:42:00,VIN-B0854,10.2,89.7,"16.0544,108.2022",100.9
2024-01-07 23:45:00,VIN-B0855,4.8,31.4,"12.2388,109.1967",88.6
2024-01-07 23:48:00,VIN-B0856,96.8,92.1,"12.2388,109.1967",103.5
2024-01-07 23:51:00,VIN-B0857,72.6,92.3,"10.9460,108.4419",90.5
2024-01-07 23:54:00,VIN-B0858,46.3,87.8,"16.0544,108.2022",88.8
2024-01-07 23:57:00,VIN-B0859,10.9,51.5,"11.9404,108.4583",91.3
2024-01-08 00:00:00,VIN-B0860,74.0,11.0,"12.2388,109.1967",107.4
2024-01-08 00:03:00,VIN-B0861,105.0,61.5,"10.0452,105.7469",82.5
2024-01-08 00:06:00,VIN-B0862,108.7,91.2,"10.0452,105.7469",83.9
2024-01-08 00:09:00,VIN-B0863,36.8,83.4,"20.8449,106.6881",81.1
2024-01-08 00:12:00,VIN-B0864,71.7,68.6,"10.0452,105.7469",100.7
2024-01-08 00:15:00,VIN-B0865,106.9,18.2,"12.2388,109.1967",77.6
2024-01-08 00:18:00,VIN-B0866,82.3,72.7,"11.9404,108.4583",78.2
2024-01-08 00:21:00,VIN-B0867,55.5,54.4,"21.0285,105.8542",99.0
2024-01-08 00:24:00,VIN-B0868,105.1,65.7,"10.0452,105.7469",93.9
2024-01-08 00:27:00,VIN-B0869,76.0,37.1,"10.9460,108.4419",85.0
2024-01-08 00:30:00,VIN-B0870,47.0,73.1,"10.9460,108.4419",91.5
2024-01-08 00:33:00,VIN-B0871,17.6,62.6,"12.2388,109.1967",75.0
2024-01-08 00:36:00,VIN-B0872,45.2,57.3,"20.8449,106.6881",70.1
2024-01-08 00:39:00,VIN-B0873,22.7,93.7,"10.9460,108.4419",88.2
2024-01-08 00:42:00,VIN-B0874,118.9,60.4,"12.2388,109.1967",90.4
2024-01-08 00:45:00,VIN-B0875,50.5,30.2,"20.8449,106.6881",95.1
2024-01-08 00:48:00,VIN-B0876,58.7,15.3,"20.8449,106.6881",85.5
2024-01-08 00:51:00,VIN-B0877,14.3,22.2,"11.9404,108.4583",100.4
2024-01-08 00:54:00,VIN-B0878,119.3,8.9,"21.0285,105.8542",81.1
2024-01-08 00:57:00,VIN-B0879,65.8,30.5,"21.0285,105.8542",107.0
2024-01-08 01:00:00,VIN-B0880,82.4,24.5,"10.8231,106.6297",70.4
2024-01-08 01:03:00,VIN-B0881,40.5,64.3,"12.2388,109.1967",81.4
2024-01-08 01:06:00,VIN-B0882,28.9,25.9,"12.2388,109.1967",107.1
2024-01-08 01:09:00,VIN-B0883,42.4,27.5,"10.8231,106.6297",92.1
2024-01-08 01:12:00,VIN-B0884,38.0,25.9,"20.8449,106.6881",78.1
2024-01-08 01:15:00,VIN-B0885,74.0,95.7,"21.0285,105.8542",92.8
2024-01-08 01:18:00,VIN-B0886,73.7,97.5,"10.9460,108.4419",75.0
2024-01-08 01:21:00,VIN-B0887,29.5,43.6,"10.0452,105.7469",88.4
2024-01-08 01:24:00,VIN-B0888,19.9,21.5,"10.0452,105.7469",81.2
2024-01-08 01:27:00,VIN-B0889,0.4,68.8,"20.8449,106.6881",93.2
2024-01-08 01:30:00,VIN-B0890,72.0,41.7,"10.0452,105.7469",79.3
2024-01-08 01:33:00,VIN-B0891,101.7,43.8,"10.9460,108.4419",87.7
2024-01-08 01:36:00,VIN-B0892,88.7,41.5,"20.8449,106.6881",70.9
2024-01-08 01:39:00,VIN-B0893,91.8,24.5,"10.9460,108.4419",87.5
2024-01-08 01:42:00,VIN-B0894,105.0,37.5,"10.8231,106.6297",90.0
2024-01-08 01:45:00,VIN-B0895,73.9,84.6,"10.0452,105.7469",84.9
2024-01-08 01:48:00,VIN-B0896,84.4,62.1,"20.8449,106.6881",76.7
2024-01-08 01:51:00,VIN-B0897,48.5,25.7,"11.9404,108.4583",86.2
2024-01-08 01:54:00,VIN-B0898,29.9,32.6,"10.0452,105.7469",85.2
2024-01-08 01:57:00,VIN-B0899,105.3,96.3,"10.0452,105.7469",95.8
2024-01-08 02:00:00,VIN-B0900,7.8,72.7,"10.8231,106.6297",85.6
2024-01-08 02:03:00,VIN-B0901,41.4,41.2,"10.9460,108.4419",87.5
2024-01-08 02:06:00,VIN-B0902,53.4,45.3,"20.8449,106.6881",80.2
2024-01-08 02:09:00,VIN-B0903,27.4,39.8,"12.2388,109.1967",89.1
2024-01-08 02:12:00,VIN-B0904,20.2,86.1,"10.0452,105.7469",103.8
2024-01-08 02:15:00,VIN-B0905,117.5,39.6,"10.0452,105.7469",73.6
2024-01-08 02:18:00,VIN-B0906,109.9,13.8,"10.8231,106.6297",80.0
2024-01-08 02:21:00,VIN-B0907,63.0,29.2,"16.0544,108.2022",81.7
2024-01-08 02:24:00,VIN-B0908,103.0,31.5,"16.0544,108.2022",79.2
2024-01-08 02:27:00,VIN-B0909,37.4,54.4,"10.0452,105.7469",104.9
2024-01-08 02:30:00,VIN-B0910,74.5,59.4,"16.0544,108.2022",81.5
2024-01-08 02:33:00,VIN-B0911,56.4,45.2,"16.0544,108.2022",79.4
2024-01-08 02:36:00,VIN-B0912,96.9,23.6,"21.0285,105.8542",72.7
2024-01-08 02:39:00,VIN-B0913,12.2,82.6,"16.0544,108.2022",91.4
2024-01-08 02:42:00,VIN-B0914,93.5,57.6,"11.9404,108.4583",98.9
2024-01-08 02:45:00,VIN-B0915,18.3,93.6,"10.0452,105.7469",101.5
2024-01-08 02:48:00,VIN-B0916,39.1,21.3,"12.2388,109.1967",90.5
2024-01-08 02:51:00,VIN-B0917,2.5,52.9,"10.8231,106.6297",85.8
2024-01-08 02:54:00,VIN-B0918,20.0,49.6,"16.0544,108.2022",79.7
2024-01-08 02:57:00,VIN-B0919,73.1,39.9,"12.2388,109.1967",88.5
2024-01-08 03:00:00,VIN-B0920,54.6,72.5,"10.0452,105.7469",76.5
2024-01-08 03:03:00,VIN-B0921,72.7,9.0,"20.8449,106.6881",75.4
2024-01-08 03:06:00,VIN-B0922,34.5,55.2,"10.9460,108.4419",97.1
2024-01-08 03:09:00,VIN-B0923,47.4,56.4,"20.8449,106.6881",105.6
2024-01-08 03:12:00,VIN-B0924,56.0,66.5,"11.9404,108.4583",101.5
2024-01-08 03:15:00,VIN-B0925,69.3,84.6,"20.8449,106.6881",100.1
2024-01-08 03:18:00,VIN-B0926,62.8,43.7,"10.9460,108.4419",75.0
2024-01-08 03:21:00,VIN-B0927,4.4,12.0,"11.9404,108.4583",103.7
2024-01-08 03:24:00,VIN-B0928,13.9,90.9,"20.8449,106.6881",85.0
2024-01-08 03:27:00,VIN-B0929,44.8,34.9,"10.0452,105.7469",100.0
2024-01-08 03:30:00,VIN-B0930,25.9,78.6,"16.0544,108.2022",88.0
2024-01-08 03:33:00,VIN-B0931,70.9,77.1,"16.0544,108.2022",96.0
2024-01-08 03:36:00,VIN-B0932,36.2,28.2,"10.8231,106.6297",106.0
2024-01-08 03:39:00,VIN-B0933,108.4,29.0,"20.8449,106.6881",88.7
2024-01-08 03:42:00,VIN-B0934,55.8,88.8,"10.9460,108.4419",75.2
2024-01-08 03:45:00,VIN-B0935,115.2,28.3,"16.0544,108.2022",105.9
2024-01-08 03:48:00,VIN-B0936,110.7,33.1,"10.8231,106.6297",84.0
2024-01-08 03:51:00,VIN-B0937,109.1,89.3,"20.8449,106.6881",73.1
2024-01-08 03:54:00,VIN-B0938,35.3,83.0,"10.9460,108.4419",71.6
2024-01-08 03:57:00,VIN-B0939,117.8,85.5,"21.0285,105.8542",84.1
2024-01-08 04:00:00,VIN-B0940,23.2,92.6,"16.0544,108.2022",70.4
2024-01-08 04:03:00,VIN-B0941,12.2,75.7,"12.2388,109.1967",72.4
2024-01-08 04:06:00,VIN-B0942,61.1,64.9,"11.9404,108.4583",71.0
2024-01-08 04:09:00,VIN-B0943,48.4,80.9,"10.9460,108.4419",83.9
2024-01-08 04:12:00,VIN-B0944,39.2,40.0,"21.0285,105.8542",105.3
2024-01-08 04:15:00,VIN-B0945,91.0,46.2,"10.8231,106.6297",96.7
2024-01-08 04:18:00,VIN-B0946,65.8,76.1,"21.0285,105.8542",109.9
2024-01-08 04:21:00,VIN-B0947,18.4,83.3,"11.9404,108.4583",96.4
2024-01-08 04:24:00,VIN-B0948,52.8,73.6,"12.2388,109.1967",75.8
2024-01-08 04:27:00,VIN-B0949,91.5,23.7,"20.8449,106.6881",81.0
2024-01-08 04:30:00,VIN-B0950,26.4,9.2,"10.8231,106.6297",108.1
2024-01-08 04:33:00,VIN-B0951,23.3,59.1,"20.8449,106.6881",102.0
2024-01-08 04:36:00,VIN-B0952,106.0,45.6,"12.2388,109.1967",109.6
2024-01-08 04:39:00,VIN-B0953,25.3,99.1,"16.0544,108.2022",104.4
2024-01-08 04:42:00,VIN-B0954,31.9,50.9,"21.0285,105.8542",78.8
2024-01-08 04:45:00,VIN-B0955,109.8,20.7,"10.9460,108.4419",74.6
2024-01-08 04:48:00,VIN-B0956,80.3,82.1,"11.9404,108.4583",94.7
2024-01-08 04:51:00,VIN-B0957,117.5,85.8,"12.2388,109.1967",93.1
2024-01-08 04:54:00,VIN-B0958,65.8,90.6,"11.9404,108.4583",95.3
2024-01-08 04:57:00,VIN-B0959,39.2,19.8,"12.2388,109.1967",102.2
2024-01-08 05:00:00,VIN-B0960,93.4,28.3,"10.8231,106.6297",87.4
2024-01-08 05:03:00,VIN-B0961,32.7,94.3,"12.2388,109.1967",90.0
2024-01-08 05:06:00,VIN-B0962,86.9,43.4,"12.2388,109.1967",102.1
2024-01-08 05:09:00,VIN-B0963,30.9,83.3,"10.0452,105.7469",103.8
2024-01-08 05:12:00,VIN-B0964,26.3,95.8,"10.9460,108.4419",106.2
2024-01-08 05:15:00,VIN-B0965,111.1,71.3,"11.9404,108.4583",86.5
2024-01-08 05:18:00,VIN-B0966,48.0,58.8,"12.2388,109.1967",73.2
2024-01-08 05:21:00,VIN-B0967,19.5,50.7,"21.0285,105.8542",101.0
2024-01-08 05:24:00,VIN-B0968,111.1,10.4,"20.8449,106.6881",102.6
2024-01-08 05:27:00,VIN-B0969,18.5,50.0,"10.8231,106.6297",83.4
2024-01-08 05:30:00,VIN-B0970,44.4,34.3,"10.9460,108.4419",105.2
2024-01-08 05:33:00,VIN-B0971,59.0,96.0,"10.0452,105.7469",86.2
2024-01-08 05:36:00,VIN-B0972,101.9,32.2,"16.0544,108.2022",83.4
2024-01-08 05:39:00,VIN-B0973,71.8,61.4,"21.0285,105.8542",74.0
2024-01-08 05:42:00,VIN-B0974,9.9,75.1,"16.0544,108.2022",91.6
2024-01-08 05:45:00,VIN-B0975,59.1,13.8,"16.0544,108.2022",109.7
2024-01-08 05:48:00,VIN-B0976,0.3,21.9,"16.0544,108.2022",81.7
2024-01-08 05:51:00,VIN-B0977,101.2,69.5,"11.9404,108.4583",96.6
2024-01-08 05:54:00,VIN-B0978,10.5,20.7,"12.2388,109.1967",83.2
2024-01-08 05:57:00,VIN-B0979,4.7,60.4,"10.8231,106.6297",94.6
2024-01-08 06:00:00,VIN-B0980,98.6,23.3,"16.0544,108.2022",105.9
2024-01-08 06:03:00,VIN-B0981,98.9,51.6,"12.2388,109.1967",93.7
2024-01-08 06:06:00,VIN-B0982,73.9,55.0,"12.2388,109.1967",75.5
2024-01-08 06:09:00,VIN-B0983,55.5,86.0,"16.0544,108.2022",95.7
2024-01-08 06:12:00,VIN-B0984,84.0,14.1,"10.0452,105.7469",97.6
2024-01-08 06:15:00,VIN-B0985,3.8,86.0,"16.0544,108.2022",97.8
2024-01-08 06:18:00,VIN-B0986,97.2,39.1,"12.2388,109.1967",81.7
2024-01-08 06:21:00,VIN-B0987,84.7,43.1,"10.0452,105.7469",101.8
2024-01-08 06:24:00,VIN-B0988,101.7,68.3,"10.0452,105.7469",79.6
2024-01-08 06:27:00,VIN-B0989,17.8,19.7,"21.0285,105.8542",72.3
2024-01-08 06:30:00,VIN-B0990,105.0,19.0,"10.9460,108.4419",75.0
2024-01-08 06:33:00,VIN-B0991,86.7,31.8,"11.9404,108.4583",97.5
2024-01-08 06:36:00,VIN-B0992,69.5,73.3,"20.8449,106.6881",86.4
2024-01-08 06:39:00,VIN-B0993,111.6,68.5,"12.2388,109.1967",107.5
2024-01-08 06:42:00,VIN-B0994,25.2,50.0,"10.8231,106.6297",84.6
2024-01-08 06:45:00,VIN-B0995,46.9,37.8,"10.8231,106.6297",71.3
2024-01-08 06:48:00,VIN-B0996,102.4,29.0,"16.0544,108.2022",102.5
2024-01-08 06:51:00,VIN-B0997,55.6,96.8,"11.9404,108.4583",88.0
2024-01-08 06:54:00,VIN-B0998,97.9,75.8,"20.8449,106.6881",96.3
2024-01-08 06:57:00,VIN-B0999,115.0,76.4,"16.0544,108.2022",70.3
2024-01-08 07:00:00,VIN-B1000,94.0,95.7,"20.8449,106.6881",73.7
2024-01-08 07:03:00,VIN-B1001,105.1,36.8,"10.8231,106.6297",105.4
2024-01-08 07:06:00,VIN-B1002,28.8,62.4,"12.2388,109.1967",106.3
2024-01-08 07:09:00,VIN-B1003,86.5,44.7,"10.8231,106.6297",95.3
2024-01-08 07:12:00,VIN-B1004,85.4,81.0,"11.9404,108.4583",83.5
2024-01-08 07:15:00,VIN-B1005,12.6,78.3,"10.0452,105.7469",78.4
2024-01-08 07:18:00,VIN-B1006,39.9,67.6,"12.2388,109.1967",91.2
2024-01-08 07:21:00,VIN-B1007,106.8,99.4,"10.0452,105.7469",87.4
2024-01-08 07:24:00,VIN-B1008,114.0,81.0,"10.9460,108.4419",108.6
2024-01-08 07:27:00,VIN-B1009,70.9,32.6,"10.9460,108.4419",71.8
2024-01-08 07:30:00,VIN-B1010,39.9,43.7,"21.0285,105.8542",89.0
2024-01-08 07:33:00,VIN-B1011,105.4,93.3,"10.0452,105.7469",106.9
2024-01-08 07:36:00,VIN-B1012,100.2,26.2,"12.2388,109.1967",82.0
2024-01-08 07:39:00,VIN-B1013,78.2,8.7,"10.0452,105.7469",96.7
2024-01-08 07:42:00,VIN-B1014,69.5,42.5,"10.8231,106.6297",91.2
2024-01-08 07:45:00,VIN-B1015,4.9,95.4,"10.9460,108.4419",79.6
2024-01-08 07:48:00,VIN-B1016,0.3,9.5,"21.0285,105.8542",102.1
2024-01-08 07:51:00,VIN-B1017,32.8,82.4,"20.8449,106.6881",70.7
2024-01-08 07:54:00,VIN-B1018,104.2,74.6,"12.2388,109.1967",100.8
2024-01-08 07:57:00,VIN-B1019,79.6,52.2,"10.0452,105.7469",91.4
2024-01-08 08:00:00,VIN-B1020,66.3,79.1,"10.0452,105.7469",107.0
2024-01-08 08:03:00,VIN-B1021,46.7,73.9,"16.0544,108.2022",91.8
2024-01-08 08:06:00,VIN-B1022,24.0,70.1,"21.0285,105.8542",83.2
2024-01-08 08:09:00,VIN-B1023,29.5,50.6,"21.0285,105.8542",75.2
2024-01-08 08:12:00,VIN-B1024,89.9,29.5,"12.2388,109.1967",96.9
2024-01-08 08:15:00,VIN-B1025,49.9,91.1,"10.0452,105.7469",99.2
2024-01-08 08:18:00,VIN-B1026,43.4,77.7,"12.2388,109.1967",82.4
2024-01-08 08:21:00,VIN-B1027,65.1,57.1,"21.0285,105.8542",73.0
2024-01-08 08:24:00,VIN-B1028,18.7,16.5,"10.8231,106.6297",108.1
2024-01-08 08:27:00,VIN-B1029,7.9,78.2,"12.2388,109.1967",108.6
2024-01-08 08:30:00,VIN-B1030,13.6,47.9,"21.0285,105.8542",90.0
2024-01-08 08:33:00,VIN-B1031,100.2,55.8,"21.0285,105.8542",89.2
2024-01-08 08:36:00,VIN-B1032,73.7,79.6,"11.9404,108.4583",101.6
2024-01-08 08:39:00,VIN-B1033,42.4,41.8,"10.0452,105.7469",91.8
2024-01-08 08:42:00,VIN-B1034,30.0,6.7,"21.0285,105.8542",109.7
2024-01-08 08:45:00,VIN-B1035,19.5,37.5,"10.0452,105.7469",89.1
2024-01-08 08:48:00,VIN-B1036,111.0,65.0,"10.8231,106.6297",83.6
2024-01-08 08:51:00,VIN-B1037,46.7,76.9,"21.0285,105.8542",102.3
2024-01-08 08:54:00,VIN-B1038,93.1,43.2,"16.0544,108.2022",77.6
2024-01-08 08:57:00,VIN-B1039,76.5,78.5,"21.0285,105.8542",109.0
2024-01-08 09:00:00,VIN-B1040,89.4,84.3,"10.9460,108.4419",92.3
2024-01-08 09:03:00,VIN-B1041,54.9,35.6,"11.9404,108.4583",78.0
2024-01-08 09:06:00,VIN-B1042,5.0,48.0,"10.8231,106.6297",92.8
2024-01-08 09:09:00,VIN-B1043,2.1,68.1,"11.9404,108.4583",95.9
2024-01-08 09:12:00,VIN-B1044,49.9,84.6,"11.9404,108.4583",104.5
2024-01-08 09:15:00,VIN-B1045,10.2,85.1,"21.0285,105.8542",93.7
2024-01-08 09:18:00,VIN-B1046,56.8,57.6,"11.9404,108.4583",74.8
2024-01-08 09:21:00,VIN-B1047,97.3,79.7,"11.9404,108.4583",79.8
2024-01-08 09:24:00,VIN-B1048,64.4,45.4,"10.8231,106.6297",104.3
2024-01-08 09:27:00,VIN-B1049,6.6,33.5,"16.0544,108.2022",97.8
2024-01-08 09:30:00,VIN-B1050,97.9,99.9,"12.2388,109.1967",83.6
2024-01-08 09:33:00,VIN-B1051,49.4,12.1,"11.9404,108.4583",73.0
2024-01-08 09:36:00,VIN-B1052,37.0,33.5,"10.8231,106.6297",71.0
2024-01-08 09:39:00,VIN-B1053,34.2,22.6,"21.0285,105.8542",104.8
2024-01-08 09:42:00,VIN-B1054,111.8,62.3,"21.0285,105.8542",84.5
2024-01-08 09:45:00,VIN-B1055,11.4,30.1,"11.9404,108.4583",82.7
2024-01-08 09:48:00,VIN-B1056,14.8,59.8,"21.0285,105.8542",79.3
2024-01-08 09:51:00,VIN-B1057,33.2,84.9,"21.0285,105.8542",102.5
2024-01-08 09:54:00,VIN-B1058,65.9,59.8,"12.2388,109.1967",106.3
2024-01-08 09:57:00,VIN-B1059,78.9,14.5,"20.8449,106.6881",100.1
2024-01-08 10:00:00,VIN-B1060,4.9,92.3,"20.8449,106.6881",73.7
2024-01-08 10:03:00,VIN-B1061,40.0,75.4,"16.0544,108.2022",72.7
2024-01-08 10:06:00,VIN-B1062,113.9,60.9,"21.0285,105.8542",105.7
2024-01-08 10:09:00,VIN-B1063,5.1,81.9,"20.8449,106.6881",91.7
2024-01-08 10:12:00,VIN-B1064,31.7,61.1,"10.0452,105.7469",73.3
2024-01-08 10:15:00,VIN-B1065,20.2,66.6,"21.0285,105.8542",95.2
2024-01-08 10:18:00,VIN-B1066,2.0,25.7,"16.0544,108.2022",76.8
2024-01-08 10:21:00,VIN-B1067,114.9,87.1,"10.0452,105.7469",109.6
2024-01-08 10:24:00,VIN-B1068,0.6,54.7,"12.2388,109.1967",93.1
2024-01-08 10:27:00,VIN-B1069,87.6,85.0,"10.9460,108.4419",91.9
2024-01-08 10:30:00,VIN-B1070,7.1,25.0,"20.8449,106.6881",77.7
2024-01-08 10:33:00,VIN-B1071,63.3,37.7,"20.8449,106.6881",108.9
2024-01-08 10:36:00,VIN-B1072,49.4,59.9,"12.2388,109.1967",80.0
2024-01-08 10:39:00,VIN-B1073,102.7,16.8,"20.8449,106.6881",80.2
2024-01-08 10:42:00,VIN-B1074,72.6,5.1,"21.0285,105.8542",86.2
2024-01-08 10:45:00,VIN-B1075,22.9,29.0,"16.0544,108.2022",93.1
2024-01-08 10:48:00,VIN-B1076,97.7,60.1,"10.0452,105.7469",75.3
2024-01-08 10:51:00,VIN-B1077,4.8,99.8,"10.8231,106.6297",99.3
2024-01-08 10:54:00,VIN-B1078,82.1,17.6,"10.0452,105.7469",81.1
2024-01-08 10:57:00,VIN-B1079,13.5,5.3,"10.0452,105.7469",98.7
2024-01-08 11:00:00,VIN-B1080,99.6,6.3,"21.0285,105.8542",83.7
2024-01-08 11:03:00,VIN-B1081,53.6,19.0,"21.0285,105.8542",104.8
2024-01-08 11:06:00,VIN-B1082,39.0,44.1,"12.2388,109.1967",87.7
2024-01-08 11:09:00,VIN-B1083,24.2,65.3,"10.0452,105.7469",85.6
2024-01-08 11:12:00,VIN-B1084,22.6,68.3,"10.0452,105.7469",89.6
2024-01-08 11:15:00,VIN-B1085,113.9,46.6,"12.2388,109.1967",70.1
2024-01-08 11:18:00,VIN-B1086,55.6,10.8,"10.8231,106.6297",99.9
2024-01-08 11:21:00,VIN-B1087,62.9,24.4,"21.0285,105.8542",105.3
2024-01-08 11:24:00,VIN-B1088,16.9,31.5,"20.8449,106.6881",100.8
2024-01-08 11:27:00,VIN-B1089,56.8,77.5,"21.0285,105.8542",93.5
2024-01-08 11:30:00,VIN-B1090,41.7,66.2,"10.9460,108.4419",78.0
2024-01-08 11:33:00,VIN-B1091,103.7,84.7,"20.8449,106.6881",80.8
2024-01-08 11:36:00,VIN-B1092,57.6,46.6,"16.0544,108.2022",70.7
2024-01-08 11:39:00,VIN-B1093,28.1,51.2,"10.0452,105.7469",109.5
2024-01-08 11:42:00,VIN-B1094,66.2,66.0,"16.0544,108.2022",74.4
2024-01-08 11:45:00,VIN-B1095,86.5,54.6,"21.0285,105.8542",80.9
2024-01-08 11:48:00,VIN-B1096,79.0,80.9,"20.8449,106.6881",70.8
2024-01-08 11:51:00,VIN-B1097,68.1,89.1,"10.0452,105.7469",106.0
2024-01-08 11:54:00,VIN-B1098,30.3,28.2,"16.0544,108.2022",95.1
2024-01-08 11:57:00,VIN-B1099,117.3,5.3,"10.8231,106.6297",83.1
2024-01-08 12:00:00,VIN-B1100,82.8,57.6,"11.9404,108.4583",70.1
2024-01-08 12:03:00,VIN-B1101,23.2,15.3,"12.2388,109.1967",98.8
2024-01-08 12:06:00,VIN-B1102,51.0,71.1,"12.2388,109.1967",93.4
2024-01-08 12:09:00,VIN-B1103,75.5,68.6,"11.9404,108.4583",73.8
2024-01-08 12:12:00,VIN-B1104,56.6,23.6,"10.0452,105.7469",83.0
2024-01-08 12:15:00,VIN-B1105,102.9,38.9,"10.0452,105.7469",91.3
2024-01-08 12:18:00,VIN-B1106,59.2,45.9,"10.8231,106.6297",97.6
2024-01-08 12:21:00,VIN-B1107,12.4,90.1,"10.0452,105.7469",86.4
2024-01-08 12:24:00,VIN-B1108,5.3,49.4,"21.0285,105.8542",74.1
2024-01-08 12:27:00,VIN-B1109,118.8,57.1,"16.0544,108.2022",78.8
2024-01-08 12:30:00,VIN-B1110,25.7,40.2,"10.8231,106.6297",80.3
2024-01-08 12:33:00,VIN-B1111,110.2,43.9,"12.2388,109.1967",95.7
2024-01-08 12:36:00,VIN-B1112,106.8,89.8,"21.0285,105.8542",83.6
2024-01-08 12:39:00,VIN-B1113,28.4,16.3,"12.2388,109.1967",101.6
2024-01-08 12:42:00,VIN-B1114,64.4,64.8,"10.0452,105.7469",71.8
2024-01-08 12:45:00,VIN-B1115,82.7,56.4,"10.8231,106.6297",107.0
2024-01-08 12:48:00,VIN-B1116,58.7,99.3,"20.8449,106.6881",105.5
2024-01-08 12:51:00,VIN-B1117,12.0,52.9,"10.0452,105.7469",107.0
2024-01-08 12:54:00,VIN-B1118,33.3,45.6,"11.9404,108.4583",107.4
2024-01-08 12:57:00,VIN-B1119,90.4,57.8,"16.0544,108.2022",71.1
2024-01-08 13:00:00,VIN-B1120,11.7,64.6,"10.8231,106.6297",96.7
2024-01-08 13:03:00,VIN-B1121,23.1,83.1,"10.0452,105.7469",99.5
2024-01-08 13:06:00,VIN-B1122,87.9,23.6,"10.0452,105.7469",77.9
2024-01-08 13:09:00,VIN-B1123,35.4,10.8,"10.9460,108.4419",79.0
2024-01-08 13:12:00,VIN-B1124,16.1,16.2,"10.0452,105.7469",84.7
2024-01-08 13:15:00,VIN-B1125,90.8,77.3,"20.8449,106.6881",76.2
2024-01-08 13:18:00,VIN-B1126,7.6,90.6,"10.9460,108.4419",85.1
2024-01-08 13:21:00,VIN-B1127,20.6,8.3,"16.0544,108.2022",97.4
2024-01-08 13:24:00,VIN-B1128,107.1,15.3,"16.0544,108.2022",78.5
2024-01-08 13:27:00,VIN-B1129,18.4,15.3,"10.0452,105.7469",98.0
2024-01-08 13:30:00,VIN-B1130,19.9,72.8,"11.9404,108.4583",105.5
2024-01-08 13:33:00,VIN-B1131,18.9,99.7,"10.0452,105.7469",108.1
2024-01-08 13:36:00,VIN-B1132,51.0,63.0,"10.9460,108.4419",81.2
2024-01-08 13:39:00,VIN-B1133,31.2,25.3,"10.8231,106.6297",77.9
2024-01-08 13:42:00,VIN-B1134,35.5,78.4,"10.9460,108.4419",107.1
2024-01-08 13:45:00,VIN-B1135,105.0,16.0,"16.0544,108.2022",106.0
2024-01-08 13:48:00,VIN-B1136,27.6,71.5,"21.0285,105.8542",92.4
2024-01-08 13:51:00,VIN-B1137,47.4,66.7,"16.0544,108.2022",72.1
2024-01-08 13:54:00,VIN-B1138,21.6,88.2,"16.0544,108.2022",79.6
2024-01-08 13:57:00,VIN-B1139,6.1,86.5,"21.0285,105.8542",79.7
2024-01-08 14:00:00,VIN-B1140,66.3,37.2,"21.0285,105.8542",80.4
2024-01-08 14:03:00,VIN-B1141,39.8,17.9,"16.0544,108.2022",71.8
2024-01-08 14:06:00,VIN-B1142,58.9,84.6,"16.0544,108.2022",102.1
2024-01-08 14:09:00,VIN-B1143,26.5,65.4,"16.0544,108.2022",95.0
2024-01-08 14:12:00,VIN-B1144,8.6,73.5,"21.0285,105.8542",99.5
2024-01-08 14:15:00,VIN-B1145,38.6,20.6,"12.2388,109.1967",109.7
2024-01-08 14:18:00,VIN-B1146,40.5,8.1,"10.8231,106.6297",101.2
2024-01-08 14:21:00,VIN-B1147,93.0,70.6,"10.8231,106.6297",73.3
2024-01-08 14:24:00,VIN-B1148,19.8,75.5,"21.0285,105.8542",73.3
2024-01-08 14:27:00,VIN-B1149,22.9,95.5,"21.0285,105.8542",87.6
2024-01-08 14:30:00,VIN-B1150,107.3,66.5,"10.8231,106.6297",101.5
2024-01-08 14:33:00,VIN-B1151,89.8,62.5,"16.0544,108.2022",109.5
2024-01-08 14:36:00,VIN-B1152,37.5,68.9,"12.2388,109.1967",100.1
2024-01-08 14:39:00,VIN-B1153,31.3,13.1,"16.0544,108.2022",94.0
2024-01-08 14:42:00,VIN-B1154,69.2,50.3,"10.9460,108.4419",90.9
2024-01-08 14:45:00,VIN-B1155,92.2,19.3,"12.2388,109.1967",90.1
2024-01-08 14:48:00,VIN-B1156,94.6,34.8,"10.9460,108.4419",71.6
2024-01-08 14:51:00,VIN-B1157,52.2,7.5,"10.8231,106.6297",70.1
2024-01-08 14:54:00,VIN-B1158,31.4,28.3,"11.9404,108.4583",95.5
2024-01-08 14:57:00,VIN-B1159,10.6,73.8,"12.2388,109.1967",91.2
2024-01-08 15:00:00,VIN-B1160,48.6,58.5,"10.0452,105.7469",86.5
2024-01-08 15:03:00,VIN-B1161,95.7,53.6,"11.9404,108.4583",84.8
2024-01-08 15:06:00,VIN-B1162,5.9,34.5,"16.0544,108.2022",101.4
2024-01-08 15:09:00,VIN-B1163,45.0,9.0,"10.8231,106.6297",95.0
2024-01-08 15:12:00,VIN-B1164,6.4,24.8,"20.8449,106.6881",94.1
2024-01-08 15:15:00,VIN-B1165,73.7,48.7,"11.9404,108.4583",101.5
2024-01-08 15:18:00,VIN-B1166,2.0,64.3,"16.0544,108.2022",75.0
2024-01-08 15:21:00,VIN-B1167,7.3,81.2,"21.0285,105.8542",104.6
2024-01-08 15:24:00,VIN-B1168,30.3,55.2,"10.8231,106.6297",80.5
2024-01-08 15:27:00,VIN-B1169,88.0,96.4,"16.0544,108.2022",91.9
2024-01-08 15:30:00,VIN-B1170,56.8,88.6,"10.0452,105.7469",90.6
2024-01-08 15:33:00,VIN-B1171,45.4,77.6,"21.0285,105.8542",86.0
2024-01-08 15:36:00,VIN-B1172,29.1,68.9,"16.0544,108.2022",97.9
2024-01-08 15:39:00,VIN-B1173,74.3,33.0,"16.0544,108.2022",90.9
2024-01-08 15:42:00,VIN-B1174,77.4,68.4,"12.2388,109.1967",86.3
2024-01-08 15:45:00,VIN-B1175,19.0,28.1,"20.8449,106.6881",100.3
2024-01-08 15:48:00,VIN-B1176,15.7,73.6,"20.8449,106.6881",78.6
2024-01-08 15:51:00,VIN-B1177,37.2,78.9,"21.0285,105.8542",88.5
2024-01-08 15:54:00,VIN-B1178,4.9,42.1,"20.8449,106.6881",76.3
2024-01-08 15:57:00,VIN-B1179,113.5,40.5,"12.2388,109.1967",104.7
2024-01-08 16:00:00,VIN-B1180,5.1,43.3,"10.0452,105.7469",98.8
2024-01-08 16:03:00,VIN-B1181,44.3,56.6,"16.0544,108.2022",81.8
2024-01-08 16:06:00,VIN-B1182,115.1,91.6,"10.8231,106.6297",96.7
2024-01-08 16:09:00,VIN-B1183,56.4,34.2,"12.2388,109.1967",104.5
2024-01-08 16:12:00,VIN-B1184,61.6,96.2,"10.8231,106.6297",100.9
2024-01-08 16:15:00,VIN-B1185,87.7,40.0,"16.0544,108.2022",103.2
2024-01-08 16:18:00,VIN-B1186,33.1,73.9,"16.0544,108.2022",88.6
2024-01-08 16:21:00,VIN-B1187,99.8,10.8,"11.9404,108.4583",71.5
2024-01-08 16:24:00,VIN-B1188,82.4,10.5,"12.2388,109.1967",79.6
2024-01-08 16:27:00,VIN-B1189,110.0,24.8,"11.9404,108.4583",77.8
2024-01-08 16:30:00,VIN-B1190,63.1,60.8,"21.0285,105.8542",85.8
2024-01-08 16:33:00,VIN-B1191,26.6,18.4,"21.0285,105.8542",73.6
2024-01-08 16:36:00,VIN-B1192,85.4,48.2,"10.9460,108.4419",98.9
2024-01-08 16:39:00,VIN-B1193,94.5,56.7,"10.0452,105.7469",79.6
2024-01-08 16:42:00,VIN-B1194,11.0,69.5,"10.9460,108.4419",78.7
2024-01-08 16:45:00,VIN-B1195,48.6,35.7,"10.0452,105.7469",71.6
2024-01-08 16:48:00,VIN-B1196,48.8,8.3,"21.0285,105.8542",108.2
2024-01-08 16:51:00,VIN-B1197,110.2,63.1,"10.9460,108.4419",100.3
2024-01-08 16:54:00,VIN-B1198,39.3,42.0,"10.9460,108.4419",108.4
2024-01-08 16:57:00,VIN-B1199,103.0,79.0,"10.8231,106.6297",70.4
2024-01-08 17:00:00,VIN-B1200,22.2,82.9,"10.8231,106.6297",93.4
2024-01-08 17:03:00,VIN-B1201,40.2,44.4,"16.0544,108.2022",103.5
2024-01-08 17:06:00,VIN-B1202,62.9,6.2,"20.8449,106.6881",83.4
2024-01-08 17:09:00,VIN-B1203,76.4,52.2,"12.2388,109.1967",102.9
2024-01-08 17:12:00,VIN-B1204,71.5,96.2,"20.8449,106.6881",106.7
2024-01-08 17:15:00,VIN-B1205,105.9,69.6,"20.8449,106.6881",84.7
2024-01-08 17:18:00,VIN-B1206,95.0,17.7,"10.8231,106.6297",73.1
2024-01-08 17:21:00,VIN-B1207,72.4,81.8,"12.2388,109.1967",74.4
2024-01-08 17:24:00,VIN-B1208,35.1,27.0,"10.9460,108.4419",83.7
2024-01-08 17:27:00,VIN-B1209,3.2,18.2,"20.8449,106.6881",77.8
2024-01-08 17:30:00,VIN-B1210,97.8,20.0,"10.0452,105.7469",94.3
2024-01-08 17:33:00,VIN-B1211,60.7,12.0,"10.9460,108.4419",81.0
2024-01-08 17:36:00,VIN-B1212,40.5,12.3,"12.2388,109.1967",107.4
2024-01-08 17:39:00,VIN-B1213,83.5,86.4,"12.2388,109.1967",75.2
2024-01-08 17:42:00,VIN-B1214,64.3,94.4,"10.8231,106.6297",103.2
2024-01-08 17:45:00,VIN-B1215,75.7,78.9,"11.9404,108.4583",79.5
2024-01-08 17:48:00,VIN-B1216,112.3,45.7,"10.8231,106.6297",90.8
2024-01-08 17:51:00,VIN-B1217,11.5,75.9,"20.8449,106.6881",101.2
2024-01-08 17:54:00,VIN-B1218,2.2,9.0,"10.0452,105.7469",105.0
2024-01-08 17:57:00,VIN-B1219,6.6,89.1,"11.9404,108.4583",85.6
2024-01-08 18:00:00,VIN-B1220,106.1,13.4,"10.8231,106.6297",85.5
2024-01-08 18:03:00,VIN-B1221,82.2,11.9,"10.0452,105.7469",74.0
2024-01-08 18:06:00,VIN-B1222,21.1,25.8,"11.9404,108.4583",84.2
2024-01-08 18:09:00,VIN-B1223,98.1,53.4,"16.0544,108.2022",87.4
2024-01-08 18:12:00,VIN-B1224,13.1,64.5,"10.9460,108.4419",87.0
2024-01-08 18:15:00,VIN-B1225,67.4,90.7,"10.0452,105.7469",109.4
2024-01-08 18:18:00,VIN-B1226,99.8,32.6,"10.8231,106.6297",74.6
2024-01-08 18:21:00,VIN-B1227,36.5,57.7,"10.9460,108.4419",101.2
2024-01-08 18:24:00,VIN-B1228,41.1,27.6,"16.0544,108.2022",86.3
2024-01-08 18:27:00,VIN-B1229,25.4,66.3,"21.0285,105.8542",72.1
2024-01-08 18:30:00,VIN-B1230,80.0,47.9,"10.8231,106.6297",94.2
2024-01-08 18:33:00,VIN-B1231,5.7,40.0,"21.0285,105.8542",102.1
2024-01-08 18:36:00,VIN-B1232,34.3,22.3,"10.8231,106.6297",98.6
2024-01-08 18:39:00,VIN-B1233,54.4,29.2,"16.0544,108.2022",86.1
2024-01-08 18:42:00,VIN-B1234,71.7,59.4,"20.8449,106.6881",100.7
2024-01-08 18:45:00,VIN-B1235,68.7,40.7,"12.2388,109.1967",103.2
2024-01-08 18:48:00,VIN-B1236,77.0,77.2,"10.9460,108.4419",73.6
2024-01-08 18:51:00,VIN-B1237,62.7,18.8,"11.9404,108.4583",93.2
2024-01-08 18:54:00,VIN-B1238,76.4,59.0,"16.0544,108.2022",83.2
2024-01-08 18:57:00,VIN-B1239,12.4,7.0,"12.2388,109.1967",92.8
2024-01-08 19:00:00,VIN-B1240,95.1,86.4,"16.0544,108.2022",105.6
2024-01-08 19:03:00,VIN-B1241,13.0,84.7,"10.0452,105.7469",81.8
2024-01-08 19:06:00,VIN-B1242,17.0,97.1,"20.8449,106.6881",92.6
2024-01-08 19:09:00,VIN-B1243,115.3,10.2,"10.8231,106.6297",109.6
2024-01-08 19:12:00,VIN-B1244,56.8,42.8,"21.0285,105.8542",88.3
2024-01-08 19:15:00,VIN-B1245,50.1,89.7,"10.9460,108.4419",77.0
2024-01-08 19:18:00,VIN-B1246,25.9,58.4,"10.0452,105.7469",90.8
2024-01-08 19:21:00,VIN-B1247,26.4,68.7,"11.9404,108.4583",96.0
2024-01-08 19:24:00,VIN-B1248,107.8,54.4,"10.8231,106.6297",103.4
2024-01-08 19:27:00,VIN-B1249,117.7,83.7,"11.9404,108.4583",108.4
2024-01-08 19:30:00,VIN-B1250,106.5,16.2,"16.0544,108.2022",106.1
2024-01-08 19:33:00,VIN-B1251,68.0,46.2,"10.8231,106.6297",92.0
2024-01-08 19:36:00,VIN-B1252,101.9,19.0,"11.9404,108.4583",91.8
2024-01-08 19:39:00,VIN-B1253,17.6,67.8,"21.0285,105.8542",101.3
2024-01-08 19:42:00,VIN-B1254,45.9,40.9,"20.8449,106.6881",95.2
2024-01-08 19:45:00,VIN-B1255,110.8,25.6,"10.9460,108.4419",102.3
2024-01-08 19:48:00,VIN-B1256,11.8,83.9,"16.0544,108.2022",100.7
2024-01-08 19:51:00,VIN-B1257,96.9,34.8,"11.9404,108.4583",109.2
2024-01-08 19:54:00,VIN-B1258,90.1,28.9,"10.0452,105.7469",101.1
2024-01-08 19:57:00,VIN-B1259,47.8,19.2,"12.2388,109.1967",104.0
2024-01-08 20:00:00,VIN-B1260,32.6,90.4,"10.8231,106.6297",103.3
2024-01-08 20:03:00,VIN-B1261,19.7,76.5,"10.8231,106.6297",70.3
2024-01-08 20:06:00,VIN-B1262,102.3,46.3,"20.8449,106.6881",106.3
2024-01-08 20:09:00,VIN-B1263,46.7,99.9,"21.0285,105.8542",103.3
2024-01-08 20:12:00,VIN-B1264,91.6,52.9,"21.0285,105.8542",73.2
2024-01-08 20:15:00,VIN-B1265,23.2,63.1,"10.8231,106.6297",71.9
2024-01-08 20:18:00,VIN-B1266,7.9,55.1,"12.2388,109.1967",73.2
2024-01-08 20:21:00,VIN-B1267,75.6,12.0,"11.9404,108.4583",72.2
2024-01-08 20:24:00,VIN-B1268,48.9,21.8,"10.0452,105.7469",104.9
2024-01-08 20:27:00,VIN-B1269,113.9,66.0,"16.0544,108.2022",72.0
2024-01-08 20:30:00,VIN-B1270,44.2,65.6,"12.2388,109.1967",70.7
2024-01-08 20:33:00,VIN-B1271,59.4,47.1,"12.2388,109.1967",85.6
2024-01-08 20:36:00,VIN-B1272,7.0,94.6,"16.0544,108.2022",99.0
2024-01-08 20:39:00,VIN-B1273,91.6,44.1,"16.0544,108.2022",93.9
2024-01-08 20:42:00,VIN-B1274,41.3,57.8,"21.0285,105.8542",99.8
2024-01-08 20:45:00,VIN-B1275,59.1,64.4,"10.9460,108.4419",106.9
2024-01-08 20:48:00,VIN-B1276,110.8,98.3,"21.0285,105.8542",100.8
2024-01-08 20:51:00,VIN-B1277,31.6,42.7,"12.2388,109.1967",72.7
2024-01-08 20:54:00,VIN-B1278,23.4,24.3,"10.0452,105.7469",73.6
2024-01-08 20:57:00,VIN-B1279,15.9,93.5,"11.9404,108.4583",98.6
2024-01-08 21:00:00,VIN-B1280,20.5,37.8,"20.8449,106.6881",74.3
2024-01-08 21:03:00,VIN-B1281,65.4,12.5,"10.8231,106.6297",78.2
2024-01-08 21:06:00,VIN-B1282,119.5,91.2,"21.0285,105.8542",73.1
2024-01-08 21:09:00,VIN-B1283,19.6,41.1,"10.0452,105.7469",100.0
2024-01-08 21:12:00,VIN-B1284,28.6,53.8,"11.9404,108.4583",75.3
2024-01-08 21:15:00,VIN-B1285,59.5,59.5,"11.9404,108.4583",85.0
2024-01-08 21:18:00,VIN-B1286,22.8,47.5,"12.2388,109.1967",82.3
2024-01-08 21:21:00,VIN-B1287,71.1,74.0,"16.0544,108.2022",104.6
2024-01-08 21:24:00,VIN-B1288,38.8,18.4,"20.8449,106.6881",81.8
2024-01-08 21:27:00,VIN-B1289,5.2,82.7,"20.8449,106.6881",81.0
2024-01-08 21:30:00,VIN-B1290,119.4,27.5,"10.0452,105.7469",97.3
2024-01-08 21:33:00,VIN-B1291,99.8,42.8,"21.0285,105.8542",107.1
2024-01-08 21:36:00,VIN-B1292,108.6,75.4,"10.9460,108.4419",96.7
2024-01-08 21:39:00,VIN-B1293,20.4,22.7,"10.8231,106.6297",103.4
2024-01-08 21:42:00,VIN-B1294,76.7,88.4,"16.0544,108.2022",74.1
2024-01-08 21:45:00,VIN-B1295,23.2,54.3,"20.8449,106.6881",76.9
2024-01-08 21:48:00,VIN-B1296,65.5,74.8,"10.9460,108.4419",101.4
2024-01-08 21:51:00,VIN-B1297,82.4,46.6,"20.8449,106.6881",104.7
2024-01-08 21:54:00,VIN-B1298,27.8,83.1,"10.0452,105.7469",105.1
2024-01-08 21:57:00,VIN-B1299,101.8,21.8,"11.9404,108.4583",86.3
2024-01-08 22:00:00,VIN-B1300,40.6,59.4,"10.9460,108.4419",108.4
2024-01-08 22:03:00,VIN-B1301,2.8,79.6,"20.8449,106.6881",86.1
2024-01-08 22:06:00,VIN-B1302,111.3,16.3,"10.9460,108.4419",98.0
2024-01-08 22:09:00,VIN-B1303,48.3,94.1,"10.0452,105.7469",106.0
2024-01-08 22:12:00,VIN-B1304,62.2,81.7,"10.8231,106.6297",84.6
2024-01-08 22:15:00,VIN-B1305,0.3,56.4,"21.0285,105.8542",96.4
2024-01-08 22:18:00,VIN-B1306,20.5,26.3,"11.9404,108.4583",83.1
2024-01-08 22:21:00,VIN-B1307,19.1,99.3,"11.9404,108.4583",70.6
2024-01-08 22:24:00,VIN-B1308,40.2,98.9,"21.0285,105.8542",97.5
2024-01-08 22:27:00,VIN-B1309,48.6,19.3,"21.0285,105.8542",90.9
2024-01-08 22:30:00,VIN-B1310,92.4,21.6,"16.0544,108.2022",83.1
2024-01-08 22:33:00,VIN-B1311,47.8,48.4,"10.8231,106.6297",92.3
2024-01-08 22:36:00,VIN-B1312,64.1,69.8,"10.0452,105.7469",87.2
2024-01-08 22:39:00,VIN-B1313,73.1,32.4,"10.8231,106.6297",108.1
2024-01-08 22:42:00,VIN-B1314,15.2,92.3,"11.9404,108.4583",101.9
2024-01-08 22:45:00,VIN-B1315,114.2,70.7,"10.0452,105.7469",96.5
2024-01-08 22:48:00,VIN-B1316,65.1,97.6,"12.2388,109.1967",90.3
2024-01-08 22:51:00,VIN-B1317,35.0,17.3,"11.9404,108.4583",103.8
2024-01-08 22:54:00,VIN-B1318,73.2,57.6,"21.0285,105.8542",95.9
2024-01-08 22:57:00,VIN-B1319,34.0,47.9,"10.9460,108.4419",108.5
2024-01-08 23:00:00,VIN-B1320,90.1,8.4,"10.9460,108.4419",73.7
2024-01-08 23:03:00,VIN-B1321,110.8,27.4,"20.8449,106.6881",87.9
2024-01-08 23:06:00,VIN-B1322,57.3,56.2,"16.0544,108.2022",71.0
2024-01-08 23:09:00,VIN-B1323,73.9,31.1,"21.0285,105.8542",108.5
2024-01-08 23:12:00,VIN-B1324,7.6,64.6,"10.9460,108.4419",89.8
2024-01-08 23:15:00,VIN-B1325,63.9,41.5,"16.0544,108.2022",104.3
2024-01-08 23:18:00,VIN-B1326,69.0,46.5,"10.9460,108.4419",98.7
2024-01-08 23:21:00,VIN-B1327,18.5,84.2,"11.9404,108.4583",90.6
2024-01-08 23:24:00,VIN-B1328,23.5,99.4,"10.8231,106.6297",101.6
2024-01-08 23:27:00,VIN-B1329,63.9,69.7,"10.8231,106.6297",85.9
2024-01-08 23:30:00,VIN-B1330,22.3,64.4,"10.0452,105.7469",84.7
2024-01-08 23:33:00,VIN-B1331,83.5,88.9,"11.9404,108.4583",100.2
2024-01-08 23:36:00,VIN-B1332,46.8,74.1,"11.9404,108.4583",97.4
2024-01-08 23:39:00,VIN-B1333,68.3,7.9,"21.0285,105.8542",76.7
2024-01-08 23:42:00,VIN-B1334,108.0,21.7,"11.9404,108.4583",104.1
2024-01-08 23:45:00,VIN-B1335,32.2,22.3,"20.8449,106.6881",88.4
2024-01-08 23:48:00,VIN-B1336,47.3,18.3,"12.2388,109.1967",77.4
2024-01-08 23:51:00,VIN-B1337,29.6,95.4,"12.2388,109.1967",101.6
2024-01-08 23:54:00,VIN-B1338,99.6,26.1,"10.0452,105.7469",91.8
2024-01-08 23:57:00,VIN-B1339,108.2,59.4,"21.0285,105.8542",83.6
2024-01-09 00:00:00,VIN-B1340,19.7,12.6,"11.9404,108.4583",77.5
2024-01-09 00:03:00,VIN-B1341,91.4,73.6,"10.9460,108.4419",77.1
2024-01-09 00:06:00,VIN-B1342,113.4,42.0,"16.0544,108.2022",86.1
2024-01-09 00:09:00,VIN-B1343,70.7,87.5,"10.0452,105.7469",83.7
2024-01-09 00:12:00,VIN-B1344,73.0,70.2,"21.0285,105.8542",78.9
2024-01-09 00:15:00,VIN-B1345,119.0,52.9,"20.8449,106.6881",84.8
2024-01-09 00:18:00,VIN-B1346,3.1,66.4,"12.2388,109.1967",108.3
2024-01-09 00:21:00,VIN-B1347,113.9,58.1,"10.8231,106.6297",94.4
2024-01-09 00:24:00,VIN-B1348,90.7,78.4,"12.2388,109.1967",103.0
2024-01-09 00:27:00,VIN-B1349,26.9,23.4,"21.0285,105.8542",105.1
2024-01-09 00:30:00,VIN-B1350,107.3,83.3,"21.0285,105.8542",107.1
2024-01-09 00:33:00,VIN-B1351,13.6,50.7,"10.9460,108.4419",76.6
2024-01-09 00:36:00,VIN-B1352,23.9,84.1,"11.9404,108.4583",93.3
2024-01-09 00:39:00,VIN-B1353,32.3,8.6,"11.9404,108.4583",78.4
2024-01-09 00:42:00,VIN-B1354,36.9,35.9,"10.9460,108.4419",74.3
2024-01-09 00:45:00,VIN-B1355,99.3,24.2,"10.0452,105.7469",99.2
2024-01-09 00:48:00,VIN-B1356,43.9,89.2,"20.8449,106.6881",89.0
2024-01-09 00:51:00,VIN-B1357,101.5,54.8,"10.0452,105.7469",102.0
2024-01-09 00:54:00,VIN-B1358,53.7,35.1,"10.8231,106.6297",108.4
2024-01-09 00:57:00,VIN-B1359,31.9,85.4,"21.0285,105.8542",81.3
2024-01-09 01:00:00,VIN-B1360,92.4,13.3,"11.9404,108.4583",77.1
2024-01-09 01:03:00,VIN-B1361,46.0,55.3,"21.0285,105.8542",97.8
2024-01-09 01:06:00,VIN-B1362,62.8,58.3,"16.0544,108.2022",100.3
2024-01-09 01:09:00,VIN-B1363,0.8,39.3,"10.0452,105.7469",103.8
2024-01-09 01:12:00,VIN-B1364,63.2,86.4,"11.9404,108.4583",86.1
2024-01-09 01:15:00,VIN-B1365,106.8,93.8,"20.8449,106.6881",86.6
2024-01-09 01:18:00,VIN-B1366,114.7,87.1,"20.8449,106.6881",101.7
2024-01-09 01:21:00,VIN-B1367,54.0,47.0,"12.2388,109.1967",104.5
2024-01-09 01:24:00,VIN-B1368,16.6,72.1,"11.9404,108.4583",109.3
2024-01-09 01:27:00,VIN-B1369,107.2,31.6,"11.9404,108.4583",99.3
2024-01-09 01:30:00,VIN-B1370,50.6,39.6,"11.9404,108.4583",101.5
2024-01-09 01:33:00,VIN-B1371,101.0,32.4,"16.0544,108.2022",82.2
2024-01-09 01:36:00,VIN-B1372,73.7,16.3,"21.0285,105.8542",102.5
2024-01-09 01:39:00,VIN-B1373,51.4,36.6,"16.0544,108.2022",107.3
2024-01-09 01:42:00,VIN-B1374,0.8,8.7,"16.0544,108.2022",102.1
2024-01-09 01:45:00,VIN-B1375,44.7,26.8,"10.0452,105.7469",72.9
2024-01-09 01:48:00,VIN-B1376,28.4,66.1,"21.0285,105.8542",102.0
2024-01-09 01:51:00,VIN-B1377,104.2,11.6,"10.8231,106.6297",83.0
2024-01-09 01:54:00,VIN-B1378,57.7,54.6,"20.8449,106.6881",92.2
2024-01-09 01:57:00,VIN-B1379,21.9,14.5,"12.2388,109.1967",81.4
2024-01-09 02:00:00,VIN-B1380,62.4,63.6,"20.8449,106.6881",93.5
2024-01-09 02:03:00,VIN-B1381,119.4,51.6,"10.9460,108.4419",108.5
2024-01-09 02:06:00,VIN-B1382,82.8,94.0,"20.8449,106.6881",88.0
2024-01-09 02:09:00,VIN-B1383,76.5,46.9,"12.2388,109.1967",95.7
2024-01-09 02:12:00,VIN-B1384,18.0,5.6,"11.9404,108.4583",103.8
2024-01-09 02:15:00,VIN-B1385,118.2,71.9,"11.9404,108.4583",81.5
2024-01-09 02:18:00,VIN-B1386,114.0,11.6,"10.0452,105.7469",102.2
2024-01-09 02:21:00,VIN-B1387,20.7,56.6,"21.0285,105.8542",99.5
2024-01-09 02:24:00,VIN-B1388,22.9,11.0,"10.0452,105.7469",94.3
2024-01-09 02:27:00,VIN-B1389,105.4,66.3,"12.2388,109.1967",95.0
2024-01-09 02:30:00,VIN-B1390,7.1,75.1,"21.0285,105.8542",90.8
2024-01-09 02:33:00,VIN-B1391,49.8,51.5,"10.0452,105.7469",98.7
2024-01-09 02:36:00,VIN-B1392,55.6,7.3,"16.0544,108.2022",100.7
2024-01-09 02:39:00,VIN-B1393,48.5,72.1,"10.9460,108.4419",77.1
2024-01-09 02:42:00,VIN-B1394,21.7,38.3,"10.9460,108.4419",82.8
2024-01-09 02:45:00,VIN-B1395,89.6,39.5,"12.2388,109.1967",89.4
2024-01-09 02:48:00,VIN-B1396,45.5,87.0,"10.8231,106.6297",83.0
2024-01-09 02:51:00,VIN-B1397,74.2,53.5,"10.9460,108.4419",85.3
2024-01-09 02:54:00,VIN-B1398,78.9,27.9,"21.0285,105.8542",85.7
2024-01-09 02:57:00,VIN-B1399,65.9,22.3,"10.9460,108.4419",108.4
2024-01-09 03:00:00,VIN-B1400,77.5,21.7,"10.9460,108.4419",97.5
2024-01-09 03:03:00,VIN-B1401,23.8,79.8,"10.0452,105.7469",107.0
2024-01-09 03:06:00,VIN-B1402,78.6,96.8,"10.8231,106.6297",83.0
2024-01-09 03:09:00,VIN-B1403,20.7,59.8,"10.0452,105.7469",99.6
2024-01-09 03:12:00,VIN-B1404,105.8,95.8,"20.8449,106.6881",102.0
2024-01-09 03:15:00,VIN-B1405,78.9,60.6,"12.2388,109.1967",79.5
2024-01-09 03:18:00,VIN-B1406,66.1,27.5,"16.0544,108.2022",83.0
2024-01-09 03:21:00,VIN-B1407,43.6,96.6,"10.0452,105.7469",82.8
2024-01-09 03:24:00,VIN-B1408,112.8,30.3,"21.0285,105.8542",89.6
2024-01-09 03:27:00,VIN-B1409,77.4,75.0,"10.9460,108.4419",78.8
2024-01-09 03:30:00,VIN-B1410,97.0,32.5,"10.8231,106.6297",92.8
2024-01-09 03:33:00,VIN-B1411,31.3,29.1,"10.9460,108.4419",94.4
2024-01-09 03:36:00,VIN-B1412,87.0,22.1,"10.9460,108.4419",94.1
2024-01-09 03:39:00,VIN-B1413,101.8,60.3,"10.8231,106.6297",77.5
2024-01-09 03:42:00,VIN-B1414,20.9,11.6,"10.8231,106.6297",83.2
2024-01-09 03:45:00,VIN-B1415,80.0,61.6,"10.9460,108.4419",98.8
2024-01-09 03:48:00,VIN-B1416,25.7,72.3,"11.9404,108.4583",75.5
2024-01-09 03:51:00,VIN-B1417,114.1,94.9,"10.0452,105.7469",75.2
2024-01-09 03:54:00,VIN-B1418,3.4,69.1,"21.0285,105.8542",75.4
2024-01-09 03:57:00,VIN-B1419,43.7,74.3,"10.8231,106.6297",91.9
2024-01-09 04:00:00,VIN-B1420,20.8,88.9,"12.2388,109.1967",100.4
2024-01-09 04:03:00,VIN-B1421,58.7,82.0,"10.9460,108.4419",90.7
2024-01-09 04:06:00,VIN-B1422,60.7,59.0,"11.9404,108.4583",97.3
2024-01-09 04:09:00,VIN-B1423,83.2,73.6,"11.9404,108.4583",96.7
2024-01-09 04:12:00,VIN-B1424,42.9,27.5,"20.8449,106.6881",107.0
2024-01-09 04:15:00,VIN-B1425,95.8,92.6,"10.8231,106.6297",78.1
2024-01-09 04:18:00,VIN-B1426,33.4,33.7,"20.8449,106.6881",95.8
2024-01-09 04:21:00,VIN-B1427,97.8,86.2,"11.9404,108.4583",74.4
2024-01-09 04:24:00,VIN-B1428,8.0,84.3,"16.0544,108.2022",108.2
2024-01-09 04:27:00,VIN-B1429,104.6,59.2,"21.0285,105.8542",70.9
2024-01-09 04:30:00,VIN-B1430,17.9,59.8,"11.9404,108.4583",96.6
2024-01-09 04:33:00,VIN-B1431,11.1,23.9,"12.2388,109.1967",96.2
2024-01-09 04:36:00,VIN-B1432,88.2,23.3,"10.0452,105.7469",106.5
2024-01-09 04:39:00,VIN-B1433,69.2,99.3,"21.0285,105.8542",78.4
2024-01-09 04:42:00,VIN-B1434,71.2,13.8,"21.0285,105.8542",75.8
2024-01-09 04:45:00,VIN-B1435,5.8,19.3,"16.0544,108.2022",74.6
2024-01-09 04:48:00,VIN-B1436,18.9,87.3,"10.9460,108.4419",86.4
2024-01-09 04:51:00,VIN-B1437,90.3,18.3,"21.0285,105.8542",94.2
2024-01-09 04:54:00,VIN-B1438,89.5,13.5,"21.0285,105.8542",85.3
2024-01-09 04:57:00,VIN-B1439,12.5,91.8,"10.8231,106.6297",74.8
2024-01-09 05:00:00,VIN-B1440,86.6,47.4,"11.9404,108.4583",96.5
2024-01-09 05:03:00,VIN-B1441,111.1,77.2,"10.0452,105.7469",77.9
2024-01-09 05:06:00,VIN-B1442,74.8,74.3,"10.8231,106.6297",81.7
2024-01-09 05:09:00,VIN-B1443,23.1,41.1,"10.0452,105.7469",91.4
2024-01-09 05:12:00,VIN-B1444,79.2,48.3,"12.2388,109.1967",101.1
2024-01-09 05:15:00,VIN-B1445,12.4,77.6,"12.2388,109.1967",77.0
2024-01-09 05:18:00,VIN-B1446,10.8,7.2,"20.8449,106.6881",95.0
2024-01-09 05:21:00,VIN-B1447,16.9,37.0,"10.8231,106.6297",93.1
2024-01-09 05:24:00,VIN-B1448,39.2,17.8,"12.2388,109.1967",85.0
2024-01-09 05:27:00,VIN-B1449,2.1,83.2,"10.0452,105.7469",98.0
2024-01-09 05:30:00,VIN-B1450,44.0,96.9,"20.8449,106.6881",103.6
2024-01-09 05:33:00,VIN-B1451,7.9,75.5,"10.8231,106.6297",102.2
2024-01-09 05:36:00,VIN-B1452,25.8,68.4,"11.9404,108.4583",75.1
2024-01-09 05:39:00,VIN-B1453,83.3,52.2,"10.8231,106.6297",101.1
2024-01-09 05:42:00,VIN-B1454,27.5,48.1,"16.0544,108.2022",81.0
2024-01-09 05:45:00,VIN-B1455,50.9,39.1,"11.9404,108.4583",91.6
2024-01-09 05:48:00,VIN-B1456,46.5,77.4,"16.0544,108.2022",78.5
2024-01-09 05:51:00,VIN-B1457,3.2,94.4,"16.0544,108.2022",71.0
2024-01-09 05:54:00,VIN-B1458,118.8,93.4,"20.8449,106.6881",74.9
2024-01-09 05:57:00,VIN-B1459,73.7,50.5,"10.9460,108.4419",81.1
2024-01-09 06:00:00,VIN-B1460,20.0,63.8,"10.9460,108.4419",98.8
2024-01-09 06:03:00,VIN-B1461,115.7,46.0,"10.8231,106.6297",86.5
2024-01-09 06:06:00,VIN-B1462,15.6,86.7,"21.0285,105.8542",83.7
2024-01-09 06:09:00,VIN-B1463,31.3,87.1,"10.8231,106.6297",78.9
2024-01-09 06:12:00,VIN-B1464,85.2,32.1,"10.0452,105.7469",72.3
2024-01-09 06:15:00,VIN-B1465,2.0,39.5,"20.8449,106.6881",108.3
2024-01-09 06:18:00,VIN-B1466,67.7,78.0,"10.9460,108.4419",84.7
2024-01-09 06:21:00,VIN-B1467,107.2,34.3,"21.0285,105.8542",84.8
2024-01-09 06:24:00,VIN-B1468,70.8,78.9,"11.9404,108.4583",84.9
2024-01-09 06:27:00,VIN-B1469,51.0,21.4,"10.0452,105.7469",80.1
2024-01-09 06:30:00,VIN-B1470,101.0,18.0,"12.2388,109.1967",88.5
2024-01-09 06:33:00,VIN-B1471,0.3,9.2,"10.8231,106.6297",100.8
2024-01-09 06:36:00,VIN-B1472,95.7,53.8,"10.8231,106.6297",78.3
2024-01-09 06:39:00,VIN-B1473,96.7,75.0,"20.8449,106.6881",92.2
2024-01-09 06:42:00,VIN-B1474,12.0,42.9,"21.0285,105.8542",89.6
2024-01-09 06:45:00,VIN-B1475,50.9,9.0,"10.8231,106.6297",90.7
2024-01-09 06:48:00,VIN-B1476,97.5,68.7,"10.9460,108.4419",74.3
2024-01-09 06:51:00,VIN-B1477,71.1,87.5,"21.0285,105.8542",109.0
2024-01-09 06:54:00,VIN-B1478,84.5,49.0,"10.0452,105.7469",90.3
2024-01-09 06:57:00,VIN-B1479,49.0,14.7,"10.8231,106.6297",88.5
2024-01-09 07:00:00,VIN-B1480,27.5,12.6,"10.8231,106.6297",102.5
2024-01-09 07:03:00,VIN-B1481,34.5,97.1,"12.2388,109.1967",89.7
2024-01-09 07:06:00,VIN-B1482,23.9,43.1,"21.0285,105.8542",98.2
2024-01-09 07:09:00,VIN-B1483,3.0,58.7,"16.0544,108.2022",84.0
2024-01-09 07:12:00,VIN-B1484,103.1,69.3,"10.9460,108.4419",87.0
2024-01-09 07:15:00,VIN-B1485,51.5,29.1,"10.8231,106.6297",78.2
2024-01-09 07:18:00,VIN-B1486,67.4,36.7,"10.0452,105.7469",94.3
2024-01-09 07:21:00,VIN-B1487,18.8,81.9,"10.9460,108.4419",106.9
2024-01-09 07:24:00,VIN-B1488,100.6,89.5,"20.8449,106.6881",102.9
2024-01-09 07:27:00,VIN-B1489,9.5,60.6,"10.0452,105.7469",103.2
2024-01-09 07:30:00,VIN-B1490,83.9,50.1,"10.8231,106.6297",72.3
2024-01-09 07:33:00,VIN-B1491,31.9,44.4,"21.0285,105.8542",82.4
2024-01-09 07:36:00,VIN-B1492,39.6,61.0,"21.0285,105.8542",101.8
2024-01-09 07:39:00,VIN-B1493,6.1,60.9,"10.9460,108.4419",75.0
2024-01-09 07:42:00,VIN-B1494,30.3,6.9,"12.2388,109.1967",93.4
2024-01-09 07:45:00,VIN-B1495,65.3,94.4,"21.0285,105.8542",102.8
2024-01-09 07:48:00,VIN-B1496,67.6,71.5,"12.2388,109.1967",93.0
2024-01-09 07:51:00,VIN-B1497,37.8,68.4,"21.0285,105.8542",82.7
2024-01-09 07:54:00,VIN-B1498,20.7,29.3,"10.8231,106.6297",102.3
2024-01-09 07:57:00,VIN-B1499,35.7,83.9,"10.9460,108.4419",107.2
2024-01-09 08:00:00,VIN-B1500,47.4,62.6,"10.9460,108.4419",95.6
2024-01-09 08:03:00,VIN-B1501,77.8,23.9,"10.9460,108.4419",97.4
2024-01-09 08:06:00,VIN-B1502,97.6,41.3,"12.2388,109.1967",74.1
2024-01-09 08:09:00,VIN-B1503,109.0,95.8,"16.0544,108.2022",78.7
2024-01-09 08:12:00,VIN-B1504,34.4,9.7,"10.9460,108.4419",92.8
2024-01-09 08:15:00,VIN-B1505,29.8,83.9,"11.9404,108.4583",87.5
2024-01-09 08:18:00,VIN-B1506,25.3,70.4,"12.2388,109.1967",93.3
2024-01-09 08:21:00,VIN-B1507,109.4,99.6,"10.9460,108.4419",102.3
2024-01-09 08:24:00,VIN-B1508,8.0,83.1,"12.2388,109.1967",76.6
2024-01-09 08:27:00,VIN-B1509,51.7,98.9,"16.0544,108.2022",71.1
2024-01-09 08:30:00,VIN-B1510,56.1,54.0,"16.0544,108.2022",74.2
2024-01-09 08:33:00,VIN-B1511,49.3,84.9,"10.8231,106.6297",95.2
2024-01-09 08:36:00,VIN-B1512,79.3,29.7,"21.0285,105.8542",79.4
2024-01-09 08:39:00,VIN-B1513,82.1,76.3,"10.9460,108.4419",106.0
2024-01-09 08:42:00,VIN-B1514,107.7,12.9,"10.9460,108.4419",108.5
2024-01-09 08:45:00,VIN-B1515,87.7,56.1,"12.2388,109.1967",107.1
2024-01-09 08:48:00,VIN-B1516,61.0,82.5,"21.0285,105.8542",108.8
2024-01-09 08:51:00,VIN-B1517,111.4,89.9,"12.2388,109.1967",91.4
2024-01-09 08:54:00,VIN-B1518,19.3,16.4,"11.9404,108.4583",90.9
2024-01-09 08:57:00,VIN-B1519,88.5,27.1,"10.9460,108.4419",108.9
2024-01-09 09:00:00,VIN-B1520,44.9,93.6,"16.0544,108.2022",72.5
2024-01-09 09:03:00,VIN-B1521,3.1,56.3,"20.8449,106.6881",89.0
2024-01-09 09:06:00,VIN-B1522,56.8,13.9,"16.0544,108.2022",103.7
2024-01-09 09:09:00,VIN-B1523,45.6,13.1,"20.8449,106.6881",73.7
2024-01-09 09:12:00,VIN-B1524,77.8,13.0,"16.0544,108.2022",90.4
2024-01-09 09:15:00,VIN-B1525,60.0,82.6,"12.2388,109.1967",101.7
2024-01-09 09:18:00,VIN-B1526,72.0,45.2,"16.0544,108.2022",88.5
2024-01-09 09:21:00,VIN-B1527,90.3,60.0,"10.9460,108.4419",96.6
2024-01-09 09:24:00,VIN-B1528,6.0,9.1,"11.9404,108.4583",79.2
2024-01-09 09:27:00,VIN-B1529,14.1,90.9,"21.0285,105.8542",101.6
2024-01-09 09:30:00,VIN-B1530,50.8,38.7,"10.8231,106.6297",89.8
2024-01-09 09:33:00,VIN-B1531,66.2,28.6,"10.9460,108.4419",81.4
2024-01-09 09:36:00,VIN-B1532,107.3,70.6,"10.0452,105.7469",83.3
2024-01-09 09:39:00,VIN-B1533,45.3,15.2,"10.9460,108.4419",93.2
2024-01-09 09:42:00,VIN-B1534,103.1,67.6,"20.8449,106.6881",77.3
2024-01-09 09:45:00,VIN-B1535,76.8,89.1,"20.8449,106.6881",98.1
2024-01-09 09:48:00,VIN-B1536,34.0,62.9,"20.8449,106.6881",91.9
2024-01-09 09:51:00,VIN-B1537,86.4,93.9,"20.8449,106.6881",71.0
2024-01-09 09:54:00,VIN-B1538,54.4,34.7,"21.0285,105.8542",87.8
2024-01-09 09:57:00,VIN-B1539,18.4,37.1,"20.8449,106.6881",75.7
2024-01-09 10:00:00,VIN-B1540,117.7,38.8,"10.0452,105.7469",103.0
2024-01-09 10:03:00,VIN-B1541,48.8,56.5,"16.0544,108.2022",70.0
2024-01-09 10:06:00,VIN-B1542,116.1,96.2,"10.0452,105.7469",80.6
2024-01-09 10:09:00,VIN-B1543,48.0,71.2,"10.0452,105.7469",94.6
2024-01-09 10:12:00,VIN-B1544,105.6,18.1,"12.2388,109.1967",85.8
2024-01-09 10:15:00,VIN-B1545,18.2,98.8,"10.9460,108.4419",94.1
2024-01-09 10:18:00,VIN-B1546,8.2,7.1,"21.0285,105.8542",73.6
2024-01-09 10:21:00,VIN-B1547,8.9,99.9,"21.0285,105.8542",93.5
2024-01-09 10:24:00,VIN-B1548,90.8,73.9,"11.9404,108.4583",96.4
2024-01-09 10:27:00,VIN-B1549,118.5,65.8,"16.0544,108.2022",109.9
2024-01-09 10:30:00,VIN-B1550,104.8,72.9,"21.0285,105.8542",79.3
2024-01-09 10:33:00,VIN-B1551,57.0,43.7,"10.8231,106.6297",83.7
2024-01-09 10:36:00,VIN-B1552,117.7,9.2,"12.2388,109.1967",82.8
2024-01-09 10:39:00,VIN-B1553,61.3,43.1,"10.8231,106.6297",106.4
2024-01-09 10:42:00,VIN-B1554,43.2,95.8,"12.2388,109.1967",89.8
2024-01-09 10:45:00,VIN-B1555,31.5,63.5,"20.8449,106.6881",82.7
2024-01-09 10:48:00,VIN-B1556,3.8,23.4,"12.2388,109.1967",80.9
2024-01-09 10:51:00,VIN-B1557,94.5,44.6,"21.0285,105.8542",88.8
2024-01-09 10:54:00,VIN-B1558,88.8,90.2,"21.0285,105.8542",100.9
2024-01-09 10:57:00,VIN-B1559,15.2,29.6,"10.8231,106.6297",91.9
2024-01-09 11:00:00,VIN-B1560,114.8,74.3,"20.8449,106.6881",88.5
2024-01-09 11:03:00,VIN-B1561,66.1,14.2,"21.0285,105.8542",87.7
2024-01-09 11:06:00,VIN-B1562,49.6,85.5,"21.0285,105.8542",101.5
2024-01-09 11:09:00,VIN-B1563,100.8,64.1,"20.8449,106.6881",95.1
2024-01-09 11:12:00,VIN-B1564,113.7,56.9,"10.0452,105.7469",98.0
2024-01-09 11:15:00,VIN-B1565,69.8,71.2,"10.9460,108.4419",82.5
2024-01-09 11:18:00,VIN-B1566,60.8,58.9,"21.0285,105.8542",83.1
2024-01-09 11:21:00,VIN-B1567,70.6,98.0,"10.8231,106.6297",74.4
2024-01-09 11:24:00,VIN-B1568,73.6,73.6,"16.0544,108.2022",72.3
2024-01-09 11:27:00,VIN-B1569,82.5,50.4,"11.9404,108.4583",79.9
2024-01-09 11:30:00,VIN-B1570,111.4,89.5,"10.8231,106.6297",84.1
2024-01-09 11:33:00,VIN-B1571,8.4,12.5,"10.8231,106.6297",79.1
2024-01-09 11:36:00,VIN-B1572,71.5,76.5,"20.8449,106.6881",78.3
2024-01-09 11:39:00,VIN-B1573,37.7,44.0,"16.0544,108.2022",74.0
2024-01-09 11:42:00,VIN-B1574,69.5,36.1,"10.8231,106.6297",85.2
2024-01-09 11:45:00,VIN-B1575,0.9,7.4,"12.2388,109.1967",102.3
2024-01-09 11:48:00,VIN-B1576,35.8,97.3,"12.2388,109.1967",77.2
2024-01-09 11:51:00,VIN-B1577,35.2,40.8,"20.8449,106.6881",97.3
2024-01-09 11:54:00,VIN-B1578,32.9,90.8,"20.8449,106.6881",87.3
2024-01-09 11:57:00,VIN-B1579,49.3,36.1,"20.8449,106.6881",80.5
2024-01-09 12:00:00,VIN-B1580,1.7,80.1,"12.2388,109.1967",82.6
2024-01-09 12:03:00,VIN-B1581,103.8,51.6,"10.9460,108.4419",83.6
2024-01-09 12:06:00,VIN-B1582,107.1,59.3,"12.2388,109.1967",100.7
2024-01-09 12:09:00,VIN-B1583,115.8,23.3,"10.8231,106.6297",87.0
2024-01-09 12:12:00,VIN-B1584,29.1,79.3,"12.2388,109.1967",102.0
2024-01-09 12:15:00,VIN-B1585,105.1,79.4,"16.0544,108.2022",100.8
2024-01-09 12:18:00,VIN-B1586,40.4,32.5,"21.0285,105.8542",85.9
2024-01-09 12:21:00,VIN-B1587,40.1,62.8,"10.0452,105.7469",107.0
2024-01-09 12:24:00,VIN-B1588,1.1,93.5,"20.8449,106.6881",76.4
2024-01-09 12:27:00,VIN-B1589,22.4,21.6,"12.2388,109.1967",77.2
2024-01-09 12:30:00,VIN-B1590,91.4,47.9,"10.9460,108.4419",97.8
2024-01-09 12:33:00,VIN-B1591,56.9,43.1,"11.9404,108.4583",94.5
2024-01-09 12:36:00,VIN-B1592,46.8,14.8,"16.0544,108.2022",81.2
2024-01-09 12:39:00,VIN-B1593,118.0,13.8,"12.2388,109.1967",91.3
2024-01-09 12:42:00,VIN-B1594,62.0,41.9,"10.8231,106.6297",70.2
2024-01-09 12:45:00,VIN-B1595,108.5,56.0,"21.0285,105.8542",89.0
2024-01-09 12:48:00,VIN-B1596,62.0,42.6,"10.9460,108.4419",109.7
2024-01-09 12:51:00,VIN-B1597,15.3,88.1,"16.0544,108.2022",93.1
2024-01-09 12:54:00,VIN-B1598,105.9,39.0,"10.8231,106.6297",107.2
2024-01-09 12:57:00,VIN-B1599,32.8,17.8,"20.8449,106.6881",101.7
2024-01-09 13:00:00,VIN-B1600,102.3,65.7,"20.8449,106.6881",73.0
2024-01-09 13:03:00,VIN-B1601,87.7,92.4,"10.8231,106.6297",78.2
2024-01-09 13:06:00,VIN-B1602,30.1,74.9,"10.9460,108.4419",83.7
2024-01-09 13:09:00,VIN-B1603,51.6,71.2,"20.8449,106.6881",104.7
2024-01-09 13:12:00,VIN-B1604,63.9,48.8,"11.9404,108.4583",108.9
2024-01-09 13:15:00,VIN-B1605,76.3,40.0,"12.2388,109.1967",107.9
2024-01-09 13:18:00,VIN-B1606,21.0,17.2,"10.0452,105.7469",90.1
2024-01-09 13:21:00,VIN-B1607,105.4,39.4,"12.2388,109.1967",71.9
2024-01-09 13:24:00,VIN-B1608,81.1,45.8,"12.2388,109.1967",96.1
2024-01-09 13:27:00,VIN-B1609,34.2,49.4,"16.0544,108.2022",104.8
2024-01-09 13:30:00,VIN-B1610,101.5,12.3,"16.0544,108.2022",107.8
2024-01-09 13:33:00,VIN-B1611,18.5,72.7,"10.9460,108.4419",81.4
2024-01-09 13:36:00,VIN-B1612,64.5,77.7,"10.9460,108.4419",97.3
2024-01-09 13:39:00,VIN-B1613,74.5,82.5,"21.0285,105.8542",88.0
2024-01-09 13:42:00,VIN-B1614,108.1,42.8,"10.0452,105.7469",79.7
2024-01-09 13:45:00,VIN-B1615,35.2,65.9,"16.0544,108.2022",89.6
2024-01-09 13:48:00,VIN-B1616,3.7,87.4,"20.8449,106.6881",97.4
2024-01-09 13:51:00,VIN-B1617,98.4,90.3,"11.9404,108.4583",98.6
2024-01-09 13:54:00,VIN-B1618,78.6,10.8,"21.0285,105.8542",94.3
2024-01-09 13:57:00,VIN-B1619,46.4,28.5,"10.8231,106.6297",80.2
2024-01-09 14:00:00,VIN-B1620,85.8,23.5,"20.8449,106.6881",94.4
2024-01-09 14:03:00,VIN-B1621,95.1,26.8,"16.0544,108.2022",80.7
2024-01-09 14:06:00,VIN-B1622,107.3,36.4,"10.0452,105.7469",105.2
2024-01-09 14:09:00,VIN-B1623,1.4,86.5,"21.0285,105.8542",90.6
2024-01-09 14:12:00,VIN-B1624,85.8,42.7,"10.9460,108.4419",90.2
2024-01-09 14:15:00,VIN-B1625,61.7,11.4,"20.8449,106.6881",83.8
2024-01-09 14:18:00,VIN-B1626,20.7,29.1,"11.9404,108.4583",80.5
2024-01-09 14:21:00,VIN-B1627,51.3,83.5,"10.0452,105.7469",102.8
2024-01-09 14:24:00,VIN-B1628,105.5,70.4,"10.9460,108.4419",94.1
2024-01-09 14:27:00,VIN-B1629,26.1,71.9,"21.0285,105.8542",70.6
2024-01-09 14:30:00,VIN-B1630,82.3,76.8,"11.9404,108.4583",79.6
2024-01-09 14:33:00,VIN-B1631,71.5,19.0,"10.9460,108.4419",108.4
2024-01-09 14:36:00,VIN-B1632,61.5,29.3,"20.8449,106.6881",102.2
2024-01-09 14:39:00,VIN-B1633,68.1,45.4,"16.0544,108.2022",105.4
2024-01-09 14:42:00,VIN-B1634,91.7,61.9,"12.2388,109.1967",109.7
2024-01-09 14:45:00,VIN-B1635,37.7,60.0,"16.0544,108.2022",103.5
2024-01-09 14:48:00,VIN-B1636,12.6,84.8,"16.0544,108.2022",80.2
2024-01-09 14:51:00,VIN-B1637,27.9,82.0,"20.8449,106.6881",98.4
2024-01-09 14:54:00,VIN-B1638,21.0,17.6,"10.0452,105.7469",103.3
2024-01-09 14:57:00,VIN-B1639,77.8,61.3,"16.0544,108.2022",90.9
2024-01-09 15:00:00,VIN-B1640,28.6,80.3,"16.0544,108.2022",109.0
2024-01-09 15:03:00,VIN-B1641,118.2,67.7,"10.9460,108.4419",71.2
2024-01-09 15:06:00,VIN-B1642,110.4,19.9,"10.0452,105.7469",109.3
2024-01-09 15:09:00,VIN-B1643,62.0,53.9,"10.8231,106.6297",98.5
2024-01-09 15:12:00,VIN-B1644,66.8,25.1,"16.0544,108.2022",74.8
2024-01-09 15:15:00,VIN-B1645,97.9,6.4,"10.0452,105.7469",77.0
2024-01-09 15:18:00,VIN-B1646,0.3,11.0,"20.8449,106.6881",88.5
2024-01-09 15:21:00,VIN-B1647,45.5,9.3,"10.8231,106.6297",90.3
2024-01-09 15:24:00,VIN-B1648,75.8,68.8,"10.9460,108.4419",98.6
2024-01-09 15:27:00,VIN-B1649,14.6,57.0,"12.2388,109.1967",77.6
2024-01-09 15:30:00,VIN-B1650,46.0,13.8,"10.8231,106.6297",106.7
2024-01-09 15:33:00,VIN-B1651,28.2,57.5,"11.9404,108.4583",96.0
2024-01-09 15:36:00,VIN-B1652,76.9,13.1,"10.8231,106.6297",101.4
2024-01-09 15:39:00,VIN-B1653,33.2,79.4,"16.0544,108.2022",77.8
2024-01-09 15:42:00,VIN-B1654,37.1,87.3,"11.9404,108.4583",103.3
2024-01-09 15:45:00,VIN-B1655,94.8,8.3,"10.0452,105.7469",99.3
2024-01-09 15:48:00,VIN-B1656,119.4,48.4,"20.8449,106.6881",106.6
2024-01-09 15:51:00,VIN-B1657,0.4,82.7,"12.2388,109.1967",107.7
2024-01-09 15:54:00,VIN-B1658,114.3,60.9,"10.9460,108.4419",103.4
2024-01-09 15:57:00,VIN-B1659,39.8,90.8,"10.8231,106.6297",87.4
2024-01-09 16:00:00,VIN-B1660,116.7,68.5,"20.8449,106.6881",80.7
2024-01-09 16:03:00,VIN-B1661,8.9,91.0,"20.8449,106.6881",106.6
2024-01-09 16:06:00,VIN-B1662,35.9,13.2,"21.0285,105.8542",98.2
2024-01-09 16:09:00,VIN-B1663,107.0,94.5,"12.2388,109.1967",70.1
2024-01-09 16:12:00,VIN-B1664,53.6,35.8,"20.8449,106.6881",94.6
2024-01-09 16:15:00,VIN-B1665,110.7,61.2,"10.9460,108.4419",71.7
2024-01-09 16:18:00,VIN-B1666,73.8,39.9,"10.0452,105.7469",87.2
2024-01-09 16:21:00,VIN-B1667,65.8,32.9,"16.0544,108.2022",85.1
2024-01-09 16:24:00,VIN-B1668,87.1,58.6,"20.8449,106.6881",76.4
2024-01-09 16:27:00,VIN-B1669,72.8,79.6,"10.0452,105.7469",91.6
2024-01-09 16:30:00,VIN-B1670,67.0,54.4,"21.0285,105.8542",88.9
2024-01-09 16:33:00,VIN-B1671,119.4,67.7,"10.9460,108.4419",101.3
2024-01-09 16:36:00,VIN-B1672,8.7,7.9,"20.8449,106.6881",77.2
2024-01-09 16:39:00,VIN-B1673,54.4,12.4,"10.9460,108.4419",105.9
2024-01-09 16:42:00,VIN-B1674,2.8,61.5,"16.0544,108.2022",70.9
2024-01-09 16:45:00,VIN-B1675,10.4,46.0,"11.9404,108.4583",88.2
2024-01-09 16:48:00,VIN-B1676,115.6,54.6,"16.0544,108.2022",85.2
2024-01-09 16:51:00,VIN-B1677,36.3,12.5,"10.8231,106.6297",100.4
2024-01-09 16:54:00,VIN-B1678,117.6,59.3,"16.0544,108.2022",107.6
2024-01-09 16:57:00,VIN-B1679,94.1,39.3,"11.9404,108.4583",108.9
2024-01-09 17:00:00,VIN-B1680,14.1,51.2,"12.2388,109.1967",98.2
2024-01-09 17:03:00,VIN-B1681,80.5,18.1,"12.2388,109.1967",85.4
2024-01-09 17:06:00,VIN-B1682,22.2,12.1,"16.0544,108.2022",81.2
2024-01-09 17:09:00,VIN-B1683,73.0,61.3,"16.0544,108.2022",87.4
2024-01-09 17:12:00,VIN-B1684,21.2,18.4,"10.9460,108.4419",83.4
2024-01-09 17:15:00,VIN-B1685,70.5,47.7,"12.2388,109.1967",98.8
2024-01-09 17:18:00,VIN-B1686,44.0,92.0,"21.0285,105.8542",102.9
2024-01-09 17:21:00,VIN-B1687,41.6,32.9,"10.9460,108.4419",103.3
2024-01-09 17:24:00,VIN-B1688,5.4,46.3,"16.0544,108.2022",70.1
2024-01-09 17:27:00,VIN-B1689,69.4,17.0,"11.9404,108.4583",89.9
2024-01-09 17:30:00,VIN-B1690,0.0,59.6,"10.8231,106.6297",72.5
2024-01-09 17:33:00,VIN-B1691,47.9,92.9,"11.9404,108.4583",86.4
2024-01-09 17:36:00,VIN-B1692,114.1,48.6,"10.0452,105.7469",103.1
2024-01-09 17:39:00,VIN-B1693,33.4,87.1,"16.0544,108.2022",90.1
2024-01-09 17:42:00,VIN-B1694,110.3,63.0,"12.2388,109.1967",70.2
2024-01-09 17:45:00,VIN-B1695,10.7,54.4,"16.0544,108.2022",76.4
2024-01-09 17:48:00,VIN-B1696,31.4,48.0,"21.0285,105.8542",75.4
2024-01-09 17:51:00,VIN-B1697,50.4,42.0,"11.9404,108.4583",70.2
2024-01-09 17:54:00,VIN-B1698,7.9,79.7,"10.8231,106.6297",73.7
2024-01-09 17:57:00,VIN-B1699,68.9,97.6,"16.0544,108.2022",103.8
2024-01-09 18:00:00,VIN-B1700,106.3,15.4,"21.0285,105.8542",82.6
2024-01-09 18:03:00,VIN-B1701,51.3,76.0,"10.8231,106.6297",99.8
2024-01-09 18:06:00,VIN-B1702,27.3,82.6,"10.9460,108.4419",72.1
2024-01-09 18:09:00,VIN-B1703,68.3,24.0,"10.8231,106.6297",88.5
2024-01-09 18:12:00,VIN-B1704,97.2,61.4,"10.8231,106.6297",70.2
2024-01-09 18:15:00,VIN-B1705,58.1,91.1,"21.0285,105.8542",105.1
2024-01-09 18:18:00,VIN-B1706,68.9,34.7,"11.9404,108.4583",98.0
2024-01-09 18:21:00,VIN-B1707,27.2,66.4,"10.9460,108.4419",86.5
2024-01-09 18:24:00,VIN-B1708,66.6,25.3,"20.8449,106.6881",83.8
2024-01-09 18:27:00,VIN-B1709,71.4,31.5,"10.9460,108.4419",100.6
2024-01-09 18:30:00,VIN-B1710,49.6,74.6,"16.0544,108.2022",109.1
2024-01-09 18:33:00,VIN-B1711,24.3,34.5,"21.0285,105.8542",78.5
2024-01-09 18:36:00,VIN-B1712,92.5,78.5,"10.8231,106.6297",80.3
2024-01-09 18:39:00,VIN-B1713,5.4,38.4,"20.8449,106.6881",78.9
2024-01-09 18:42:00,VIN-B1714,22.0,49.5,"12.2388,109.1967",78.5
2024-01-09 18:45:00,VIN-B1715,105.8,80.1,"11.9404,108.4583",87.5
2024-01-09 18:48:00,VIN-B1716,62.9,88.7,"10.0452,105.7469",83.5
2024-01-09 18:51:00,VIN-B1717,110.2,45.0,"10.8231,106.6297",86.2
2024-01-09 18:54:00,VIN-B1718,32.8,56.8,"10.8231,106.6297",99.8
2024-01-09 18:57:00,VIN-B1719,53.7,60.9,"10.0452,105.7469",109.6
2024-01-09 19:00:00,VIN-B1720,119.6,89.6,"10.0452,105.7469",91.9
2024-01-09 19:03:00,VIN-B1721,116.1,35.2,"10.0452,105.7469",85.3
2024-01-09 19:06:00,VIN-B1722,117.8,91.2,"12.2388,109.1967",86.2
2024-01-09 19:09:00,VIN-B1723,16.5,9.5,"11.9404,108.4583",72.1
2024-01-09 19:12:00,VIN-B1724,98.0,93.1,"10.8231,106.6297",85.7
2024-01-09 19:15:00,VIN-B1725,53.9,36.9,"21.0285,105.8542",84.6
2024-01-09 19:18:00,VIN-B1726,47.6,24.6,"16.0544,108.2022",99.2
2024-01-09 19:21:00,VIN-B1727,1.2,8.2,"11.9404,108.4583",106.1
2024-01-09 19:24:00,VIN-B1728,38.9,9.0,"12.2388,109.1967",99.2
2024-01-09 19:27:00,VIN-B1729,79.9,62.0,"10.0452,105.7469",74.0
2024-01-09 19:30:00,VIN-B1730,10.0,14.5,"20.8449,106.6881",73.8
2024-01-09 19:33:00,VIN-B1731,118.4,6.8,"11.9404,108.4583",102.2
2024-01-09 19:36:00,VIN-B1732,84.5,47.3,"20.8449,106.6881",72.2
2024-01-09 19:39:00,VIN-B1733,84.3,21.0,"10.8231,106.6297",86.2
2024-01-09 19:42:00,VIN-B1734,74.5,92.3,"11.9404,108.4583",102.7
2024-01-09 19:45:00,VIN-B1735,111.9,71.4,"21.0285,105.8542",97.3
2024-01-09 19:48:00,VIN-B1736,119.8,89.8,"16.0544,108.2022",77.3
2024-01-09 19:51:00,VIN-B1737,108.1,79.6,"11.9404,108.4583",104.9
2024-01-09 19:54:00,VIN-B1738,7.1,20.0,"20.8449,106.6881",100.4
2024-01-09 19:57:00,VIN-B1739,84.0,9.8,"11.9404,108.4583",74.4
2024-01-09 20:00:00,VIN-B1740,25.8,73.4,"16.0544,108.2022",106.3
2024-01-09 20:03:00,VIN-B1741,41.6,80.8,"12.2388,109.1967",87.6
2024-01-09 20:06:00,VIN-B1742,106.9,37.3,"10.9460,108.4419",81.3
2024-01-09 20:09:00,VIN-B1743,114.7,51.8,"10.9460,108.4419",98.2
2024-01-09 20:12:00,VIN-B1744,101.3,49.1,"10.8231,106.6297",107.2
2024-01-09 20:15:00,VIN-B1745,85.0,61.0,"11.9404,108.4583",95.8
2024-01-09 20:18:00,VIN-B1746,109.6,68.3,"21.0285,105.8542",71.9
2024-01-09 20:21:00,VIN-B1747,117.9,32.3,"10.0452,105.7469",108.8
2024-01-09 20:24:00,VIN-B1748,92.7,6.2,"21.0285,105.8542",70.1
2024-01-09 20:27:00,VIN-B1749,41.8,94.1,"10.0452,105.7469",87.1
2024-01-09 20:30:00,VIN-B1750,60.8,71.4,"12.2388,109.1967",72.6
2024-01-09 20:33:00,VIN-B1751,65.1,64.6,"21.0285,105.8542",108.2
2024-01-09 20:36:00,VIN-B1752,118.9,37.0,"16.0544,108.2022",108.4
2024-01-09 20:39:00,VIN-B1753,43.1,77.2,"10.0452,105.7469",106.4
2024-01-09 20:42:00,VIN-B1754,82.3,37.3,"10.8231,106.6297",84.5
2024-01-09 20:45:00,VIN-B1755,8.5,10.6,"10.9460,108.4419",92.8
2024-01-09 20:48:00,VIN-B1756,69.3,66.2,"20.8449,106.6881",92.8
2024-01-09 20:51:00,VIN-B1757,113.1,91.3,"10.8231,106.6297",72.9
2024-01-09 20:54:00,VIN-B1758,46.4,46.7,"12.2388,109.1967",71.8
2024-01-09 20:57:00,VIN-B1759,83.5,28.0,"10.9460,108.4419",90.0
2024-01-09 21:00:00,VIN-B1760,83.3,16.9,"10.0452,105.7469",96.5
2024-01-09 21:03:00,VIN-B1761,68.4,32.5,"11.9404,108.4583",104.5
2024-01-09 21:06:00,VIN-B1762,2.5,42.3,"10.9460,108.4419",85.1
2024-01-09 21:09:00,VIN-B1763,101.8,19.9,"11.9404,108.4583",70.3
2024-01-09 21:12:00,VIN-B1764,19.3,38.1,"10.8231,106.6297",72.9
2024-01-09 21:15:00,VIN-B1765,25.5,41.1,"12.2388,109.1967",75.2
2024-01-09 21:18:00,VIN-B1766,46.9,32.2,"10.9460,108.4419",91.5
2024-01-09 21:21:00,VIN-B1767,22.1,10.8,"16.0544,108.2022",96.5
2024-01-09 21:24:00,VIN-B1768,68.7,79.0,"10.0452,105.7469",101.6
2024-01-09 21:27:00,VIN-B1769,36.9,86.3,"21.0285,105.8542",70.6
2024-01-09 21:30:00,VIN-B1770,94.5,59.3,"20.8449,106.6881",103.6
2024-01-09 21:33:00,VIN-B1771,5.6,28.2,"20.8449,106.6881",90.4
2024-01-09 21:36:00,VIN-B1772,29.2,19.4,"21.0285,105.8542",73.5
2024-01-09 21:39:00,VIN-B1773,47.1,25.9,"16.0544,108.2022",94.7
2024-01-09 21:42:00,VIN-B1774,0.8,90.2,"11.9404,108.4583",108.3
2024-01-09 21:45:00,VIN-B1775,110.8,48.4,"10.9460,108.4419",82.9
2024-01-09 21:48:00,VIN-B1776,67.9,22.7,"16.0544,108.2022",93.7
2024-01-09 21:51:00,VIN-B1777,71.2,45.2,"16.0544,108.2022",85.8
2024-01-09 21:54:00,VIN-B1778,27.7,85.1,"20.8449,106.6881",96.8
2024-01-09 21:57:00,VIN-B1779,105.9,80.7,"16.0544,108.2022",88.3
2024-01-09 22:00:00,VIN-B1780,42.4,22.7,"12.2388,109.1967",88.5
2024-01-09 22:03:00,VIN-B1781,55.6,7.3,"16.0544,108.2022",70.0
2024-01-09 22:06:00,VIN-B1782,53.4,13.6,"11.9404,108.4583",103.7
2024-01-09 22:09:00,VIN-B1783,27.1,76.4,"10.8231,106.6297",77.2
2024-01-09 22:12:00,VIN-B1784,51.8,96.0,"21.0285,105.8542",95.9
2024-01-09 22:15:00,VIN-B1785,73.0,67.7,"21.0285,105.8542",84.1
2024-01-09 22:18:00,VIN-B1786,109.2,79.6,"10.9460,108.4419",98.9
2024-01-09 22:21:00,VIN-B1787,82.4,58.7,"20.8449,106.6881",74.3
2024-01-09 22:24:00,VIN-B1788,13.4,46.5,"11.9404,108.4583",83.3
2024-01-09 22:27:00,VIN-B1789,66.1,74.4,"11.9404,108.4583",92.8
2024-01-09 22:30:00,VIN-B1790,55.7,97.4,"16.0544,108.2022",98.2
2024-01-09 22:33:00,VIN-B1791,11.3,57.8,"10.8231,106.6297",98.4
2024-01-09 22:36:00,VIN-B1792,90.0,78.4,"10.0452,105.7469",89.2
2024-01-09 22:39:00,VIN-B1793,91.9,71.4,"10.0452,105.7469",72.7
2024-01-09 22:42:00,VIN-B1794,117.5,62.8,"16.0544,108.2022",90.3
2024-01-09 22:45:00,VIN-B1795,69.8,90.4,"12.2388,109.1967",83.3
2024-01-09 22:48:00,VIN-B1796,105.8,87.3,"21.0285,105.8542",109.8
2024-01-09 22:51:00,VIN-B1797,16.6,73.6,"10.9460,108.4419",76.5
2024-01-09 22:54:00,VIN-B1798,6.5,57.4,"12.2388,109.1967",91.5
2024-01-09 22:57:00,VIN-B1799,75.0,84.7,"10.0452,105.7469",75.4
2024-01-09 23:00:00,VIN-B1800,113.5,10.6,"21.0285,105.8542",81.1
2024-01-09 23:03:00,VIN-B1801,58.5,31.5,"10.0452,105.7469",99.2
2024-01-09 23:06:00,VIN-B1802,110.9,86.7,"21.0285,105.8542",72.6
2024-01-09 23:09:00,VIN-B1803,116.9,95.9,"10.0452,105.7469",98.0
2024-01-09 23:12:00,VIN-B1804,80.8,74.9,"10.8231,106.6297",75.1
2024-01-09 23:15:00,VIN-B1805,76.1,98.0,"12.2388,109.1967",107.5
2024-01-09 23:18:00,VIN-B1806,83.5,25.8,"16.0544,108.2022",75.2
2024-01-09 23:21:00,VIN-B1807,52.7,39.1,"16.0544,108.2022",97.8
2024-01-09 23:24:00,VIN-B1808,12.4,40.4,"10.0452,105.7469",71.7
2024-01-09 23:27:00,VIN-B1809,93.2,17.4,"21.0285,105.8542",86.7
2024-01-09 23:30:00,VIN-B1810,106.4,43.7,"20.8449,106.6881",77.9
2024-01-09 23:33:00,VIN-B1811,81.9,83.4,"11.9404,108.4583",98.6
2024-01-09 23:36:00,VIN-B1812,71.4,93.8,"10.9460,108.4419",88.3
2024-01-09 23:39:00,VIN-B1813,42.7,90.8,"21.0285,105.8542",94.4
2024-01-09 23:42:00,VIN-B1814,26.9,78.0,"10.8231,106.6297",96.1
2024-01-09 23:45:00,VIN-B1815,118.9,13.5,"21.0285,105.8542",88.8
2024-01-09 23:48:00,VIN-B1816,45.4,62.8,"16.0544,108.2022",93.3
2024-01-09 23:51:00,VIN-B1817,114.7,25.7,"10.8231,106.6297",80.5
2024-01-09 23:54:00,VIN-B1818,101.1,75.5,"12.2388,109.1967",72.7
2024-01-09 23:57:00,VIN-B1819,46.5,20.4,"21.0285,105.8542",102.1
2024-01-10 00:00:00,VIN-B1820,24.4,16.3,"10.9460,108.4419",70.6
2024-01-10 00:03:00,VIN-B1821,6.7,43.6,"11.9404,108.4583",108.8
2024-01-10 00:06:00,VIN-B1822,50.1,97.1,"20.8449,106.6881",88.4
2024-01-10 00:09:00,VIN-B1823,90.4,89.6,"20.8449,106.6881",79.4
2024-01-10 00:12:00,VIN-B1824,47.3,19.5,"20.8449,106.6881",84.5
2024-01-10 00:15:00,VIN-B1825,7.3,60.2,"12.2388,109.1967",82.0
2024-01-10 00:18:00,VIN-B1826,4.3,96.7,"20.8449,106.6881",109.2
2024-01-10 00:21:00,VIN-B1827,82.2,62.4,"10.0452,105.7469",98.7
2024-01-10 00:24:00,VIN-B1828,68.1,37.7,"12.2388,109.1967",95.9
2024-01-10 00:27:00,VIN-B1829,45.2,48.1,"16.0544,108.2022",103.9
2024-01-10 00:30:00,VIN-B1830,46.2,46.2,"21.0285,105.8542",73.5
2024-01-10 00:33:00,VIN-B1831,116.2,29.3,"20.8449,106.6881",96.6
2024-01-10 00:36:00,VIN-B1832,110.4,75.2,"11.9404,108.4583",80.7
2024-01-10 00:39:00,VIN-B1833,18.2,69.5,"10.8231,106.6297",91.4
2024-01-10 00:42:00,VIN-B1834,59.2,98.7,"21.0285,105.8542",99.6
2024-01-10 00:45:00,VIN-B1835,111.6,19.0,"10.0452,105.7469",99.0
2024-01-10 00:48:00,VIN-B1836,108.9,72.6,"20.8449,106.6881",80.5
2024-01-10 00:51:00,VIN-B1837,24.1,37.2,"10.0452,105.7469",105.5
2024-01-10 00:54:00,VIN-B1838,86.4,96.4,"12.2388,109.1967",107.9
2024-01-10 00:57:00,VIN-B1839,116.9,22.7,"11.9404,108.4583",96.7
2024-01-10 01:00:00,VIN-B1840,43.8,27.4,"10.0452,105.7469",80.4
2024-01-10 01:03:00,VIN-B1841,24.3,82.4,"10.0452,105.7469",73.1
2024-01-10 01:06:00,VIN-B1842,84.8,39.8,"10.9460,108.4419",86.2
2024-01-10 01:09:00,VIN-B1843,44.9,73.3,"11.9404,108.4583",104.5
2024-01-10 01:12:00,VIN-B1844,93.4,42.1,"12.2388,109.1967",90.0
2024-01-10 01:15:00,VIN-B1845,95.5,43.1,"12.2388,109.1967",98.9
2024-01-10 01:18:00,VIN-B1846,113.1,92.0,"11.9404,108.4583",107.9
2024-01-10 01:21:00,VIN-B1847,43.3,27.8,"11.9404,108.4583",92.6
2024-01-10 01:24:00,VIN-B1848,118.9,30.7,"20.8449,106.6881",107.2
2024-01-10 01:27:00,VIN-B1849,71.4,52.8,"21.0285,105.8542",87.2
2024-01-10 01:30:00,VIN-B1850,108.7,17.0,"16.0544,108.2022",83.7
2024-01-10 01:33:00,VIN-B1851,44.4,55.9,"10.8231,106.6297",92.9
2024-01-10 01:36:00,VIN-B1852,111.0,94.0,"12.2388,109.1967",90.3
2024-01-10 01:39:00,VIN-B1853,97.8,22.6,"20.8449,106.6881",93.8
2024-01-10 01:42:00,VIN-B1854,38.8,94.3,"20.8449,106.6881",85.9
2024-01-10 01:45:00,VIN-B1855,101.3,22.3,"10.0452,105.7469",70.5
2024-01-10 01:48:00,VIN-B1856,104.4,31.2,"10.0452,105.7469",84.7
2024-01-10 01:51:00,VIN-B1857,86.1,98.8,"12.2388,109.1967",77.3
2024-01-10 01:54:00,VIN-B1858,14.7,82.3,"10.8231,106.6297",109.9
2024-01-10 01:57:00,VIN-B1859,114.4,66.8,"10.0452,105.7469",79.9
2024-01-10 02:00:00,VIN-B1860,107.7,94.4,"21.0285,105.8542",82.0
2024-01-10 02:03:00,VIN-B1861,38.0,34.3,"10.8231,106.6297",88.1
2024-01-10 02:06:00,VIN-B1862,49.5,67.5,"10.9460,108.4419",79.0
2024-01-10 02:09:00,VIN-B1863,115.3,69.7,"10.8231,106.6297",71.2
2024-01-10 02:12:00,VIN-B1864,77.5,74.4,"10.9460,108.4419",107.6
2024-01-10 02:15:00,VIN-B1865,98.6,92.4,"16.0544,108.2022",107.3
2024-01-10 02:18:00,VIN-B1866,9.5,74.3,"10.9460,108.4419",73.7
2024-01-10 02:21:00,VIN-B1867,111.9,31.7,"16.0544,108.2022",78.4
2024-01-10 02:24:00,VIN-B1868,97.9,67.5,"16.0544,108.2022",87.3
2024-01-10 02:27:00,VIN-B1869,108.7,80.8,"12.2388,109.1967",80.7
2024-01-10 02:30:00,VIN-B1870,81.6,89.6,"10.9460,108.4419",71.9
2024-01-10 02:33:00,VIN-B1871,59.7,66.1,"16.0544,108.2022",104.8
2024-01-10 02:36:00,VIN-B1872,112.1,69.3,"20.8449,106.6881",101.9
2024-01-10 02:39:00,VIN-B1873,105.0,82.9,"10.0452,105.7469",106.2
2024-01-10 02:42:00,VIN-B1874,55.5,17.5,"20.8449,106.6881",86.0
2024-01-10 02:45:00,VIN-B1875,38.9,22.9,"10.9460,108.4419",70.1
2024-01-10 02:48:00,VIN-B1876,33.4,10.9,"10.8231,106.6297",107.0
2024-01-10 02:51:00,VIN-B1877,75.5,38.9,"16.0544,108.2022",102.5
2024-01-10 02:54:00,VIN-B1878,111.9,11.0,"11.9404,108.4583",83.0
2024-01-10 02:57:00,VIN-B1879,62.3,98.5,"10.8231,106.6297",71.0
2024-01-10 03:00:00,VIN-B1880,18.2,86.4,"16.0544,108.2022",99.2
2024-01-10 03:03:00,VIN-B1881,7.9,22.7,"10.9460,108.4419",96.5
2024-01-10 03:06:00,VIN-B1882,113.4,16.4,"10.8231,106.6297",94.2
2024-01-10 03:09:00,VIN-B1883,27.2,59.5,"21.0285,105.8542",100.8
2024-01-10 03:12:00,VIN-B1884,26.1,42.8,"21.0285,105.8542",89.8
2024-01-10 03:15:00,VIN-B1885,19.7,8.3,"21.0285,105.8542",77.9
2024-01-10 03:18:00,VIN-B1886,74.7,38.4,"16.0544,108.2022",90.7
2024-01-10 03:21:00,VIN-B1887,46.9,91.1,"10.8231,106.6297",94.0
2024-01-10 03:24:00,VIN-B1888,22.4,74.0,"10.9460,108.4419",101.4
2024-01-10 03:27:00,VIN-B1889,41.3,73.3,"11.9404,108.4583",103.1
2024-01-10 03:30:00,VIN-B1890,103.2,69.9,"10.0452,105.7469",75.9
2024-01-10 03:33:00,VIN-B1891,18.1,70.9,"10.9460,108.4419",79.1
2024-01-10 03:36:00,VIN-B1892,73.9,89.9,"16.0544,108.2022",70.1
2024-01-10 03:39:00,VIN-B1893,43.6,50.0,"10.0452,105.7469",101.3
2024-01-10 03:42:00,VIN-B1894,27.1,26.5,"20.8449,106.6881",73.5
2024-01-10 03:45:00,VIN-B1895,42.0,8.3,"20.8449,106.6881",73.7
2024-01-10 03:48:00,VIN-B1896,5.9,97.7,"10.8231,106.6297",90.5
2024-01-10 03:51:00,VIN-B1897,46.7,52.3,"21.0285,105.8542",100.6
2024-01-10 03:54:00,VIN-B1898,96.8,83.8,"10.0452,105.7469",85.2
2024-01-10 03:57:00,VIN-B1899,11.8,51.7,"16.0544,108.2022",85.9
2024-01-10 04:00:00,VIN-B1900,42.5,85.3,"10.0452,105.7469",105.7
2024-01-10 04:03:00,VIN-B1901,67.0,58.2,"16.0544,108.2022",98.2
2024-01-10 04:06:00,VIN-B1902,115.6,51.8,"20.8449,106.6881",106.9
2024-01-10 04:09:00,VIN-B1903,91.4,55.7,"12.2388,109.1967",101.2
2024-01-10 04:12:00,VIN-B1904,57.4,35.8,"12.2388,109.1967",75.2
2024-01-10 04:15:00,VIN-B1905,25.2,97.1,"10.0452,105.7469",109.3
2024-01-10 04:18:00,VIN-B1906,117.9,18.5,"16.0544,108.2022",106.8
2024-01-10 04:21:00,VIN-B1907,61.0,65.3,"12.2388,109.1967",80.2
2024-01-10 04:24:00,VIN-B1908,18.5,58.2,"16.0544,108.2022",98.7
2024-01-10 04:27:00,VIN-B1909,79.8,70.1,"16.0544,108.2022",77.1
2024-01-10 04:30:00,VIN-B1910,115.0,43.5,"20.8449,106.6881",77.3
2024-01-10 04:33:00,VIN-B1911,106.6,99.3,"11.9404,108.4583",78.4
2024-01-10 04:36:00,VIN-B1912,78.7,90.5,"10.0452,105.7469",103.3
2024-01-10 04:39:00,VIN-B1913,76.3,73.6,"10.0452,105.7469",72.7
2024-01-10 04:42:00,VIN-B1914,77.7,55.5,"12.2388,109.1967",85.9
2024-01-10 04:45:00,VIN-B1915,95.2,31.2,"10.0452,105.7469",70.3
2024-01-10 04:48:00,VIN-B1916,80.3,26.8,"12.2388,109.1967",100.9
2024-01-10 04:51:00,VIN-B1917,78.4,35.8,"10.8231,106.6297",105.5
2024-01-10 04:54:00,VIN-B1918,8.6,78.6,"16.0544,108.2022",86.1
2024-01-10 04:57:00,VIN-B1919,6.9,79.5,"20.8449,106.6881",79.2
2024-01-10 05:00:00,VIN-B1920,99.4,50.0,"11.9404,108.4583",85.4
2024-01-10 05:03:00,VIN-B1921,37.7,31.3,"10.9460,108.4419",71.8
2024-01-10 05:06:00,VIN-B1922,38.2,59.0,"16.0544,108.2022",107.5
2024-01-10 05:09:00,VIN-B1923,79.2,40.0,"20.8449,106.6881",109.1
2024-01-10 05:12:00,VIN-B1924,32.1,12.4,"11.9404,108.4583",83.2
2024-01-10 05:15:00,VIN-B1925,32.6,59.1,"21.0285,105.8542",93.0
2024-01-10 05:18:00,VIN-B1926,45.1,98.6,"11.9404,108.4583",88.0
2024-01-10 05:21:00,VIN-B1927,59.6,81.5,"10.8231,106.6297",89.1
2024-01-10 05:24:00,VIN-B1928,0.1,18.0,"12.2388,109.1967",76.7
2024-01-10 05:27:00,VIN-B1929,117.2,68.3,"21.0285,105.8542",94.9
2024-01-10 05:30:00,VIN-B1930,78.2,14.1,"21.0285,105.8542",76.0
2024-01-10 05:33:00,VIN-B1931,8.8,24.2,"10.0452,105.7469",100.1
2024-01-10 05:36:00,VIN-B1932,51.6,94.9,"20.8449,106.6881",88.5
2024-01-10 05:39:00,VIN-B1933,68.0,48.1,"10.8231,106.6297",92.7
2024-01-10 05:42:00,VIN-B1934,62.8,25.5,"16.0544,108.2022",87.1
2024-01-10 05:45:00,VIN-B1935,107.2,27.0,"16.0544,108.2022",75.3
2024-01-10 05:48:00,VIN-B1936,78.2,69.1,"10.8231,106.6297",88.4
2024-01-10 05:51:00,VIN-B1937,40.7,59.8,"10.9460,108.4419",95.9
2024-01-10 05:54:00,VIN-B1938,50.4,27.5,"10.0452,105.7469",107.6
2024-01-10 05:57:00,VIN-B1939,82.2,90.5,"12.2388,109.1967",78.1
2024-01-10 06:00:00,VIN-B1940,72.3,64.8,"20.8449,106.6881",83.2
2024-01-10 06:03:00,VIN-B1941,22.6,95.6,"11.9404,108.4583",77.3
2024-01-10 06:06:00,VIN-B1942,15.0,9.3,"21.0285,105.8542",93.4
2024-01-10 06:09:00,VIN-B1943,42.2,7.2,"11.9404,108.4583",89.5
2024-01-10 06:12:00,VIN-B1944,45.4,99.4,"10.9460,108.4419",102.0
2024-01-10 06:15:00,VIN-B1945,34.1,5.7,"10.8231,106.6297",70.0
2024-01-10 06:18:00,VIN-B1946,50.5,58.3,"20.8449,106.6881",82.2
2024-01-10 06:21:00,VIN-B1947,65.4,77.4,"10.9460,108.4419",86.0
2024-01-10 06:24:00,VIN-B1948,68.7,61.3,"12.2388,109.1967",105.4
2024-01-10 06:27:00,VIN-B1949,10.7,82.5,"20.8449,106.6881",105.6
2024-01-10 06:30:00,VIN-B1950,51.2,99.1,"12.2388,109.1967",104.3
2024-01-10 06:33:00,VIN-B1951,4.0,43.6,"11.9404,108.4583",82.6
2024-01-10 06:36:00,VIN-B1952,26.5,23.9,"20.8449,106.6881",109.0
2024-01-10 06:39:00,VIN-B1953,67.8,63.6,"10.9460,108.4419",87.7
2024-01-10 06:42:00,VIN-B1954,13.2,65.3,"11.9404,108.4583",75.5
2024-01-10 06:45:00,VIN-B1955,83.5,26.2,"10.0452,105.7469",72.0
2024-01-10 06:48:00,VIN-B1956,44.5,49.3,"10.8231,106.6297",77.2
2024-01-10 06:51:00,VIN-B1957,42.0,20.3,"16.0544,108.2022",88.5
2024-01-10 06:54:00,VIN-B1958,80.9,45.5,"10.0452,105.7469",109.5
2024-01-10 06:57:00,VIN-B1959,102.4,63.3,"11.9404,108.4583",94.5
2024-01-10 07:00:00,VIN-B1960,41.8,31.8,"20.8449,106.6881",79.9
2024-01-10 07:03:00,VIN-B1961,116.7,76.6,"12.2388,109.1967",99.8
2024-01-10 07:06:00,VIN-B1962,36.9,29.5,"21.0285,105.8542",101.7
2024-01-10 07:09:00,VIN-B1963,36.6,16.5,"10.0452,105.7469",100.1
2024-01-10 07:12:00,VIN-B1964,29.1,72.0,"12.2388,109.1967",81.0
2024-01-10 07:15:00,VIN-B1965,54.1,26.5,"12.2388,109.1967",105.1
2024-01-10 07:18:00,VIN-B1966,31.7,55.0,"16.0544,108.2022",75.8
2024-01-10 07:21:00,VIN-B1967,5.7,36.2,"20.8449,106.6881",75.1
2024-01-10 07:24:00,VIN-B1968,86.8,73.7,"10.0452,105.7469",109.5
2024-01-10 07:27:00,VIN-B1969,80.3,55.7,"12.2388,109.1967",74.0
2024-01-10 07:30:00,VIN-B1970,18.9,96.9,"10.9460,108.4419",75.2
2024-01-10 07:33:00,VIN-B1971,83.0,15.9,"10.9460,108.4419",100.5
2024-01-10 07:36:00,VIN-B1972,57.5,33.6,"11.9404,108.4583",77.7
2024-01-10 07:39:00,VIN-B1973,75.6,79.5,"11.9404,108.4583",83.5
2024-01-10 07:42:00,VIN-B1974,96.0,17.5,"16.0544,108.2022",71.5
2024-01-10 07:45:00,VIN-B1975,1.2,33.7,"20.8449,106.6881",103.9
2024-01-10 07:48:00,VIN-B1976,45.8,11.1,"10.0452,105.7469",92.7
2024-01-10 07:51:00,VIN-B1977,98.8,18.4,"11.9404,108.4583",74.3
2024-01-10 07:54:00,VIN-B1978,93.5,24.4,"10.9460,108.4419",83.3
2024-01-10 07:57:00,VIN-B1979,47.2,38.8,"20.8449,106.6881",77.6
2024-01-10 08:00:00,VIN-B1980,69.9,64.7,"10.9460,108.4419",108.6
2024-01-10 08:03:00,VIN-B1981,66.6,45.9,"21.0285,105.8542",106.9
2024-01-10 08:06:00,VIN-B1982,73.1,94.7,"12.2388,109.1967",98.2
2024-01-10 08:09:00,VIN-B1983,66.3,23.0,"11.9404,108.4583",85.9
2024-01-10 08:12:00,VIN-B1984,26.6,11.9,"11.9404,108.4583",71.9
2024-01-10 08:15:00,VIN-B1985,24.6,89.6,"10.0452,105.7469",103.2
2024-01-10 08:18:00,VIN-B1986,18.9,68.7,"16.0544,108.2022",71.3
2024-01-10 08:21:00,VIN-B1987,29.8,34.5,"12.2388,109.1967",77.3
2024-01-10 08:24:00,VIN-B1988,48.8,67.3,"10.8231,106.6297",82.1
2024-01-10 08:27:00,VIN-B1989,79.6,72.8,"20.8449,106.6881",90.2
2024-01-10 08:30:00,VIN-B1990,83.2,81.1,"20.8449,106.6881",101.3
2024-01-10 08:33:00,VIN-B1991,64.8,7.7,"11.9404,108.4583",98.4
2024-01-10 08:36:00,VIN-B1992,107.7,59.1,"12.2388,109.1967",85.3
2024-01-10 08:39:00,VIN-B1993,69.9,9.8,"21.0285,105.8542",95.9
2024-01-10 08:42:00,VIN-B1994,116.7,46.6,"12.2388,109.1967",72.6
2024-01-10 08:45:00,VIN-B1995,31.6,99.4,"12.2388,109.1967",78.3
2024-01-10 08:48:00,VIN-B1996,38.2,19.7,"11.9404,108.4583",107.9
2024-01-10 08:51:00,VIN-B1997,19.6,82.4,"12.2388,109.1967",86.9
2024-01-10 08:54:00,VIN-B1998,40.6,47.6,"11.9404,108.4583",99.2
2024-01-10 08:57:00,VIN-B1999,90.5,77.1,"10.0452,105.7469",78.0
2024-01-10 09:00:00,VIN-B2000,62.4,19.6,"10.0452,105.7469",70.4
2024-01-10 09:03:00,VIN-B2001,1.9,36.4,"21.0285,105.8542",78.6
2024-01-10 09:06:00,VIN-B2002,105.3,26.8,"10.0452,105.7469",77.9
2024-01-10 09:09:00,VIN-B2003,49.0,46.9,"21.0285,105.8542",96.8
2024-01-10 09:12:00,VIN-B2004,51.3,48.3,"10.8231,106.6297",87.5
2024-01-10 09:15:00,VIN-B2005,51.2,78.7,"11.9404,108.4583",100.0
2024-01-10 09:18:00,VIN-B2006,37.8,90.4,"10.8231,106.6297",76.9
2024-01-10 09:21:00,VIN-B2007,77.0,25.0,"21.0285,105.8542",107.7
2024-01-10 09:24:00,VIN-B2008,20.8,26.9,"12.2388,109.1967",102.6
2024-01-10 09:27:00,VIN-B2009,20.5,7.8,"12.2388,109.1967",98.7
2024-01-10 09:30:00,VIN-B2010,114.1,17.5,"16.0544,108.2022",91.6
2024-01-10 09:33:00,VIN-B2011,55.0,94.9,"10.8231,106.6297",73.6
2024-01-10 09:36:00,VIN-B2012,86.1,96.0,"16.0544,108.2022",81.7
2024-01-10 09:39:00,VIN-B2013,105.7,10.6,"20.8449,106.6881",106.7
2024-01-10 09:42:00,VIN-B2014,31.1,88.9,"10.9460,108.4419",99.2
2024-01-10 09:45:00,VIN-B2015,115.0,84.0,"10.9460,108.4419",95.7
2024-01-10 09:48:00,VIN-B2016,82.9,35.5,"12.2388,109.1967",86.6
2024-01-10 09:51:00,VIN-B2017,74.7,84.1,"16.0544,108.2022",107.0
2024-01-10 09:54:00,VIN-B2018,6.0,39.2,"10.0452,105.7469",91.5
2024-01-10 09:57:00,VIN-B2019,110.5,19.6,"10.9460,108.4419",95.2
2024-01-10 10:00:00,VIN-B2020,40.7,87.9,"21.0285,105.8542",77.2
2024-01-10 10:03:00,VIN-B2021,38.0,8.8,"11.9404,108.4583",85.4
2024-01-10 10:06:00,VIN-B2022,91.0,31.8,"12.2388,109.1967",106.6
2024-01-10 10:09:00,VIN-B2023,87.0,19.0,"10.0452,105.7469",89.4
2024-01-10 10:12:00,VIN-B2024,75.3,47.9,"21.0285,105.8542",101.8
2024-01-10 10:15:00,VIN-B2025,12.0,13.0,"10.8231,106.6297",74.8
2024-01-10 10:18:00,VIN-B2026,54.9,53.8,"10.0452,105.7469",97.9
2024-01-10 10:21:00,VIN-B2027,117.9,57.5,"10.8231,106.6297",96.8
2024-01-10 10:24:00,VIN-B2028,106.9,90.4,"10.9460,108.4419",104.2
2024-01-10 10:27:00,VIN-B2029,103.6,51.0,"10.8231,106.6297",101.9
2024-01-10 10:30:00,VIN-B2030,111.9,61.8,"11.9404,108.4583",74.1
2024-01-10 10:33:00,VIN-B2031,116.6,63.6,"11.9404,108.4583",77.1
2024-01-10 10:36:00,VIN-B2032,38.2,89.1,"21.0285,105.8542",89.8
2024-01-10 10:39:00,VIN-B2033,20.7,18.5,"10.9460,108.4419",107.8
2024-01-10 10:42:00,VIN-B2034,89.8,28.7,"10.9460,108.4419",77.3
2024-01-10 10:45:00,VIN-B2035,2.6,86.4,"16.0544,108.2022",75.8
2024-01-10 10:48:00,VIN-B2036,45.1,40.8,"11.9404,108.4583",97.4
2024-01-10 10:51:00,VIN-B2037,31.3,88.5,"20.8449,106.6881",104.0
2024-01-10 10:54:00,VIN-B2038,23.1,23.6,"10.8231,106.6297",97.7
2024-01-10 10:57:00,VIN-B2039,98.0,24.2,"12.2388,109.1967",81.8
2024-01-10 11:00:00,VIN-B2040,53.1,91.0,"10.8231,106.6297",82.2
2024-01-10 11:03:00,VIN-B2041,100.9,52.4,"11.9404,108.4583",70.5
2024-01-10 11:06:00,VIN-B2042,55.8,81.4,"10.8231,106.6297",104.4
2024-01-10 11:09:00,VIN-B2043,73.7,40.9,"11.9404,108.4583",72.9
2024-01-10 11:12:00,VIN-B2044,91.9,34.8,"10.9460,108.4419",89.9
2024-01-10 11:15:00,VIN-B2045,74.9,90.9,"20.8449,106.6881",87.1
2024-01-10 11:18:00,VIN-B2046,79.0,20.2,"11.9404,108.4583",86.6
2024-01-10 11:21:00,VIN-B2047,32.2,48.0,"10.9460,108.4419",89.0
2024-01-10 11:24:00,VIN-B2048,95.4,20.2,"11.9404,108.4583",92.7
2024-01-10 11:27:00,VIN-B2049,2.1,12.7,"20.8449,106.6881",84.0
2024-01-10 11:30:00,VIN-B2050,10.0,81.9,"16.0544,108.2022",71.1
2024-01-10 11:33:00,VIN-B2051,44.3,73.9,"16.0544,108.2022",76.0
2024-01-10 11:36:00,VIN-B2052,34.3,11.8,"20.8449,106.6881",78.7
2024-01-10 11:39:00,VIN-B2053,18.2,35.2,"20.8449,106.6881",79.3
2024-01-10 11:42:00,VIN-B2054,29.3,68.5,"16.0544,108.2022",95.8
2024-01-10 11:45:00,VIN-B2055,20.7,64.1,"12.2388,109.1967",96.6
2024-01-10 11:48:00,VIN-B2056,114.5,9.1,"20.8449,106.6881",73.0
2024-01-10 11:51:00,VIN-B2057,79.6,64.2,"10.8231,106.6297",95.9
2024-01-10 11:54:00,VIN-B2058,66.1,14.2,"10.0452,105.7469",99.0
2024-01-10 11:57:00,VIN-B2059,26.8,56.1,"10.8231,106.6297",71.7
2024-01-10 12:00:00,VIN-B2060,68.9,85.9,"10.0452,105.7469",98.2
2024-01-10 12:03:00,VIN-B2061,18.8,82.8,"21.0285,105.8542",77.1
2024-01-10 12:06:00,VIN-B2062,18.2,95.2,"16.0544,108.2022",101.3
2024-01-10 12:09:00,VIN-B2063,44.7,33.1,"21.0285,105.8542",98.4
2024-01-10 12:12:00,VIN-B2064,64.6,87.6,"20.8449,106.6881",91.4
2024-01-10 12:15:00,VIN-B2065,119.0,33.3,"10.8231,106.6297",74.2
2024-01-10 12:18:00,VIN-B2066,69.9,55.4,"12.2388,109.1967",92.3
2024-01-10 12:21:00,VIN-B2067,7.0,34.4,"12.2388,109.1967",100.0
2024-01-10 12:24:00,VIN-B2068,100.5,69.0,"10.8231,106.6297",101.8
2024-01-10 12:27:00,VIN-B2069,21.3,93.2,"10.9460,108.4419",87.7
2024-01-10 12:30:00,VIN-B2070,62.9,28.2,"11.9404,108.4583",90.8
2024-01-10 12:33:00,VIN-B2071,93.1,96.2,"20.8449,106.6881",81.3
2024-01-10 12:36:00,VIN-B2072,104.4,76.1,"21.0285,105.8542",93.8
2024-01-10 12:39:00,VIN-B2073,86.9,25.7,"16.0544,108.2022",74.5
2024-01-10 12:42:00,VIN-B2074,16.9,93.4,"16.0544,108.2022",77.2
2024-01-10 12:45:00,VIN-B2075,23.2,6.6,"21.0285,105.8542",71.8
2024-01-10 12:48:00,VIN-B2076,19.6,29.0,"10.0452,105.7469",101.8
2024-01-10 12:51:00,VIN-B2077,13.5,74.6,"21.0285,105.8542",73.6
2024-01-10 12:54:00,VIN-B2078,103.5,47.4,"20.8449,106.6881",93.5
2024-01-10 12:57:00,VIN-B2079,71.3,63.2,"21.0285,105.8542",96.1
2024-01-10 13:00:00,VIN-B2080,61.6,23.9,"10.8231,106.6297",72.3
2024-01-10 13:03:00,VIN-B2081,105.0,45.1,"10.8231,106.6297",99.5
2024-01-10 13:06:00,VIN-B2082,89.4,72.1,"10.8231,106.6297",70.2
2024-01-10 13:09:00,VIN-B2083,112.3,76.1,"11.9404,108.4583",77.7
2024-01-10 13:12:00,VIN-B2084,47.5,87.9,"10.8231,106.6297",82.9
2024-01-10 13:15:00,VIN-B2085,5.6,81.9,"12.2388,109.1967",79.8
2024-01-10 13:18:00,VIN-B2086,63.5,27.3,"10.8231,106.6297",107.4
2024-01-10 13:21:00,VIN-B2087,66.4,20.4,"20.8449,106.6881",103.7
2024-01-10 13:24:00,VIN-B2088,73.9,67.7,"10.8231,106.6297",72.4
2024-01-10 13:27:00,VIN-B2089,47.8,71.3,"16.0544,108.2022",102.9
2024-01-10 13:30:00,VIN-B2090,90.8,93.7,"10.0452,105.7469",77.1
2024-01-10 13:33:00,VIN-B2091,66.7,89.5,"20.8449,106.6881",96.9
2024-01-10 13:36:00,VIN-B2092,105.9,24.4,"10.9460,108.4419",86.3
2024-01-10 13:39:00,VIN-B2093,89.6,53.0,"21.0285,105.8542",105.3
2024-01-10 13:42:00,VIN-B2094,115.6,91.7,"20.8449,106.6881",77.1
2024-01-10 13:45:00,VIN-B2095,54.6,28.5,"12.2388,109.1967",108.6
2024-01-10 13:48:00,VIN-B2096,13.0,97.4,"10.0452,105.7469",76.2
2024-01-10 13:51:00,VIN-B2097,60.7,19.9,"10.0452,105.7469",98.7
2024-01-10 13:54:00,VIN-B2098,18.3,68.9,"10.0452,105.7469",84.0
2024-01-10 13:57:00,VIN-B2099,22.4,75.0,"21.0285,105.8542",91.1
2024-01-10 14:00:00,VIN-B2100,39.0,94.1,"10.8231,106.6297",86.2
2024-01-10 14:03:00,VIN-B2101,107.5,51.8,"21.0285,105.8542",96.0
2024-01-10 14:06:00,VIN-B2102,50.7,64.8,"11.9404,108.4583",103.0
2024-01-10 14:09:00,VIN-B2103,20.0,65.3,"21.0285,105.8542",104.3
2024-01-10 14:12:00,VIN-B2104,97.6,28.5,"21.0285,105.8542",94.8
2024-01-10 14:15:00,VIN-B2105,56.1,47.2,"20.8449,106.6881",74.7
2024-01-10 14:18:00,VIN-B2106,110.2,71.0,"11.9404,108.4583",108.8
2024-01-10 14:21:00,VIN-B2107,50.3,86.1,"10.0452,105.7469",91.6
2024-01-10 14:24:00,VIN-B2108,35.9,67.8,"16.0544,108.2022",99.4
2024-01-10 14:27:00,VIN-B2109,2.0,73.0,"16.0544,108.2022",98.1
2024-01-10 14:30:00,VIN-B2110,45.2,71.1,"20.8449,106.6881",91.4
2024-01-10 14:33:00,VIN-B2111,91.6,63.1,"11.9404,108.4583",93.0
2024-01-10 14:36:00,VIN-B2112,11.3,35.7,"10.0452,105.7469",82.3
2024-01-10 14:39:00,VIN-B2113,60.9,58.7,"16.0544,108.2022",83.7
2024-01-10 14:42:00,VIN-B2114,26.8,30.9,"20.8449,106.6881",95.1
2024-01-10 14:45:00,VIN-B2115,1.1,47.2,"12.2388,109.1967",105.5
2024-01-10 14:48:00,VIN-B2116,69.5,62.7,"10.9460,108.4419",80.7
2024-01-10 14:51:00,VIN-B2117,57.0,77.7,"20.8449,106.6881",86.9
2024-01-10 14:54:00,VIN-B2118,118.6,33.9,"10.9460,108.4419",93.0
2024-01-10 14:57:00,VIN-B2119,47.6,7.1,"10.8231,106.6297",92.1
2024-01-10 15:00:00,VIN-B2120,71.4,34.2,"10.9460,108.4419",80.2
2024-01-10 15:03:00,VIN-B2121,42.2,63.7,"12.2388,109.1967",86.2
2024-01-10 15:06:00,VIN-B2122,9.0,53.4,"12.2388,109.1967",74.5
2024-01-10 15:09:00,VIN-B2123,55.4,32.5,"10.9460,108.4419",90.8
2024-01-10 15:12:00,VIN-B2124,75.6,24.6,"21.0285,105.8542",109.9
2024-01-10 15:15:00,VIN-B2125,35.2,60.5,"10.8231,106.6297",80.6
2024-01-10 15:18:00,VIN-B2126,37.9,80.3,"16.0544,108.2022",96.5
2024-01-10 15:21:00,VIN-B2127,61.8,42.5,"10.8231,106.6297",83.1
2024-01-10 15:24:00,VIN-B2128,20.5,84.4,"10.8231,106.6297",76.6
2024-01-10 15:27:00,VIN-B2129,16.7,48.6,"20.8449,106.6881",86.0
2024-01-10 15:30:00,VIN-B2130,66.3,90.7,"10.8231,106.6297",103.6
2024-01-10 15:33:00,VIN-B2131,21.5,55.8,"12.2388,109.1967",84.3
2024-01-10 15:36:00,VIN-B2132,12.5,26.0,"10.0452,105.7469",105.0
2024-01-10 15:39:00,VIN-B2133,96.5,36.3,"12.2388,109.1967",96.7
2024-01-10 15:42:00,VIN-B2134,64.9,27.5,"10.9460,108.4419",80.5
2024-01-10 15:45:00,VIN-B2135,102.6,99.5,"11.9404,108.4583",86.6
2024-01-10 15:48:00,VIN-B2136,103.9,6.4,"10.9460,108.4419",101.5
2024-01-10 15:51:00,VIN-B2137,109.8,9.5,"10.0452,105.7469",71.8
2024-01-10 15:54:00,VIN-B2138,41.4,42.1,"20.8449,106.6881",74.1
2024-01-10 15:57:00,VIN-B2139,106.6,79.0,"11.9404,108.4583",95.8
2024-01-10 16:00:00,VIN-B2140,2.1,97.0,"11.9404,108.4583",85.5
2024-01-10 16:03:00,VIN-B2141,11.7,29.8,"10.0452,105.7469",103.0
2024-01-10 16:06:00,VIN-B2142,117.4,68.2,"12.2388,109.1967",87.3
2024-01-10 16:09:00,VIN-B2143,68.3,52.8,"10.9460,108.4419",106.6
2024-01-10 16:12:00,VIN-B2144,109.5,67.1,"10.9460,108.4419",76.5
2024-01-10 16:15:00,VIN-B2145,105.4,81.3,"10.8231,106.6297",74.5
2024-01-10 16:18:00,VIN-B2146,90.0,45.6,"21.0285,105.8542",71.9
2024-01-10 16:21:00,VIN-B2147,32.6,33.1,"12.2388,109.1967",75.3
2024-01-10 16:24:00,VIN-B2148,71.4,9.1,"10.9460,108.4419",81.0
2024-01-10 16:27:00,VIN-B2149,41.2,45.1,"20.8449,106.6881",102.7
2024-01-10 16:30:00,VIN-B2150,44.9,33.6,"10.8231,106.6297",85.1
2024-01-10 16:33:00,VIN-B2151,94.5,17.0,"11.9404,108.4583",106.4
2024-01-10 16:36:00,VIN-B2152,73.4,46.4,"10.9460,108.4419",75.5
2024-01-10 16:39:00,VIN-B2153,111.9,78.0,"16.0544,108.2022",107.6
2024-01-10 16:42:00,VIN-B2154,21.7,62.9,"11.9404,108.4583",79.4
2024-01-10 16:45:00,VIN-B2155,111.8,66.5,"12.2388,109.1967",87.6
2024-01-10 16:48:00,VIN-B2156,3.5,52.4,"10.9460,108.4419",106.0
2024-01-10 16:51:00,VIN-B2157,36.4,32.4,"11.9404,108.4583",84.9
2024-01-10 16:54:00,VIN-B2158,26.7,46.5,"16.0544,108.2022",73.9
2024-01-10 16:57:00,VIN-B2159,98.9,27.0,"10.0452,105.7469",82.5
2024-01-10 17:00:00,VIN-B2160,58.7,12.8,"16.0544,108.2022",81.5
2024-01-10 17:03:00,VIN-B2161,87.4,25.7,"16.0544,108.2022",98.1
2024-01-10 17:06:00,VIN-B2162,103.4,61.6,"10.8231,106.6297",99.6
2024-01-10 17:09:00,VIN-B2163,47.3,67.5,"21.0285,105.8542",107.2
2024-01-10 17:12:00,VIN-B2164,8.2,73.1,"10.9460,108.4419",79.5
2024-01-10 17:15:00,VIN-B2165,93.5,18.6,"10.9460,108.4419",89.8
2024-01-10 17:18:00,VIN-B2166,51.1,30.7,"10.0452,105.7469",94.7
2024-01-10 17:21:00,VIN-B2167,66.7,72.7,"11.9404,108.4583",92.2
2024-01-10 17:24:00,VIN-B2168,20.5,60.5,"12.2388,109.1967",76.8
2024-01-10 17:27:00,VIN-B2169,101.0,18.3,"11.9404,108.4583",74.1
2024-01-10 17:30:00,VIN-B2170,13.9,52.7,"10.9460,108.4419",84.7
2024-01-10 17:33:00,VIN-B2171,10.1,11.3,"11.9404,108.4583",106.6
2024-01-10 17:36:00,VIN-B2172,63.5,65.5,"11.9404,108.4583",82.3
2024-01-10 17:39:00,VIN-B2173,11.1,47.6,"12.2388,109.1967",80.8
2024-01-10 17:42:00,VIN-B2174,27.6,39.8,"10.0452,105.7469",84.3
2024-01-10 17:45:00,VIN-B2175,16.9,46.6,"12.2388,109.1967",74.5
2024-01-10 17:48:00,VIN-B2176,94.7,48.8,"11.9404,108.4583",93.2
2024-01-10 17:51:00,VIN-B2177,84.3,98.1,"10.9460,108.4419",78.0
2024-01-10 17:54:00,VIN-B2178,34.7,90.6,"10.0452,105.7469",71.5
2024-01-10 17:57:00,VIN-B2179,27.8,53.5,"10.8231,106.6297",78.9
2024-01-10 18:00:00,VIN-B2180,15.0,25.7,"21.0285,105.8542",105.0
2024-01-10 18:03:00,VIN-B2181,8.2,24.1,"16.0544,108.2022",87.1
2024-01-10 18:06:00,VIN-B2182,4.5,50.1,"16.0544,108.2022",102.5
2024-01-10 18:09:00,VIN-B2183,66.8,38.5,"16.0544,108.2022",89.2
2024-01-10 18:12:00,VIN-B2184,57.0,5.9,"20.8449,106.6881",77.4
2024-01-10 18:15:00,VIN-B2185,82.1,34.8,"21.0285,105.8542",87.8
2024-01-10 18:18:00,VIN-B2186,36.7,36.0,"10.0452,105.7469",107.1
2024-01-10 18:21:00,VIN-B2187,87.5,50.8,"10.8231,106.6297",74.1
2024-01-10 18:24:00,VIN-B2188,67.7,15.2,"20.8449,106.6881",97.4
2024-01-10 18:27:00,VIN-B2189,22.6,31.5,"20.8449,106.6881",89.9
2024-01-10 18:30:00,VIN-B2190,88.2,47.1,"20.8449,106.6881",107.3
2024-01-10 18:33:00,VIN-B2191,71.1,42.8,"21.0285,105.8542",109.5
2024-01-10 18:36:00,VIN-B2192,26.9,82.3,"16.0544,108.2022",93.5
2024-01-10 18:39:00,VIN-B2193,69.1,89.4,"20.8449,106.6881",80.5
2024-01-10 18:42:00,VIN-B2194,108.7,10.0,"10.8231,106.6297",97.6
2024-01-10 18:45:00,VIN-B2195,13.5,55.6,"11.9404,108.4583",89.2
2024-01-10 18:48:00,VIN-B2196,69.3,55.5,"10.0452,105.7469",103.3
2024-01-10 18:51:00,VIN-B2197,82.1,37.3,"21.0285,105.8542",98.2
2024-01-10 18:54:00,VIN-B2198,64.8,43.9,"12.2388,109.1967",106.2
2024-01-10 18:57:00,VIN-B2199,20.4,33.0,"12.2388,109.1967",99.4
2024-01-10 19:00:00,VIN-B2200,61.8,54.1,"10.9460,108.4419",93.3
2024-01-10 19:03:00,VIN-B2201,52.6,58.3,"11.9404,108.4583",103.0
2024-01-10 19:06:00,VIN-B2202,106.8,36.2,"11.9404,108.4583",100.2
2024-01-10 19:09:00,VIN-B2203,15.2,54.2,"21.0285,105.8542",103.7
2024-01-10 19:12:00,VIN-B2204,6.2,18.6,"10.9460,108.4419",99.8
2024-01-10 19:15:00,VIN-B2205,55.5,56.2,"21.0285,105.8542",102.8
2024-01-10 19:18:00,VIN-B2206,35.9,56.3,"10.9460,108.4419",105.9
2024-01-10 19:21:00,VIN-B2207,55.5,93.0,"12.2388,109.1967",106.6
2024-01-10 19:24:00,VIN-B2208,31.5,36.2,"21.0285,105.8542",101.6
2024-01-10 19:27:00,VIN-B2209,95.4,24.6,"10.9460,108.4419",100.4
2024-01-10 19:30:00,VIN-B2210,19.2,99.5,"21.0285,105.8542",73.3
2024-01-10 19:33:00,VIN-B2211,87.1,65.6,"10.0452,105.7469",91.1
2024-01-10 19:36:00,VIN-B2212,41.0,46.3,"21.0285,105.8542",101.0
2024-01-10 19:39:00,VIN-B2213,69.4,62.9,"10.9460,108.4419",103.4
2024-01-10 19:42:00,VIN-B2214,9.6,94.8,"11.9404,108.4583",93.1
2024-01-10 19:45:00,VIN-B2215,106.5,7.2,"16.0544,108.2022",103.3
2024-01-10 19:48:00,VIN-B2216,53.4,59.8,"11.9404,108.4583",82.6
2024-01-10 19:51:00,VIN-B2217,67.2,45.4,"20.8449,106.6881",93.4
2024-01-10 19:54:00,VIN-B2218,26.5,80.0,"21.0285,105.8542",95.1
2024-01-10 19:57:00,VIN-B2219,78.8,75.7,"10.8231,106.6297",100.2
2024-01-10 20:00:00,VIN-B2220,55.8,76.2,"11.9404,108.4583",77.8
2024-01-10 20:03:00,VIN-B2221,80.8,6.9,"21.0285,105.8542",74.9
2024-01-10 20:06:00,VIN-B2222,28.9,60.5,"10.8231,106.6297",79.9
2024-01-10 20:09:00,VIN-B2223,102.9,16.9,"10.9460,108.4419",82.3
2024-01-10 20:12:00,VIN-B2224,77.6,34.9,"21.0285,105.8542",79.7
2024-01-10 20:15:00,VIN-B2225,51.2,59.5,"11.9404,108.4583",103.1
2024-01-10 20:18:00,VIN-B2226,95.7,86.3,"21.0285,105.8542",71.7
2024-01-10 20:21:00,VIN-B2227,39.3,88.5,"12.2388,109.1967",78.5
2024-01-10 20:24:00,VIN-B2228,55.3,43.0,"11.9404,108.4583",107.3
2024-01-10 20:27:00,VIN-B2229,95.4,55.4,"10.0452,105.7469",85.2
2024-01-10 20:30:00,VIN-B2230,48.2,91.9,"21.0285,105.8542",78.7
2024-01-10 20:33:00,VIN-B2231,41.8,73.5,"20.8449,106.6881",92.7
2024-01-10 20:36:00,VIN-B2232,25.1,28.0,"10.8231,106.6297",98.2
2024-01-10 20:39:00,VIN-B2233,75.2,56.7,"20.8449,106.6881",73.6
2024-01-10 20:42:00,VIN-B2234,75.9,32.7,"10.0452,105.7469",73.4
2024-01-10 20:45:00,VIN-B2235,40.1,41.7,"20.8449,106.6881",79.6
2024-01-10 20:48:00,VIN-B2236,58.5,22.7,"11.9404,108.4583",101.6
2024-01-10 20:51:00,VIN-B2237,13.9,41.1,"10.0452,105.7469",85.7
2024-01-10 20:54:00,VIN-B2238,81.5,9.0,"16.0544,108.2022",103.5
2024-01-10 20:57:00,VIN-B2239,109.3,49.8,"16.0544,108.2022",88.3
2024-01-10 21:00:00,VIN-B2240,102.6,56.7,"20.8449,106.6881",109.9
2024-01-10 21:03:00,VIN-B2241,78.0,43.9,"11.9404,108.4583",106.6
2024-01-10 21:06:00,VIN-B2242,35.4,54.5,"20.8449,106.6881",102.3
2024-01-10 21:09:00,VIN-B2243,30.8,82.6,"20.8449,106.6881",73.1
2024-01-10 21:12:00,VIN-B2244,107.2,64.2,"10.9460,108.4419",108.4
2024-01-10 21:15:00,VIN-B2245,38.8,89.7,"11.9404,108.4583",91.4
2024-01-10 21:18:00,VIN-B2246,98.2,92.3,"20.8449,106.6881",103.1
2024-01-10 21:21:00,VIN-B2247,5.1,40.5,"21.0285,105.8542",71.5
2024-01-10 21:24:00,VIN-B2248,80.3,57.0,"16.0544,108.2022",89.6
2024-01-10 21:27:00,VIN-B2249,25.7,30.1,"10.9460,108.4419",86.8
2024-01-10 21:30:00,VIN-B2250,50.7,93.7,"21.0285,105.8542",80.5
2024-01-10 21:33:00,VIN-B2251,31.1,30.7,"21.0285,105.8542",91.2
2024-01-10 21:36:00,VIN-B2252,69.5,61.2,"10.0452,105.7469",107.1
2024-01-10 21:39:00,VIN-B2253,69.0,59.6,"10.8231,106.6297",86.7
2024-01-10 21:42:00,VIN-B2254,48.3,71.0,"10.8231,106.6297",92.8
2024-01-10 21:45:00,VIN-B2255,20.8,56.0,"12.2388,109.1967",107.5
2024-01-10 21:48:00,VIN-B2256,61.1,77.7,"11.9404,108.4583",100.2
2024-01-10 21:51:00,VIN-B2257,42.1,86.3,"10.0452,105.7469",103.2
2024-01-10 21:54:00,VIN-B2258,92.0,56.1,"10.9460,108.4419",75.4
2024-01-10 21:57:00,VIN-B2259,58.9,48.1,"10.0452,105.7469",70.9
2024-01-10 22:00:00,VIN-B2260,116.1,81.6,"21.0285,105.8542",101.6
2024-01-10 22:03:00,VIN-B2261,90.9,84.7,"12.2388,109.1967",101.0
2024-01-10 22:06:00,VIN-B2262,91.9,8.3,"12.2388,109.1967",107.9
2024-01-10 22:09:00,VIN-B2263,70.9,77.2,"21.0285,105.8542",90.3
2024-01-10 22:12:00,VIN-B2264,24.7,49.6,"11.9404,108.4583",108.5
2024-01-10 22:15:00,VIN-B2265,26.7,27.2,"20.8449,106.6881",81.4
2024-01-10 22:18:00,VIN-B2266,57.0,6.3,"12.2388,109.1967",73.8
2024-01-10 22:21:00,VIN-B2267,86.1,62.5,"21.0285,105.8542",107.7
2024-01-10 22:24:00,VIN-B2268,41.9,53.7,"20.8449,106.6881",108.8
2024-01-10 22:27:00,VIN-B2269,22.4,17.1,"16.0544,108.2022",83.9
2024-01-10 22:30:00,VIN-B2270,94.5,97.1,"12.2388,109.1967",72.7
2024-01-10 22:33:00,VIN-B2271,101.7,86.9,"10.0452,105.7469",105.8
2024-01-10 22:36:00,VIN-B2272,73.3,73.8,"11.9404,108.4583",88.0
2024-01-10 22:39:00,VIN-B2273,16.1,30.5,"12.2388,109.1967",72.7
2024-01-10 22:42:00,VIN-B2274,6.8,70.6,"12.2388,109.1967",74.0
2024-01-10 22:45:00,VIN-B2275,25.8,30.7,"10.0452,105.7469",103.6
2024-01-10 22:48:00,VIN-B2276,77.2,10.7,"10.9460,108.4419",98.6
2024-01-10 22:51:00,VIN-B2277,37.1,95.7,"16.0544,108.2022",75.8
2024-01-10 22:54:00,VIN-B2278,33.2,95.5,"10.8231,106.6297",93.5
2024-01-10 22:57:00,VIN-B2279,88.2,50.1,"20.8449,106.6881",109.3
2024-01-10 23:00:00,VIN-B2280,103.9,59.6,"10.0452,105.7469",77.3
2024-01-10 23:03:00,VIN-B2281,44.8,99.2,"12.2388,109.1967",101.7
2024-01-10 23:06:00,VIN-B2282,22.3,6.3,"10.0452,105.7469",76.9
2024-01-10 23:09:00,VIN-B2283,12.0,55.7,"10.8231,106.6297",71.4
2024-01-10 23:12:00,VIN-B2284,36.7,55.0,"21.0285,105.8542",97.5
2024-01-10 23:15:00,VIN-B2285,25.8,50.1,"16.0544,108.2022",91.8
2024-01-10 23:18:00,VIN-B2286,53.8,67.0,"10.8231,106.6297",107.4
2024-01-10 23:21:00,VIN-B2287,18.2,8.3,"11.9404,108.4583",101.2
2024-01-10 23:24:00,VIN-B2288,28.4,89.9,"20.8449,106.6881",98.9
2024-01-10 23:27:00,VIN-B2289,8.4,39.2,"20.8449,106.6881",108.3
2024-01-10 23:30:00,VIN-B2290,70.0,5.9,"10.9460,108.4419",89.0
2024-01-10 23:33:00,VIN-B2291,37.6,10.7,"10.9460,108.4419",79.7
2024-01-10 23:36:00,VIN-B2292,40.0,80.8,"10.8231,106.6297",71.0
2024-01-10 23:39:00,VIN-B2293,55.4,63.5,"21.0285,105.8542",77.6
2024-01-10 23:42:00,VIN-B2294,93.4,67.2,"16.0544,108.2022",76.4
2024-01-10 23:45:00,VIN-B2295,13.1,56.4,"20.8449,106.6881",92.7
2024-01-10 23:48:00,VIN-B2296,89.2,49.9,"21.0285,105.8542",96.2
2024-01-10 23:51:00,VIN-B2297,59.5,22.6,"10.8231,106.6297",102.2
2024-01-10 23:54:00,VIN-B2298,30.5,87.7,"12.2388,109.1967",99.7
2024-01-10 23:57:00,VIN-B2299,95.1,99.9,"21.0285,105.8542",92.8
2024-01-11 00:00:00,VIN-B2300,65.7,99.3,"21.0285,105.8542",89.0
2024-01-11 00:03:00,VIN-B2301,0.8,29.4,"10.0452,105.7469",86.3
2024-01-11 00:06:00,VIN-B2302,118.0,18.7,"10.0452,105.7469",100.4
2024-01-11 00:09:00,VIN-B2303,35.2,79.7,"16.0544,108.2022",77.3
2024-01-11 00:12:00,VIN-B2304,17.3,66.6,"10.8231,106.6297",75.8
2024-01-11 00:15:00,VIN-B2305,21.7,91.6,"12.2388,109.1967",100.2
2024-01-11 00:18:00,VIN-B2306,17.0,74.6,"10.8231,106.6297",93.3
2024-01-11 00:21:00,VIN-B2307,36.6,83.2,"10.9460,108.4419",105.3
2024-01-11 00:24:00,VIN-B2308,45.1,7.1,"16.0544,108.2022",86.8
2024-01-11 00:27:00,VIN-B2309,75.1,35.0,"10.0452,105.7469",106.9
2024-01-11 00:30:00,VIN-B2310,56.4,12.5,"10.9460,108.4419",94.1
2024-01-11 00:33:00,VIN-B2311,36.0,57.9,"16.0544,108.2022",80.8
2024-01-11 00:36:00,VIN-B2312,41.4,70.7,"11.9404,108.4583",74.5
2024-01-11 00:39:00,VIN-B2313,4.4,15.0,"21.0285,105.8542",82.8
2024-01-11 00:42:00,VIN-B2314,111.6,60.2,"21.0285,105.8542",76.8
2024-01-11 00:45:00,VIN-B2315,51.6,88.7,"12.2388,109.1967",99.3
2024-01-11 00:48:00,VIN-B2316,96.3,89.1,"12.2388,109.1967",89.2
2024-01-11 00:51:00,VIN-B2317,51.4,88.5,"20.8449,106.6881",75.1
2024-01-11 00:54:00,VIN-B2318,55.6,99.9,"10.8231,106.6297",90.0
2024-01-11 00:57:00,VIN-B2319,32.3,48.3,"10.8231,106.6297",90.4
2024-01-11 01:00:00,VIN-B2320,27.7,83.0,"21.0285,105.8542",109.1
2024-01-11 01:03:00,VIN-B2321,13.1,8.1,"12.2388,109.1967",94.8
2024-01-11 01:06:00,VIN-B2322,68.1,13.1,"12.2388,109.1967",71.7
2024-01-11 01:09:00,VIN-B2323,48.4,75.0,"10.0452,105.7469",85.7
2024-01-11 01:12:00,VIN-B2324,115.4,64.4,"10.0452,105.7469",101.4
2024-01-11 01:15:00,VIN-B2325,117.6,31.5,"12.2388,109.1967",90.4
2024-01-11 01:18:00,VIN-B2326,32.5,94.7,"10.8231,106.6297",90.2
2024-01-11 01:21:00,VIN-B2327,14.1,59.5,"20.8449,106.6881",82.7
2024-01-11 01:24:00,VIN-B2328,51.8,19.1,"10.8231,106.6297",76.7
2024-01-11 01:27:00,VIN-B2329,119.7,23.9,"10.9460,108.4419",97.5
2024-01-11 01:30:00,VIN-B2330,89.1,87.3,"11.9404,108.4583",106.1
2024-01-11 01:33:00,VIN-B2331,0.2,24.8,"10.0452,105.7469",70.1
2024-01-11 01:36:00,VIN-B2332,2.5,57.1,"20.8449,106.6881",79.9
2024-01-11 01:39:00,VIN-B2333,35.0,72.9,"20.8449,106.6881",88.1
2024-01-11 01:42:00,VIN-B2334,71.2,63.2,"10.8231,106.6297",90.6
2024-01-11 01:45:00,VIN-B2335,68.6,78.9,"21.0285,105.8542",74.9
2024-01-11 01:48:00,VIN-B2336,14.3,80.8,"10.8231,106.6297",93.2
2024-01-11 01:51:00,VIN-B2337,102.7,13.8,"16.0544,108.2022",102.8
2024-01-11 01:54:00,VIN-B2338,16.7,52.0,"10.9460,108.4419",99.7
2024-01-11 01:57:00,VIN-B2339,69.8,55.5,"10.9460,108.4419",99.6
2024-01-11 02:00:00,VIN-B2340,74.1,41.9,"11.9404,108.4583",82.0
2024-01-11 02:03:00,VIN-B2341,118.7,95.3,"20.8449,106.6881",89.2
2024-01-11 02:06:00,VIN-B2342,31.0,28.3,"10.8231,106.6297",70.9
2024-01-11 02:09:00,VIN-B2343,71.6,84.9,"12.2388,109.1967",97.4
2024-01-11 02:12:00,VIN-B2344,29.9,16.3,"21.0285,105.8542",98.9
2024-01-11 02:15:00,VIN-B2345,29.3,47.3,"21.0285,105.8542",90.9
2024-01-11 02:18:00,VIN-B2346,10.2,13.8,"11.9404,108.4583",97.8
2024-01-11 02:21:00,VIN-B2347,39.6,18.4,"12.2388,109.1967",76.0
2024-01-11 02:24:00,VIN-B2348,2.2,65.4,"10.8231,106.6297",72.7
2024-01-11 02:27:00,VIN-B2349,24.4,77.5,"12.2388,109.1967",86.5
2024-01-11 02:30:00,VIN-B2350,3.6,35.6,"12.2388,109.1967",81.3
2024-01-11 02:33:00,VIN-B2351,106.9,31.0,"20.8449,106.6881",87.3
2024-01-11 02:36:00,VIN-B2352,17.8,10.1,"10.8231,106.6297",92.0
2024-01-11 02:39:00,VIN-B2353,32.0,66.2,"10.8231,106.6297",102.4
2024-01-11 02:42:00,VIN-B2354,84.8,56.2,"21.0285,105.8542",97.5
2024-01-11 02:45:00,VIN-B2355,18.3,18.1,"10.0452,105.7469",90.5
2024-01-11 02:48:00,VIN-B2356,71.6,77.9,"10.8231,106.6297",76.0
2024-01-11 02:51:00,VIN-B2357,106.9,18.4,"11.9404,108.4583",90.0
2024-01-11 02:54:00,VIN-B2358,8.4,29.9,"11.9404,108.4583",106.2
2024-01-11 02:57:00,VIN-B2359,56.1,80.0,"11.9404,108.4583",95.5
2024-01-11 03:00:00,VIN-B2360,23.1,34.6,"10.0452,105.7469",83.8
2024-01-11 03:03:00,VIN-B2361,54.5,5.8,"21.0285,105.8542",76.4
2024-01-11 03:06:00,VIN-B2362,11.4,78.3,"16.0544,108.2022",92.1
2024-01-11 03:09:00,VIN-B2363,39.8,57.2,"20.8449,106.6881",107.5
2024-01-11 03:12:00,VIN-B2364,75.4,79.7,"11.9404,108.4583",83.8
2024-01-11 03:15:00,VIN-B2365,2.1,68.2,"20.8449,106.6881",74.6
2024-01-11 03:18:00,VIN-B2366,3.8,49.1,"16.0544,108.2022",78.8
2024-01-11 03:21:00,VIN-B2367,31.7,43.8,"10.8231,106.6297",73.4
2024-01-11 03:24:00,VIN-B2368,67.4,54.6,"10.9460,108.4419",73.5
2024-01-11 03:27:00,VIN-B2369,10.8,88.5,"16.0544,108.2022",78.0
2024-01-11 03:30:00,VIN-B2370,108.5,58.9,"20.8449,106.6881",72.7
2024-01-11 03:33:00,VIN-B2371,10.7,7.8,"12.2388,109.1967",107.9
2024-01-11 03:36:00,VIN-B2372,85.8,6.1,"20.8449,106.6881",87.4
2024-01-11 03:39:00,VIN-B2373,39.0,95.8,"12.2388,109.1967",82.5
2024-01-11 03:42:00,VIN-B2374,87.0,97.2,"12.2388,109.1967",96.2
2024-01-11 03:45:00,VIN-B2375,107.3,98.0,"20.8449,106.6881",109.5
2024-01-11 03:48:00,VIN-B2376,102.3,33.5,"10.8231,106.6297",74.3
2024-01-11 03:51:00,VIN-B2377,10.6,27.5,"11.9404,108.4583",90.0
2024-01-11 03:54:00,VIN-B2378,89.2,64.5,"10.0452,105.7469",108.6
2024-01-11 03:57:00,VIN-B2379,37.1,85.3,"12.2388,109.1967",79.4
2024-01-11 04:00:00,VIN-B2380,67.0,45.1,"10.9460,108.4419",110.0
2024-01-11 04:03:00,VIN-B2381,64.2,20.5,"11.9404,108.4583",100.3
2024-01-11 04:06:00,VIN-B2382,89.9,17.0,"10.9460,108.4419",96.7
2024-01-11 04:09:00,VIN-B2383,22.0,48.0,"10.8231,106.6297",90.4
2024-01-11 04:12:00,VIN-B2384,101.7,71.8,"20.8449,106.6881",107.4
2024-01-11 04:15:00,VIN-B2385,111.8,79.4,"16.0544,108.2022",104.2
2024-01-11 04:18:00,VIN-B2386,33.1,12.3,"10.9460,108.4419",105.4
2024-01-11 04:21:00,VIN-B2387,49.1,56.8,"12.2388,109.1967",101.6
2024-01-11 04:24:00,VIN-B2388,35.2,49.4,"21.0285,105.8542",96.5
2024-01-11 04:27:00,VIN-B2389,69.4,65.7,"11.9404,108.4583",70.6
2024-01-11 04:30:00,VIN-B2390,49.5,93.6,"12.2388,109.1967",90.0
2024-01-11 04:33:00,VIN-B2391,58.0,33.6,"16.0544,108.2022",75.0
2024-01-11 04:36:00,VIN-B2392,37.6,30.8,"10.0452,105.7469",82.3
2024-01-11 04:39:00,VIN-B2393,36.9,44.8,"20.8449,106.6881",91.9
2024-01-11 04:42:00,VIN-B2394,113.7,19.3,"11.9404,108.4583",101.6
2024-01-11 04:45:00,VIN-B2395,51.9,29.0,"11.9404,108.4583",76.5
2024-01-11 04:48:00,VIN-B2396,30.8,79.6,"10.8231,106.6297",108.8
2024-01-11 04:51:00,VIN-B2397,79.2,31.3,"12.2388,109.1967",95.7
2024-01-11 04:54:00,VIN-B2398,10.6,16.8,"10.9460,108.4419",101.0
2024-01-11 04:57:00,VIN-B2399,65.6,12.6,"16.0544,108.2022",88.5
2024-01-11 05:00:00,VIN-B2400,0.3,68.5,"10.0452,105.7469",82.3
2024-01-11 05:03:00,VIN-B2401,40.5,60.7,"12.2388,109.1967",90.0
2024-01-11 05:06:00,VIN-B2402,103.7,81.6,"21.0285,105.8542",91.1
2024-01-11 05:09:00,VIN-B2403,33.3,81.1,"10.8231,106.6297",109.7
2024-01-11 05:12:00,VIN-B2404,48.6,87.3,"10.8231,106.6297",83.9
2024-01-11 05:15:00,VIN-B2405,11.8,14.6,"10.8231,106.6297",77.3
2024-01-11 05:18:00,VIN-B2406,19.3,88.4,"12.2388,109.1967",77.8
2024-01-11 05:21:00,VIN-B2407,90.0,12.8,"16.0544,108.2022",79.9
2024-01-11 05:24:00,VIN-B2408,3.5,72.3,"10.8231,106.6297",82.4
2024-01-11 05:27:00,VIN-B2409,89.3,55.1,"10.8231,106.6297",103.0
2024-01-11 05:30:00,VIN-B2410,28.8,18.5,"20.8449,106.6881",72.1
2024-01-11 05:33:00,VIN-B2411,7.0,20.5,"10.0452,105.7469",74.2
2024-01-11 05:36:00,VIN-B2412,53.6,83.7,"10.8231,106.6297",73.2
2024-01-11 05:39:00,VIN-B2413,96.9,8.1,"10.8231,106.6297",78.4
2024-01-11 05:42:00,VIN-B2414,110.3,50.1,"21.0285,105.8542",79.6
2024-01-11 05:45:00,VIN-B2415,90.0,52.2,"21.0285,105.8542",93.6
2024-01-11 05:48:00,VIN-B2416,56.0,67.0,"20.8449,106.6881",71.8
2024-01-11 05:51:00,VIN-B2417,89.9,89.0,"20.8449,106.6881",105.4
2024-01-11 05:54:00,VIN-B2418,18.7,98.8,"11.9404,108.4583",97.3
2024-01-11 05:57:00,VIN-B2419,74.0,76.4,"10.8231,106.6297",98.9
2024-01-11 06:00:00,VIN-B2420,31.0,60.3,"12.2388,109.1967",103.8
2024-01-11 06:03:00,VIN-B2421,76.3,83.0,"11.9404,108.4583",104.7
2024-01-11 06:06:00,VIN-B2422,110.6,64.7,"21.0285,105.8542",78.2
2024-01-11 06:09:00,VIN-B2423,52.5,26.2,"16.0544,108.2022",98.2
2024-01-11 06:12:00,VIN-B2424,2.7,92.6,"10.9460,108.4419",90.9
2024-01-11 06:15:00,VIN-B2425,0.4,18.1,"10.9460,108.4419",93.9
2024-01-11 06:18:00,VIN-B2426,6.7,26.5,"21.0285,105.8542",107.8
2024-01-11 06:21:00,VIN-B2427,12.7,7.6,"21.0285,105.8542",101.2
2024-01-11 06:24:00,VIN-B2428,56.4,84.3,"16.0544,108.2022",105.8
2024-01-11 06:27:00,VIN-B2429,81.2,88.5,"20.8449,106.6881",80.1
2024-01-11 06:30:00,VIN-B2430,58.8,16.5,"10.0452,105.7469",89.4
2024-01-11 06:33:00,VIN-B2431,100.5,8.8,"20.8449,106.6881",92.4
2024-01-11 06:36:00,VIN-B2432,12.7,90.8,"16.0544,108.2022",101.9
2024-01-11 06:39:00,VIN-B2433,65.6,69.0,"11.9404,108.4583",101.4
2024-01-11 06:42:00,VIN-B2434,55.9,97.2,"10.8231,106.6297",70.6
2024-01-11 06:45:00,VIN-B2435,78.2,68.6,"12.2388,109.1967",77.8
2024-01-11 06:48:00,VIN-B2436,92.2,25.3,"20.8449,106.6881",108.6
2024-01-11 06:51:00,VIN-B2437,19.5,83.3,"20.8449,106.6881",93.4
2024-01-11 06:54:00,VIN-B2438,94.7,41.5,"20.8449,106.6881",92.1
2024-01-11 06:57:00,VIN-B2439,101.6,29.7,"10.9460,108.4419",70.8
2024-01-11 07:00:00,VIN-B2440,96.1,69.8,"11.9404,108.4583",72.7
2024-01-11 07:03:00,VIN-B2441,74.4,16.2,"11.9404,108.4583",97.9
2024-01-11 07:06:00,VIN-B2442,112.8,94.6,"21.0285,105.8542",82.9
2024-01-11 07:09:00,VIN-B2443,88.3,84.7,"12.2388,109.1967",102.9
2024-01-11 07:12:00,VIN-B2444,46.6,5.4,"10.8231,106.6297",78.7
2024-01-11 07:15:00,VIN-B2445,43.7,98.0,"12.2388,109.1967",105.7
2024-01-11 07:18:00,VIN-B2446,18.8,85.6,"21.0285,105.8542",94.8
2024-01-11 07:21:00,VIN-B2447,103.9,59.9,"12.2388,109.1967",91.7
2024-01-11 07:24:00,VIN-B2448,35.1,11.3,"10.8231,106.6297",70.4
2024-01-11 07:27:00,VIN-B2449,109.5,75.2,"21.0285,105.8542",102.6
2024-01-11 07:30:00,VIN-B2450,38.0,26.7,"16.0544,108.2022",74.0
2024-01-11 07:33:00,VIN-B2451,109.4,40.8,"11.9404,108.4583",100.5
2024-01-11 07:36:00,VIN-B2452,85.7,99.0,"12.2388,109.1967",86.2
2024-01-11 07:39:00,VIN-B2453,95.3,27.0,"11.9404,108.4583",79.3
2024-01-11 07:42:00,VIN-B2454,66.0,13.9,"11.9404,108.4583",70.7
2024-01-11 07:45:00,VIN-B2455,14.2,77.3,"10.9460,108.4419",86.8
2024-01-11 07:48:00,VIN-B2456,92.2,19.8,"20.8449,106.6881",104.2
2024-01-11 07:51:00,VIN-B2457,14.7,49.9,"11.9404,108.4583",82.8
2024-01-11 07:54:00,VIN-B2458,91.8,87.1,"16.0544,108.2022",91.8
2024-01-11 07:57:00,VIN-B2459,9.2,47.7,"10.9460,108.4419",83.2
2024-01-11 08:00:00,VIN-B2460,11.8,27.2,"11.9404,108.4583",100.6
2024-01-11 08:03:00,VIN-B2461,59.7,14.4,"11.9404,108.4583",80.4
2024-01-11 08:06:00,VIN-B2462,45.2,94.2,"10.8231,106.6297",100.5
2024-01-11 08:09:00,VIN-B2463,97.5,48.9,"10.0452,105.7469",99.4
2024-01-11 08:12:00,VIN-B2464,2.3,33.1,"12.2388,109.1967",87.4
2024-01-11 08:15:00,VIN-B2465,88.6,99.1,"12.2388,109.1967",86.9
2024-01-11 08:18:00,VIN-B2466,55.5,18.4,"11.9404,108.4583",72.6
2024-01-11 08:21:00,VIN-B2467,12.2,48.8,"10.8231,106.6297",103.1
2024-01-11 08:24:00,VIN-B2468,55.7,39.4,"12.2388,109.1967",100.2
2024-01-11 08:27:00,VIN-B2469,57.7,99.5,"10.0452,105.7469",89.2
2024-01-11 08:30:00,VIN-B2470,86.7,25.6,"10.9460,108.4419",82.7
2024-01-11 08:33:00,VIN-B2471,117.4,55.4,"16.0544,108.2022",105.5
2024-01-11 08:36:00,VIN-B2472,35.6,11.9,"12.2388,109.1967",90.1
2024-01-11 08:39:00,VIN-B2473,38.9,48.6,"16.0544,108.2022",85.3
2024-01-11 08:42:00,VIN-B2474,19.4,21.4,"12.2388,109.1967",100.8
2024-01-11 08:45:00,VIN-B2475,47.3,55.2,"16.0544,108.2022",105.7
2024-01-11 08:48:00,VIN-B2476,22.3,54.0,"12.2388,109.1967",109.9
2024-01-11 08:51:00,VIN-B2477,53.8,45.7,"16.0544,108.2022",70.4
2024-01-11 08:54:00,VIN-B2478,78.3,40.8,"10.0452,105.7469",75.8
2024-01-11 08:57:00,VIN-B2479,113.5,86.7,"10.0452,105.7469",107.7
2024-01-11 09:00:00,VIN-B2480,25.0,57.1,"20.8449,106.6881",89.0
2024-01-11 09:03:00,VIN-B2481,83.0,39.0,"16.0544,108.2022",78.7
2024-01-11 09:06:00,VIN-B2482,63.5,73.6,"10.9460,108.4419",94.3
2024-01-11 09:09:00,VIN-B2483,48.8,68.8,"10.8231,106.6297",101.9
2024-01-11 09:12:00,VIN-B2484,62.0,93.9,"20.8449,106.6881",93.7
2024-01-11 09:15:00,VIN-B2485,28.1,10.5,"11.9404,108.4583",101.2
2024-01-11 09:18:00,VIN-B2486,93.3,29.7,"11.9404,108.4583",101.5
2024-01-11 09:21:00,VIN-B2487,82.5,94.6,"16.0544,108.2022",89.0
2024-01-11 09:24:00,VIN-B2488,69.3,75.5,"11.9404,108.4583",93.8
2024-01-11 09:27:00,VIN-B2489,53.9,95.4,"10.8231,106.6297",82.6
2024-01-11 09:30:00,VIN-B2490,81.8,75.1,"20.8449,106.6881",88.0
2024-01-11 09:33:00,VIN-B2491,88.4,52.5,"10.9460,108.4419",90.0
2024-01-11 09:36:00,VIN-B2492,40.7,29.2,"20.8449,106.6881",104.0
2024-01-11 09:39:00,VIN-B2493,70.4,87.0,"10.0452,105.7469",103.2
2024-01-11 09:42:00,VIN-B2494,63.2,19.0,"16.0544,108.2022",89.1
2024-01-11 09:45:00,VIN-B2495,103.2,76.2,"16.0544,108.2022",88.2
2024-01-11 09:48:00,VIN-B2496,24.7,10.7,"16.0544,108.2022",77.0
2024-01-11 09:51:00,VIN-B2497,77.2,50.8,"21.0285,105.8542",100.5
2024-01-11 09:54:00,VIN-B2498,100.3,83.9,"10.9460,108.4419",87.0
2024-01-11 09:57:00,VIN-B2499,14.5,51.7,"20.8449,106.6881",76.6
2024-01-11 10:00:00,VIN-B2500,93.5,20.0,"11.9404,108.4583",74.6
2024-01-11 10:03:00,VIN-C0001,32.2,57.5,"10.0452,105.7469",71.3
2024-01-11 10:06:00,VIN-C0002,21.1,14.8,"20.8449,106.6881",108.2
2024-01-11 10:09:00,VIN-C0003,0.9,60.5,"16.0544,108.2022",77.5
2024-01-11 10:12:00,VIN-C0004,107.8,76.0,"10.8231,106.6297",73.8
2024-01-11 10:15:00,VIN-C0005,117.5,30.3,"20.8449,106.6881",80.7
2024-01-11 10:18:00,VIN-C0006,99.5,10.8,"10.8231,106.6297",104.7
2024-01-11 10:21:00,VIN-C0007,54.1,88.9,"10.8231,106.6297",106.9
2024-01-11 10:24:00,VIN-C0008,96.7,12.6,"10.0452,105.7469",87.8
2024-01-11 10:27:00,VIN-C0009,93.4,89.4,"10.8231,106.6297",107.7
2024-01-11 10:30:00,VIN-C0010,34.9,23.8,"16.0544,108.2022",86.5
2024-01-11 10:33:00,VIN-C0011,55.1,29.1,"12.2388,109.1967",85.1
2024-01-11 10:36:00,VIN-C0012,26.9,15.7,"10.9460,108.4419",76.4
2024-01-11 10:39:00,VIN-C0013,33.4,47.1,"10.0452,105.7469",106.6
2024-01-11 10:42:00,VIN-C0014,0.6,26.1,"10.8231,106.6297",99.7
2024-01-11 10:45:00,VIN-C0015,90.7,35.9,"10.8231,106.6297",76.3
2024-01-11 10:48:00,VIN-C0016,42.0,74.2,"11.9404,108.4583",74.3
2024-01-11 10:51:00,VIN-C0017,72.4,75.1,"10.0452,105.7469",75.1
2024-01-11 10:54:00,VIN-C0018,84.1,99.2,"10.9460,108.4419",77.2
2024-01-11 10:57:00,VIN-C0019,103.3,20.2,"21.0285,105.8542",102.9
2024-01-11 11:00:00,VIN-C0020,26.7,67.0,"12.2388,109.1967",109.0
2024-01-11 11:03:00,VIN-C0021,67.6,45.8,"16.0544,108.2022",103.2
2024-01-11 11:06:00,VIN-C0022,86.2,48.0,"11.9404,108.4583",103.0
2024-01-11 11:09:00,VIN-C0023,54.4,20.8,"12.2388,109.1967",84.2
2024-01-11 11:12:00,VIN-C0024,24.6,51.5,"11.9404,108.4583",70.9
2024-01-11 11:15:00,VIN-C0025,86.7,53.0,"20.8449,106.6881",82.1
2024-01-11 11:18:00,VIN-C0026,0.3,76.1,"11.9404,108.4583",100.1
2024-01-11 11:21:00,VIN-C0027,101.6,7.1,"10.8231,106.6297",91.8
2024-01-11 11:24:00,VIN-C0028,79.8,92.6,"16.0544,108.2022",93.8
2024-01-11 11:27:00,VIN-C0029,19.9,78.3,"11.9404,108.4583",101.1
2024-01-11 11:30:00,VIN-C0030,113.3,88.8,"10.0452,105.7469",94.8
2024-01-11 11:33:00,VIN-C0031,33.5,56.5,"10.8231,106.6297",93.4
2024-01-11 11:36:00,VIN-C0032,20.8,19.9,"10.0452,105.7469",79.9
2024-01-11 11:39:00,VIN-C0033,20.8,96.0,"10.0452,105.7469",84.3
2024-01-11 11:42:00,VIN-C0034,4.9,81.9,"11.9404,108.4583",83.8
2024-01-11 11:45:00,VIN-C0035,116.8,15.8,"10.0452,105.7469",109.6
2024-01-11 11:48:00,VIN-C0036,34.0,80.6,"10.8231,106.6297",79.0
2024-01-11 11:51:00,VIN-C0037,48.6,52.9,"12.2388,109.1967",97.8
2024-01-11 11:54:00,VIN-C0038,25.0,23.4,"10.0452,105.7469",77.7
2024-01-11 11:57:00,VIN-C0039,19.5,85.7,"20.8449,106.6881",106.8
2024-01-11 12:00:00,VIN-C0040,71.1,17.6,"10.8231,106.6297",83.9
2024-01-11 12:03:00,VIN-C0041,89.6,56.1,"10.0452,105.7469",74.9
2024-01-11 12:06:00,VIN-C0042,99.8,79.9,"12.2388,109.1967",73.6
2024-01-11 12:09:00,VIN-C0043,105.6,10.5,"11.9404,108.4583",100.1
2024-01-11 12:12:00,VIN-C0044,47.1,91.2,"16.0544,108.2022",108.1
2024-01-11 12:15:00,VIN-C0045,14.1,28.1,"10.9460,108.4419",86.1
2024-01-11 12:18:00,VIN-C0046,9.0,48.7,"11.9404,108.4583",81.1
2024-01-11 12:21:00,VIN-C0047,7.9,6.4,"16.0544,108.2022",93.8
2024-01-11 12:24:00,VIN-C0048,104.0,65.9,"10.0452,105.7469",106.1
2024-01-11 12:27:00,VIN-C0049,41.0,98.7,"21.0285,105.8542",93.4
2024-01-11 12:30:00,VIN-C0050,21.7,47.4,"10.0452,105.7469",74.0
2024-01-11 12:33:00,VIN-C0051,44.7,73.6,"16.0544,108.2022",107.8
2024-01-11 12:36:00,VIN-C0052,102.6,31.0,"11.9404,108.4583",76.0
2024-01-11 12:39:00,VIN-C0053,102.4,64.8,"20.8449,106.6881",80.1
2024-01-11 12:42:00,VIN-C0054,12.3,91.0,"10.8231,106.6297",105.6
2024-01-11 12:45:00,VIN-C0055,51.1,47.6,"10.0452,105.7469",71.1
2024-01-11 12:48:00,VIN-C0056,68.5,20.0,"12.2388,109.1967",82.6
2024-01-11 12:51:00,VIN-C0057,16.5,10.8,"16.0544,108.2022",98.2
2024-01-11 12:54:00,VIN-C0058,7.5,70.7,"11.9404,108.4583",84.2
2024-01-11 12:57:00,VIN-C0059,38.1,30.7,"16.0544,108.2022",74.0
2024-01-11 13:00:00,VIN-C0060,76.8,33.5,"10.8231,106.6297",90.7
2024-01-11 13:03:00,VIN-C0061,53.0,92.1,"10.9460,108.4419",95.5
2024-01-11 13:06:00,VIN-C0062,31.3,62.5,"16.0544,108.2022",85.0
2024-01-11 13:09:00,VIN-C0063,88.9,86.7,"16.0544,108.2022",108.8
2024-01-11 13:12:00,VIN-C0064,60.2,27.4,"12.2388,109.1967",95.1
2024-01-11 13:15:00,VIN-C0065,81.0,71.5,"21.0285,105.8542",93.6
2024-01-11 13:18:00,VIN-C0066,88.3,97.1,"12.2388,109.1967",100.9
2024-01-11 13:21:00,VIN-C0067,58.0,8.9,"10.9460,108.4419",95.4
2024-01-11 13:24:00,VIN-C0068,99.5,23.8,"10.0452,105.7469",105.2
2024-01-11 13:27:00,VIN-C0069,90.9,60.9,"20.8449,106.6881",84.2
2024-01-11 13:30:00,VIN-C0070,43.0,63.7,"10.8231,106.6297",76.6
2024-01-11 13:33:00,VIN-C0071,56.1,56.6,"12.2388,109.1967",108.4
2024-01-11 13:36:00,VIN-C0072,33.0,88.9,"11.9404,108.4583",95.5
2024-01-11 13:39:00,VIN-C0073,94.3,39.1,"10.0452,105.7469",103.2
2024-01-11 13:42:00,VIN-C0074,65.0,97.4,"11.9404,108.4583",98.0
2024-01-11 13:45:00,VIN-C0075,85.3,50.4,"20.8449,106.6881",101.5
2024-01-11 13:48:00,VIN-C0076,2.2,53.3,"20.8449,106.6881",89.3
2024-01-11 13:51:00,VIN-C0077,79.0,79.0,"11.9404,108.4583",82.2
2024-01-11 13:54:00,VIN-C0078,26.0,79.1,"11.9404,108.4583",99.5
2024-01-11 13:57:00,VIN-C0079,9.6,60.6,"16.0544,108.2022",92.2
2024-01-11 14:00:00,VIN-C0080,20.7,87.6,"10.8231,106.6297",100.2
2024-01-11 14:03:00,VIN-C0081,64.0,38.5,"20.8449,106.6881",76.7
2024-01-11 14:06:00,VIN-C0082,106.0,33.5,"16.0544,108.2022",92.1
2024-01-11 14:09:00,VIN-C0083,22.6,77.2,"16.0544,108.2022",95.8
2024-01-11 14:12:00,VIN-C0084,10.9,94.8,"16.0544,108.2022",79.8
2024-01-11 14:15:00,VIN-C0085,32.8,32.3,"16.0544,108.2022",93.8
2024-01-11 14:18:00,VIN-C0086,94.6,62.5,"20.8449,106.6881",85.8
2024-01-11 14:21:00,VIN-C0087,99.8,47.1,"16.0544,108.2022",86.4
2024-01-11 14:24:00,VIN-C0088,0.0,92.3,"11.9404,108.4583",103.1
2024-01-11 14:27:00,VIN-C0089,6.3,60.2,"20.8449,106.6881",77.8
2024-01-11 14:30:00,VIN-C0090,8.0,84.4,"10.8231,106.6297",70.8
2024-01-11 14:33:00,VIN-C0091,27.8,12.1,"21.0285,105.8542",93.0
2024-01-11 14:36:00,VIN-C0092,29.5,77.5,"16.0544,108.2022",75.4
2024-01-11 14:39:00,VIN-C0093,35.7,49.0,"21.0285,105.8542",108.0
2024-01-11 14:42:00,VIN-C0094,26.7,86.0,"10.8231,106.6297",86.8
2024-01-11 14:45:00,VIN-C0095,2.6,55.2,"10.9460,108.4419",89.4
2024-01-11 14:48:00,VIN-C0096,4.5,43.0,"20.8449,106.6881",74.4
2024-01-11 14:51:00,VIN-C0097,82.2,44.7,"10.8231,106.6297",89.0
2024-01-11 14:54:00,VIN-C0098,52.3,17.3,"12.2388,109.1967",78.7
2024-01-11 14:57:00,VIN-C0099,63.1,94.2,"10.8231,106.6297",70.6
2024-01-11 15:00:00,VIN-C0100,39.1,49.0,"10.0452,105.7469",80.9
2024-01-11 15:03:00,VIN-C0101,10.8,83.5,"16.0544,108.2022",104.3
2024-01-11 15:06:00,VIN-C0102,80.8,24.5,"10.0452,105.7469",101.5
2024-01-11 15:09:00,VIN-C0103,13.8,66.1,"12.2388,109.1967",81.3
2024-01-11 15:12:00,VIN-C0104,11.2,46.4,"16.0544,108.2022",107.5
2024-01-11 15:15:00,VIN-C0105,85.8,42.0,"12.2388,109.1967",106.0
2024-01-11 15:18:00,VIN-C0106,34.5,92.0,"10.0452,105.7469",88.4
2024-01-11 15:21:00,VIN-C0107,55.7,67.6,"20.8449,106.6881",90.9
2024-01-11 15:24:00,VIN-C0108,57.2,44.9,"10.8231,106.6297",86.9
2024-01-11 15:27:00,VIN-C0109,83.1,80.1,"12.2388,109.1967",77.2
2024-01-11 15:30:00,VIN-C0110,117.0,82.8,"20.8449,106.6881",102.4
2024-01-11 15:33:00,VIN-C0111,56.8,86.5,"21.0285,105.8542",90.5
2024-01-11 15:36:00,VIN-C0112,53.0,99.8,"10.9460,108.4419",94.8
2024-01-11 15:39:00,VIN-C0113,67.8,21.4,"16.0544,108.2022",71.6
2024-01-11 15:42:00,VIN-C0114,20.2,58.2,"10.9460,108.4419",82.3
2024-01-11 15:45:00,VIN-C0115,92.6,12.4,"10.9460,108.4419",76.7
2024-01-11 15:48:00,VIN-C0116,32.2,45.7,"11.9404,108.4583",101.8
2024-01-11 15:51:00,VIN-C0117,60.1,41.9,"12.2388,109.1967",87.9
2024-01-11 15:54:00,VIN-C0118,91.3,6.0,"11.9404,108.4583",105.0
2024-01-11 15:57:00,VIN-C0119,92.7,40.1,"10.0452,105.7469",85.1
2024-01-11 16:00:00,VIN-C0120,91.3,44.7,"10.8231,106.6297",81.2
2024-01-11 16:03:00,VIN-C0121,56.1,23.8,"20.8449,106.6881",99.4
2024-01-11 16:06:00,VIN-C0122,31.9,67.0,"10.8231,106.6297",93.8
2024-01-11 16:09:00,VIN-C0123,27.3,88.1,"11.9404,108.4583",89.3
2024-01-11 16:12:00,VIN-C0124,113.2,21.6,"20.8449,106.6881",99.0
2024-01-11 16:15:00,VIN-C0125,28.1,79.1,"10.8231,106.6297",103.4
2024-01-11 16:18:00,VIN-C0126,3.9,79.2,"10.9460,108.4419",91.3
2024-01-11 16:21:00,VIN-C0127,31.4,45.6,"12.2388,109.1967",89.5
2024-01-11 16:24:00,VIN-C0128,77.7,44.0,"21.0285,105.8542",81.7
2024-01-11 16:27:00,VIN-C0129,54.7,95.8,"12.2388,109.1967",81.0
2024-01-11 16:30:00,VIN-C0130,54.8,42.6,"20.8449,106.6881",73.3
2024-01-11 16:33:00,VIN-C0131,90.3,85.1,"11.9404,108.4583",105.1
2024-01-11 16:36:00,VIN-C0132,30.8,44.3,"10.9460,108.4419",75.3
2024-01-11 16:39:00,VIN-C0133,105.2,76.7,"20.8449,106.6881",92.1
2024-01-11 16:42:00,VIN-C0134,97.1,96.6,"21.0285,105.8542",84.7
2024-01-11 16:45:00,VIN-C0135,35.6,70.9,"11.9404,108.4583",102.7
2024-01-11 16:48:00,VIN-C0136,89.6,59.3,"10.8231,106.6297",76.0
2024-01-11 16:51:00,VIN-C0137,57.0,71.1,"21.0285,105.8542",70.4
2024-01-11 16:54:00,VIN-C0138,62.0,36.8,"10.9460,108.4419",96.0
2024-01-11 16:57:00,VIN-C0139,100.5,41.6,"12.2388,109.1967",109.1
2024-01-11 17:00:00,VIN-C0140,43.6,76.5,"20.8449,106.6881",71.3
2024-01-11 17:03:00,VIN-C0141,107.9,26.6,"10.0452,105.7469",87.8
2024-01-11 17:06:00,VIN-C0142,109.8,61.3,"10.0452,105.7469",78.5
2024-01-11 17:09:00,VIN-C0143,47.6,66.2,"10.0452,105.7469",70.9
2024-01-11 17:12:00,VIN-C0144,48.5,71.6,"21.0285,105.8542",91.9
2024-01-11 17:15:00,VIN-C0145,16.3,74.8,"20.8449,106.6881",86.4
2024-01-11 17:18:00,VIN-C0146,102.9,91.6,"12.2388,109.1967",101.0
2024-01-11 17:21:00,VIN-C0147,73.7,78.3,"10.9460,108.4419",90.3
2024-01-11 17:24:00,VIN-C0148,60.8,36.3,"11.9404,108.4583",97.1
2024-01-11 17:27:00,VIN-C0149,97.0,9.4,"10.9460,108.4419",100.1
2024-01-11 17:30:00,VIN-C0150,68.7,24.4,"16.0544,108.2022",97.9
2024-01-11 17:33:00,VIN-C0151,83.2,87.5,"10.9460,108.4419",109.5
2024-01-11 17:36:00,VIN-C0152,2.9,85.2,"11.9404,108.4583",103.9
2024-01-11 17:39:00,VIN-C0153,101.3,65.5,"16.0544,108.2022",75.6
2024-01-11 17:42:00,VIN-C0154,14.2,48.3,"12.2388,109.1967",95.9
2024-01-11 17:45:00,VIN-C0155,67.3,77.7,"21.0285,105.8542",91.8
2024-01-11 17:48:00,VIN-C0156,48.2,73.7,"10.8231,106.6297",86.3
2024-01-11 17:51:00,VIN-C0157,24.7,84.7,"21.0285,105.8542",86.1
2024-01-11 17:54:00,VIN-C0158,19.5,93.4,"10.8231,106.6297",89.0
2024-01-11 17:57:00,VIN-C0159,113.2,60.1,"16.0544,108.2022",100.7
2024-01-11 18:00:00,VIN-C0160,61.1,63.5,"16.0544,108.2022",89.6
2024-01-11 18:03:00,VIN-C0161,67.4,44.8,"11.9404,108.4583",108.6
2024-01-11 18:06:00,VIN-C0162,92.3,78.4,"10.0452,105.7469",88.5
2024-01-11 18:09:00,VIN-C0163,54.9,91.9,"10.8231,106.6297",91.4
2024-01-11 18:12:00,VIN-C0164,98.7,34.3,"12.2388,109.1967",76.9
2024-01-11 18:15:00,VIN-C0165,70.5,20.0,"10.0452,105.7469",98.7
2024-01-11 18:18:00,VIN-C0166,71.0,70.3,"10.0452,105.7469",108.9
2024-01-11 18:21:00,VIN-C0167,10.5,78.3,"11.9404,108.4583",82.1
2024-01-11 18:24:00,VIN-C0168,118.7,62.1,"10.8231,106.6297",74.5
2024-01-11 18:27:00,VIN-C0169,43.1,58.7,"20.8449,106.6881",88.0
2024-01-11 18:30:00,VIN-C0170,119.3,61.9,"21.0285,105.8542",94.7
2024-01-11 18:33:00,VIN-C0171,98.3,46.7,"10.8231,106.6297",84.7
2024-01-11 18:36:00,VIN-C0172,119.5,55.4,"12.2388,109.1967",79.3
2024-01-11 18:39:00,VIN-C0173,109.5,75.5,"12.2388,109.1967",96.3
2024-01-11 18:42:00,VIN-C0174,29.4,10.2,"16.0544,108.2022",101.3
2024-01-11 18:45:00,VIN-C0175,83.2,83.1,"21.0285,105.8542",88.6
2024-01-11 18:48:00,VIN-C0176,64.7,44.4,"10.8231,106.6297",85.5
2024-01-11 18:51:00,VIN-C0177,45.2,65.9,"10.0452,105.7469",97.1
2024-01-11 18:54:00,VIN-C0178,41.2,66.3,"10.8231,106.6297",74.1
2024-01-11 18:57:00,VIN-C0179,78.1,29.0,"16.0544,108.2022",106.1
2024-01-11 19:00:00,VIN-C0180,78.5,13.8,"10.8231,106.6297",78.0
2024-01-11 19:03:00,VIN-C0181,53.9,9.4,"10.9460,108.4419",72.2
2024-01-11 19:06:00,VIN-C0182,71.9,19.8,"12.2388,109.1967",71.7
2024-01-11 19:09:00,VIN-C0183,105.6,24.3,"10.8231,106.6297",90.7
2024-01-11 19:12:00,VIN-C0184,107.8,96.3,"21.0285,105.8542",88.2
2024-01-11 19:15:00,VIN-C0185,48.3,55.2,"20.8449,106.6881",92.0
2024-01-11 19:18:00,VIN-C0186,78.2,78.2,"12.2388,109.1967",103.7
2024-01-11 19:21:00,VIN-C0187,39.1,94.9,"10.8231,106.6297",88.3
2024-01-11 19:24:00,VIN-C0188,62.0,67.7,"11.9404,108.4583",108.1
2024-01-11 19:27:00,VIN-C0189,22.1,66.5,"12.2388,109.1967",73.6
2024-01-11 19:30:00,VIN-C0190,50.3,5.2,"21.0285,105.8542",98.8
2024-01-11 19:33:00,VIN-C0191,106.1,41.6,"21.0285,105.8542",76.9
2024-01-11 19:36:00,VIN-C0192,56.7,42.2,"10.8231,106.6297",92.3
2024-01-11 19:39:00,VIN-C0193,63.6,84.9,"10.0452,105.7469",95.0
2024-01-11 19:42:00,VIN-C0194,54.8,65.4,"16.0544,108.2022",109.8
2024-01-11 19:45:00,VIN-C0195,50.6,68.9,"12.2388,109.1967",81.2
2024-01-11 19:48:00,VIN-C0196,26.2,81.3,"20.8449,106.6881",95.2
2024-01-11 19:51:00,VIN-C0197,22.1,29.0,"10.9460,108.4419",106.0
2024-01-11 19:54:00,VIN-C0198,9.7,6.0,"12.2388,109.1967",102.4
2024-01-11 19:57:00,VIN-C0199,111.7,18.5,"16.0544,108.2022",96.3
2024-01-11 20:00:00,VIN-C0200,44.9,43.7,"10.8231,106.6297",93.4
2024-01-11 20:03:00,VIN-C0201,112.7,19.8,"10.0452,105.7469",88.3
2024-01-11 20:06:00,VIN-C0202,29.8,22.4,"12.2388,109.1967",92.8
2024-01-11 20:09:00,VIN-C0203,48.6,82.6,"10.8231,106.6297",80.0
2024-01-11 20:12:00,VIN-C0204,45.2,77.3,"10.8231,106.6297",75.3
2024-01-11 20:15:00,VIN-C0205,90.5,28.0,"11.9404,108.4583",75.3
2024-01-11 20:18:00,VIN-C0206,91.8,70.5,"10.8231,106.6297",84.1
2024-01-11 20:21:00,VIN-C0207,26.7,77.6,"12.2388,109.1967",90.0
2024-01-11 20:24:00,VIN-C0208,9.5,55.6,"10.9460,108.4419",101.6
2024-01-11 20:27:00,VIN-C0209,93.5,31.4,"10.8231,106.6297",108.8
2024-01-11 20:30:00,VIN-C0210,104.8,83.6,"12.2388,109.1967",103.6
2024-01-11 20:33:00,VIN-C0211,107.9,56.9,"21.0285,105.8542",84.1
2024-01-11 20:36:00,VIN-C0212,86.0,47.9,"10.9460,108.4419",80.0
2024-01-11 20:39:00,VIN-C0213,44.3,94.2,"20.8449,106.6881",86.4
2024-01-11 20:42:00,VIN-C0214,119.9,96.3,"10.0452,105.7469",87.1
2024-01-11 20:45:00,VIN-C0215,45.7,81.6,"20.8449,106.6881",81.3
2024-01-11 20:48:00,VIN-C0216,8.8,40.4,"12.2388,109.1967",92.7
2024-01-11 20:51:00,VIN-C0217,58.2,91.6,"16.0544,108.2022",75.4
2024-01-11 20:54:00,VIN-C0218,6.1,29.4,"20.8449,106.6881",77.4
2024-01-11 20:57:00,VIN-C0219,115.3,58.5,"16.0544,108.2022",70.4
2024-01-11 21:00:00,VIN-C0220,50.0,11.9,"10.9460,108.4419",107.9
2024-01-11 21:03:00,VIN-C0221,68.3,43.8,"10.0452,105.7469",105.7
2024-01-11 21:06:00,VIN-C0222,45.2,98.6,"16.0544,108.2022",93.5
2024-01-11 21:09:00,VIN-C0223,88.5,80.2,"10.0452,105.7469",78.6
2024-01-11 21:12:00,VIN-C0224,90.2,74.8,"20.8449,106.6881",92.2
2024-01-11 21:15:00,VIN-C0225,55.7,52.1,"16.0544,108.2022",84.9
2024-01-11 21:18:00,VIN-C0226,93.7,6.2,"21.0285,105.8542",79.9
2024-01-11 21:21:00,VIN-C0227,63.0,9.6,"12.2388,109.1967",105.8
2024-01-11 21:24:00,VIN-C0228,97.6,14.1,"10.0452,105.7469",94.1
2024-01-11 21:27:00,VIN-C0229,89.5,97.7,"21.0285,105.8542",76.2
2024-01-11 21:30:00,VIN-C0230,15.1,5.9,"10.8231,106.6297",105.9
2024-01-11 21:33:00,VIN-C0231,34.8,9.7,"10.9460,108.4419",107.2
2024-01-11 21:36:00,VIN-C0232,17.6,63.6,"21.0285,105.8542",108.3
2024-01-11 21:39:00,VIN-C0233,36.6,66.9,"10.0452,105.7469",104.1
2024-01-11 21:42:00,VIN-C0234,104.5,74.5,"21.0285,105.8542",78.7
2024-01-11 21:45:00,VIN-C0235,14.2,24.4,"10.9460,108.4419",82.9
2024-01-11 21:48:00,VIN-C0236,108.1,85.1,"10.9460,108.4419",75.3
2024-01-11 21:51:00,VIN-C0237,71.0,56.3,"11.9404,108.4583",103.3
2024-01-11 21:54:00,VIN-C0238,46.0,20.2,"16.0544,108.2022",81.9
2024-01-11 21:57:00,VIN-C0239,1.4,64.0,"16.0544,108.2022",72.2
2024-01-11 22:00:00,VIN-C0240,21.9,37.0,"10.0452,105.7469",71.2
2024-01-11 22:03:00,VIN-C0241,111.9,99.4,"20.8449,106.6881",94.3
2024-01-11 22:06:00,VIN-C0242,96.0,64.1,"12.2388,109.1967",92.3
2024-01-11 22:09:00,VIN-C0243,74.5,16.9,"10.8231,106.6297",96.0
2024-01-11 22:12:00,VIN-C0244,102.9,43.2,"16.0544,108.2022",105.2
2024-01-11 22:15:00,VIN-C0245,10.2,67.6,"10.0452,105.7469",95.1
2024-01-11 22:18:00,VIN-C0246,0.3,63.5,"20.8449,106.6881",74.0
2024-01-11 22:21:00,VIN-C0247,63.1,59.3,"10.9460,108.4419",76.1
2024-01-11 22:24:00,VIN-C0248,91.7,92.0,"12.2388,109.1967",104.0
2024-01-11 22:27:00,VIN-C0249,0.8,28.6,"12.2388,109.1967",89.6
2024-01-11 22:30:00,VIN-C0250,14.5,20.5,"10.0452,105.7469",108.6
2024-01-11 22:33:00,VIN-C0251,78.8,50.8,"11.9404,108.4583",104.0
2024-01-11 22:36:00,VIN-C0252,11.6,9.9,"10.9460,108.4419",89.8
2024-01-11 22:39:00,VIN-C0253,77.1,12.0,"11.9404,108.4583",72.5
2024-01-11 22:42:00,VIN-C0254,50.3,77.0,"16.0544,108.2022",108.6
2024-01-11 22:45:00,VIN-C0255,17.6,36.7,"21.0285,105.8542",93.6
2024-01-11 22:48:00,VIN-C0256,61.9,23.4,"10.9460,108.4419",71.6
2024-01-11 22:51:00,VIN-C0257,35.8,22.5,"12.2388,109.1967",104.1
2024-01-11 22:54:00,VIN-C0258,37.3,85.4,"12.2388,109.1967",92.0
2024-01-11 22:57:00,VIN-C0259,0.0,30.7,"20.8449,106.6881",71.0
2024-01-11 23:00:00,VIN-C0260,90.0,55.8,"16.0544,108.2022",101.0
2024-01-11 23:03:00,VIN-C0261,37.8,11.2,"10.8231,106.6297",97.7
2024-01-11 23:06:00,VIN-C0262,56.5,35.5,"21.0285,105.8542",101.5
2024-01-11 23:09:00,VIN-C0263,75.6,97.9,"11.9404,108.4583",73.6
2024-01-11 23:12:00,VIN-C0264,83.4,96.3,"16.0544,108.2022",104.6
2024-01-11 23:15:00,VIN-C0265,71.2,12.5,"11.9404,108.4583",85.3
2024-01-11 23:18:00,VIN-C0266,116.6,8.5,"21.0285,105.8542",92.3
2024-01-11 23:21:00,VIN-C0267,42.5,5.1,"11.9404,108.4583",91.8
2024-01-11 23:24:00,VIN-C0268,9.5,75.0,"21.0285,105.8542",82.8
2024-01-11 23:27:00,VIN-C0269,100.2,29.8,"20.8449,106.6881",96.8
2024-01-11 23:30:00,VIN-C0270,29.9,68.3,"20.8449,106.6881",71.9
2024-01-11 23:33:00,VIN-C0271,59.0,49.9,"10.8231,106.6297",81.4
2024-01-11 23:36:00,VIN-C0272,70.5,89.8,"10.8231,106.6297",98.7
2024-01-11 23:39:00,VIN-C0273,38.3,34.6,"12.2388,109.1967",109.4
2024-01-11 23:42:00,VIN-C0274,119.3,28.6,"16.0544,108.2022",77.1
2024-01-11 23:45:00,VIN-C0275,96.5,7.3,"10.0452,105.7469",93.5
2024-01-11 23:48:00,VIN-C0276,47.2,20.2,"10.8231,106.6297",79.5
2024-01-11 23:51:00,VIN-C0277,44.6,83.0,"20.8449,106.6881",97.4
2024-01-11 23:54:00,VIN-C0278,33.4,97.3,"10.8231,106.6297",96.4
2024-01-11 23:57:00,VIN-C0279,64.1,6.2,"20.8449,106.6881",82.9
2024-01-12 00:00:00,VIN-C0280,73.0,37.1,"20.8449,106.6881",81.3
2024-01-12 00:03:00,VIN-C0281,52.5,62.0,"10.0452,105.7469",98.9
2024-01-12 00:06:00,VIN-C0282,41.1,44.7,"10.0452,105.7469",72.2
2024-01-12 00:09:00,VIN-C0283,22.8,98.6,"12.2388,109.1967",80.5
2024-01-12 00:12:00,VIN-C0284,2.5,91.2,"10.8231,106.6297",100.5
2024-01-12 00:15:00,VIN-C0285,100.9,51.3,"10.9460,108.4419",109.7
2024-01-12 00:18:00,VIN-C0286,5.1,21.0,"21.0285,105.8542",94.0
2024-01-12 00:21:00,VIN-C0287,73.8,56.4,"12.2388,109.1967",104.6
2024-01-12 00:24:00,VIN-C0288,9.5,24.0,"16.0544,108.2022",102.4
2024-01-12 00:27:00,VIN-C0289,45.4,14.1,"12.2388,109.1967",92.1
2024-01-12 00:30:00,VIN-C0290,67.3,37.6,"20.8449,106.6881",79.6
2024-01-12 00:33:00,VIN-C0291,79.0,15.6,"20.8449,106.6881",71.3
2024-01-12 00:36:00,VIN-C0292,119.3,80.9,"16.0544,108.2022",75.9
2024-01-12 00:39:00,VIN-C0293,37.6,62.1,"10.9460,108.4419",97.1
2024-01-12 00:42:00,VIN-C0294,57.1,95.4,"11.9404,108.4583",98.4
2024-01-12 00:45:00,VIN-C0295,35.6,74.0,"10.8231,106.6297",104.5
2024-01-12 00:48:00,VIN-C0296,81.5,69.5,"16.0544,108.2022",106.7
2024-01-12 00:51:00,VIN-C0297,107.4,12.6,"21.0285,105.8542",81.6
2024-01-12 00:54:00,VIN-C0298,89.5,83.2,"11.9404,108.4583",99.2
2024-01-12 00:57:00,VIN-C0299,69.2,45.0,"10.9460,108.4419",102.2
2024-01-12 01:00:00,VIN-C0300,119.7,17.6,"20.8449,106.6881",77.2
2024-01-12 01:03:00,VIN-C0301,39.2,77.1,"20.8449,106.6881",106.9
2024-01-12 01:06:00,VIN-C0302,43.6,97.7,"16.0544,108.2022",100.0
2024-01-12 01:09:00,VIN-C0303,8.8,55.8,"10.8231,106.6297",75.2
2024-01-12 01:12:00,VIN-C0304,58.3,57.8,"10.9460,108.4419",70.2
2024-01-12 01:15:00,VIN-C0305,108.8,54.1,"10.8231,106.6297",83.2
2024-01-12 01:18:00,VIN-C0306,97.5,42.4,"10.8231,106.6297",85.8
2024-01-12 01:21:00,VIN-C0307,28.6,83.8,"11.9404,108.4583",71.8
2024-01-12 01:24:00,VIN-C0308,87.7,89.3,"21.0285,105.8542",95.9
2024-01-12 01:27:00,VIN-C0309,51.5,84.6,"21.0285,105.8542",70.4
2024-01-12 01:30:00,VIN-C0310,26.0,9.2,"21.0285,105.8542",109.5
2024-01-12 01:33:00,VIN-C0311,7.0,75.4,"10.8231,106.6297",75.7
2024-01-12 01:36:00,VIN-C0312,16.2,62.8,"11.9404,108.4583",76.3
2024-01-12 01:39:00,VIN-C0313,24.0,94.6,"11.9404,108.4583",92.7
2024-01-12 01:42:00,VIN-C0314,83.5,39.8,"21.0285,105.8542",93.0
2024-01-12 01:45:00,VIN-C0315,98.9,97.1,"10.8231,106.6297",72.0
2024-01-12 01:48:00,VIN-C0316,86.0,45.9,"16.0544,108.2022",104.5
2024-01-12 01:51:00,VIN-C0317,55.6,92.1,"10.9460,108.4419",107.4
2024-01-12 01:54:00,VIN-C0318,79.4,29.5,"12.2388,109.1967",109.3
2024-01-12 01:57:00,VIN-C0319,70.9,18.0,"11.9404,108.4583",81.4
2024-01-12 02:00:00,VIN-C0320,66.8,62.5,"12.2388,109.1967",107.0
2024-01-12 02:03:00,VIN-C0321,27.0,13.6,"10.8231,106.6297",95.2
2024-01-12 02:06:00,VIN-C0322,14.5,57.1,"20.8449,106.6881",83.9
2024-01-12 02:09:00,VIN-C0323,42.0,25.1,"12.2388,109.1967",100.5
2024-01-12 02:12:00,VIN-C0324,47.8,43.6,"16.0544,108.2022",93.9
2024-01-12 02:15:00,VIN-C0325,82.3,19.2,"10.9460,108.4419",94.7
2024-01-12 02:18:00,VIN-C0326,6.3,71.4,"20.8449,106.6881",70.5
2024-01-12 02:21:00,VIN-C0327,116.3,43.8,"20.8449,106.6881",103.6
2024-01-12 02:24:00,VIN-C0328,37.2,45.2,"10.9460,108.4419",70.4
2024-01-12 02:27:00,VIN-C0329,53.9,65.8,"20.8449,106.6881",106.1
2024-01-12 02:30:00,VIN-C0330,48.7,17.5,"11.9404,108.4583",102.0
2024-01-12 02:33:00,VIN-C0331,7.5,52.9,"10.8231,106.6297",72.8
2024-01-12 02:36:00,VIN-C0332,114.6,69.7,"21.0285,105.8542",87.6
2024-01-12 02:39:00,VIN-C0333,81.5,65.3,"21.0285,105.8542",86.9
2024-01-12 02:42:00,VIN-C0334,97.1,35.0,"10.8231,106.6297",83.9
2024-01-12 02:45:00,VIN-C0335,52.8,10.9,"16.0544,108.2022",77.2
2024-01-12 02:48:00,VIN-C0336,36.3,24.9,"11.9404,108.4583",82.3
2024-01-12 02:51:00,VIN-C0337,68.1,10.4,"20.8449,106.6881",108.7
2024-01-12 02:54:00,VIN-C0338,87.8,39.7,"21.0285,105.8542",97.2
2024-01-12 02:57:00,VIN-C0339,38.4,94.2,"10.9460,108.4419",93.3
2024-01-12 03:00:00,VIN-C0340,38.3,48.7,"21.0285,105.8542",100.3
2024-01-12 03:03:00,VIN-C0341,111.9,65.5,"20.8449,106.6881",87.4
2024-01-12 03:06:00,VIN-C0342,89.2,33.5,"20.8449,106.6881",93.2
2024-01-12 03:09:00,VIN-C0343,51.6,41.9,"21.0285,105.8542",92.1
2024-01-12 03:12:00,VIN-C0344,23.4,35.6,"10.9460,108.4419",80.6
2024-01-12 03:15:00,VIN-C0345,80.5,48.7,"10.8231,106.6297",85.0
2024-01-12 03:18:00,VIN-C0346,56.2,78.3,"10.0452,105.7469",109.8
2024-01-12 03:21:00,VIN-C0347,83.3,85.5,"21.0285,105.8542",91.7
2024-01-12 03:24:00,VIN-C0348,29.3,5.6,"21.0285,105.8542",92.5
2024-01-12 03:27:00,VIN-C0349,19.7,62.3,"20.8449,106.6881",89.6
2024-01-12 03:30:00,VIN-C0350,26.0,85.8,"16.0544,108.2022",97.6
2024-01-12 03:33:00,VIN-C0351,72.4,50.5,"16.0544,108.2022",78.4
2024-01-12 03:36:00,VIN-C0352,119.8,43.5,"12.2388,109.1967",71.6
2024-01-12 03:39:00,VIN-C0353,104.2,92.5,"11.9404,108.4583",79.6
2024-01-12 03:42:00,VIN-C0354,19.7,42.5,"10.9460,108.4419",85.0
2024-01-12 03:45:00,VIN-C0355,103.1,67.0,"12.2388,109.1967",76.6
2024-01-12 03:48:00,VIN-C0356,56.8,27.5,"16.0544,108.2022",79.0
2024-01-12 03:51:00,VIN-C0357,64.2,37.1,"16.0544,108.2022",71.9
2024-01-12 03:54:00,VIN-C0358,28.6,22.3,"21.0285,105.8542",80.1
2024-01-12 03:57:00,VIN-C0359,119.0,11.2,"10.0452,105.7469",79.1
2024-01-12 04:00:00,VIN-C0360,95.8,54.0,"12.2388,109.1967",75.5
2024-01-12 04:03:00,VIN-C0361,115.4,52.0,"21.0285,105.8542",94.2
2024-01-12 04:06:00,VIN-C0362,63.0,89.5,"10.8231,106.6297",102.0
2024-01-12 04:09:00,VIN-C0363,58.0,82.9,"21.0285,105.8542",83.1
2024-01-12 04:12:00,VIN-C0364,32.2,37.5,"20.8449,106.6881",72.3
2024-01-12 04:15:00,VIN-C0365,111.1,35.7,"21.0285,105.8542",78.1
2024-01-12 04:18:00,VIN-C0366,115.1,16.8,"10.8231,106.6297",98.7
2024-01-12 04:21:00,VIN-C0367,47.2,32.0,"10.0452,105.7469",78.5
2024-01-12 04:24:00,VIN-C0368,18.6,78.5,"20.8449,106.6881",109.7
2024-01-12 04:27:00,VIN-C0369,87.0,19.3,"16.0544,108.2022",89.7
2024-01-12 04:30:00,VIN-C0370,56.1,25.7,"21.0285,105.8542",86.6
2024-01-12 04:33:00,VIN-C0371,87.1,71.5,"10.8231,106.6297",108.2
2024-01-12 04:36:00,VIN-C0372,48.2,33.4,"10.9460,108.4419",71.1
2024-01-12 04:39:00,VIN-C0373,96.3,5.3,"11.9404,108.4583",72.1
2024-01-12 04:42:00,VIN-C0374,45.4,8.3,"11.9404,108.4583",76.8
2024-01-12 04:45:00,VIN-C0375,60.4,33.9,"12.2388,109.1967",73.4
2024-01-12 04:48:00,VIN-C0376,98.9,65.8,"12.2388,109.1967",99.1
2024-01-12 04:51:00,VIN-C0377,15.9,52.1,"10.8231,106.6297",97.0
2024-01-12 04:54:00,VIN-C0378,104.2,50.0,"11.9404,108.4583",90.3
2024-01-12 04:57:00,VIN-C0379,51.4,44.9,"11.9404,108.4583",92.8
2024-01-12 05:00:00,VIN-C0380,0.3,93.0,"16.0544,108.2022",70.6
2024-01-12 05:03:00,VIN-C0381,4.8,72.1,"10.0452,105.7469",102.2
2024-01-12 05:06:00,VIN-C0382,79.5,38.9,"20.8449,106.6881",105.3
2024-01-12 05:09:00,VIN-C0383,95.5,94.9,"21.0285,105.8542",81.3
2024-01-12 05:12:00,VIN-C0384,53.7,34.9,"10.9460,108.4419",95.8
2024-01-12 05:15:00,VIN-C0385,25.1,54.7,"10.0452,105.7469",109.2
2024-01-12 05:18:00,VIN-C0386,83.9,59.2,"10.9460,108.4419",99.9
2024-01-12 05:21:00,VIN-C0387,100.6,72.3,"21.0285,105.8542",80.3
2024-01-12 05:24:00,VIN-C0388,109.7,53.1,"10.8231,106.6297",93.6
2024-01-12 05:27:00,VIN-C0389,74.4,34.9,"11.9404,108.4583",70.6
2024-01-12 05:30:00,VIN-C0390,33.9,71.7,"10.0452,105.7469",75.7
2024-01-12 05:33:00,VIN-C0391,50.0,87.9,"12.2388,109.1967",78.7
2024-01-12 05:36:00,VIN-C0392,15.8,26.1,"12.2388,109.1967",105.7
2024-01-12 05:39:00,VIN-C0393,12.2,14.6,"21.0285,105.8542",96.4
2024-01-12 05:42:00,VIN-C0394,109.2,36.3,"12.2388,109.1967",92.5
2024-01-12 05:45:00,VIN-C0395,40.7,28.9,"10.8231,106.6297",98.0
2024-01-12 05:48:00,VIN-C0396,21.9,47.8,"16.0544,108.2022",75.5
2024-01-12 05:51:00,VIN-C0397,23.2,61.2,"12.2388,109.1967",107.6
2024-01-12 05:54:00,VIN-C0398,36.0,83.5,"16.0544,108.2022",83.6
2024-01-12 05:57:00,VIN-C0399,85.8,75.9,"10.9460,108.4419",72.6
2024-01-12 06:00:00,VIN-C0400,61.6,52.6,"16.0544,108.2022",106.4
2024-01-12 06:03:00,VIN-C0401,15.5,47.8,"10.9460,108.4419",72.3
2024-01-12 06:06:00,VIN-C0402,78.9,97.4,"12.2388,109.1967",72.7
2024-01-12 06:09:00,VIN-C0403,62.7,41.5,"21.0285,105.8542",109.5
2024-01-12 06:12:00,VIN-C0404,24.0,73.7,"11.9404,108.4583",86.0
2024-01-12 06:15:00,VIN-C0405,56.1,98.1,"12.2388,109.1967",85.7
2024-01-12 06:18:00,VIN-C0406,90.4,35.8,"20.8449,106.6881",97.5
2024-01-12 06:21:00,VIN-C0407,74.8,58.9,"20.8449,106.6881",77.7
2024-01-12 06:24:00,VIN-C0408,81.4,27.9,"10.8231,106.6297",104.3
2024-01-12 06:27:00,VIN-C0409,103.0,47.3,"10.0452,105.7469",85.8
2024-01-12 06:30:00,VIN-C0410,14.3,84.7,"10.8231,106.6297",93.0
2024-01-12 06:33:00,VIN-C0411,16.9,12.9,"20.8449,106.6881",75.3
2024-01-12 06:36:00,VIN-C0412,11.9,35.7,"11.9404,108.4583",99.3
2024-01-12 06:39:00,VIN-C0413,82.1,43.6,"12.2388,109.1967",83.2
2024-01-12 06:42:00,VIN-C0414,79.9,54.7,"20.8449,106.6881",82.9
2024-01-12 06:45:00,VIN-C0415,90.2,39.1,"10.9460,108.4419",84.1
2024-01-12 06:48:00,VIN-C0416,118.9,21.4,"10.9460,108.4419",87.2
2024-01-12 06:51:00,VIN-C0417,0.7,10.0,"10.9460,108.4419",83.5
2024-01-12 06:54:00,VIN-C0418,94.4,44.4,"16.0544,108.2022",81.6
2024-01-12 06:57:00,VIN-C0419,6.9,11.8,"20.8449,106.6881",84.1
2024-01-12 07:00:00,VIN-C0420,39.0,19.6,"12.2388,109.1967",104.5
2024-01-12 07:03:00,VIN-C0421,31.2,78.1,"10.9460,108.4419",107.3
2024-01-12 07:06:00,VIN-C0422,0.6,81.2,"10.0452,105.7469",78.1
2024-01-12 07:09:00,VIN-C0423,48.8,55.8,"20.8449,106.6881",70.7
2024-01-12 07:12:00,VIN-C0424,93.1,84.5,"10.9460,108.4419",104.7
2024-01-12 07:15:00,VIN-C0425,87.6,48.0,"10.0452,105.7469",86.3
2024-01-12 07:18:00,VIN-C0426,5.5,64.1,"12.2388,109.1967",76.2
2024-01-12 07:21:00,VIN-C0427,25.5,66.1,"10.8231,106.6297",76.9
2024-01-12 07:24:00,VIN-C0428,95.7,36.6,"10.8231,106.6297",91.6
2024-01-12 07:27:00,VIN-C0429,88.3,26.2,"12.2388,109.1967",99.9
2024-01-12 07:30:00,VIN-C0430,25.5,68.5,"10.8231,106.6297",93.4
2024-01-12 07:33:00,VIN-C0431,52.0,11.3,"10.9460,108.4419",93.9
2024-01-12 07:36:00,VIN-C0432,104.2,92.3,"10.9460,108.4419",75.4
2024-01-12 07:39:00,VIN-C0433,32.7,99.1,"12.2388,109.1967",74.4
2024-01-12 07:42:00,VIN-C0434,43.5,62.9,"10.8231,106.6297",82.0
2024-01-12 07:45:00,VIN-C0435,109.7,49.1,"11.9404,108.4583",100.1
2024-01-12 07:48:00,VIN-C0436,45.3,70.7,"12.2388,109.1967",109.5
2024-01-12 07:51:00,VIN-C0437,116.8,6.3,"11.9404,108.4583",89.9
2024-01-12 07:54:00,VIN-C0438,76.7,26.2,"12.2388,109.1967",97.1
2024-01-12 07:57:00,VIN-C0439,106.6,60.5,"10.8231,106.6297",75.6
2024-01-12 08:00:00,VIN-C0440,117.9,5.1,"12.2388,109.1967",80.8
2024-01-12 08:03:00,VIN-C0441,78.1,81.8,"10.8231,106.6297",102.1
2024-01-12 08:06:00,VIN-C0442,116.3,38.6,"16.0544,108.2022",83.3
2024-01-12 08:09:00,VIN-C0443,33.6,84.9,"10.8231,106.6297",88.7
2024-01-12 08:12:00,VIN-C0444,101.3,19.6,"10.0452,105.7469",73.9
2024-01-12 08:15:00,VIN-C0445,89.3,68.2,"10.9460,108.4419",81.4
2024-01-12 08:18:00,VIN-C0446,52.4,39.4,"11.9404,108.4583",108.2
2024-01-12 08:21:00,VIN-C0447,13.6,34.3,"20.8449,106.6881",99.5
2024-01-12 08:24:00,VIN-C0448,119.2,70.2,"16.0544,108.2022",78.1
2024-01-12 08:27:00,VIN-C0449,60.1,76.7,"16.0544,108.2022",103.6
2024-01-12 08:30:00,VIN-C0450,38.4,65.9,"20.8449,106.6881",97.9
2024-01-12 08:33:00,VIN-C0451,96.7,31.3,"20.8449,106.6881",76.4
2024-01-12 08:36:00,VIN-C0452,77.6,25.9,"20.8449,106.6881",71.2
2024-01-12 08:39:00,VIN-C0453,77.1,73.6,"20.8449,106.6881",98.7
2024-01-12 08:42:00,VIN-C0454,90.8,20.7,"20.8449,106.6881",103.5
2024-01-12 08:45:00,VIN-C0455,35.1,54.1,"21.0285,105.8542",104.0
2024-01-12 08:48:00,VIN-C0456,53.2,71.5,"20.8449,106.6881",86.1
2024-01-12 08:51:00,VIN-C0457,101.2,25.3,"21.0285,105.8542",84.9
2024-01-12 08:54:00,VIN-C0458,117.8,55.3,"21.0285,105.8542",88.7
2024-01-12 08:57:00,VIN-C0459,60.1,33.0,"16.0544,108.2022",105.5
2024-01-12 09:00:00,VIN-C0460,98.8,83.1,"12.2388,109.1967",86.6
2024-01-12 09:03:00,VIN-C0461,65.9,84.4,"20.8449,106.6881",107.1
2024-01-12 09:06:00,VIN-C0462,28.3,48.7,"16.0544,108.2022",78.8
2024-01-12 09:09:00,VIN-C0463,56.9,47.8,"10.8231,106.6297",109.2
2024-01-12 09:12:00,VIN-C0464,106.1,26.7,"10.8231,106.6297",71.4
2024-01-12 09:15:00,VIN-C0465,97.5,77.5,"20.8449,106.6881",82.7
2024-01-12 09:18:00,VIN-C0466,32.7,80.9,"10.9460,108.4419",72.2
2024-01-12 09:21:00,VIN-C0467,106.6,31.7,"10.9460,108.4419",109.4
2024-01-12 09:24:00,VIN-C0468,69.7,71.8,"21.0285,105.8542",95.1
2024-01-12 09:27:00,VIN-C0469,53.4,52.2,"11.9404,108.4583",78.1
2024-01-12 09:30:00,VIN-C0470,63.0,98.9,"10.8231,106.6297",103.7
2024-01-12 09:33:00,VIN-C0471,89.9,49.0,"21.0285,105.8542",84.1
2024-01-12 09:36:00,VIN-C0472,7.8,51.9,"10.8231,106.6297",92.3
2024-01-12 09:39:00,VIN-C0473,36.3,53.4,"20.8449,106.6881",76.7
2024-01-12 09:42:00,VIN-C0474,99.2,25.0,"12.2388,109.1967",92.0
2024-01-12 09:45:00,VIN-C0475,53.2,24.5,"10.8231,106.6297",104.4
2024-01-12 09:48:00,VIN-C0476,115.1,70.1,"20.8449,106.6881",73.2
2024-01-12 09:51:00,VIN-C0477,28.5,42.9,"21.0285,105.8542",77.2
2024-01-12 09:54:00,VIN-C0478,112.3,79.7,"10.8231,106.6297",95.3
2024-01-12 09:57:00,VIN-C0479,40.0,13.4,"21.0285,105.8542",76.2
2024-01-12 10:00:00,VIN-C0480,68.0,80.0,"20.8449,106.6881",103.9
2024-01-12 10:03:00,VIN-C0481,94.1,14.3,"16.0544,108.2022",102.6
2024-01-12 10:06:00,VIN-C0482,3.2,83.6,"10.8231,106.6297",106.6
2024-01-12 10:09:00,VIN-C0483,46.6,77.2,"10.8231,106.6297",104.9
2024-01-12 10:12:00,VIN-C0484,5.6,60.7,"10.0452,105.7469",89.2
2024-01-12 10:15:00,VIN-C0485,17.6,57.7,"20.8449,106.6881",92.1
2024-01-12 10:18:00,VIN-C0486,107.2,26.3,"20.8449,106.6881",96.5
2024-01-12 10:21:00,VIN-C0487,72.9,48.1,"10.8231,106.6297",79.7
2024-01-12 10:24:00,VIN-C0488,37.9,45.0,"11.9404,108.4583",88.4
2024-01-12 10:27:00,VIN-C0489,73.7,86.9,"10.0452,105.7469",109.9
2024-01-12 10:30:00,VIN-C0490,22.9,38.7,"10.9460,108.4419",70.5
2024-01-12 10:33:00,VIN-C0491,58.4,27.4,"21.0285,105.8542",100.6
2024-01-12 10:36:00,VIN-C0492,100.8,67.5,"10.0452,105.7469",74.0
2024-01-12 10:39:00,VIN-C0493,39.5,65.1,"11.9404,108.4583",87.6
2024-01-12 10:42:00,VIN-C0494,108.6,39.0,"21.0285,105.8542",91.0
2024-01-12 10:45:00,VIN-C0495,74.1,69.2,"10.0452,105.7469",90.7
2024-01-12 10:48:00,VIN-C0496,85.3,31.6,"10.8231,106.6297",82.4
2024-01-12 10:51:00,VIN-C0497,117.8,56.1,"21.0285,105.8542",108.9
2024-01-12 10:54:00,VIN-C0498,37.4,34.3,"10.9460,108.4419",108.0
2024-01-12 10:57:00,VIN-C0499,78.2,71.6,"16.0544,108.2022",107.4
2024-01-12 11:00:00,VIN-C0500,117.3,80.4,"10.8231,106.6297",77.9
2024-01-12 11:03:00,VIN-C0501,64.3,47.2,"11.9404,108.4583",95.1
2024-01-12 11:06:00,VIN-C0502,47.2,93.8,"21.0285,105.8542",99.7
2024-01-12 11:09:00,VIN-C0503,69.9,46.6,"10.9460,108.4419",94.7
2024-01-12 11:12:00,VIN-C0504,64.5,88.0,"16.0544,108.2022",79.3
2024-01-12 11:15:00,VIN-C0505,116.8,81.4,"12.2388,109.1967",84.3
2024-01-12 11:18:00,VIN-C0506,61.5,30.0,"10.9460,108.4419",93.0
2024-01-12 11:21:00,VIN-C0507,35.2,91.9,"10.0452,105.7469",102.8
2024-01-12 11:24:00,VIN-C0508,50.8,86.3,"12.2388,109.1967",102.6
2024-01-12 11:27:00,VIN-C0509,8.0,25.7,"16.0544,108.2022",94.5
2024-01-12 11:30:00,VIN-C0510,57.6,77.0,"10.0452,105.7469",104.7
2024-01-12 11:33:00,VIN-C0511,42.6,94.8,"11.9404,108.4583",88.1
2024-01-12 11:36:00,VIN-C0512,110.0,62.1,"16.0544,108.2022",96.5
2024-01-12 11:39:00,VIN-C0513,28.0,53.4,"10.0452,105.7469",98.4
2024-01-12 11:42:00,VIN-C0514,16.4,83.8,"11.9404,108.4583",92.4
2024-01-12 11:45:00,VIN-C0515,110.6,67.9,"16.0544,108.2022",109.8
2024-01-12 11:48:00,VIN-C0516,27.2,21.6,"21.0285,105.8542",85.0
2024-01-12 11:51:00,VIN-C0517,119.1,40.4,"11.9404,108.4583",95.1
2024-01-12 11:54:00,VIN-C0518,30.5,28.5,"20.8449,106.6881",101.9
2024-01-12 11:57:00,VIN-C0519,2.9,49.3,"10.0452,105.7469",82.0
2024-01-12 12:00:00,VIN-C0520,95.4,85.4,"12.2388,109.1967",85.6
2024-01-12 12:03:00,VIN-C0521,87.3,37.8,"11.9404,108.4583",91.8
2024-01-12 12:06:00,VIN-C0522,78.0,92.5,"10.9460,108.4419",80.7
2024-01-12 12:09:00,VIN-C0523,111.8,93.3,"21.0285,105.8542",87.0
2024-01-12 12:12:00,VIN-C0524,53.0,37.0,"16.0544,108.2022",105.9
2024-01-12 12:15:00,VIN-C0525,9.2,68.1,"20.8449,106.6881",92.6
2024-01-12 12:18:00,VIN-C0526,8.6,84.2,"12.2388,109.1967",105.6
2024-01-12 12:21:00,VIN-C0527,11.9,79.8,"12.2388,109.1967",103.5
2024-01-12 12:24:00,VIN-C0528,80.1,41.7,"10.8231,106.6297",98.2
2024-01-12 12:27:00,VIN-C0529,30.6,58.4,"10.9460,108.4419",102.4
2024-01-12 12:30:00,VIN-C0530,34.5,74.9,"16.0544,108.2022",93.7
2024-01-12 12:33:00,VIN-C0531,86.3,16.9,"20.8449,106.6881",81.5
2024-01-12 12:36:00,VIN-C0532,76.4,27.9,"10.0452,105.7469",100.8
2024-01-12 12:39:00,VIN-C0533,3.4,19.4,"11.9404,108.4583",108.8
2024-01-12 12:42:00,VIN-C0534,89.9,59.6,"20.8449,106.6881",98.3
2024-01-12 12:45:00,VIN-C0535,22.5,58.0,"10.0452,105.7469",86.6
2024-01-12 12:48:00,VIN-C0536,54.3,16.7,"20.8449,106.6881",109.6
2024-01-12 12:51:00,VIN-C0537,49.7,95.5,"10.8231,106.6297",75.6
2024-01-12 12:54:00,VIN-C0538,37.6,42.4,"10.0452,105.7469",81.1
2024-01-12 12:57:00,VIN-C0539,97.4,92.6,"16.0544,108.2022",101.7
2024-01-12 13:00:00,VIN-C0540,100.6,17.7,"10.0452,105.7469",80.7
2024-01-12 13:03:00,VIN-C0541,70.6,8.8,"10.0452,105.7469",99.0
2024-01-12 13:06:00,VIN-C0542,116.6,57.6,"20.8449,106.6881",89.5
2024-01-12 13:09:00,VIN-C0543,74.1,6.5,"10.9460,108.4419",104.6
2024-01-12 13:12:00,VIN-C0544,73.7,36.1,"12.2388,109.1967",81.0
2024-01-12 13:15:00,VIN-C0545,48.4,31.1,"10.8231,106.6297",94.7
2024-01-12 13:18:00,VIN-C0546,25.4,78.8,"11.9404,108.4583",72.5
2024-01-12 13:21:00,VIN-C0547,36.5,42.6,"11.9404,108.4583",87.4
2024-01-12 13:24:00,VIN-C0548,36.9,87.5,"20.8449,106.6881",102.5
2024-01-12 13:27:00,VIN-C0549,13.2,41.5,"10.9460,108.4419",100.1
2024-01-12 13:30:00,VIN-C0550,45.6,11.3,"11.9404,108.4583",99.4
2024-01-12 13:33:00,VIN-C0551,77.1,89.9,"11.9404,108.4583",84.2
2024-01-12 13:36:00,VIN-C0552,91.0,65.7,"10.9460,108.4419",97.4
2024-01-12 13:39:00,VIN-C0553,45.1,88.7,"21.0285,105.8542",81.9
2024-01-12 13:42:00,VIN-C0554,5.4,25.6,"11.9404,108.4583",70.1
2024-01-12 13:45:00,VIN-C0555,21.5,81.2,"11.9404,108.4583",72.5
2024-01-12 13:48:00,VIN-C0556,86.6,24.8,"12.2388,109.1967",101.2
2024-01-12 13:51:00,VIN-C0557,111.0,29.3,"20.8449,106.6881",89.2
2024-01-12 13:54:00,VIN-C0558,21.7,91.5,"10.0452,105.7469",92.9
2024-01-12 13:57:00,VIN-C0559,36.1,76.7,"10.0452,105.7469",72.6
2024-01-12 14:00:00,VIN-C0560,111.0,31.2,"21.0285,105.8542",85.0
2024-01-12 14:03:00,VIN-C0561,57.9,60.1,"10.0452,105.7469",76.0
2024-01-12 14:06:00,VIN-C0562,11.1,29.8,"10.9460,108.4419",91.0
2024-01-12 14:09:00,VIN-C0563,56.0,83.3,"10.0452,105.7469",72.5
2024-01-12 14:12:00,VIN-C0564,105.0,5.8,"10.8231,106.6297",93.3
2024-01-12 14:15:00,VIN-C0565,34.2,46.9,"20.8449,106.6881",87.0
2024-01-12 14:18:00,VIN-C0566,61.7,9.9,"11.9404,108.4583",90.1
2024-01-12 14:21:00,VIN-C0567,7.2,73.7,"10.9460,108.4419",108.6
2024-01-12 14:24:00,VIN-C0568,10.3,24.6,"21.0285,105.8542",83.0
2024-01-12 14:27:00,VIN-C0569,112.6,28.8,"20.8449,106.6881",89.3
2024-01-12 14:30:00,VIN-C0570,49.5,65.0,"10.8231,106.6297",89.4
2024-01-12 14:33:00,VIN-C0571,65.8,57.1,"21.0285,105.8542",71.8
2024-01-12 14:36:00,VIN-C0572,80.6,64.9,"11.9404,108.4583",86.9
2024-01-12 14:39:00,VIN-C0573,15.5,77.3,"10.8231,106.6297",86.3
2024-01-12 14:42:00,VIN-C0574,65.7,84.6,"16.0544,108.2022",104.5
2024-01-12 14:45:00,VIN-C0575,98.6,67.4,"10.0452,105.7469",107.0
2024-01-12 14:48:00,VIN-C0576,86.6,40.4,"12.2388,109.1967",77.2
2024-01-12 14:51:00,VIN-C0577,89.2,6.2,"10.8231,106.6297",72.1
2024-01-12 14:54:00,VIN-C0578,23.4,22.6,"20.8449,106.6881",105.0
2024-01-12 14:57:00,VIN-C0579,117.2,70.7,"11.9404,108.4583",106.4
2024-01-12 15:00:00,VIN-C0580,2.3,36.0,"16.0544,108.2022",76.7
2024-01-12 15:03:00,VIN-C0581,88.9,14.1,"16.0544,108.2022",71.1
2024-01-12 15:06:00,VIN-C0582,49.1,8.5,"11.9404,108.4583",73.0
2024-01-12 15:09:00,VIN-C0583,38.4,60.9,"16.0544,108.2022",70.8
2024-01-12 15:12:00,VIN-C0584,118.0,43.2,"10.0452,105.7469",78.2
2024-01-12 15:15:00,VIN-C0585,88.8,18.4,"16.0544,108.2022",104.1
2024-01-12 15:18:00,VIN-C0586,33.3,8.0,"11.9404,108.4583",79.3
2024-01-12 15:21:00,VIN-C0587,117.3,17.4,"16.0544,108.2022",71.9
2024-01-12 15:24:00,VIN-C0588,45.3,67.2,"21.0285,105.8542",108.4
2024-01-12 15:27:00,VIN-C0589,88.7,77.0,"21.0285,105.8542",74.6
2024-01-12 15:30:00,VIN-C0590,24.9,55.7,"10.0452,105.7469",78.9
2024-01-12 15:33:00,VIN-C0591,12.1,26.6,"16.0544,108.2022",84.5
2024-01-12 15:36:00,VIN-C0592,62.0,95.8,"21.0285,105.8542",101.9
2024-01-12 15:39:00,VIN-C0593,19.0,74.6,"12.2388,109.1967",83.4
2024-01-12 15:42:00,VIN-C0594,103.2,69.5,"11.9404,108.4583",75.0
2024-01-12 15:45:00,VIN-C0595,36.5,52.6,"12.2388,109.1967",100.9
2024-01-12 15:48:00,VIN-C0596,35.8,47.1,"10.8231,106.6297",76.9
2024-01-12 15:51:00,VIN-C0597,70.0,45.9,"10.0452,105.7469",80.7
2024-01-12 15:54:00,VIN-C0598,89.5,74.3,"11.9404,108.4583",79.9
2024-01-12 15:57:00,VIN-C0599,90.0,65.5,"10.9460,108.4419",95.0
2024-01-12 16:00:00,VIN-C0600,104.0,28.0,"11.9404,108.4583",77.1
2024-01-12 16:03:00,VIN-C0601,56.6,27.0,"20.8449,106.6881",103.4
2024-01-12 16:06:00,VIN-C0602,11.1,70.4,"20.8449,106.6881",109.3
2024-01-12 16:09:00,VIN-C0603,48.5,82.3,"21.0285,105.8542",80.7
2024-01-12 16:12:00,VIN-C0604,91.7,42.1,"16.0544,108.2022",84.8
2024-01-12 16:15:00,VIN-C0605,29.6,65.8,"10.8231,106.6297",94.8
2024-01-12 16:18:00,VIN-C0606,50.0,33.5,"12.2388,109.1967",88.9
2024-01-12 16:21:00,VIN-C0607,119.1,25.8,"20.8449,106.6881",104.0
2024-01-12 16:24:00,VIN-C0608,83.8,20.1,"10.9460,108.4419",101.1
2024-01-12 16:27:00,VIN-C0609,113.9,92.8,"20.8449,106.6881",87.4
2024-01-12 16:30:00,VIN-C0610,38.1,27.2,"10.0452,105.7469",92.4
2024-01-12 16:33:00,VIN-C0611,83.8,71.5,"20.8449,106.6881",75.1
2024-01-12 16:36:00,VIN-C0612,76.1,77.8,"11.9404,108.4583",99.9
2024-01-12 16:39:00,VIN-C0613,18.5,24.2,"20.8449,106.6881",89.8
2024-01-12 16:42:00,VIN-C0614,71.1,33.3,"11.9404,108.4583",89.0
2024-01-12 16:45:00,VIN-C0615,18.8,48.5,"20.8449,106.6881",108.0
2024-01-12 16:48:00,VIN-C0616,89.4,57.0,"10.0452,105.7469",83.0
2024-01-12 16:51:00,VIN-C0617,25.5,67.6,"20.8449,106.6881",91.9
2024-01-12 16:54:00,VIN-C0618,60.0,45.8,"10.8231,106.6297",86.5
2024-01-12 16:57:00,VIN-C0619,12.2,74.4,"16.0544,108.2022",81.8
2024-01-12 17:00:00,VIN-C0620,56.4,65.7,"21.0285,105.8542",86.6
2024-01-12 17:03:00,VIN-C0621,42.5,26.3,"21.0285,105.8542",74.1
2024-01-12 17:06:00,VIN-C0622,107.6,54.0,"10.0452,105.7469",97.8
2024-01-12 17:09:00,VIN-C0623,10.6,28.3,"10.9460,108.4419",102.3
2024-01-12 17:12:00,VIN-C0624,56.9,41.1,"10.9460,108.4419",97.6
2024-01-12 17:15:00,VIN-C0625,93.0,78.5,"21.0285,105.8542",81.0
2024-01-12 17:18:00,VIN-C0626,73.6,82.4,"10.8231,106.6297",92.2
2024-01-12 17:21:00,VIN-C0627,16.8,74.5,"10.0452,105.7469",74.7
2024-01-12 17:24:00,VIN-C0628,117.5,98.0,"20.8449,106.6881",101.4
2024-01-12 17:27:00,VIN-C0629,71.1,33.3,"10.9460,108.4419",85.9
2024-01-12 17:30:00,VIN-C0630,38.8,31.4,"16.0544,108.2022",99.9
2024-01-12 17:33:00,VIN-C0631,119.0,65.1,"20.8449,106.6881",103.7
2024-01-12 17:36:00,VIN-C0632,35.6,76.3,"10.0452,105.7469",106.7
2024-01-12 17:39:00,VIN-C0633,23.0,15.3,"16.0544,108.2022",99.9
2024-01-12 17:42:00,VIN-C0634,70.2,81.6,"12.2388,109.1967",70.5
2024-01-12 17:45:00,VIN-C0635,47.4,59.4,"21.0285,105.8542",109.7
2024-01-12 17:48:00,VIN-C0636,13.2,66.0,"20.8449,106.6881",98.7
2024-01-12 17:51:00,VIN-C0637,68.1,13.4,"20.8449,106.6881",88.1
2024-01-12 17:54:00,VIN-C0638,80.7,44.1,"10.0452,105.7469",78.7
2024-01-12 17:57:00,VIN-C0639,26.5,15.5,"21.0285,105.8542",108.2
2024-01-12 18:00:00,VIN-C0640,12.9,38.2,"10.8231,106.6297",74.5
2024-01-12 18:03:00,VIN-C0641,93.1,28.5,"12.2388,109.1967",99.3
2024-01-12 18:06:00,VIN-C0642,4.1,76.7,"10.0452,105.7469",79.1
2024-01-12 18:09:00,VIN-C0643,32.7,30.8,"10.9460,108.4419",106.7
2024-01-12 18:12:00,VIN-C0644,50.3,50.8,"10.0452,105.7469",108.3
2024-01-12 18:15:00,VIN-C0645,32.8,80.5,"12.2388,109.1967",71.8
2024-01-12 18:18:00,VIN-C0646,67.6,80.7,"12.2388,109.1967",73.5
2024-01-12 18:21:00,VIN-C0647,7.4,11.8,"20.8449,106.6881",89.7
2024-01-12 18:24:00,VIN-C0648,26.0,12.0,"12.2388,109.1967",106.3
2024-01-12 18:27:00,VIN-C0649,10.9,43.0,"12.2388,109.1967",93.1
2024-01-12 18:30:00,VIN-C0650,85.2,68.0,"21.0285,105.8542",100.9
2024-01-12 18:33:00,VIN-C0651,5.7,34.6,"16.0544,108.2022",105.7
2024-01-12 18:36:00,VIN-C0652,4.6,55.3,"20.8449,106.6881",104.1
2024-01-12 18:39:00,VIN-C0653,111.1,43.4,"10.8231,106.6297",99.9
2024-01-12 18:42:00,VIN-C0654,8.7,64.0,"10.8231,106.6297",79.9
2024-01-12 18:45:00,VIN-C0655,17.3,95.7,"10.0452,105.7469",80.3
2024-01-12 18:48:00,VIN-C0656,107.4,93.8,"12.2388,109.1967",92.1
2024-01-12 18:51:00,VIN-C0657,106.6,99.7,"10.0452,105.7469",82.8
2024-01-12 18:54:00,VIN-C0658,9.0,10.8,"10.9460,108.4419",92.6
2024-01-12 18:57:00,VIN-C0659,80.6,51.1,"21.0285,105.8542",78.2
2024-01-12 19:00:00,VIN-C0660,65.2,10.6,"11.9404,108.4583",101.5
2024-01-12 19:03:00,VIN-C0661,11.9,71.7,"21.0285,105.8542",101.6
2024-01-12 19:06:00,VIN-C0662,13.9,88.3,"21.0285,105.8542",93.3
2024-01-12 19:09:00,VIN-C0663,37.1,85.5,"10.8231,106.6297",109.9
2024-01-12 19:12:00,VIN-C0664,36.4,49.1,"10.8231,106.6297",76.5
2024-01-12 19:15:00,VIN-C0665,111.9,57.8,"21.0285,105.8542",81.6
2024-01-12 19:18:00,VIN-C0666,14.3,84.8,"10.9460,108.4419",104.0
2024-01-12 19:21:00,VIN-C0667,35.9,18.0,"10.9460,108.4419",107.4
2024-01-12 19:24:00,VIN-C0668,9.0,93.3,"10.0452,105.7469",108.8
2024-01-12 19:27:00,VIN-C0669,57.2,53.5,"10.9460,108.4419",85.2
2024-01-12 19:30:00,VIN-C0670,103.2,22.8,"21.0285,105.8542",79.6
2024-01-12 19:33:00,VIN-C0671,94.6,12.6,"10.9460,108.4419",82.1
2024-01-12 19:36:00,VIN-C0672,116.5,67.5,"20.8449,106.6881",74.9
2024-01-12 19:39:00,VIN-C0673,69.3,32.2,"10.0452,105.7469",95.7
2024-01-12 19:42:00,VIN-C0674,14.3,32.0,"10.8231,106.6297",73.0
2024-01-12 19:45:00,VIN-C0675,28.5,92.4,"10.0452,105.7469",83.3
2024-01-12 19:48:00,VIN-C0676,49.3,68.0,"16.0544,108.2022",85.5
2024-01-12 19:51:00,VIN-C0677,48.8,29.1,"11.9404,108.4583",83.5
2024-01-12 19:54:00,VIN-C0678,119.8,21.7,"10.9460,108.4419",99.6
2024-01-12 19:57:00,VIN-C0679,107.2,5.2,"11.9404,108.4583",81.3
2024-01-12 20:00:00,VIN-C0680,86.5,11.2,"10.9460,108.4419",93.3
2024-01-12 20:03:00,VIN-C0681,71.7,63.3,"11.9404,108.4583",87.0
2024-01-12 20:06:00,VIN-C0682,72.5,53.1,"10.0452,105.7469",109.2
2024-01-12 20:09:00,VIN-C0683,3.7,15.1,"11.9404,108.4583",87.3
2024-01-12 20:12:00,VIN-C0684,41.7,68.0,"20.8449,106.6881",78.3
2024-01-12 20:15:00,VIN-C0685,43.7,53.0,"16.0544,108.2022",104.1
2024-01-12 20:18:00,VIN-C0686,22.1,65.6,"21.0285,105.8542",88.2
2024-01-12 20:21:00,VIN-C0687,46.8,17.7,"11.9404,108.4583",86.2
2024-01-12 20:24:00,VIN-C0688,3.1,41.4,"10.8231,106.6297",89.1
2024-01-12 20:27:00,VIN-C0689,79.6,12.9,"12.2388,109.1967",74.4
2024-01-12 20:30:00,VIN-C0690,26.7,98.7,"20.8449,106.6881",90.4
2024-01-12 20:33:00,VIN-C0691,114.7,45.0,"16.0544,108.2022",80.4
2024-01-12 20:36:00,VIN-C0692,94.5,53.6,"21.0285,105.8542",105.1
2024-01-12 20:39:00,VIN-C0693,0.4,65.6,"20.8449,106.6881",86.4
2024-01-12 20:42:00,VIN-C0694,71.9,68.9,"21.0285,105.8542",89.4
2024-01-12 20:45:00,VIN-C0695,64.4,5.7,"20.8449,106.6881",76.7
2024-01-12 20:48:00,VIN-C0696,60.2,15.6,"11.9404,108.4583",104.8
2024-01-12 20:51:00,VIN-C0697,79.2,18.3,"16.0544,108.2022",92.1
2024-01-12 20:54:00,VIN-C0698,21.7,57.8,"12.2388,109.1967",70.5
2024-01-12 20:57:00,VIN-C0699,33.3,36.0,"16.0544,108.2022",91.0
2024-01-12 21:00:00,VIN-C0700,42.9,62.6,"12.2388,109.1967",71.3
2024-01-12 21:03:00,VIN-C0701,32.8,8.7,"12.2388,109.1967",88.1
2024-01-12 21:06:00,VIN-C0702,96.3,26.7,"21.0285,105.8542",98.2
2024-01-12 21:09:00,VIN-C0703,112.3,38.0,"10.8231,106.6297",103.0
2024-01-12 21:12:00,VIN-C0704,113.5,34.9,"11.9404,108.4583",108.7
2024-01-12 21:15:00,VIN-C0705,113.2,93.1,"16.0544,108.2022",100.6
2024-01-12 21:18:00,VIN-C0706,63.7,17.5,"10.8231,106.6297",101.7
2024-01-12 21:21:00,VIN-C0707,52.4,16.2,"11.9404,108.4583",108.3
2024-01-12 21:24:00,VIN-C0708,66.8,8.9,"10.9460,108.4419",91.0
2024-01-12 21:27:00,VIN-C0709,3.5,93.0,"10.8231,106.6297",104.1
2024-01-12 21:30:00,VIN-C0710,2.8,33.5,"12.2388,109.1967",106.4
2024-01-12 21:33:00,VIN-C0711,85.5,36.3,"12.2388,109.1967",73.1
2024-01-12 21:36:00,VIN-C0712,39.9,77.1,"21.0285,105.8542",107.2
2024-01-12 21:39:00,VIN-C0713,31.5,49.6,"20.8449,106.6881",102.0
2024-01-12 21:42:00,VIN-C0714,34.5,89.0,"16.0544,108.2022",92.0
2024-01-12 21:45:00,VIN-C0715,21.0,65.9,"10.0452,105.7469",70.9
2024-01-12 21:48:00,VIN-C0716,26.6,37.7,"10.8231,106.6297",96.9
2024-01-12 21:51:00,VIN-C0717,27.3,58.0,"21.0285,105.8542",96.7
2024-01-12 21:54:00,VIN-C0718,11.7,83.3,"10.9460,108.4419",80.0
2024-01-12 21:57:00,VIN-C0719,110.1,27.8,"20.8449,106.6881",93.9
2024-01-12 22:00:00,VIN-C0720,1.6,82.4,"11.9404,108.4583",108.3
2024-01-12 22:03:00,VIN-C0721,109.8,79.5,"12.2388,109.1967",97.9
2024-01-12 22:06:00,VIN-C0722,2.5,77.2,"16.0544,108.2022",93.0
2024-01-12 22:09:00,VIN-C0723,88.4,84.2,"20.8449,106.6881",92.7
2024-01-12 22:12:00,VIN-C0724,5.9,33.3,"16.0544,108.2022",90.8
2024-01-12 22:15:00,VIN-C0725,96.1,45.8,"20.8449,106.6881",72.7
2024-01-12 22:18:00,VIN-C0726,5.8,36.5,"10.9460,108.4419",79.6
2024-01-12 22:21:00,VIN-C0727,54.3,31.0,"10.9460,108.4419",105.7
2024-01-12 22:24:00,VIN-C0728,10.0,35.2,"10.9460,108.4419",86.6
2024-01-12 22:27:00,VIN-C0729,111.2,44.7,"21.0285,105.8542",82.0
2024-01-12 22:30:00,VIN-C0730,107.9,10.6,"11.9404,108.4583",78.8
2024-01-12 22:33:00,VIN-C0731,2.5,31.6,"10.9460,108.4419",98.9
2024-01-12 22:36:00,VIN-C0732,73.9,20.3,"20.8449,106.6881",81.8
2024-01-12 22:39:00,VIN-C0733,36.2,78.5,"10.9460,108.4419",104.4
2024-01-12 22:42:00,VIN-C0734,21.6,81.3,"10.8231,106.6297",91.3
2024-01-12 22:45:00,VIN-C0735,81.0,27.8,"16.0544,108.2022",106.0
2024-01-12 22:48:00,VIN-C0736,20.9,33.6,"10.8231,106.6297",100.7
2024-01-12 22:51:00,VIN-C0737,32.9,48.2,"16.0544,108.2022",82.3
2024-01-12 22:54:00,VIN-C0738,86.4,37.5,"20.8449,106.6881",94.0
2024-01-12 22:57:00,VIN-C0739,39.3,37.1,"10.9460,108.4419",81.3
2024-01-12 23:00:00,VIN-C0740,114.8,93.2,"20.8449,106.6881",77.0
2024-01-12 23:03:00,VIN-C0741,59.9,81.9,"10.8231,106.6297",76.5
2024-01-12 23:06:00,VIN-C0742,19.7,48.0,"10.0452,105.7469",109.9
2024-01-12 23:09:00,VIN-C0743,25.5,67.4,"11.9404,108.4583",97.0
2024-01-12 23:12:00,VIN-C0744,34.9,22.2,"10.0452,105.7469",103.9
2024-01-12 23:15:00,VIN-C0745,38.7,56.1,"16.0544,108.2022",91.0
2024-01-12 23:18:00,VIN-C0746,27.2,31.6,"16.0544,108.2022",94.2
2024-01-12 23:21:00,VIN-C0747,47.1,91.0,"21.0285,105.8542",87.7
2024-01-12 23:24:00,VIN-C0748,11.9,33.1,"16.0544,108.2022",94.0
2024-01-12 23:27:00,VIN-C0749,99.5,7.5,"21.0285,105.8542",86.3
2024-01-12 23:30:00,VIN-C0750,65.0,78.1,"21.0285,105.8542",84.4
2024-01-12 23:33:00,VIN-C0751,28.9,21.7,"20.8449,106.6881",85.3
2024-01-12 23:36:00,VIN-C0752,25.2,86.6,"10.8231,106.6297",85.8
2024-01-12 23:39:00,VIN-C0753,118.3,82.8,"10.8231,106.6297",108.8
2024-01-12 23:42:00,VIN-C0754,14.5,26.9,"16.0544,108.2022",90.0
2024-01-12 23:45:00,VIN-C0755,36.2,79.1,"11.9404,108.4583",70.3
2024-01-12 23:48:00,VIN-C0756,18.1,44.7,"10.8231,106.6297",74.2
2024-01-12 23:51:00,VIN-C0757,28.7,28.1,"11.9404,108.4583",94.8
2024-01-12 23:54:00,VIN-C0758,58.7,51.3,"10.8231,106.6297",70.1
2024-01-12 23:57:00,VIN-C0759,77.5,22.5,"11.9404,108.4583",87.2
2024-01-13 00:00:00,VIN-C0760,45.2,22.5,"11.9404,108.4583",85.1
2024-01-13 00:03:00,VIN-C0761,86.2,31.7,"10.9460,108.4419",72.6
2024-01-13 00:06:00,VIN-C0762,88.8,38.6,"12.2388,109.1967",70.1
2024-01-13 00:09:00,VIN-C0763,53.9,99.8,"16.0544,108.2022",79.1
2024-01-13 00:12:00,VIN-C0764,34.3,79.1,"10.0452,105.7469",75.5
2024-01-13 00:15:00,VIN-C0765,28.1,96.4,"10.9460,108.4419",88.6
2024-01-13 00:18:00,VIN-C0766,93.8,78.0,"12.2388,109.1967",83.3
2024-01-13 00:21:00,VIN-C0767,34.8,74.7,"10.0452,105.7469",87.8
2024-01-13 00:24:00,VIN-C0768,93.9,16.2,"12.2388,109.1967",107.8
2024-01-13 00:27:00,VIN-C0769,42.3,69.4,"21.0285,105.8542",106.8
2024-01-13 00:30:00,VIN-C0770,80.4,97.5,"20.8449,106.6881",108.8
2024-01-13 00:33:00,VIN-C0771,85.4,37.3,"11.9404,108.4583",77.1
2024-01-13 00:36:00,VIN-C0772,56.5,90.2,"20.8449,106.6881",72.7
2024-01-13 00:39:00,VIN-C0773,3.2,59.7,"21.0285,105.8542",102.9
2024-01-13 00:42:00,VIN-C0774,77.8,50.3,"10.8231,106.6297",86.3
2024-01-13 00:45:00,VIN-C0775,8.9,73.5,"10.8231,106.6297",76.2
2024-01-13 00:48:00,VIN-C0776,29.5,69.1,"20.8449,106.6881",89.1
2024-01-13 00:51:00,VIN-C0777,65.7,93.1,"10.8231,106.6297",85.5
2024-01-13 00:54:00,VIN-C0778,99.1,65.1,"10.0452,105.7469",83.4
2024-01-13 00:57:00,VIN-C0779,16.3,23.9,"10.9460,108.4419",74.9
2024-01-13 01:00:00,VIN-C0780,42.7,19.8,"16.0544,108.2022",85.1
2024-01-13 01:03:00,VIN-C0781,76.3,73.4,"11.9404,108.4583",86.6
2024-01-13 01:06:00,VIN-C0782,109.4,13.0,"12.2388,109.1967",103.8
2024-01-13 01:09:00,VIN-C0783,72.8,23.3,"10.8231,106.6297",71.2
2024-01-13 01:12:00,VIN-C0784,89.6,48.1,"11.9404,108.4583",100.9
2024-01-13 01:15:00,VIN-C0785,29.5,76.5,"16.0544,108.2022",104.9
2024-01-13 01:18:00,VIN-C0786,84.4,11.9,"16.0544,108.2022",80.4
2024-01-13 01:21:00,VIN-C0787,41.3,67.6,"20.8449,106.6881",85.2
2024-01-13 01:24:00,VIN-C0788,25.0,97.2,"12.2388,109.1967",74.1
2024-01-13 01:27:00,VIN-C0789,79.1,24.2,"10.9460,108.4419",86.5
2024-01-13 01:30:00,VIN-C0790,68.4,88.8,"11.9404,108.4583",105.8
2024-01-13 01:33:00,VIN-C0791,110.3,18.2,"21.0285,105.8542",73.9
2024-01-13 01:36:00,VIN-C0792,33.0,87.7,"20.8449,106.6881",102.2
2024-01-13 01:39:00,VIN-C0793,19.6,45.7,"12.2388,109.1967",77.4
2024-01-13 01:42:00,VIN-C0794,53.4,80.3,"10.0452,105.7469",104.9
2024-01-13 01:45:00,VIN-C0795,44.3,81.5,"10.9460,108.4419",77.3
2024-01-13 01:48:00,VIN-C0796,33.6,94.6,"10.0452,105.7469",108.5
2024-01-13 01:51:00,VIN-C0797,109.2,51.5,"11.9404,108.4583",96.9
2024-01-13 01:54:00,VIN-C0798,37.7,76.4,"10.9460,108.4419",109.1
2024-01-13 01:57:00,VIN-C0799,31.2,46.9,"12.2388,109.1967",93.5
2024-01-13 02:00:00,VIN-C0800,19.2,31.5,"12.2388,109.1967",98.3
2024-01-13 02:03:00,VIN-C0801,99.7,7.1,"20.8449,106.6881",95.0
2024-01-13 02:06:00,VIN-C0802,37.8,96.1,"16.0544,108.2022",108.8
2024-01-13 02:09:00,VIN-C0803,50.3,41.4,"11.9404,108.4583",104.3
2024-01-13 02:12:00,VIN-C0804,17.2,68.9,"20.8449,106.6881",100.6
2024-01-13 02:15:00,VIN-C0805,90.1,88.2,"10.9460,108.4419",77.2
2024-01-13 02:18:00,VIN-C0806,113.4,75.3,"10.8231,106.6297",94.6
2024-01-13 02:21:00,VIN-C0807,70.1,25.5,"12.2388,109.1967",104.7
2024-01-13 02:24:00,VIN-C0808,8.8,59.7,"12.2388,109.1967",87.5
2024-01-13 02:27:00,VIN-C0809,93.9,40.3,"10.8231,106.6297",77.4
2024-01-13 02:30:00,VIN-C0810,94.5,32.8,"10.9460,108.4419",88.5
2024-01-13 02:33:00,VIN-C0811,118.1,70.5,"10.8231,106.6297",81.5
2024-01-13 02:36:00,VIN-C0812,41.4,51.8,"10.9460,108.4419",104.3
2024-01-13 02:39:00,VIN-C0813,16.4,16.0,"12.2388,109.1967",97.9
2024-01-13 02:42:00,VIN-C0814,6.2,7.3,"10.0452,105.7469",96.0
2024-01-13 02:45:00,VIN-C0815,63.6,13.9,"10.9460,108.4419",92.2
2024-01-13 02:48:00,VIN-C0816,100.9,94.7,"16.0544,108.2022",101.0
2024-01-13 02:51:00,VIN-C0817,23.2,66.3,"16.0544,108.2022",97.7
2024-01-13 02:54:00,VIN-C0818,111.2,71.4,"12.2388,109.1967",82.7
2024-01-13 02:57:00,VIN-C0819,86.1,42.5,"20.8449,106.6881",100.6
2024-01-13 03:00:00,VIN-C0820,53.4,42.6,"20.8449,106.6881",95.2
2024-01-13 03:03:00,VIN-C0821,80.5,85.6,"20.8449,106.6881",78.0
2024-01-13 03:06:00,VIN-C0822,13.5,98.9,"16.0544,108.2022",71.1
2024-01-13 03:09:00,VIN-C0823,113.9,9.7,"12.2388,109.1967",90.1
2024-01-13 03:12:00,VIN-C0824,32.2,41.8,"12.2388,109.1967",100.9
2024-01-13 03:15:00,VIN-C0825,104.4,24.3,"10.0452,105.7469",86.9
2024-01-13 03:18:00,VIN-C0826,54.2,59.7,"10.8231,106.6297",107.9
2024-01-13 03:21:00,VIN-C0827,61.1,94.2,"20.8449,106.6881",90.0
2024-01-13 03:24:00,VIN-C0828,88.8,13.2,"10.0452,105.7469",85.2
2024-01-13 03:27:00,VIN-C0829,102.2,65.8,"12.2388,109.1967",94.3
2024-01-13 03:30:00,VIN-C0830,34.3,46.3,"16.0544,108.2022",71.0
2024-01-13 03:33:00,VIN-C0831,118.2,92.1,"12.2388,109.1967",92.7
2024-01-13 03:36:00,VIN-C0832,100.1,15.8,"10.0452,105.7469",75.8
2024-01-13 03:39:00,VIN-C0833,74.6,77.5,"21.0285,105.8542",106.3
2024-01-13 03:42:00,VIN-C0834,111.7,40.5,"10.8231,106.6297",73.1
2024-01-13 03:45:00,VIN-C0835,107.9,32.7,"21.0285,105.8542",89.0
2024-01-13 03:48:00,VIN-C0836,94.4,55.4,"10.8231,106.6297",91.6
2024-01-13 03:51:00,VIN-C0837,5.9,95.4,"10.8231,106.6297",81.4
2024-01-13 03:54:00,VIN-C0838,76.6,10.8,"10.8231,106.6297",80.9
2024-01-13 03:57:00,VIN-C0839,7.7,43.5,"11.9404,108.4583",73.0
2024-01-13 04:00:00,VIN-C0840,25.6,36.4,"21.0285,105.8542",81.0
2024-01-13 04:03:00,VIN-C0841,77.5,50.3,"10.9460,108.4419",82.8
2024-01-13 04:06:00,VIN-C0842,60.7,23.7,"10.8231,106.6297",74.1
2024-01-13 04:09:00,VIN-C0843,48.4,93.5,"20.8449,106.6881",81.3
2024-01-13 04:12:00,VIN-C0844,13.2,84.9,"10.9460,108.4419",92.0
2024-01-13 04:15:00,VIN-C0845,4.3,96.4,"10.8231,106.6297",76.2
2024-01-13 04:18:00,VIN-C0846,55.5,91.6,"21.0285,105.8542",86.2
2024-01-13 04:21:00,VIN-C0847,72.8,70.9,"10.0452,105.7469",89.3
2024-01-13 04:24:00,VIN-C0848,12.3,13.9,"11.9404,108.4583",90.6
2024-01-13 04:27:00,VIN-C0849,46.7,98.2,"20.8449,106.6881",74.5
2024-01-13 04:30:00,VIN-C0850,68.3,49.7,"20.8449,106.6881",87.5
2024-01-13 04:33:00,VIN-C0851,69.5,72.7,"10.0452,105.7469",96.6
2024-01-13 04:36:00,VIN-C0852,19.2,11.2,"10.8231,106.6297",98.8
2024-01-13 04:39:00,VIN-C0853,103.8,36.6,"10.0452,105.7469",85.0
2024-01-13 04:42:00,VIN-C0854,30.7,66.1,"21.0285,105.8542",93.5
2024-01-13 04:45:00,VIN-C0855,50.6,46.8,"16.0544,108.2022",91.8
2024-01-13 04:48:00,VIN-C0856,29.6,95.4,"10.0452,105.7469",93.1
2024-01-13 04:51:00,VIN-C0857,71.2,77.3,"16.0544,108.2022",81.3
2024-01-13 04:54:00,VIN-C0858,46.5,67.6,"21.0285,105.8542",88.7
2024-01-13 04:57:00,VIN-C0859,93.2,50.8,"10.8231,106.6297",72.7
2024-01-13 05:00:00,VIN-C0860,39.6,82.4,"20.8449,106.6881",87.1
2024-01-13 05:03:00,VIN-C0861,58.2,87.6,"10.8231,106.6297",102.6
2024-01-13 05:06:00,VIN-C0862,93.2,5.6,"11.9404,108.4583",78.2
2024-01-13 05:09:00,VIN-C0863,108.1,48.9,"10.9460,108.4419",100.2
2024-01-13 05:12:00,VIN-C0864,51.6,58.2,"10.0452,105.7469",80.2
2024-01-13 05:15:00,VIN-C0865,8.4,40.2,"10.8231,106.6297",76.6
2024-01-13 05:18:00,VIN-C0866,15.1,54.2,"12.2388,109.1967",87.1
2024-01-13 05:21:00,VIN-C0867,116.2,5.4,"10.9460,108.4419",102.7
2024-01-13 05:24:00,VIN-C0868,113.0,5.7,"10.9460,108.4419",75.0
2024-01-13 05:27:00,VIN-C0869,86.6,5.8,"10.9460,108.4419",100.6
2024-01-13 05:30:00,VIN-C0870,26.9,87.2,"16.0544,108.2022",108.0
2024-01-13 05:33:00,VIN-C0871,95.2,49.6,"21.0285,105.8542",74.8
2024-01-13 05:36:00,VIN-C0872,91.2,32.8,"11.9404,108.4583",75.1
2024-01-13 05:39:00,VIN-C0873,87.9,67.0,"20.8449,106.6881",77.9
2024-01-13 05:42:00,VIN-C0874,93.6,10.8,"10.9460,108.4419",106.3
2024-01-13 05:45:00,VIN-C0875,17.6,9.6,"16.0544,108.2022",98.7
2024-01-13 05:48:00,VIN-C0876,33.4,23.4,"12.2388,109.1967",89.6
2024-01-13 05:51:00,VIN-C0877,106.6,96.6,"11.9404,108.4583",99.6
2024-01-13 05:54:00,VIN-C0878,58.0,83.1,"10.9460,108.4419",109.4
2024-01-13 05:57:00,VIN-C0879,11.3,63.8,"20.8449,106.6881",107.4
2024-01-13 06:00:00,VIN-C0880,81.3,60.3,"10.9460,108.4419",74.3
2024-01-13 06:03:00,VIN-C0881,43.8,62.9,"11.9404,108.4583",100.9
2024-01-13 06:06:00,VIN-C0882,48.3,48.2,"12.2388,109.1967",71.6
2024-01-13 06:09:00,VIN-C0883,73.1,69.7,"10.0452,105.7469",77.8
2024-01-13 06:12:00,VIN-C0884,93.5,6.5,"11.9404,108.4583",76.1
2024-01-13 06:15:00,VIN-C0885,112.3,84.8,"16.0544,108.2022",109.5
2024-01-13 06:18:00,VIN-C0886,45.6,72.7,"10.0452,105.7469",101.2
2024-01-13 06:21:00,VIN-C0887,74.9,95.9,"16.0544,108.2022",75.1
2024-01-13 06:24:00,VIN-C0888,10.6,12.2,"12.2388,109.1967",79.8
2024-01-13 06:27:00,VIN-C0889,74.9,6.3,"10.8231,106.6297",84.5
2024-01-13 06:30:00,VIN-C0890,34.1,68.8,"20.8449,106.6881",72.0
2024-01-13 06:33:00,VIN-C0891,13.7,51.8,"21.0285,105.8542",73.3
2024-01-13 06:36:00,VIN-C0892,113.4,8.5,"21.0285,105.8542",71.8
2024-01-13 06:39:00,VIN-C0893,47.6,83.7,"16.0544,108.2022",86.8
2024-01-13 06:42:00,VIN-C0894,3.7,8.1,"20.8449,106.6881",83.9
2024-01-13 06:45:00,VIN-C0895,68.6,24.8,"12.2388,109.1967",103.8
2024-01-13 06:48:00,VIN-C0896,109.2,61.8,"10.0452,105.7469",78.8
2024-01-13 06:51:00,VIN-C0897,34.7,52.5,"10.0452,105.7469",84.3
2024-01-13 06:54:00,VIN-C0898,107.3,62.0,"21.0285,105.8542",81.3
2024-01-13 06:57:00,VIN-C0899,48.4,59.2,"12.2388,109.1967",85.4
2024-01-13 07:00:00,VIN-C0900,116.4,72.5,"20.8449,106.6881",109.4
2024-01-13 07:03:00,VIN-C0901,46.5,31.9,"10.0452,105.7469",102.5
2024-01-13 07:06:00,VIN-C0902,2.8,24.7,"10.9460,108.4419",97.7
2024-01-13 07:09:00,VIN-C0903,98.1,43.7,"11.9404,108.4583",75.9
2024-01-13 07:12:00,VIN-C0904,62.2,34.5,"11.9404,108.4583",80.6
2024-01-13 07:15:00,VIN-C0905,106.7,90.7,"10.9460,108.4419",96.8
2024-01-13 07:18:00,VIN-C0906,34.8,8.7,"10.8231,106.6297",97.6
2024-01-13 07:21:00,VIN-C0907,88.2,67.5,"10.8231,106.6297",91.8
2024-01-13 07:24:00,VIN-C0908,79.7,13.2,"20.8449,106.6881",101.6
2024-01-13 07:27:00,VIN-C0909,38.4,61.0,"11.9404,108.4583",81.2
2024-01-13 07:30:00,VIN-C0910,98.9,52.1,"21.0285,105.8542",86.0
2024-01-13 07:33:00,VIN-C0911,78.2,74.3,"10.0452,105.7469",109.5
2024-01-13 07:36:00,VIN-C0912,38.4,45.0,"10.0452,105.7469",85.3
2024-01-13 07:39:00,VIN-C0913,85.5,84.1,"10.0452,105.7469",102.5
2024-01-13 07:42:00,VIN-C0914,10.7,10.5,"10.8231,106.6297",93.6
2024-01-13 07:45:00,VIN-C0915,63.2,61.5,"10.0452,105.7469",72.6
2024-01-13 07:48:00,VIN-C0916,53.2,15.8,"10.8231,106.6297",102.4
2024-01-13 07:51:00,VIN-C0917,37.2,83.3,"10.8231,106.6297",76.9
2024-01-13 07:54:00,VIN-C0918,77.2,95.1,"11.9404,108.4583",98.0
2024-01-13 07:57:00,VIN-C0919,33.4,36.8,"16.0544,108.2022",95.0
2024-01-13 08:00:00,VIN-C0920,6.1,75.3,"10.8231,106.6297",106.9
2024-01-13 08:03:00,VIN-C0921,84.8,65.2,"20.8449,106.6881",87.0
2024-01-13 08:06:00,VIN-C0922,29.1,44.7,"16.0544,108.2022",91.4
2024-01-13 08:09:00,VIN-C0923,77.1,53.6,"21.0285,105.8542",75.6
2024-01-13 08:12:00,VIN-C0924,16.5,65.3,"21.0285,105.8542",84.0
2024-01-13 08:15:00,VIN-C0925,118.1,77.3,"12.2388,109.1967",101.2
2024-01-13 08:18:00,VIN-C0926,107.3,98.2,"10.9460,108.4419",103.9
2024-01-13 08:21:00,VIN-C0927,104.6,91.6,"10.0452,105.7469",72.9
2024-01-13 08:24:00,VIN-C0928,99.4,99.8,"10.8231,106.6297",109.2
2024-01-13 08:27:00,VIN-C0929,81.7,95.0,"10.0452,105.7469",70.3
2024-01-13 08:30:00,VIN-C0930,73.5,52.2,"10.0452,105.7469",94.2
2024-01-13 08:33:00,VIN-C0931,74.2,32.6,"16.0544,108.2022",73.8
2024-01-13 08:36:00,VIN-C0932,70.1,16.9,"12.2388,109.1967",75.6
2024-01-13 08:39:00,VIN-C0933,50.7,27.1,"20.8449,106.6881",99.3
2024-01-13 08:42:00,VIN-C0934,42.7,7.7,"21.0285,105.8542",86.2
2024-01-13 08:45:00,VIN-C0935,58.3,50.5,"21.0285,105.8542",90.4
2024-01-13 08:48:00,VIN-C0936,57.4,87.6,"16.0544,108.2022",96.3
2024-01-13 08:51:00,VIN-C0937,65.1,96.0,"20.8449,106.6881",107.1
2024-01-13 08:54:00,VIN-C0938,51.9,55.0,"11.9404,108.4583",71.0
2024-01-13 08:57:00,VIN-C0939,87.4,42.7,"16.0544,108.2022",88.4
2024-01-13 09:00:00,VIN-C0940,48.2,61.3,"16.0544,108.2022",87.0
2024-01-13 09:03:00,VIN-C0941,52.2,53.9,"10.8231,106.6297",92.8
2024-01-13 09:06:00,VIN-C0942,82.5,47.5,"20.8449,106.6881",73.4
2024-01-13 09:09:00,VIN-C0943,47.4,82.6,"16.0544,108.2022",77.5
2024-01-13 09:12:00,VIN-C0944,110.0,62.2,"10.8231,106.6297",88.6
2024-01-13 09:15:00,VIN-C0945,69.7,28.0,"11.9404,108.4583",92.6
2024-01-13 09:18:00,VIN-C0946,12.7,35.7,"10.9460,108.4419",89.2
2024-01-13 09:21:00,VIN-C0947,18.3,35.7,"10.9460,108.4419",85.2
2024-01-13 09:24:00,VIN-C0948,3.0,84.7,"11.9404,108.4583",108.4
2024-01-13 09:27:00,VIN-C0949,63.9,35.1,"21.0285,105.8542",106.7
2024-01-13 09:30:00,VIN-C0950,112.9,32.6,"10.9460,108.4419",74.4
2024-01-13 09:33:00,VIN-C0951,113.7,41.8,"10.9460,108.4419",92.1
2024-01-13 09:36:00,VIN-C0952,22.6,11.6,"16.0544,108.2022",93.6
2024-01-13 09:39:00,VIN-C0953,113.9,38.5,"20.8449,106.6881",84.0
2024-01-13 09:42:00,VIN-C0954,11.1,55.6,"21.0285,105.8542",95.9
2024-01-13 09:45:00,VIN-C0955,101.0,34.3,"20.8449,106.6881",71.6
2024-01-13 09:48:00,VIN-C0956,104.8,39.3,"10.8231,106.6297",70.2
2024-01-13 09:51:00,VIN-C0957,72.4,29.9,"16.0544,108.2022",90.9
2024-01-13 09:54:00,VIN-C0958,53.7,84.4,"10.9460,108.4419",84.0
2024-01-13 09:57:00,VIN-C0959,55.6,9.7,"10.0452,105.7469",95.7
2024-01-13 10:00:00,VIN-C0960,92.9,61.0,"10.8231,106.6297",74.9
2024-01-13 10:03:00,VIN-C0961,87.7,19.2,"10.8231,106.6297",72.6
2024-01-13 10:06:00,VIN-C0962,60.9,84.4,"10.8231,106.6297",89.7
2024-01-13 10:09:00,VIN-C0963,20.5,76.7,"10.8231,106.6297",86.1
2024-01-13 10:12:00,VIN-C0964,77.2,37.7,"16.0544,108.2022",76.5
2024-01-13 10:15:00,VIN-C0965,102.1,43.8,"10.0452,105.7469",102.8
2024-01-13 10:18:00,VIN-C0966,76.1,6.5,"16.0544,108.2022",105.5
2024-01-13 10:21:00,VIN-C0967,1.6,95.5,"10.0452,105.7469",70.8
2024-01-13 10:24:00,VIN-C0968,16.3,29.9,"16.0544,108.2022",106.2
2024-01-13 10:27:00,VIN-C0969,78.1,45.2,"12.2388,109.1967",98.1
2024-01-13 10:30:00,VIN-C0970,68.9,39.5,"10.9460,108.4419",107.8
2024-01-13 10:33:00,VIN-C0971,88.2,32.4,"10.8231,106.6297",97.9
2024-01-13 10:36:00,VIN-C0972,39.2,89.0,"21.0285,105.8542",102.3
2024-01-13 10:39:00,VIN-C0973,91.5,34.0,"11.9404,108.4583",106.1
2024-01-13 10:42:00,VIN-C0974,81.4,91.3,"12.2388,109.1967",72.0
2024-01-13 10:45:00,VIN-C0975,45.7,90.8,"10.0452,105.7469",84.5
2024-01-13 10:48:00,VIN-C0976,36.5,94.3,"10.0452,105.7469",80.2
2024-01-13 10:51:00,VIN-C0977,86.9,31.7,"20.8449,106.6881",105.9
2024-01-13 10:54:00,VIN-C0978,117.0,68.0,"20.8449,106.6881",84.2
2024-01-13 10:57:00,VIN-C0979,104.9,23.9,"12.2388,109.1967",90.3
2024-01-13 11:00:00,VIN-C0980,94.4,58.3,"10.0452,105.7469",96.5
2024-01-13 11:03:00,VIN-C0981,111.2,67.2,"20.8449,106.6881",95.2
2024-01-13 11:06:00,VIN-C0982,102.6,84.1,"10.0452,105.7469",87.4
2024-01-13 11:09:00,VIN-C0983,47.0,33.5,"11.9404,108.4583",79.6
2024-01-13 11:12:00,VIN-C0984,3.5,68.0,"10.9460,108.4419",88.9
2024-01-13 11:15:00,VIN-C0985,62.9,5.4,"12.2388,109.1967",79.7
2024-01-13 11:18:00,VIN-C0986,92.8,66.8,"10.0452,105.7469",96.3
2024-01-13 11:21:00,VIN-C0987,77.9,33.6,"20.8449,106.6881",109.9
2024-01-13 11:24:00,VIN-C0988,82.9,87.3,"10.8231,106.6297",84.2
2024-01-13 11:27:00,VIN-C0989,91.6,80.1,"11.9404,108.4583",102.0
2024-01-13 11:30:00,VIN-C0990,43.3,73.5,"16.0544,108.2022",91.3
2024-01-13 11:33:00,VIN-C0991,48.1,20.7,"10.8231,106.6297",72.0
2024-01-13 11:36:00,VIN-C0992,23.6,21.4,"10.0452,105.7469",92.7
2024-01-13 11:39:00,VIN-C0993,83.6,47.4,"10.9460,108.4419",106.3
2024-01-13 11:42:00,VIN-C0994,101.3,61.1,"12.2388,109.1967",95.4
2024-01-13 11:45:00,VIN-C0995,110.7,68.4,"10.8231,106.6297",79.7
2024-01-13 11:48:00,VIN-C0996,111.0,11.0,"16.0544,108.2022",83.4
2024-01-13 11:51:00,VIN-C0997,119.1,15.4,"10.8231,106.6297",97.1
2024-01-13 11:54:00,VIN-C0998,82.7,65.4,"12.2388,109.1967",109.7
2024-01-13 11:57:00,VIN-C0999,2.8,22.6,"21.0285,105.8542",82.5
2024-01-13 12:00:00,VIN-C1000,41.2,89.0,"16.0544,108.2022",106.4
2024-01-13 12:03:00,VIN-C1001,71.6,78.3,"10.0452,105.7469",103.0
2024-01-13 12:06:00,VIN-C1002,90.1,63.9,"11.9404,108.4583",77.5
2024-01-13 12:09:00,VIN-C1003,95.7,73.9,"21.0285,105.8542",74.5
2024-01-13 12:12:00,VIN-C1004,28.7,38.5,"10.8231,106.6297",81.0
2024-01-13 12:15:00,VIN-C1005,104.3,43.1,"16.0544,108.2022",105.4
2024-01-13 12:18:00,VIN-C1006,98.1,19.2,"20.8449,106.6881",103.6
2024-01-13 12:21:00,VIN-C1007,45.6,22.4,"11.9404,108.4583",74.4
2024-01-13 12:24:00,VIN-C1008,6.1,39.5,"10.0452,105.7469",91.1
2024-01-13 12:27:00,VIN-C1009,66.5,69.3,"11.9404,108.4583",81.7
2024-01-13 12:30:00,VIN-C1010,114.5,29.7,"20.8449,106.6881",109.1
2024-01-13 12:33:00,VIN-C1011,95.8,83.3,"21.0285,105.8542",93.4
2024-01-13 12:36:00,VIN-C1012,38.9,12.4,"12.2388,109.1967",83.8
2024-01-13 12:39:00,VIN-C1013,42.9,76.8,"10.0452,105.7469",97.5
2024-01-13 12:42:00,VIN-C1014,83.8,92.8,"20.8449,106.6881",75.4
2024-01-13 12:45:00,VIN-C1015,22.4,85.3,"20.8449,106.6881",88.2
2024-01-13 12:48:00,VIN-C1016,29.7,28.8,"21.0285,105.8542",109.9
2024-01-13 12:51:00,VIN-C1017,16.8,13.3,"11.9404,108.4583",103.2
2024-01-13 12:54:00,VIN-C1018,44.9,45.2,"16.0544,108.2022",100.4
2024-01-13 12:57:00,VIN-C1019,30.9,14.6,"20.8449,106.6881",71.1
2024-01-13 13:00:00,VIN-C1020,30.9,16.3,"10.9460,108.4419",85.7
2024-01-13 13:03:00,VIN-C1021,1.7,64.0,"10.8231,106.6297",87.0
2024-01-13 13:06:00,VIN-C1022,28.1,62.3,"20.8449,106.6881",79.6
2024-01-13 13:09:00,VIN-C1023,94.8,27.3,"11.9404,108.4583",108.0
2024-01-13 13:12:00,VIN-C1024,52.3,51.9,"10.8231,106.6297",82.4
2024-01-13 13:15:00,VIN-C1025,3.9,36.3,"16.0544,108.2022",106.7
2024-01-13 13:18:00,VIN-C1026,15.0,69.3,"20.8449,106.6881",87.6
2024-01-13 13:21:00,VIN-C1027,81.2,14.5,"16.0544,108.2022",108.1
2024-01-13 13:24:00,VIN-C1028,25.8,79.3,"10.8231,106.6297",82.3
2024-01-13 13:27:00,VIN-C1029,41.3,93.9,"12.2388,109.1967",96.0
2024-01-13 13:30:00,VIN-C1030,6.9,40.1,"10.0452,105.7469",86.0
2024-01-13 13:33:00,VIN-C1031,44.0,86.6,"16.0544,108.2022",92.1
2024-01-13 13:36:00,VIN-C1032,94.3,27.6,"10.0452,105.7469",80.2
2024-01-13 13:39:00,VIN-C1033,56.6,77.9,"10.9460,108.4419",85.1
2024-01-13 13:42:00,VIN-C1034,22.2,62.9,"21.0285,105.8542",98.7
2024-01-13 13:45:00,VIN-C1035,35.1,7.3,"12.2388,109.1967",95.1
2024-01-13 13:48:00,VIN-C1036,23.3,13.1,"10.0452,105.7469",95.9
2024-01-13 13:51:00,VIN-C1037,29.8,88.9,"11.9404,108.4583",79.0
2024-01-13 13:54:00,VIN-C1038,95.5,89.2,"16.0544,108.2022",96.6
2024-01-13 13:57:00,VIN-C1039,70.2,50.9,"21.0285,105.8542",82.8
2024-01-13 14:00:00,VIN-C1040,49.0,69.9,"21.0285,105.8542",107.9
2024-01-13 14:03:00,VIN-C1041,112.3,62.5,"20.8449,106.6881",106.1
2024-01-13 14:06:00,VIN-C1042,115.2,81.8,"10.9460,108.4419",78.5
2024-01-13 14:09:00,VIN-C1043,19.4,15.6,"20.8449,106.6881",75.7
2024-01-13 14:12:00,VIN-C1044,73.7,75.6,"10.9460,108.4419",79.1
2024-01-13 14:15:00,VIN-C1045,74.2,19.9,"10.0452,105.7469",85.9
2024-01-13 14:18:00,VIN-C1046,108.0,79.8,"10.9460,108.4419",78.7
2024-01-13 14:21:00,VIN-C1047,55.3,78.9,"21.0285,105.8542",100.9
2024-01-13 14:24:00,VIN-C1048,43.1,58.7,"10.9460,108.4419",89.5
2024-01-13 14:27:00,VIN-C1049,53.0,32.7,"21.0285,105.8542",84.9
2024-01-13 14:30:00,VIN-C1050,23.6,29.2,"11.9404,108.4583",72.0
2024-01-13 14:33:00,VIN-C1051,97.1,21.9,"16.0544,108.2022",101.0
2024-01-13 14:36:00,VIN-C1052,45.3,81.7,"10.0452,105.7469",92.4
2024-01-13 14:39:00,VIN-C1053,66.6,8.3,"10.0452,105.7469",99.8
2024-01-13 14:42:00,VIN-C1054,37.2,37.9,"10.8231,106.6297",76.8
2024-01-13 14:45:00,VIN-C1055,37.9,43.0,"20.8449,106.6881",71.9
2024-01-13 14:48:00,VIN-C1056,77.8,9.5,"10.8231,106.6297",94.2
2024-01-13 14:51:00,VIN-C1057,86.3,24.5,"20.8449,106.6881",97.4
2024-01-13 14:54:00,VIN-C1058,55.1,38.1,"21.0285,105.8542",91.5
2024-01-13 14:57:00,VIN-C1059,86.8,27.8,"20.8449,106.6881",91.7
2024-01-13 15:00:00,VIN-C1060,11.6,12.2,"10.0452,105.7469",103.2
2024-01-13 15:03:00,VIN-C1061,79.8,47.4,"21.0285,105.8542",71.9
2024-01-13 15:06:00,VIN-C1062,90.0,14.5,"10.0452,105.7469",81.2
2024-01-13 15:09:00,VIN-C1063,7.2,56.8,"16.0544,108.2022",76.0
2024-01-13 15:12:00,VIN-C1064,11.8,55.9,"16.0544,108.2022",84.5
2024-01-13 15:15:00,VIN-C1065,28.3,8.0,"10.0452,105.7469",97.4
2024-01-13 15:18:00,VIN-C1066,9.2,76.5,"20.8449,106.6881",90.9
2024-01-13 15:21:00,VIN-C1067,86.8,65.5,"10.0452,105.7469",86.6
2024-01-13 15:24:00,VIN-C1068,1.1,56.1,"21.0285,105.8542",95.9
2024-01-13 15:27:00,VIN-C1069,84.2,99.1,"20.8449,106.6881",94.0
2024-01-13 15:30:00,VIN-C1070,55.9,53.5,"12.2388,109.1967",95.9
2024-01-13 15:33:00,VIN-C1071,51.4,22.5,"10.8231,106.6297",70.9
2024-01-13 15:36:00,VIN-C1072,15.5,29.4,"21.0285,105.8542",101.2
2024-01-13 15:39:00,VIN-C1073,116.0,91.8,"10.9460,108.4419",74.6
2024-01-13 15:42:00,VIN-C1074,29.0,58.3,"10.8231,106.6297",101.8
2024-01-13 15:45:00,VIN-C1075,80.6,84.6,"11.9404,108.4583",74.2
2024-01-13 15:48:00,VIN-C1076,26.0,5.6,"11.9404,108.4583",73.2
2024-01-13 15:51:00,VIN-C1077,13.2,79.2,"21.0285,105.8542",94.9
2024-01-13 15:54:00,VIN-C1078,95.8,33.9,"12.2388,109.1967",107.4
2024-01-13 15:57:00,VIN-C1079,50.4,49.9,"20.8449,106.6881",83.8
2024-01-13 16:00:00,VIN-C1080,46.7,15.9,"16.0544,108.2022",88.1
2024-01-13 16:03:00,VIN-C1081,59.8,27.5,"10.9460,108.4419",99.4
2024-01-13 16:06:00,VIN-C1082,97.3,70.4,"20.8449,106.6881",100.0
2024-01-13 16:09:00,VIN-C1083,101.6,27.8,"11.9404,108.4583",86.0
2024-01-13 16:12:00,VIN-C1084,16.1,43.2,"20.8449,106.6881",106.9
2024-01-13 16:15:00,VIN-C1085,52.9,25.8,"10.8231,106.6297",84.9
2024-01-13 16:18:00,VIN-C1086,59.3,48.6,"10.0452,105.7469",91.8
2024-01-13 16:21:00,VIN-C1087,102.2,50.4,"12.2388,109.1967",102.9
2024-01-13 16:24:00,VIN-C1088,5.6,74.3,"10.0452,105.7469",97.5
2024-01-13 16:27:00,VIN-C1089,111.3,77.3,"12.2388,109.1967",96.7
2024-01-13 16:30:00,VIN-C1090,115.4,33.7,"20.8449,106.6881",105.4
2024-01-13 16:33:00,VIN-C1091,21.1,45.3,"10.0452,105.7469",70.0
2024-01-13 16:36:00,VIN-C1092,114.2,15.5,"10.9460,108.4419",86.6
2024-01-13 16:39:00,VIN-C1093,11.6,33.3,"21.0285,105.8542",85.0
2024-01-13 16:42:00,VIN-C1094,35.5,26.5,"20.8449,106.6881",109.6
2024-01-13 16:45:00,VIN-C1095,88.5,24.7,"20.8449,106.6881",80.5
2024-01-13 16:48:00,VIN-C1096,3.3,28.8,"11.9404,108.4583",85.1
2024-01-13 16:51:00,VIN-C1097,117.2,41.8,"10.9460,108.4419",107.1
2024-01-13 16:54:00,VIN-C1098,26.0,57.4,"10.0452,105.7469",70.1
2024-01-13 16:57:00,VIN-C1099,33.4,25.9,"10.0452,105.7469",86.1
2024-01-13 17:00:00,VIN-C1100,27.2,85.1,"11.9404,108.4583",93.1
2024-01-13 17:03:00,VIN-C1101,21.7,95.4,"21.0285,105.8542",96.5
2024-01-13 17:06:00,VIN-C1102,20.1,93.8,"20.8449,106.6881",83.2
2024-01-13 17:09:00,VIN-C1103,26.8,11.1,"12.2388,109.1967",72.0
2024-01-13 17:12:00,VIN-C1104,89.1,70.1,"21.0285,105.8542",73.3
2024-01-13 17:15:00,VIN-C1105,54.2,17.2,"16.0544,108.2022",81.2
2024-01-13 17:18:00,VIN-C1106,14.9,23.3,"21.0285,105.8542",91.5
2024-01-13 17:21:00,VIN-C1107,53.6,60.4,"20.8449,106.6881",96.1
2024-01-13 17:24:00,VIN-C1108,101.8,50.6,"10.9460,108.4419",91.0
2024-01-13 17:27:00,VIN-C1109,87.5,84.5,"12.2388,109.1967",103.3
2024-01-13 17:30:00,VIN-C1110,57.2,32.1,"10.9460,108.4419",95.0
2024-01-13 17:33:00,VIN-C1111,6.8,20.3,"16.0544,108.2022",74.3
2024-01-13 17:36:00,VIN-C1112,14.9,31.5,"20.8449,106.6881",101.6
2024-01-13 17:39:00,VIN-C1113,118.5,38.8,"21.0285,105.8542",92.1
2024-01-13 17:42:00,VIN-C1114,64.1,14.7,"10.8231,106.6297",87.3
2024-01-13 17:45:00,VIN-C1115,59.1,65.0,"11.9404,108.4583",86.3
2024-01-13 17:48:00,VIN-C1116,29.2,99.3,"10.0452,105.7469",103.2
2024-01-13 17:51:00,VIN-C1117,20.2,48.8,"11.9404,108.4583",103.3
2024-01-13 17:54:00,VIN-C1118,53.8,21.9,"20.8449,106.6881",74.1
2024-01-13 17:57:00,VIN-C1119,71.6,62.8,"10.0452,105.7469",89.5
2024-01-13 18:00:00,VIN-C1120,67.3,11.7,"10.0452,105.7469",91.0
2024-01-13 18:03:00,VIN-C1121,82.8,61.0,"10.8231,106.6297",85.7
2024-01-13 18:06:00,VIN-C1122,117.4,20.8,"10.8231,106.6297",74.6
2024-01-13 18:09:00,VIN-C1123,24.9,83.2,"10.9460,108.4419",73.1
2024-01-13 18:12:00,VIN-C1124,118.9,38.1,"16.0544,108.2022",74.6
2024-01-13 18:15:00,VIN-C1125,26.6,98.4,"10.0452,105.7469",86.9
2024-01-13 18:18:00,VIN-C1126,14.5,84.6,"21.0285,105.8542",88.8
2024-01-13 18:21:00,VIN-C1127,103.3,36.3,"10.8231,106.6297",100.2
2024-01-13 18:24:00,VIN-C1128,5.4,70.5,"10.8231,106.6297",79.7
2024-01-13 18:27:00,VIN-C1129,80.7,62.1,"12.2388,109.1967",84.9
2024-01-13 18:30:00,VIN-C1130,93.2,52.8,"11.9404,108.4583",97.8
2024-01-13 18:33:00,VIN-C1131,108.5,82.9,"10.0452,105.7469",97.2
2024-01-13 18:36:00,VIN-C1132,110.0,57.1,"21.0285,105.8542",76.1
2024-01-13 18:39:00,VIN-C1133,102.1,99.9,"10.0452,105.7469",94.2
2024-01-13 18:42:00,VIN-C1134,18.5,91.5,"11.9404,108.4583",74.2
2024-01-13 18:45:00,VIN-C1135,97.0,11.6,"16.0544,108.2022",82.9
2024-01-13 18:48:00,VIN-C1136,105.7,11.3,"12.2388,109.1967",103.3
2024-01-13 18:51:00,VIN-C1137,104.1,90.3,"21.0285,105.8542",102.8
2024-01-13 18:54:00,VIN-C1138,119.0,72.1,"20.8449,106.6881",102.4
2024-01-13 18:57:00,VIN-C1139,14.6,56.5,"10.0452,105.7469",92.9
2024-01-13 19:00:00,VIN-C1140,31.3,29.5,"10.0452,105.7469",98.9
2024-01-13 19:03:00,VIN-C1141,66.6,35.2,"21.0285,105.8542",82.6
2024-01-13 19:06:00,VIN-C1142,26.1,10.0,"10.0452,105.7469",70.3
2024-01-13 19:09:00,VIN-C1143,92.6,49.7,"20.8449,106.6881",90.9
2024-01-13 19:12:00,VIN-C1144,88.4,78.6,"10.8231,106.6297",96.0
2024-01-13 19:15:00,VIN-C1145,51.4,67.9,"11.9404,108.4583",105.3
2024-01-13 19:18:00,VIN-C1146,69.5,49.2,"12.2388,109.1967",106.6
2024-01-13 19:21:00,VIN-C1147,3.9,98.6,"16.0544,108.2022",98.1
2024-01-13 19:24:00,VIN-C1148,55.3,65.4,"10.0452,105.7469",83.1
2024-01-13 19:27:00,VIN-C1149,113.5,92.9,"20.8449,106.6881",86.0
2024-01-13 19:30:00,VIN-C1150,7.7,88.3,"10.0452,105.7469",108.5
2024-01-13 19:33:00,VIN-C1151,56.5,93.8,"10.9460,108.4419",71.2
2024-01-13 19:36:00,VIN-C1152,83.1,16.5,"10.0452,105.7469",98.3
2024-01-13 19:39:00,VIN-C1153,117.0,72.1,"16.0544,108.2022",82.2
2024-01-13 19:42:00,VIN-C1154,78.1,66.4,"12.2388,109.1967",73.8
2024-01-13 19:45:00,VIN-C1155,74.0,88.6,"10.0452,105.7469",102.4
2024-01-13 19:48:00,VIN-C1156,7.4,69.0,"10.0452,105.7469",77.4
2024-01-13 19:51:00,VIN-C1157,28.2,34.7,"10.8231,106.6297",73.8
2024-01-13 19:54:00,VIN-C1158,65.3,66.6,"12.2388,109.1967",81.6
2024-01-13 19:57:00,VIN-C1159,20.2,77.3,"12.2388,109.1967",76.2
2024-01-13 20:00:00,VIN-C1160,118.2,7.9,"12.2388,109.1967",79.8
2024-01-13 20:03:00,VIN-C1161,100.4,39.9,"12.2388,109.1967",87.6
2024-01-13 20:06:00,VIN-C1162,42.1,90.0,"21.0285,105.8542",74.7
2024-01-13 20:09:00,VIN-C1163,88.3,45.5,"21.0285,105.8542",109.2
2024-01-13 20:12:00,VIN-C1164,50.0,31.0,"12.2388,109.1967",74.1
2024-01-13 20:15:00,VIN-C1165,59.4,23.3,"21.0285,105.8542",105.9
2024-01-13 20:18:00,VIN-C1166,56.1,35.4,"16.0544,108.2022",82.0
2024-01-13 20:21:00,VIN-C1167,39.0,13.9,"10.8231,106.6297",90.3
2024-01-13 20:24:00,VIN-C1168,99.0,41.6,"21.0285,105.8542",96.7
2024-01-13 20:27:00,VIN-C1169,98.6,11.7,"10.0452,105.7469",82.7
2024-01-13 20:30:00,VIN-C1170,38.3,30.4,"16.0544,108.2022",71.4
2024-01-13 20:33:00,VIN-C1171,114.8,28.0,"20.8449,106.6881",98.4
2024-01-13 20:36:00,VIN-C1172,51.9,68.1,"20.8449,106.6881",94.0
2024-01-13 20:39:00,VIN-C1173,93.0,59.1,"10.0452,105.7469",79.3
2024-01-13 20:42:00,VIN-C1174,46.0,59.0,"21.0285,105.8542",103.4
2024-01-13 20:45:00,VIN-C1175,75.0,56.5,"10.0452,105.7469",94.4
2024-01-13 20:48:00,VIN-C1176,1.9,64.0,"10.0452,105.7469",101.3
2024-01-13 20:51:00,VIN-C1177,36.7,31.6,"16.0544,108.2022",81.8
2024-01-13 20:54:00,VIN-C1178,45.4,69.0,"10.0452,105.7469",80.8
2024-01-13 20:57:00,VIN-C1179,23.0,81.6,"10.0452,105.7469",108.1
2024-01-13 21:00:00,VIN-C1180,30.9,49.9,"21.0285,105.8542",107.6
2024-01-13 21:03:00,VIN-C1181,88.5,41.2,"12.2388,109.1967",99.3
2024-01-13 21:06:00,VIN-C1182,60.9,78.7,"11.9404,108.4583",102.5
2024-01-13 21:09:00,VIN-C1183,21.1,28.7,"16.0544,108.2022",85.3
2024-01-13 21:12:00,VIN-C1184,74.4,17.7,"11.9404,108.4583",83.7
2024-01-13 21:15:00,VIN-C1185,54.0,24.4,"10.8231,106.6297",93.1
2024-01-13 21:18:00,VIN-C1186,41.7,97.5,"11.9404,108.4583",94.4
2024-01-13 21:21:00,VIN-C1187,105.5,92.5,"10.8231,106.6297",79.9
2024-01-13 21:24:00,VIN-C1188,51.2,90.9,"20.8449,106.6881",81.3
2024-01-13 21:27:00,VIN-C1189,25.1,62.1,"10.9460,108.4419",86.2
2024-01-13 21:30:00,VIN-C1190,5.4,48.5,"10.0452,105.7469",70.2
2024-01-13 21:33:00,VIN-C1191,91.4,80.8,"11.9404,108.4583",81.0
2024-01-13 21:36:00,VIN-C1192,66.1,95.2,"10.0452,105.7469",107.4
2024-01-13 21:39:00,VIN-C1193,118.3,75.3,"20.8449,106.6881",96.7
2024-01-13 21:42:00,VIN-C1194,62.0,46.2,"10.9460,108.4419",93.6
2024-01-13 21:45:00,VIN-C1195,73.4,29.5,"10.8231,106.6297",86.3
2024-01-13 21:48:00,VIN-C1196,12.8,71.5,"10.8231,106.6297",104.9
2024-01-13 21:51:00,VIN-C1197,104.0,46.2,"10.8231,106.6297",73.4
2024-01-13 21:54:00,VIN-C1198,31.3,46.8,"21.0285,105.8542",73.2
2024-01-13 21:57:00,VIN-C1199,115.6,25.4,"12.2388,109.1967",101.8
2024-01-13 22:00:00,VIN-C1200,114.1,93.6,"10.9460,108.4419",74.1
2024-01-13 22:03:00,VIN-C1201,47.1,83.8,"20.8449,106.6881",87.3
2024-01-13 22:06:00,VIN-C1202,39.1,67.0,"21.0285,105.8542",91.7
2024-01-13 22:09:00,VIN-C1203,60.6,94.6,"21.0285,105.8542",85.4
2024-01-13 22:12:00,VIN-C1204,79.5,29.8,"16.0544,108.2022",78.2
2024-01-13 22:15:00,VIN-C1205,83.3,97.1,"11.9404,108.4583",94.4
2024-01-13 22:18:00,VIN-C1206,76.8,46.3,"11.9404,108.4583",70.7
2024-01-13 22:21:00,VIN-C1207,117.2,93.0,"11.9404,108.4583",100.4
2024-01-13 22:24:00,VIN-C1208,2.0,36.8,"20.8449,106.6881",86.3
2024-01-13 22:27:00,VIN-C1209,84.9,80.1,"10.0452,105.7469",89.4
2024-01-13 22:30:00,VIN-C1210,37.3,17.9,"12.2388,109.1967",106.0
2024-01-13 22:33:00,VIN-C1211,95.4,46.3,"10.9460,108.4419",103.3
2024-01-13 22:36:00,VIN-C1212,64.4,20.9,"11.9404,108.4583",102.1
2024-01-13 22:39:00,VIN-C1213,14.9,96.1,"16.0544,108.2022",83.2
2024-01-13 22:42:00,VIN-C1214,117.6,69.8,"10.0452,105.7469",91.6
2024-01-13 22:45:00,VIN-C1215,104.6,99.9,"20.8449,106.6881",99.8
2024-01-13 22:48:00,VIN-C1216,90.7,88.1,"12.2388,109.1967",90.6
2024-01-13 22:51:00,VIN-C1217,94.8,64.8,"10.0452,105.7469",90.7
2024-01-13 22:54:00,VIN-C1218,34.5,28.2,"20.8449,106.6881",104.4
2024-01-13 22:57:00,VIN-C1219,104.2,68.8,"10.0452,105.7469",82.9
2024-01-13 23:00:00,VIN-C1220,42.1,6.8,"21.0285,105.8542",70.9
2024-01-13 23:03:00,VIN-C1221,9.5,77.6,"10.9460,108.4419",92.0
2024-01-13 23:06:00,VIN-C1222,45.3,36.7,"10.0452,105.7469",70.1
2024-01-13 23:09:00,VIN-C1223,35.3,92.5,"11.9404,108.4583",75.9
2024-01-13 23:12:00,VIN-C1224,104.2,72.3,"10.9460,108.4419",84.0
2024-01-13 23:15:00,VIN-C1225,45.1,50.1,"10.0452,105.7469",85.5
2024-01-13 23:18:00,VIN-C1226,49.8,9.9,"10.0452,105.7469",99.9
2024-01-13 23:21:00,VIN-C1227,25.9,33.9,"12.2388,109.1967",78.5
2024-01-13 23:24:00,VIN-C1228,71.4,43.3,"20.8449,106.6881",99.9
2024-01-13 23:27:00,VIN-C1229,86.2,27.1,"21.0285,105.8542",97.0
2024-01-13 23:30:00,VIN-C1230,18.1,26.1,"10.9460,108.4419",97.2
2024-01-13 23:33:00,VIN-C1231,10.7,72.8,"10.8231,106.6297",87.9
2024-01-13 23:36:00,VIN-C1232,26.4,16.8,"10.9460,108.4419",82.1
2024-01-13 23:39:00,VIN-C1233,104.0,48.8,"20.8449,106.6881",76.9
2024-01-13 23:42:00,VIN-C1234,49.6,17.9,"10.0452,105.7469",107.7
2024-01-13 23:45:00,VIN-C1235,53.3,34.8,"10.8231,106.6297",90.4
2024-01-13 23:48:00,VIN-C1236,108.2,57.7,"10.9460,108.4419",102.5
2024-01-13 23:51:00,VIN-C1237,31.8,52.1,"11.9404,108.4583",94.5
2024-01-13 23:54:00,VIN-C1238,82.1,66.8,"12.2388,109.1967",103.6
2024-01-13 23:57:00,VIN-C1239,85.5,18.1,"11.9404,108.4583",103.9
2024-01-14 00:00:00,VIN-C1240,53.5,48.7,"12.2388,109.1967",105.1
2024-01-14 00:03:00,VIN-C1241,104.3,96.4,"10.0452,105.7469",89.0
2024-01-14 00:06:00,VIN-C1242,55.9,58.0,"12.2388,109.1967",71.0
2024-01-14 00:09:00,VIN-C1243,104.7,7.1,"10.9460,108.4419",86.9
2024-01-14 00:12:00,VIN-C1244,42.6,34.3,"10.9460,108.4419",84.0
2024-01-14 00:15:00,VIN-C1245,35.8,12.2,"10.9460,108.4419",100.7
2024-01-14 00:18:00,VIN-C1246,78.2,24.8,"10.8231,106.6297",101.6
2024-01-14 00:21:00,VIN-C1247,77.2,9.4,"12.2388,109.1967",99.5
2024-01-14 00:24:00,VIN-C1248,95.6,40.4,"11.9404,108.4583",99.0
2024-01-14 00:27:00,VIN-C1249,18.0,75.8,"12.2388,109.1967",83.7
2024-01-14 00:30:00,VIN-C1250,63.0,96.1,"11.9404,108.4583",96.2
2024-01-14 00:33:00,VIN-C1251,50.7,28.4,"16.0544,108.2022",106.6
2024-01-14 00:36:00,VIN-C1252,103.8,17.4,"20.8449,106.6881",87.2
2024-01-14 00:39:00,VIN-C1253,3.8,69.9,"10.8231,106.6297",104.5
2024-01-14 00:42:00,VIN-C1254,4.4,49.3,"21.0285,105.8542",72.8
2024-01-14 00:45:00,VIN-C1255,88.3,82.4,"11.9404,108.4583",103.0
2024-01-14 00:48:00,VIN-C1256,9.3,62.0,"20.8449,106.6881",103.3
2024-01-14 00:51:00,VIN-C1257,119.2,13.2,"21.0285,105.8542",97.3
2024-01-14 00:54:00,VIN-C1258,38.2,25.4,"10.9460,108.4419",101.5
2024-01-14 00:57:00,VIN-C1259,33.2,45.5,"12.2388,109.1967",99.2
2024-01-14 01:00:00,VIN-C1260,56.4,45.4,"21.0285,105.8542",90.4
2024-01-14 01:03:00,VIN-C1261,91.7,43.8,"10.9460,108.4419",96.8
2024-01-14 01:06:00,VIN-C1262,33.7,48.8,"20.8449,106.6881",86.0
2024-01-14 01:09:00,VIN-C1263,78.1,79.3,"20.8449,106.6881",91.9
2024-01-14 01:12:00,VIN-C1264,17.7,63.3,"11.9404,108.4583",98.5
2024-01-14 01:15:00,VIN-C1265,44.3,37.6,"11.9404,108.4583",70.7
2024-01-14 01:18:00,VIN-C1266,77.0,11.4,"16.0544,108.2022",98.1
2024-01-14 01:21:00,VIN-C1267,83.0,5.3,"16.0544,108.2022",93.0
2024-01-14 01:24:00,VIN-C1268,22.3,45.2,"12.2388,109.1967",104.2
2024-01-14 01:27:00,VIN-C1269,37.9,84.6,"10.0452,105.7469",94.9
2024-01-14 01:30:00,VIN-C1270,50.7,91.9,"21.0285,105.8542",80.1
2024-01-14 01:33:00,VIN-C1271,42.5,25.5,"21.0285,105.8542",91.3
2024-01-14 01:36:00,VIN-C1272,45.1,34.3,"12.2388,109.1967",88.0
2024-01-14 01:39:00,VIN-C1273,29.2,57.4,"21.0285,105.8542",80.1
2024-01-14 01:42:00,VIN-C1274,88.0,52.5,"16.0544,108.2022",80.4
2024-01-14 01:45:00,VIN-C1275,35.9,33.7,"16.0544,108.2022",70.1
2024-01-14 01:48:00,VIN-C1276,39.3,29.9,"21.0285,105.8542",70.7
2024-01-14 01:51:00,VIN-C1277,107.7,88.0,"16.0544,108.2022",106.7
2024-01-14 01:54:00,VIN-C1278,27.1,52.9,"10.0452,105.7469",103.5
2024-01-14 01:57:00,VIN-C1279,119.1,56.0,"20.8449,106.6881",86.5
2024-01-14 02:00:00,VIN-C1280,111.1,87.1,"10.9460,108.4419",82.1
2024-01-14 02:03:00,VIN-C1281,24.5,97.1,"11.9404,108.4583",73.1
2024-01-14 02:06:00,VIN-C1282,80.9,5.8,"11.9404,108.4583",90.6
2024-01-14 02:09:00,VIN-C1283,23.5,90.6,"20.8449,106.6881",100.9
2024-01-14 02:12:00,VIN-C1284,64.1,12.5,"10.0452,105.7469",108.0
2024-01-14 02:15:00,VIN-C1285,112.3,78.7,"11.9404,108.4583",95.5
2024-01-14 02:18:00,VIN-C1286,83.3,51.5,"11.9404,108.4583",83.7
2024-01-14 02:21:00,VIN-C1287,74.7,63.9,"12.2388,109.1967",98.2
2024-01-14 02:24:00,VIN-C1288,81.3,97.5,"16.0544,108.2022",108.8
2024-01-14 02:27:00,VIN-C1289,66.5,40.6,"11.9404,108.4583",102.3
2024-01-14 02:30:00,VIN-C1290,100.7,97.4,"21.0285,105.8542",85.1
2024-01-14 02:33:00,VIN-C1291,41.4,64.0,"10.0452,105.7469",91.5
2024-01-14 02:36:00,VIN-C1292,113.1,14.2,"10.0452,105.7469",82.4
2024-01-14 02:39:00,VIN-C1293,91.5,59.3,"10.8231,106.6297",99.3
2024-01-14 02:42:00,VIN-C1294,119.1,96.2,"21.0285,105.8542",102.8
2024-01-14 02:45:00,VIN-C1295,103.9,23.0,"16.0544,108.2022",98.1
2024-01-14 02:48:00,VIN-C1296,117.8,21.4,"16.0544,108.2022",74.1
2024-01-14 02:51:00,VIN-C1297,73.0,40.1,"10.9460,108.4419",99.8
2024-01-14 02:54:00,VIN-C1298,29.1,77.5,"10.8231,106.6297",103.6
2024-01-14 02:57:00,VIN-C1299,88.3,14.7,"21.0285,105.8542",90.6
2024-01-14 03:00:00,VIN-C1300,18.6,90.9,"12.2388,109.1967",73.6
2024-01-14 03:03:00,VIN-C1301,10.5,73.8,"21.0285,105.8542",77.9
2024-01-14 03:06:00,VIN-C1302,10.1,88.9,"11.9404,108.4583",84.5
2024-01-14 03:09:00,VIN-C1303,101.9,95.5,"11.9404,108.4583",78.9
2024-01-14 03:12:00,VIN-C1304,22.8,81.8,"12.2388,109.1967",70.4
2024-01-14 03:15:00,VIN-C1305,52.9,13.4,"21.0285,105.8542",105.7
2024-01-14 03:18:00,VIN-C1306,74.0,89.4,"20.8449,106.6881",84.4
2024-01-14 03:21:00,VIN-C1307,65.9,68.0,"11.9404,108.4583",82.8
2024-01-14 03:24:00,VIN-C1308,48.8,84.7,"20.8449,106.6881",79.5
2024-01-14 03:27:00,VIN-C1309,96.0,35.9,"12.2388,109.1967",74.8
2024-01-14 03:30:00,VIN-C1310,67.0,97.5,"21.0285,105.8542",75.7
2024-01-14 03:33:00,VIN-C1311,112.7,86.5,"12.2388,109.1967",83.6
2024-01-14 03:36:00,VIN-C1312,6.6,34.1,"21.0285,105.8542",107.4
2024-01-14 03:39:00,VIN-C1313,110.1,81.4,"10.8231,106.6297",86.8
2024-01-14 03:42:00,VIN-C1314,12.6,71.0,"20.8449,106.6881",109.3
2024-01-14 03:45:00,VIN-C1315,45.7,63.5,"10.8231,106.6297",72.4
2024-01-14 03:48:00,VIN-C1316,90.5,84.8,"16.0544,108.2022",76.4
2024-01-14 03:51:00,VIN-C1317,30.0,81.0,"21.0285,105.8542",86.2
2024-01-14 03:54:00,VIN-C1318,17.0,83.3,"16.0544,108.2022",76.1
2024-01-14 03:57:00,VIN-C1319,10.0,82.0,"11.9404,108.4583",107.1
2024-01-14 04:00:00,VIN-C1320,48.3,66.8,"20.8449,106.6881",103.4
2024-01-14 04:03:00,VIN-C1321,68.2,41.2,"16.0544,108.2022",71.2
2024-01-14 04:06:00,VIN-C1322,23.2,30.7,"21.0285,105.8542",99.8
2024-01-14 04:09:00,VIN-C1323,1.3,59.0,"16.0544,108.2022",96.5
2024-01-14 04:12:00,VIN-C1324,76.1,92.6,"11.9404,108.4583",89.7
2024-01-14 04:15:00,VIN-C1325,91.2,57.4,"10.9460,108.4419",72.0
2024-01-14 04:18:00,VIN-C1326,24.1,18.8,"10.8231,106.6297",108.4
2024-01-14 04:21:00,VIN-C1327,79.3,91.7,"12.2388,109.1967",92.4
2024-01-14 04:24:00,VIN-C1328,73.9,74.8,"12.2388,109.1967",102.2
2024-01-14 04:27:00,VIN-C1329,66.8,94.2,"16.0544,108.2022",94.4
2024-01-14 04:30:00,VIN-C1330,10.6,36.8,"10.8231,106.6297",83.2
2024-01-14 04:33:00,VIN-C1331,119.5,89.0,"10.8231,106.6297",98.3
2024-01-14 04:36:00,VIN-C1332,17.7,65.0,"20.8449,106.6881",70.6
2024-01-14 04:39:00,VIN-C1333,45.6,32.4,"10.8231,106.6297",76.9
2024-01-14 04:42:00,VIN-C1334,112.2,22.3,"10.8231,106.6297",86.7
2024-01-14 04:45:00,VIN-C1335,43.0,33.5,"10.9460,108.4419",80.5
2024-01-14 04:48:00,VIN-C1336,114.6,42.9,"11.9404,108.4583",71.7
2024-01-14 04:51:00,VIN-C1337,69.5,29.4,"21.0285,105.8542",95.4
2024-01-14 04:54:00,VIN-C1338,116.6,60.5,"11.9404,108.4583",87.4
2024-01-14 04:57:00,VIN-C1339,115.6,29.7,"10.8231,106.6297",73.8
2024-01-14 05:00:00,VIN-C1340,46.7,64.6,"11.9404,108.4583",87.3
2024-01-14 05:03:00,VIN-C1341,16.1,53.9,"10.9460,108.4419",91.2
2024-01-14 05:06:00,VIN-C1342,111.2,47.1,"20.8449,106.6881",83.9
2024-01-14 05:09:00,VIN-C1343,83.7,91.6,"10.0452,105.7469",73.0
2024-01-14 05:12:00,VIN-C1344,46.7,96.1,"20.8449,106.6881",95.9
2024-01-14 05:15:00,VIN-C1345,106.2,18.1,"10.8231,106.6297",105.4
2024-01-14 05:18:00,VIN-C1346,119.1,80.9,"10.0452,105.7469",92.2
2024-01-14 05:21:00,VIN-C1347,1.1,31.5,"12.2388,109.1967",96.6
2024-01-14 05:24:00,VIN-C1348,53.7,88.8,"10.8231,106.6297",78.6
2024-01-14 05:27:00,VIN-C1349,2.0,36.3,"12.2388,109.1967",104.3
2024-01-14 05:30:00,VIN-C1350,62.5,80.8,"11.9404,108.4583",99.2
2024-01-14 05:33:00,VIN-C1351,67.2,95.3,"12.2388,109.1967",82.3
2024-01-14 05:36:00,VIN-C1352,70.7,76.6,"12.2388,109.1967",88.4
2024-01-14 05:39:00,VIN-C1353,67.6,9.5,"11.9404,108.4583",79.3
2024-01-14 05:42:00,VIN-C1354,52.9,58.3,"11.9404,108.4583",105.3
2024-01-14 05:45:00,VIN-C1355,114.9,43.8,"10.0452,105.7469",95.6
2024-01-14 05:48:00,VIN-C1356,98.4,36.5,"10.0452,105.7469",75.0
2024-01-14 05:51:00,VIN-C1357,87.6,51.9,"12.2388,109.1967",104.6
2024-01-14 05:54:00,VIN-C1358,91.1,43.4,"20.8449,106.6881",103.4
2024-01-14 05:57:00,VIN-C1359,39.8,70.4,"16.0544,108.2022",93.7
2024-01-14 06:00:00,VIN-C1360,20.0,78.6,"16.0544,108.2022",104.9
2024-01-14 06:03:00,VIN-C1361,19.1,91.1,"10.8231,106.6297",100.4
2024-01-14 06:06:00,VIN-C1362,13.3,25.7,"10.0452,105.7469",84.9
2024-01-14 06:09:00,VIN-C1363,5.0,90.3,"11.9404,108.4583",87.1
2024-01-14 06:12:00,VIN-C1364,87.3,69.7,"20.8449,106.6881",89.4
2024-01-14 06:15:00,VIN-C1365,49.1,52.0,"10.8231,106.6297",94.4
2024-01-14 06:18:00,VIN-C1366,47.9,35.8,"10.0452,105.7469",89.2
2024-01-14 06:21:00,VIN-C1367,32.3,31.7,"11.9404,108.4583",103.2
2024-01-14 06:24:00,VIN-C1368,57.0,18.9,"10.0452,105.7469",84.3
2024-01-14 06:27:00,VIN-C1369,24.1,94.1,"11.9404,108.4583",105.9
2024-01-14 06:30:00,VIN-C1370,82.0,72.4,"16.0544,108.2022",107.0
2024-01-14 06:33:00,VIN-C1371,84.0,51.4,"10.9460,108.4419",108.6
2024-01-14 06:36:00,VIN-C1372,10.4,70.2,"12.2388,109.1967",108.8
2024-01-14 06:39:00,VIN-C1373,46.3,89.3,"16.0544,108.2022",87.1
2024-01-14 06:42:00,VIN-C1374,38.8,16.4,"21.0285,105.8542",101.6
2024-01-14 06:45:00,VIN-C1375,74.3,45.3,"11.9404,108.4583",79.0
2024-01-14 06:48:00,VIN-C1376,73.6,38.8,"11.9404,108.4583",72.9
2024-01-14 06:51:00,VIN-C1377,43.0,65.9,"12.2388,109.1967",105.5
2024-01-14 06:54:00,VIN-C1378,73.4,46.9,"20.8449,106.6881",79.5
2024-01-14 06:57:00,VIN-C1379,86.7,91.8,"10.8231,106.6297",92.6
2024-01-14 07:00:00,VIN-C1380,24.8,75.0,"16.0544,108.2022",72.4
2024-01-14 07:03:00,VIN-C1381,13.2,79.5,"10.8231,106.6297",73.4
2024-01-14 07:06:00,VIN-C1382,88.4,59.7,"16.0544,108.2022",76.9
2024-01-14 07:09:00,VIN-C1383,33.7,17.0,"12.2388,109.1967",100.4
2024-01-14 07:12:00,VIN-C1384,95.0,25.4,"16.0544,108.2022",89.2
2024-01-14 07:15:00,VIN-C1385,49.2,9.6,"12.2388,109.1967",87.4
2024-01-14 07:18:00,VIN-C1386,83.3,95.7,"10.8231,106.6297",81.0
2024-01-14 07:21:00,VIN-C1387,95.2,23.7,"12.2388,109.1967",92.1
2024-01-14 07:24:00,VIN-C1388,8.6,86.2,"10.0452,105.7469",87.5
2024-01-14 07:27:00,VIN-C1389,29.0,80.5,"20.8449,106.6881",86.0
2024-01-14 07:30:00,VIN-C1390,89.6,14.9,"11.9404,108.4583",83.1
2024-01-14 07:33:00,VIN-C1391,32.7,88.7,"11.9404,108.4583",79.8
2024-01-14 07:36:00,VIN-C1392,18.5,42.3,"20.8449,106.6881",89.4
2024-01-14 07:39:00,VIN-C1393,32.1,76.0,"20.8449,106.6881",95.3
2024-01-14 07:42:00,VIN-C1394,16.5,17.9,"11.9404,108.4583",100.0
2024-01-14 07:45:00,VIN-C1395,47.4,71.2,"12.2388,109.1967",95.0
2024-01-14 07:48:00,VIN-C1396,7.6,61.9,"16.0544,108.2022",98.4
2024-01-14 07:51:00,VIN-C1397,98.5,38.2,"10.9460,108.4419",99.6
2024-01-14 07:54:00,VIN-C1398,111.1,19.6,"11.9404,108.4583",99.5
2024-01-14 07:57:00,VIN-C1399,20.5,13.1,"11.9404,108.4583",108.8
2024-01-14 08:00:00,VIN-C1400,86.7,85.7,"10.0452,105.7469",92.3
2024-01-14 08:03:00,VIN-C1401,103.3,69.0,"10.9460,108.4419",83.6
2024-01-14 08:06:00,VIN-C1402,38.4,18.2,"16.0544,108.2022",85.5
2024-01-14 08:09:00,VIN-C1403,50.0,25.7,"11.9404,108.4583",85.9
2024-01-14 08:12:00,VIN-C1404,77.0,30.4,"20.8449,106.6881",70.1
2024-01-14 08:15:00,VIN-C1405,67.3,78.8,"10.8231,106.6297",103.2
2024-01-14 08:18:00,VIN-C1406,99.6,12.8,"21.0285,105.8542",94.3
2024-01-14 08:21:00,VIN-C1407,7.8,50.9,"11.9404,108.4583",72.7
2024-01-14 08:24:00,VIN-C1408,68.7,70.4,"12.2388,109.1967",73.8
2024-01-14 08:27:00,VIN-C1409,36.8,79.2,"11.9404,108.4583",78.2
2024-01-14 08:30:00,VIN-C1410,12.0,92.2,"16.0544,108.2022",90.8
2024-01-14 08:33:00,VIN-C1411,80.8,28.2,"11.9404,108.4583",96.5
2024-01-14 08:36:00,VIN-C1412,57.1,46.8,"20.8449,106.6881",84.0
2024-01-14 08:39:00,VIN-C1413,93.6,60.3,"10.8231,106.6297",89.3
2024-01-14 08:42:00,VIN-C1414,43.4,33.8,"12.2388,109.1967",95.9
2024-01-14 08:45:00,VIN-C1415,85.0,65.7,"12.2388,109.1967",78.9
2024-01-14 08:48:00,VIN-C1416,91.9,56.0,"10.9460,108.4419",74.1
2024-01-14 08:51:00,VIN-C1417,103.2,81.1,"16.0544,108.2022",108.0
2024-01-14 08:54:00,VIN-C1418,87.1,83.9,"12.2388,109.1967",100.7
2024-01-14 08:57:00,VIN-C1419,103.0,10.1,"20.8449,106.6881",107.9
2024-01-14 09:00:00,VIN-C1420,83.3,33.4,"21.0285,105.8542",83.8
2024-01-14 09:03:00,VIN-C1421,43.2,49.1,"21.0285,105.8542",109.8
2024-01-14 09:06:00,VIN-C1422,79.7,15.4,"11.9404,108.4583",95.7
2024-01-14 09:09:00,VIN-C1423,55.5,86.6,"12.2388,109.1967",94.6
2024-01-14 09:12:00,VIN-C1424,31.5,68.0,"12.2388,109.1967",97.8
2024-01-14 09:15:00,VIN-C1425,58.1,21.4,"11.9404,108.4583",88.7
2024-01-14 09:18:00,VIN-C1426,60.1,43.1,"21.0285,105.8542",78.9
2024-01-14 09:21:00,VIN-C1427,32.4,96.8,"10.9460,108.4419",82.4
2024-01-14 09:24:00,VIN-C1428,47.2,36.2,"11.9404,108.4583",88.7
2024-01-14 09:27:00,VIN-C1429,74.3,34.8,"10.0452,105.7469",104.4
2024-01-14 09:30:00,VIN-C1430,64.4,96.8,"11.9404,108.4583",92.1
2024-01-14 09:33:00,VIN-C1431,100.1,69.0,"11.9404,108.4583",89.4
2024-01-14 09:36:00,VIN-C1432,71.7,84.1,"11.9404,108.4583",107.1
2024-01-14 09:39:00,VIN-C1433,11.7,43.8,"10.8231,106.6297",76.2
2024-01-14 09:42:00,VIN-C1434,107.8,55.4,"12.2388,109.1967",95.1
2024-01-14 09:45:00,VIN-C1435,14.1,23.4,"16.0544,108.2022",79.5
2024-01-14 09:48:00,VIN-C1436,89.0,67.2,"12.2388,109.1967",87.8
2024-01-14 09:51:00,VIN-C1437,36.1,49.2,"12.2388,109.1967",86.0
2024-01-14 09:54:00,VIN-C1438,71.1,97.7,"21.0285,105.8542",80.2
2024-01-14 09:57:00,VIN-C1439,117.5,68.6,"10.9460,108.4419",98.8
2024-01-14 10:00:00,VIN-C1440,96.8,70.9,"12.2388,109.1967",75.0
2024-01-14 10:03:00,VIN-C1441,41.9,35.3,"11.9404,108.4583",109.8
2024-01-14 10:06:00,VIN-C1442,62.2,25.6,"12.2388,109.1967",84.9
2024-01-14 10:09:00,VIN-C1443,92.0,8.5,"10.9460,108.4419",71.0
2024-01-14 10:12:00,VIN-C1444,73.0,41.9,"10.8231,106.6297",73.1
2024-01-14 10:15:00,VIN-C1445,41.8,69.4,"10.8231,106.6297",100.3
2024-01-14 10:18:00,VIN-C1446,52.6,8.4,"20.8449,106.6881",88.4
2024-01-14 10:21:00,VIN-C1447,94.9,30.6,"10.8231,106.6297",89.6
2024-01-14 10:24:00,VIN-C1448,51.9,61.8,"11.9404,108.4583",82.6
2024-01-14 10:27:00,VIN-C1449,11.7,90.9,"16.0544,108.2022",74.4
2024-01-14 10:30:00,VIN-C1450,95.8,59.9,"10.0452,105.7469",96.6
2024-01-14 10:33:00,VIN-C1451,92.5,92.7,"20.8449,106.6881",87.8
2024-01-14 10:36:00,VIN-C1452,81.2,38.5,"10.0452,105.7469",101.6
2024-01-14 10:39:00,VIN-C1453,58.4,27.8,"11.9404,108.4583",98.1
2024-01-14 10:42:00,VIN-C1454,71.3,9.3,"10.8231,106.6297",88.2
2024-01-14 10:45:00,VIN-C1455,15.9,56.1,"12.2388,109.1967",101.2
2024-01-14 10:48:00,VIN-C1456,116.0,26.9,"11.9404,108.4583",102.8
2024-01-14 10:51:00,VIN-C1457,90.4,63.1,"21.0285,105.8542",80.9
2024-01-14 10:54:00,VIN-C1458,5.7,49.5,"12.2388,109.1967",76.6
2024-01-14 10:57:00,VIN-C1459,76.2,97.7,"10.0452,105.7469",87.3
2024-01-14 11:00:00,VIN-C1460,102.1,92.7,"11.9404,108.4583",89.2
2024-01-14 11:03:00,VIN-C1461,92.6,58.9,"10.9460,108.4419",100.7
2024-01-14 11:06:00,VIN-C1462,106.1,95.3,"12.2388,109.1967",90.8
2024-01-14 11:09:00,VIN-C1463,2.7,71.8,"10.8231,106.6297",96.6
2024-01-14 11:12:00,VIN-C1464,109.7,69.0,"10.0452,105.7469",102.2
2024-01-14 11:15:00,VIN-C1465,92.9,46.5,"11.9404,108.4583",92.4
2024-01-14 11:18:00,VIN-C1466,18.4,83.3,"16.0544,108.2022",109.0
2024-01-14 11:21:00,VIN-C1467,41.1,95.1,"20.8449,106.6881",79.5
2024-01-14 11:24:00,VIN-C1468,87.5,81.9,"12.2388,109.1967",98.3
2024-01-14 11:27:00,VIN-C1469,96.0,18.4,"20.8449,106.6881",87.2
2024-01-14 11:30:00,VIN-C1470,70.0,13.4,"16.0544,108.2022",96.9
2024-01-14 11:33:00,VIN-C1471,114.8,80.7,"16.0544,108.2022",73.0
2024-01-14 11:36:00,VIN-C1472,75.2,20.8,"16.0544,108.2022",102.2
2024-01-14 11:39:00,VIN-C1473,9.9,15.3,"10.9460,108.4419",101.6
2024-01-14 11:42:00,VIN-C1474,65.6,81.6,"16.0544,108.2022",103.7
2024-01-14 11:45:00,VIN-C1475,97.2,87.2,"20.8449,106.6881",109.1
2024-01-14 11:48:00,VIN-C1476,91.1,47.9,"12.2388,109.1967",95.2
2024-01-14 11:51:00,VIN-C1477,32.7,91.9,"10.0452,105.7469",77.2
2024-01-14 11:54:00,VIN-C1478,82.4,35.1,"12.2388,109.1967",107.0
2024-01-14 11:57:00,VIN-C1479,13.1,14.3,"11.9404,108.4583",73.4
2024-01-14 12:00:00,VIN-C1480,45.8,47.8,"10.8231,106.6297",97.5
2024-01-14 12:03:00,VIN-C1481,17.3,24.6,"21.0285,105.8542",97.6
2024-01-14 12:06:00,VIN-C1482,26.0,84.6,"20.8449,106.6881",90.5
2024-01-14 12:09:00,VIN-C1483,93.6,56.0,"12.2388,109.1967",104.5
2024-01-14 12:12:00,VIN-C1484,112.7,29.7,"16.0544,108.2022",76.6
2024-01-14 12:15:00,VIN-C1485,113.5,29.8,"10.0452,105.7469",77.9
2024-01-14 12:18:00,VIN-C1486,38.8,97.6,"21.0285,105.8542",74.5
2024-01-14 12:21:00,VIN-C1487,53.1,56.5,"20.8449,106.6881",70.5
2024-01-14 12:24:00,VIN-C1488,0.2,50.8,"20.8449,106.6881",106.8
2024-01-14 12:27:00,VIN-C1489,56.2,50.9,"10.8231,106.6297",109.7
2024-01-14 12:30:00,VIN-C1490,79.4,50.9,"21.0285,105.8542",108.9
2024-01-14 12:33:00,VIN-C1491,28.5,49.2,"16.0544,108.2022",99.6
2024-01-14 12:36:00,VIN-C1492,44.8,50.9,"10.9460,108.4419",97.6
2024-01-14 12:39:00,VIN-C1493,7.9,44.5,"21.0285,105.8542",90.0
2024-01-14 12:42:00,VIN-C1494,5.0,56.8,"20.8449,106.6881",92.4
2024-01-14 12:45:00,VIN-C1495,78.8,14.8,"20.8449,106.6881",102.6
2024-01-14 12:48:00,VIN-C1496,26.7,26.5,"16.0544,108.2022",85.5
2024-01-14 12:51:00,VIN-C1497,35.7,36.2,"20.8449,106.6881",80.3
2024-01-14 12:54:00,VIN-C1498,51.5,33.4,"21.0285,105.8542",86.1
2024-01-14 12:57:00,VIN-C1499,38.7,91.1,"10.0452,105.7469",94.4
2024-01-14 13:00:00,VIN-C1500,2.5,79.5,"12.2388,109.1967",101.8
2024-01-14 13:03:00,VIN-C1501,68.3,96.7,"10.9460,108.4419",95.8
2024-01-14 13:06:00,VIN-C1502,27.5,17.4,"21.0285,105.8542",98.2
2024-01-14 13:09:00,VIN-C1503,71.5,69.9,"21.0285,105.8542",92.1
2024-01-14 13:12:00,VIN-C1504,88.5,40.5,"21.0285,105.8542",77.5
2024-01-14 13:15:00,VIN-C1505,119.2,18.5,"20.8449,106.6881",88.6
2024-01-14 13:18:00,VIN-C1506,1.3,31.3,"21.0285,105.8542",108.4
2024-01-14 13:21:00,VIN-C1507,110.7,11.4,"10.0452,105.7469",95.5
2024-01-14 13:24:00,VIN-C1508,47.8,18.2,"11.9404,108.4583",108.1
2024-01-14 13:27:00,VIN-C1509,48.2,5.3,"16.0544,108.2022",74.5
2024-01-14 13:30:00,VIN-C1510,68.6,93.3,"10.8231,106.6297",92.0
2024-01-14 13:33:00,VIN-C1511,61.2,39.8,"12.2388,109.1967",90.6
2024-01-14 13:36:00,VIN-C1512,17.0,85.1,"10.0452,105.7469",78.0
2024-01-14 13:39:00,VIN-C1513,119.2,56.8,"12.2388,109.1967",77.7
2024-01-14 13:42:00,VIN-C1514,100.7,65.7,"10.8231,106.6297",86.3
2024-01-14 13:45:00,VIN-C1515,53.8,89.1,"11.9404,108.4583",104.1
2024-01-14 13:48:00,VIN-C1516,57.6,37.1,"12.2388,109.1967",85.1
2024-01-14 13:51:00,VIN-C1517,26.1,70.6,"11.9404,108.4583",74.9
2024-01-14 13:54:00,VIN-C1518,105.1,74.8,"12.2388,109.1967",71.9
2024-01-14 13:57:00,VIN-C1519,96.9,13.4,"10.0452,105.7469",77.6
2024-01-14 14:00:00,VIN-C1520,68.6,39.9,"10.9460,108.4419",92.7
2024-01-14 14:03:00,VIN-C1521,1.4,26.0,"10.9460,108.4419",74.0
2024-01-14 14:06:00,VIN-C1522,111.5,12.7,"10.9460,108.4419",98.0
2024-01-14 14:09:00,VIN-C1523,23.1,37.8,"10.9460,108.4419",106.3
2024-01-14 14:12:00,VIN-C1524,107.2,33.8,"16.0544,108.2022",80.1
2024-01-14 14:15:00,VIN-C1525,111.9,41.3,"11.9404,108.4583",73.7
2024-01-14 14:18:00,VIN-C1526,47.1,56.4,"10.0452,105.7469",100.4
2024-01-14 14:21:00,VIN-C1527,75.7,61.1,"10.0452,105.7469",79.6
2024-01-14 14:24:00,VIN-C1528,46.2,29.6,"10.9460,108.4419",100.6
2024-01-14 14:27:00,VIN-C1529,48.4,49.2,"20.8449,106.6881",104.3
2024-01-14 14:30:00,VIN-C1530,1.1,31.6,"12.2388,109.1967",83.0
2024-01-14 14:33:00,VIN-C1531,114.5,85.1,"10.9460,108.4419",97.1
2024-01-14 14:36:00,VIN-C1532,80.2,27.2,"21.0285,105.8542",95.6
2024-01-14 14:39:00,VIN-C1533,56.7,27.5,"10.0452,105.7469",79.0
2024-01-14 14:42:00,VIN-C1534,31.7,80.2,"10.9460,108.4419",83.3
2024-01-14 14:45:00,VIN-C1535,90.6,52.5,"12.2388,109.1967",109.8
2024-01-14 14:48:00,VIN-C1536,40.8,79.1,"12.2388,109.1967",91.7
2024-01-14 14:51:00,VIN-C1537,107.6,86.6,"12.2388,109.1967",98.0
2024-01-14 14:54:00,VIN-C1538,118.0,73.9,"10.0452,105.7469",103.7
2024-01-14 14:57:00,VIN-C1539,65.0,99.1,"20.8449,106.6881",70.8
2024-01-14 15:00:00,VIN-C1540,40.9,32.5,"10.9460,108.4419",72.1
2024-01-14 15:03:00,VIN-C1541,71.3,85.6,"11.9404,108.4583",102.7
2024-01-14 15:06:00,VIN-C1542,86.2,33.4,"10.9460,108.4419",86.5
2024-01-14 15:09:00,VIN-C1543,14.1,15.2,"10.9460,108.4419",108.1
2024-01-14 15:12:00,VIN-C1544,69.1,42.3,"10.9460,108.4419",84.5
2024-01-14 15:15:00,VIN-C1545,80.8,38.4,"11.9404,108.4583",88.5
2024-01-14 15:18:00,VIN-C1546,61.4,80.1,"16.0544,108.2022",76.7
2024-01-14 15:21:00,VIN-C1547,82.0,25.0,"11.9404,108.4583",80.7
2024-01-14 15:24:00,VIN-C1548,118.7,7.3,"10.0452,105.7469",93.2
2024-01-14 15:27:00,VIN-C1549,73.1,29.5,"20.8449,106.6881",91.1
2024-01-14 15:30:00,VIN-C1550,41.9,44.6,"20.8449,106.6881",85.2
2024-01-14 15:33:00,VIN-C1551,70.8,61.8,"20.8449,106.6881",72.7
2024-01-14 15:36:00,VIN-C1552,62.3,93.5,"10.9460,108.4419",71.4
2024-01-14 15:39:00,VIN-C1553,92.1,47.1,"10.9460,108.4419",105.6
2024-01-14 15:42:00,VIN-C1554,52.7,40.6,"10.8231,106.6297",100.3
2024-01-14 15:45:00,VIN-C1555,24.6,58.7,"20.8449,106.6881",75.8
2024-01-14 15:48:00,VIN-C1556,26.7,49.5,"16.0544,108.2022",105.2
2024-01-14 15:51:00,VIN-C1557,96.9,92.7,"21.0285,105.8542",96.8
2024-01-14 15:54:00,VIN-C1558,10.2,94.9,"10.0452,105.7469",109.5
2024-01-14 15:57:00,VIN-C1559,14.8,57.6,"20.8449,106.6881",76.9
2024-01-14 16:00:00,VIN-C1560,79.3,8.1,"16.0544,108.2022",81.5
2024-01-14 16:03:00,VIN-C1561,19.7,23.3,"10.0452,105.7469",72.1
2024-01-14 16:06:00,VIN-C1562,17.2,63.6,"10.0452,105.7469",80.1
2024-01-14 16:09:00,VIN-C1563,45.5,79.8,"10.8231,106.6297",103.4
2024-01-14 16:12:00,VIN-C1564,114.2,40.9,"12.2388,109.1967",98.3
2024-01-14 16:15:00,VIN-C1565,81.6,5.2,"11.9404,108.4583",96.2
2024-01-14 16:18:00,VIN-C1566,22.9,46.6,"20.8449,106.6881",82.9
2024-01-14 16:21:00,VIN-C1567,16.9,34.0,"16.0544,108.2022",90.2
2024-01-14 16:24:00,VIN-C1568,29.1,73.0,"10.8231,106.6297",71.3
2024-01-14 16:27:00,VIN-C1569,45.9,94.3,"12.2388,109.1967",91.2
2024-01-14 16:30:00,VIN-C1570,99.4,37.0,"10.9460,108.4419",101.2
2024-01-14 16:33:00,VIN-C1571,40.9,15.1,"10.8231,106.6297",80.2
2024-01-14 16:36:00,VIN-C1572,43.5,96.5,"16.0544,108.2022",91.2
2024-01-14 16:39:00,VIN-C1573,0.8,28.5,"10.9460,108.4419",86.4
2024-01-14 16:42:00,VIN-C1574,119.2,97.2,"11.9404,108.4583",83.3
2024-01-14 16:45:00,VIN-C1575,3.6,57.9,"20.8449,106.6881",92.0
2024-01-14 16:48:00,VIN-C1576,76.5,47.4,"20.8449,106.6881",71.1
2024-01-14 16:51:00,VIN-C1577,21.7,26.7,"16.0544,108.2022",76.8
2024-01-14 16:54:00,VIN-C1578,29.9,12.1,"10.9460,108.4419",71.4
2024-01-14 16:57:00,VIN-C1579,107.9,64.0,"11.9404,108.4583",92.4
2024-01-14 17:00:00,VIN-C1580,115.7,92.6,"16.0544,108.2022",91.6
2024-01-14 17:03:00,VIN-C1581,56.6,54.8,"10.9460,108.4419",76.4
2024-01-14 17:06:00,VIN-C1582,106.3,52.2,"21.0285,105.8542",80.1
2024-01-14 17:09:00,VIN-C1583,18.9,34.4,"11.9404,108.4583",101.9
2024-01-14 17:12:00,VIN-C1584,20.8,82.7,"10.9460,108.4419",106.6
2024-01-14 17:15:00,VIN-C1585,69.3,34.4,"21.0285,105.8542",87.1
2024-01-14 17:18:00,VIN-C1586,28.1,77.2,"10.8231,106.6297",88.8
2024-01-14 17:21:00,VIN-C1587,2.3,12.5,"10.8231,106.6297",77.2
2024-01-14 17:24:00,VIN-C1588,58.5,37.2,"21.0285,105.8542",76.0
2024-01-14 17:27:00,VIN-C1589,2.5,69.7,"10.8231,106.6297",73.3
2024-01-14 17:30:00,VIN-C1590,106.5,39.3,"11.9404,108.4583",107.9
2024-01-14 17:33:00,VIN-C1591,8.0,31.2,"10.9460,108.4419",94.8
2024-01-14 17:36:00,VIN-C1592,79.0,71.1,"10.8231,106.6297",104.7
2024-01-14 17:39:00,VIN-C1593,32.3,44.4,"10.9460,108.4419",82.8
2024-01-14 17:42:00,VIN-C1594,88.8,79.1,"11.9404,108.4583",76.8
2024-01-14 17:45:00,VIN-C1595,81.7,59.3,"12.2388,109.1967",81.0
2024-01-14 17:48:00,VIN-C1596,99.0,26.8,"20.8449,106.6881",72.2
2024-01-14 17:51:00,VIN-C1597,64.1,77.9,"12.2388,109.1967",99.4
2024-01-14 17:54:00,VIN-C1598,111.8,81.5,"10.0452,105.7469",70.5
2024-01-14 17:57:00,VIN-C1599,116.1,53.2,"10.9460,108.4419",75.7
2024-01-14 18:00:00,VIN-C1600,28.5,57.8,"20.8449,106.6881",91.4
2024-01-14 18:03:00,VIN-C1601,77.3,45.5,"21.0285,105.8542",104.6
2024-01-14 18:06:00,VIN-C1602,40.3,97.9,"16.0544,108.2022",79.2
2024-01-14 18:09:00,VIN-C1603,48.2,12.2,"11.9404,108.4583",90.0
2024-01-14 18:12:00,VIN-C1604,12.0,65.3,"10.8231,106.6297",73.8
2024-01-14 18:15:00,VIN-C1605,5.3,15.2,"20.8449,106.6881",89.9
2024-01-14 18:18:00,VIN-C1606,117.7,97.7,"16.0544,108.2022",71.1
2024-01-14 18:21:00,VIN-C1607,15.5,12.0,"16.0544,108.2022",71.8
2024-01-14 18:24:00,VIN-C1608,101.8,19.7,"11.9404,108.4583",75.1
2024-01-14 18:27:00,VIN-C1609,27.2,19.2,"10.9460,108.4419",103.7
2024-01-14 18:30:00,VIN-C1610,99.8,59.7,"10.0452,105.7469",100.2
2024-01-14 18:33:00,VIN-C1611,70.3,53.0,"21.0285,105.8542",83.7
2024-01-14 18:36:00,VIN-C1612,115.8,65.0,"11.9404,108.4583",106.6
2024-01-14 18:39:00,VIN-C1613,97.3,12.3,"10.0452,105.7469",102.1
2024-01-14 18:42:00,VIN-C1614,77.5,12.9,"16.0544,108.2022",108.9
2024-01-14 18:45:00,VIN-C1615,108.5,49.3,"10.9460,108.4419",82.1
2024-01-14 18:48:00,VIN-C1616,103.1,99.5,"12.2388,109.1967",106.6
2024-01-14 18:51:00,VIN-C1617,35.9,82.0,"10.0452,105.7469",93.3
2024-01-14 18:54:00,VIN-C1618,19.0,17.4,"21.0285,105.8542",90.7
2024-01-14 18:57:00,VIN-C1619,65.4,70.8,"16.0544,108.2022",82.0
2024-01-14 19:00:00,VIN-C1620,69.0,97.8,"10.9460,108.4419",99.1
2024-01-14 19:03:00,VIN-C1621,28.3,92.8,"20.8449,106.6881",98.3
2024-01-14 19:06:00,VIN-C1622,55.3,21.3,"12.2388,109.1967",81.9
2024-01-14 19:09:00,VIN-C1623,76.2,23.8,"11.9404,108.4583",104.4
2024-01-14 19:12:00,VIN-C1624,74.7,48.9,"10.9460,108.4419",76.6
2024-01-14 19:15:00,VIN-C1625,116.9,40.8,"10.9460,108.4419",74.4
2024-01-14 19:18:00,VIN-C1626,108.5,76.5,"12.2388,109.1967",78.9
2024-01-14 19:21:00,VIN-C1627,62.2,69.3,"10.8231,106.6297",103.4
2024-01-14 19:24:00,VIN-C1628,73.6,59.3,"10.0452,105.7469",80.8
2024-01-14 19:27:00,VIN-C1629,64.1,6.8,"12.2388,109.1967",75.0
2024-01-14 19:30:00,VIN-C1630,56.5,87.1,"10.8231,106.6297",95.1
2024-01-14 19:33:00,VIN-C1631,86.5,58.9,"10.8231,106.6297",94.1
2024-01-14 19:36:00,VIN-C1632,50.3,38.7,"10.0452,105.7469",89.1
2024-01-14 19:39:00,VIN-C1633,15.3,88.5,"20.8449,106.6881",85.3
2024-01-14 19:42:00,VIN-C1634,93.5,70.9,"16.0544,108.2022",75.0
2024-01-14 19:45:00,VIN-C1635,31.4,19.6,"10.8231,106.6297",78.8
2024-01-14 19:48:00,VIN-C1636,93.8,26.9,"21.0285,105.8542",98.7
2024-01-14 19:51:00,VIN-C1637,32.2,83.9,"10.8231,106.6297",106.5
2024-01-14 19:54:00,VIN-C1638,81.5,19.1,"10.0452,105.7469",74.3
2024-01-14 19:57:00,VIN-C1639,85.3,76.5,"16.0544,108.2022",102.8
2024-01-14 20:00:00,VIN-C1640,47.5,91.6,"12.2388,109.1967",89.7
2024-01-14 20:03:00,VIN-C1641,104.0,45.0,"10.8231,106.6297",105.2
2024-01-14 20:06:00,VIN-C1642,76.1,54.6,"16.0544,108.2022",106.7
2024-01-14 20:09:00,VIN-C1643,95.7,25.7,"11.9404,108.4583",94.4
2024-01-14 20:12:00,VIN-C1644,118.2,30.9,"12.2388,109.1967",76.5
2024-01-14 20:15:00,VIN-C1645,69.0,65.6,"11.9404,108.4583",94.7
2024-01-14 20:18:00,VIN-C1646,82.1,91.6,"10.9460,108.4419",101.5
2024-01-14 20:21:00,VIN-C1647,95.7,12.8,"11.9404,108.4583",80.0
2024-01-14 20:24:00,VIN-C1648,71.4,80.0,"16.0544,108.2022",87.3
2024-01-14 20:27:00,VIN-C1649,109.5,75.5,"10.9460,108.4419",99.1
2024-01-14 20:30:00,VIN-C1650,28.4,35.8,"10.8231,106.6297",98.8
2024-01-14 20:33:00,VIN-C1651,17.2,58.5,"10.8231,106.6297",98.1
2024-01-14 20:36:00,VIN-C1652,76.3,46.1,"10.9460,108.4419",86.3
2024-01-14 20:39:00,VIN-C1653,103.8,66.3,"12.2388,109.1967",75.8
2024-01-14 20:42:00,VIN-C1654,60.4,28.7,"11.9404,108.4583",82.7
2024-01-14 20:45:00,VIN-C1655,79.0,10.0,"12.2388,109.1967",77.0
2024-01-14 20:48:00,VIN-C1656,29.8,43.1,"10.9460,108.4419",93.9
2024-01-14 20:51:00,VIN-C1657,86.9,76.2,"20.8449,106.6881",87.7
2024-01-14 20:54:00,VIN-C1658,43.6,87.0,"10.0452,105.7469",94.9
2024-01-14 20:57:00,VIN-C1659,36.7,27.0,"20.8449,106.6881",93.5
2024-01-14 21:00:00,VIN-C1660,33.3,86.1,"16.0544,108.2022",101.6
2024-01-14 21:03:00,VIN-C1661,82.7,21.6,"10.9460,108.4419",92.3
2024-01-14 21:06:00,VIN-C1662,26.7,48.4,"10.0452,105.7469",103.1
2024-01-14 21:09:00,VIN-C1663,99.1,14.4,"10.0452,105.7469",79.9
2024-01-14 21:12:00,VIN-C1664,112.1,27.1,"11.9404,108.4583",79.9
2024-01-14 21:15:00,VIN-C1665,107.8,69.5,"10.8231,106.6297",77.2
2024-01-14 21:18:00,VIN-C1666,27.6,34.5,"16.0544,108.2022",76.1
2024-01-14 21:21:00,VIN-C1667,91.0,93.7,"10.8231,106.6297",95.3
2024-01-14 21:24:00,VIN-C1668,64.6,23.1,"10.9460,108.4419",76.3
2024-01-14 21:27:00,VIN-C1669,29.0,37.9,"11.9404,108.4583",106.6
2024-01-14 21:30:00,VIN-C1670,48.0,16.9,"16.0544,108.2022",83.1
2024-01-14 21:33:00,VIN-C1671,98.3,51.3,"21.0285,105.8542",84.6
2024-01-14 21:36:00,VIN-C1672,42.8,55.8,"10.9460,108.4419",72.2
2024-01-14 21:39:00,VIN-C1673,70.5,96.8,"10.8231,106.6297",80.9
2024-01-14 21:42:00,VIN-C1674,18.3,66.5,"12.2388,109.1967",107.9
2024-01-14 21:45:00,VIN-C1675,47.2,11.8,"16.0544,108.2022",84.9
2024-01-14 21:48:00,VIN-C1676,44.7,13.3,"11.9404,108.4583",79.3
2024-01-14 21:51:00,VIN-C1677,96.1,8.4,"10.9460,108.4419",100.8
2024-01-14 21:54:00,VIN-C1678,9.0,13.7,"10.0452,105.7469",102.9
2024-01-14 21:57:00,VIN-C1679,87.9,89.2,"10.8231,106.6297",84.0
2024-01-14 22:00:00,VIN-C1680,89.2,74.3,"12.2388,109.1967",94.4
2024-01-14 22:03:00,VIN-C1681,30.5,77.4,"21.0285,105.8542",94.7
2024-01-14 22:06:00,VIN-C1682,104.9,15.5,"10.9460,108.4419",104.3
2024-01-14 22:09:00,VIN-C1683,37.7,52.1,"21.0285,105.8542",105.8
2024-01-14 22:12:00,VIN-C1684,47.1,80.8,"16.0544,108.2022",108.4
2024-01-14 22:15:00,VIN-C1685,75.8,17.5,"12.2388,109.1967",86.4
2024-01-14 22:18:00,VIN-C1686,2.1,79.5,"21.0285,105.8542",99.8
2024-01-14 22:21:00,VIN-C1687,16.1,85.9,"11.9404,108.4583",105.7
2024-01-14 22:24:00,VIN-C1688,85.9,27.6,"16.0544,108.2022",70.4
2024-01-14 22:27:00,VIN-C1689,93.5,48.5,"21.0285,105.8542",82.5
2024-01-14 22:30:00,VIN-C1690,34.7,10.2,"20.8449,106.6881",90.0
2024-01-14 22:33:00,VIN-C1691,43.0,67.0,"10.9460,108.4419",88.4
2024-01-14 22:36:00,VIN-C1692,9.3,23.0,"10.0452,105.7469",97.7
2024-01-14 22:39:00,VIN-C1693,50.7,91.7,"10.8231,106.6297",99.8
2024-01-14 22:42:00,VIN-C1694,71.1,15.4,"21.0285,105.8542",106.7
2024-01-14 22:45:00,VIN-C1695,91.8,44.7,"21.0285,105.8542",104.0
2024-01-14 22:48:00,VIN-C1696,87.9,62.0,"10.9460,108.4419",103.2
2024-01-14 22:51:00,VIN-C1697,62.9,57.9,"10.0452,105.7469",71.5
2024-01-14 22:54:00,VIN-C1698,95.9,90.1,"21.0285,105.8542",85.4
2024-01-14 22:57:00,VIN-C1699,29.2,54.7,"20.8449,106.6881",108.7
2024-01-14 23:00:00,VIN-C1700,56.8,55.9,"11.9404,108.4583",73.5
2024-01-14 23:03:00,VIN-C1701,98.1,38.6,"20.8449,106.6881",107.2
2024-01-14 23:06:00,VIN-C1702,5.5,38.3,"10.8231,106.6297",96.4
2024-01-14 23:09:00,VIN-C1703,45.8,99.4,"16.0544,108.2022",85.2
2024-01-14 23:12:00,VIN-C1704,21.1,8.3,"10.9460,108.4419",108.0
2024-01-14 23:15:00,VIN-C1705,85.7,19.9,"10.8231,106.6297",99.0
2024-01-14 23:18:00,VIN-C1706,118.0,15.7,"12.2388,109.1967",87.9
2024-01-14 23:21:00,VIN-C1707,75.9,48.5,"11.9404,108.4583",86.8
2024-01-14 23:24:00,VIN-C1708,2.1,54.0,"10.8231,106.6297",108.4
2024-01-14 23:27:00,VIN-C1709,26.6,78.0,"10.9460,108.4419",108.1
2024-01-14 23:30:00,VIN-C1710,62.5,61.8,"11.9404,108.4583",74.1
2024-01-14 23:33:00,VIN-C1711,30.6,97.8,"10.0452,105.7469",86.5
2024-01-14 23:36:00,VIN-C1712,107.0,29.7,"10.9460,108.4419",80.5
2024-01-14 23:39:00,VIN-C1713,4.2,46.3,"20.8449,106.6881",88.0
2024-01-14 23:42:00,VIN-C1714,8.2,58.3,"10.9460,108.4419",105.7
2024-01-14 23:45:00,VIN-C1715,10.1,33.9,"20.8449,106.6881",71.8
2024-01-14 23:48:00,VIN-C1716,80.3,80.6,"20.8449,106.6881",78.3
2024-01-14 23:51:00,VIN-C1717,36.4,93.0,"21.0285,105.8542",90.2
2024-01-14 23:54:00,VIN-C1718,109.9,67.3,"10.0452,105.7469",93.5
2024-01-14 23:57:00,VIN-C1719,17.6,73.4,"16.0544,108.2022",84.0
2024-01-15 00:00:00,VIN-C1720,100.2,37.9,"11.9404,108.4583",100.3
2024-01-15 00:03:00,VIN-C1721,25.7,78.2,"10.9460,108.4419",89.3
2024-01-15 00:06:00,VIN-C1722,29.0,69.3,"21.0285,105.8542",85.1
2024-01-15 00:09:00,VIN-C1723,82.5,50.7,"16.0544,108.2022",103.6
2024-01-15 00:12:00,VIN-C1724,12.9,31.9,"10.9460,108.4419",96.9
2024-01-15 00:15:00,VIN-C1725,1.5,14.8,"12.2388,109.1967",96.6
2024-01-15 00:18:00,VIN-C1726,16.6,40.6,"12.2388,109.1967",83.5
2024-01-15 00:21:00,VIN-C1727,2.9,10.5,"11.9404,108.4583",81.8
2024-01-15 00:24:00,VIN-C1728,119.1,53.2,"10.8231,106.6297",96.6
2024-01-15 00:27:00,VIN-C1729,70.3,57.3,"10.0452,105.7469",92.7
2024-01-15 00:30:00,VIN-C1730,59.5,65.0,"10.0452,105.7469",90.8
2024-01-15 00:33:00,VIN-C1731,57.4,34.4,"21.0285,105.8542",85.7
2024-01-15 00:36:00,VIN-C1732,1.6,80.8,"12.2388,109.1967",79.9
2024-01-15 00:39:00,VIN-C1733,26.4,68.8,"10.8231,106.6297",71.2
2024-01-15 00:42:00,VIN-C1734,9.5,26.2,"16.0544,108.2022",94.6
2024-01-15 00:45:00,VIN-C1735,74.2,26.5,"10.8231,106.6297",89.7
2024-01-15 00:48:00,VIN-C1736,116.8,31.4,"10.9460,108.4419",109.7
2024-01-15 00:51:00,VIN-C1737,68.0,66.2,"11.9404,108.4583",109.6
2024-01-15 00:54:00,VIN-C1738,49.6,41.8,"10.9460,108.4419",97.7
2024-01-15 00:57:00,VIN-C1739,43.1,54.6,"20.8449,106.6881",76.3
2024-01-15 01:00:00,VIN-C1740,40.4,48.0,"11.9404,108.4583",95.3
2024-01-15 01:03:00,VIN-C1741,6.7,20.8,"10.0452,105.7469",71.5
2024-01-15 01:06:00,VIN-C1742,26.9,95.6,"10.8231,106.6297",84.9
2024-01-15 01:09:00,VIN-C1743,89.2,47.9,"21.0285,105.8542",77.4
2024-01-15 01:12:00,VIN-C1744,9.5,40.1,"10.8231,106.6297",103.0
2024-01-15 01:15:00,VIN-C1745,12.3,54.1,"16.0544,108.2022",100.9
2024-01-15 01:18:00,VIN-C1746,60.8,91.3,"11.9404,108.4583",72.8
2024-01-15 01:21:00,VIN-C1747,48.3,9.1,"21.0285,105.8542",104.0
2024-01-15 01:24:00,VIN-C1748,26.1,17.1,"12.2388,109.1967",100.9
2024-01-15 01:27:00,VIN-C1749,58.3,63.4,"20.8449,106.6881",102.0
2024-01-15 01:30:00,VIN-C1750,50.0,36.0,"10.9460,108.4419",85.6
2024-01-15 01:33:00,VIN-C1751,38.8,57.4,"12.2388,109.1967",82.1
2024-01-15 01:36:00,VIN-C1752,18.6,18.8,"12.2388,109.1967",97.8
2024-01-15 01:39:00,VIN-C1753,17.9,56.0,"20.8449,106.6881",77.7
2024-01-15 01:42:00,VIN-C1754,8.5,87.5,"10.0452,105.7469",88.5
2024-01-15 01:45:00,VIN-C1755,36.0,8.9,"21.0285,105.8542",103.5
2024-01-15 01:48:00,VIN-C1756,104.6,91.8,"10.8231,106.6297",97.8
2024-01-15 01:51:00,VIN-C1757,45.6,41.2,"21.0285,105.8542",106.8
2024-01-15 01:54:00,VIN-C1758,94.6,62.4,"10.0452,105.7469",96.8
2024-01-15 01:57:00,VIN-C1759,49.1,41.4,"10.8231,106.6297",80.5
2024-01-15 02:00:00,VIN-C1760,111.7,79.9,"21.0285,105.8542",103.2
2024-01-15 02:03:00,VIN-C1761,97.7,81.4,"16.0544,108.2022",99.3
2024-01-15 02:06:00,VIN-C1762,101.6,40.9,"16.0544,108.2022",105.5
2024-01-15 02:09:00,VIN-C1763,87.2,43.9,"10.0452,105.7469",81.6
2024-01-15 02:12:00,VIN-C1764,116.3,25.9,"21.0285,105.8542",81.2
2024-01-15 02:15:00,VIN-C1765,23.8,11.6,"21.0285,105.8542",74.4
2024-01-15 02:18:00,VIN-C1766,102.9,86.2,"21.0285,105.8542",82.5
2024-01-15 02:21:00,VIN-C1767,113.9,37.5,"21.0285,105.8542",97.9
2024-01-15 02:24:00,VIN-C1768,27.8,34.9,"21.0285,105.8542",87.8
2024-01-15 02:27:00,VIN-C1769,70.5,5.2,"12.2388,109.1967",88.0
2024-01-15 02:30:00,VIN-C1770,60.3,44.3,"12.2388,109.1967",101.7
2024-01-15 02:33:00,VIN-C1771,96.8,90.8,"10.9460,108.4419",74.0
2024-01-15 02:36:00,VIN-C1772,79.3,52.8,"10.0452,105.7469",72.8
2024-01-15 02:39:00,VIN-C1773,23.8,30.0,"11.9404,108.4583",100.5
2024-01-15 02:42:00,VIN-C1774,46.8,34.9,"16.0544,108.2022",107.9
2024-01-15 02:45:00,VIN-C1775,18.3,36.2,"10.9460,108.4419",94.0
2024-01-15 02:48:00,VIN-C1776,94.9,48.2,"12.2388,109.1967",71.1
2024-01-15 02:51:00,VIN-C1777,25.8,99.3,"10.9460,108.4419",80.6
2024-01-15 02:54:00,VIN-C1778,74.2,60.2,"10.9460,108.4419",70.1
2024-01-15 02:57:00,VIN-C1779,113.1,28.5,"21.0285,105.8542",98.3
2024-01-15 03:00:00,VIN-C1780,47.2,97.1,"12.2388,109.1967",73.6
2024-01-15 03:03:00,VIN-C1781,97.9,43.4,"12.2388,109.1967",72.8
2024-01-15 03:06:00,VIN-C1782,100.0,6.6,"16.0544,108.2022",87.1
2024-01-15 03:09:00,VIN-C1783,97.1,38.3,"21.0285,105.8542",98.1
2024-01-15 03:12:00,VIN-C1784,66.8,38.0,"20.8449,106.6881",79.7
2024-01-15 03:15:00,VIN-C1785,82.3,8.4,"10.8231,106.6297",109.9
2024-01-15 03:18:00,VIN-C1786,72.3,66.2,"12.2388,109.1967",86.3
2024-01-15 03:21:00,VIN-C1787,11.4,35.6,"20.8449,106.6881",71.5
2024-01-15 03:24:00,VIN-C1788,111.7,7.0,"12.2388,109.1967",87.6
2024-01-15 03:27:00,VIN-C1789,114.1,43.0,"12.2388,109.1967",105.1
2024-01-15 03:30:00,VIN-C1790,45.4,65.4,"12.2388,109.1967",90.4
2024-01-15 03:33:00,VIN-C1791,62.0,49.4,"10.0452,105.7469",86.2
2024-01-15 03:36:00,VIN-C1792,12.8,98.9,"10.9460,108.4419",101.9
2024-01-15 03:39:00,VIN-C1793,0.5,11.8,"10.9460,108.4419",108.0
2024-01-15 03:42:00,VIN-C1794,91.8,26.1,"10.9460,108.4419",82.5
2024-01-15 03:45:00,VIN-C1795,108.9,61.6,"10.0452,105.7469",102.6
2024-01-15 03:48:00,VIN-C1796,112.1,47.2,"21.0285,105.8542",74.4
2024-01-15 03:51:00,VIN-C1797,106.2,47.0,"20.8449,106.6881",103.3
2024-01-15 03:54:00,VIN-C1798,119.1,31.4,"10.8231,106.6297",76.8
2024-01-15 03:57:00,VIN-C1799,11.1,32.2,"21.0285,105.8542",107.8
2024-01-15 04:00:00,VIN-C1800,97.2,36.7,"20.8449,106.6881",87.9
2024-01-15 04:03:00,VIN-C1801,27.3,27.2,"12.2388,109.1967",96.5
2024-01-15 04:06:00,VIN-C1802,87.6,98.6,"11.9404,108.4583",85.0
2024-01-15 04:09:00,VIN-C1803,19.4,58.9,"21.0285,105.8542",89.2
2024-01-15 04:12:00,VIN-C1804,81.6,82.8,"10.0452,105.7469",84.4
2024-01-15 04:15:00,VIN-C1805,108.8,88.3,"10.8231,106.6297",82.4
2024-01-15 04:18:00,VIN-C1806,83.4,60.6,"16.0544,108.2022",85.4
2024-01-15 04:21:00,VIN-C1807,48.5,38.1,"20.8449,106.6881",98.7
2024-01-15 04:24:00,VIN-C1808,114.9,63.3,"10.9460,108.4419",79.4
2024-01-15 04:27:00,VIN-C1809,119.3,25.6,"12.2388,109.1967",100.5
2024-01-15 04:30:00,VIN-C1810,83.3,19.7,"10.9460,108.4419",98.7
2024-01-15 04:33:00,VIN-C1811,18.3,92.2,"11.9404,108.4583",103.8
2024-01-15 04:36:00,VIN-C1812,45.1,36.3,"10.0452,105.7469",103.4
2024-01-15 04:39:00,VIN-C1813,18.4,50.5,"20.8449,106.6881",92.1
2024-01-15 04:42:00,VIN-C1814,79.7,29.8,"21.0285,105.8542",109.6
2024-01-15 04:45:00,VIN-C1815,115.1,31.0,"10.0452,105.7469",101.6
2024-01-15 04:48:00,VIN-C1816,107.3,50.8,"20.8449,106.6881",87.6
2024-01-15 04:51:00,VIN-C1817,4.0,5.6,"11.9404,108.4583",92.4
2024-01-15 04:54:00,VIN-C1818,12.2,87.9,"11.9404,108.4583",88.5
2024-01-15 04:57:00,VIN-C1819,15.0,88.7,"21.0285,105.8542",85.5
2024-01-15 05:00:00,VIN-C1820,40.7,42.4,"10.0452,105.7469",107.4
2024-01-15 05:03:00,VIN-C1821,44.5,30.0,"12.2388,109.1967",86.0
2024-01-15 05:06:00,VIN-C1822,98.4,55.8,"10.9460,108.4419",70.6
2024-01-15 05:09:00,VIN-C1823,112.6,67.9,"11.9404,108.4583",84.4
2024-01-15 05:12:00,VIN-C1824,0.6,88.0,"10.0452,105.7469",80.0
2024-01-15 05:15:00,VIN-C1825,15.9,71.1,"21.0285,105.8542",99.0
2024-01-15 05:18:00,VIN-C1826,118.3,42.8,"16.0544,108.2022",84.5
2024-01-15 05:21:00,VIN-C1827,15.1,84.2,"10.8231,106.6297",83.2
2024-01-15 05:24:00,VIN-C1828,74.5,21.5,"10.8231,106.6297",70.3
2024-01-15 05:27:00,VIN-C1829,80.0,79.5,"21.0285,105.8542",96.7
2024-01-15 05:30:00,VIN-C1830,90.0,12.9,"11.9404,108.4583",87.0
2024-01-15 05:33:00,VIN-C1831,49.8,85.4,"10.9460,108.4419",77.7
2024-01-15 05:36:00,VIN-C1832,31.0,29.0,"21.0285,105.8542",75.6
2024-01-15 05:39:00,VIN-C1833,10.5,26.9,"10.8231,106.6297",96.9
2024-01-15 05:42:00,VIN-C1834,66.7,18.3,"10.0452,105.7469",91.2
2024-01-15 05:45:00,VIN-C1835,36.4,97.3,"10.8231,106.6297",100.6
2024-01-15 05:48:00,VIN-C1836,82.4,89.5,"20.8449,106.6881",89.1
2024-01-15 05:51:00,VIN-C1837,23.6,93.6,"21.0285,105.8542",72.5
2024-01-15 05:54:00,VIN-C1838,79.8,55.3,"10.9460,108.4419",97.1
2024-01-15 05:57:00,VIN-C1839,113.3,49.3,"10.0452,105.7469",95.1
2024-01-15 06:00:00,VIN-C1840,49.5,90.6,"11.9404,108.4583",108.8
2024-01-15 06:03:00,VIN-C1841,87.0,11.7,"16.0544,108.2022",75.1
2024-01-15 06:06:00,VIN-C1842,8.6,99.2,"16.0544,108.2022",105.2
2024-01-15 06:09:00,VIN-C1843,2.5,25.3,"21.0285,105.8542",91.1
2024-01-15 06:12:00,VIN-C1844,118.1,83.1,"21.0285,105.8542",89.2
2024-01-15 06:15:00,VIN-C1845,7.6,64.8,"10.0452,105.7469",103.1
2024-01-15 06:18:00,VIN-C1846,18.7,44.3,"21.0285,105.8542",97.6
2024-01-15 06:21:00,VIN-C1847,52.4,27.7,"10.0452,105.7469",82.7
2024-01-15 06:24:00,VIN-C1848,75.1,61.2,"20.8449,106.6881",103.9
2024-01-15 06:27:00,VIN-C1849,52.1,6.4,"10.0452,105.7469",75.9
2024-01-15 06:30:00,VIN-C1850,93.8,68.3,"10.0452,105.7469",96.3
2024-01-15 06:33:00,VIN-C1851,117.3,18.3,"16.0544,108.2022",105.4
2024-01-15 06:36:00,VIN-C1852,76.2,43.2,"10.9460,108.4419",106.5
2024-01-15 06:39:00,VIN-C1853,21.0,89.4,"10.0452,105.7469",88.4
2024-01-15 06:42:00,VIN-C1854,31.2,85.3,"11.9404,108.4583",103.8
2024-01-15 06:45:00,VIN-C1855,19.8,22.7,"16.0544,108.2022",106.3
2024-01-15 06:48:00,VIN-C1856,49.7,29.4,"12.2388,109.1967",97.4
2024-01-15 06:51:00,VIN-C1857,33.4,96.3,"20.8449,106.6881",100.7
2024-01-15 06:54:00,VIN-C1858,87.6,46.3,"21.0285,105.8542",104.9
2024-01-15 06:57:00,VIN-C1859,106.1,12.1,"10.0452,105.7469",78.8
2024-01-15 07:00:00,VIN-C1860,51.1,7.3,"10.8231,106.6297",82.8
2024-01-15 07:03:00,VIN-C1861,60.0,13.1,"11.9404,108.4583",82.7
2024-01-15 07:06:00,VIN-C1862,41.7,69.1,"10.8231,106.6297",100.8
2024-01-15 07:09:00,VIN-C1863,109.2,71.4,"16.0544,108.2022",101.2
2024-01-15 07:12:00,VIN-C1864,63.7,93.3,"10.8231,106.6297",76.9
2024-01-15 07:15:00,VIN-C1865,42.8,14.3,"16.0544,108.2022",70.6
2024-01-15 07:18:00,VIN-C1866,87.6,95.7,"10.0452,105.7469",88.7
2024-01-15 07:21:00,VIN-C1867,13.9,22.0,"20.8449,106.6881",85.8
2024-01-15 07:24:00,VIN-C1868,2.7,18.8,"11.9404,108.4583",90.3
2024-01-15 07:27:00,VIN-C1869,8.7,80.6,"16.0544,108.2022",94.9
2024-01-15 07:30:00,VIN-C1870,41.4,63.8,"10.9460,108.4419",88.7
2024-01-15 07:33:00,VIN-C1871,27.3,48.3,"10.0452,105.7469",94.1
2024-01-15 07:36:00,VIN-C1872,43.1,51.4,"11.9404,108.4583",100.5
2024-01-15 07:39:00,VIN-C1873,8.1,96.4,"16.0544,108.2022",80.2
2024-01-15 07:42:00,VIN-C1874,54.2,69.8,"21.0285,105.8542",72.6
2024-01-15 07:45:00,VIN-C1875,81.0,98.8,"10.9460,108.4419",70.5
2024-01-15 07:48:00,VIN-C1876,85.3,45.4,"11.9404,108.4583",85.7
2024-01-15 07:51:00,VIN-C1877,78.4,87.0,"21.0285,105.8542",74.1
2024-01-15 07:54:00,VIN-C1878,43.8,57.8,"16.0544,108.2022",78.2
2024-01-15 07:57:00,VIN-C1879,3.7,6.4,"10.8231,106.6297",84.5
2024-01-15 08:00:00,VIN-C1880,114.7,8.0,"16.0544,108.2022",93.1
2024-01-15 08:03:00,VIN-C1881,19.9,29.0,"16.0544,108.2022",90.5
2024-01-15 08:06:00,VIN-C1882,26.8,91.4,"16.0544,108.2022",102.0
2024-01-15 08:09:00,VIN-C1883,4.7,49.8,"10.0452,105.7469",73.3
2024-01-15 08:12:00,VIN-C1884,76.4,26.8,"20.8449,106.6881",109.3
2024-01-15 08:15:00,VIN-C1885,91.5,32.6,"11.9404,108.4583",76.0
2024-01-15 08:18:00,VIN-C1886,0.3,17.7,"21.0285,105.8542",94.7
2024-01-15 08:21:00,VIN-C1887,101.4,57.3,"16.0544,108.2022",91.8
2024-01-15 08:24:00,VIN-C1888,30.4,69.0,"20.8449,106.6881",97.3
2024-01-15 08:27:00,VIN-C1889,19.2,63.2,"20.8449,106.6881",100.5
2024-01-15 08:30:00,VIN-C1890,25.1,42.6,"21.0285,105.8542",76.3
2024-01-15 08:33:00,VIN-C1891,87.8,36.1,"11.9404,108.4583",73.7
2024-01-15 08:36:00,VIN-C1892,85.1,6.7,"11.9404,108.4583",105.4
2024-01-15 08:39:00,VIN-C1893,3.9,15.9,"12.2388,109.1967",97.5
2024-01-15 08:42:00,VIN-C1894,92.2,72.5,"16.0544,108.2022",87.2
2024-01-15 08:45:00,VIN-C1895,20.8,70.6,"10.8231,106.6297",78.4
2024-01-15 08:48:00,VIN-C1896,1.3,47.9,"16.0544,108.2022",79.6
2024-01-15 08:51:00,VIN-C1897,4.6,75.9,"10.0452,105.7469",70.1
2024-01-15 08:54:00,VIN-C1898,108.5,68.6,"16.0544,108.2022",105.1
2024-01-15 08:57:00,VIN-C1899,76.8,23.8,"10.9460,108.4419",83.2
2024-01-15 09:00:00,VIN-C1900,24.6,15.9,"20.8449,106.6881",100.7
2024-01-15 09:03:00,VIN-C1901,17.0,95.9,"10.8231,106.6297",104.6
2024-01-15 09:06:00,VIN-C1902,13.4,44.5,"20.8449,106.6881",78.8
2024-01-15 09:09:00,VIN-C1903,50.6,90.5,"20.8449,106.6881",94.5
2024-01-15 09:12:00,VIN-C1904,100.3,49.8,"12.2388,109.1967",70.4
2024-01-15 09:15:00,VIN-C1905,24.8,5.1,"11.9404,108.4583",81.1
2024-01-15 09:18:00,VIN-C1906,30.3,94.6,"20.8449,106.6881",74.0
2024-01-15 09:21:00,VIN-C1907,46.9,60.1,"10.8231,106.6297",71.2
2024-01-15 09:24:00,VIN-C1908,65.6,32.6,"11.9404,108.4583",92.1
2024-01-15 09:27:00,VIN-C1909,12.0,74.2,"21.0285,105.8542",89.6
2024-01-15 09:30:00,VIN-C1910,35.9,60.1,"20.8449,106.6881",103.2
2024-01-15 09:33:00,VIN-C1911,20.4,5.3,"16.0544,108.2022",81.8
2024-01-15 09:36:00,VIN-C1912,14.3,5.6,"10.8231,106.6297",96.2
2024-01-15 09:39:00,VIN-C1913,115.7,43.8,"20.8449,106.6881",73.9
2024-01-15 09:42:00,VIN-C1914,86.3,23.5,"11.9404,108.4583",103.5
2024-01-15 09:45:00,VIN-C1915,85.0,40.4,"10.0452,105.7469",97.9
2024-01-15 09:48:00,VIN-C1916,16.0,80.4,"10.8231,106.6297",83.0
2024-01-15 09:51:00,VIN-C1917,100.5,23.3,"10.9460,108.4419",95.9
2024-01-15 09:54:00,VIN-C1918,76.3,27.3,"12.2388,109.1967",99.6
2024-01-15 09:57:00,VIN-C1919,114.6,85.8,"12.2388,109.1967",89.9
2024-01-15 10:00:00,VIN-C1920,48.6,94.1,"10.0452,105.7469",93.8
2024-01-15 10:03:00,VIN-C1921,5.6,15.1,"21.0285,105.8542",106.6
2024-01-15 10:06:00,VIN-C1922,93.2,82.6,"11.9404,108.4583",90.3
2024-01-15 10:09:00,VIN-C1923,52.2,22.2,"10.9460,108.4419",98.2
2024-01-15 10:12:00,VIN-C1924,66.3,21.8,"10.8231,106.6297",78.8
2024-01-15 10:15:00,VIN-C1925,118.0,31.3,"10.8231,106.6297",108.8
2024-01-15 10:18:00,VIN-C1926,2.4,91.3,"11.9404,108.4583",102.1
2024-01-15 10:21:00,VIN-C1927,64.0,80.8,"10.8231,106.6297",98.3
2024-01-15 10:24:00,VIN-C1928,71.2,16.2,"20.8449,106.6881",72.7
2024-01-15 10:27:00,VIN-C1929,106.7,85.1,"16.0544,108.2022",77.1
2024-01-15 10:30:00,VIN-C1930,119.0,25.9,"11.9404,108.4583",108.4
2024-01-15 10:33:00,VIN-C1931,92.2,67.8,"11.9404,108.4583",93.9
2024-01-15 10:36:00,VIN-C1932,21.7,36.0,"11.9404,108.4583",92.5
2024-01-15 10:39:00,VIN-C1933,53.2,47.3,"21.0285,105.8542",74.3
2024-01-15 10:42:00,VIN-C1934,22.6,47.7,"10.0452,105.7469",70.7
2024-01-15 10:45:00,VIN-C1935,36.7,36.5,"20.8449,106.6881",108.9
2024-01-15 10:48:00,VIN-C1936,53.1,28.8,"21.0285,105.8542",73.5
2024-01-15 10:51:00,VIN-C1937,46.7,57.2,"11.9404,108.4583",108.7
2024-01-15 10:54:00,VIN-C1938,68.5,91.6,"10.8231,106.6297",101.9
2024-01-15 10:57:00,VIN-C1939,13.1,38.1,"16.0544,108.2022",77.3
2024-01-15 11:00:00,VIN-C1940,93.2,24.1,"20.8449,106.6881",72.4
2024-01-15 11:03:00,VIN-C1941,109.8,23.6,"10.9460,108.4419",87.3
2024-01-15 11:06:00,VIN-C1942,89.8,17.3,"10.0452,105.7469",70.3
2024-01-15 11:09:00,VIN-C1943,118.6,52.1,"20.8449,106.6881",106.1
2024-01-15 11:12:00,VIN-C1944,88.9,76.0,"10.9460,108.4419",93.1
2024-01-15 11:15:00,VIN-C1945,103.2,61.5,"10.9460,108.4419",74.2
2024-01-15 11:18:00,VIN-C1946,108.8,36.2,"20.8449,106.6881",107.4
2024-01-15 11:21:00,VIN-C1947,109.5,86.3,"10.0452,105.7469",78.4
2024-01-15 11:24:00,VIN-C1948,81.2,76.1,"11.9404,108.4583",105.3
2024-01-15 11:27:00,VIN-C1949,17.5,39.7,"20.8449,106.6881",90.5
2024-01-15 11:30:00,VIN-C1950,12.6,78.4,"12.2388,109.1967",101.0
2024-01-15 11:33:00,VIN-C1951,116.3,49.4,"10.0452,105.7469",72.0
2024-01-15 11:36:00,VIN-C1952,109.1,59.0,"10.8231,106.6297",88.8
2024-01-15 11:39:00,VIN-C1953,59.6,32.0,"12.2388,109.1967",101.3
2024-01-15 11:42:00,VIN-C1954,37.5,70.0,"12.2388,109.1967",104.8
2024-01-15 11:45:00,VIN-C1955,37.2,15.5,"10.8231,106.6297",88.1
2024-01-15 11:48:00,VIN-C1956,69.8,83.7,"20.8449,106.6881",75.4
2024-01-15 11:51:00,VIN-C1957,76.8,93.0,"12.2388,109.1967",96.2
2024-01-15 11:54:00,VIN-C1958,35.7,47.9,"11.9404,108.4583",109.7
2024-01-15 11:57:00,VIN-C1959,13.1,42.1,"12.2388,109.1967",80.0
2024-01-15 12:00:00,VIN-C1960,69.6,92.4,"10.0452,105.7469",106.8
2024-01-15 12:03:00,VIN-C1961,61.9,95.7,"10.8231,106.6297",88.5
2024-01-15 12:06:00,VIN-C1962,72.7,79.4,"20.8449,106.6881",84.6
2024-01-15 12:09:00,VIN-C1963,102.6,47.8,"10.0452,105.7469",106.9
2024-01-15 12:12:00,VIN-C1964,59.6,44.6,"21.0285,105.8542",85.1
2024-01-15 12:15:00,VIN-C1965,63.1,99.6,"10.0452,105.7469",109.6
2024-01-15 12:18:00,VIN-C1966,81.3,51.4,"10.0452,105.7469",72.3
2024-01-15 12:21:00,VIN-C1967,53.1,68.6,"10.9460,108.4419",88.6
2024-01-15 12:24:00,VIN-C1968,46.6,88.6,"10.0452,105.7469",82.7
2024-01-15 12:27:00,VIN-C1969,3.1,64.5,"10.9460,108.4419",90.3
2024-01-15 12:30:00,VIN-C1970,26.1,60.5,"16.0544,108.2022",77.6
2024-01-15 12:33:00,VIN-C1971,85.9,52.6,"12.2388,109.1967",70.5
2024-01-15 12:36:00,VIN-C1972,108.5,43.8,"11.9404,108.4583",75.2
2024-01-15 12:39:00,VIN-C1973,66.5,69.8,"10.8231,106.6297",99.1
2024-01-15 12:42:00,VIN-C1974,26.9,77.7,"16.0544,108.2022",107.2
2024-01-15 12:45:00,VIN-C1975,82.0,42.3,"10.0452,105.7469",76.3
2024-01-15 12:48:00,VIN-C1976,28.5,71.0,"11.9404,108.4583",102.4
2024-01-15 12:51:00,VIN-C1977,34.2,47.8,"12.2388,109.1967",93.8
2024-01-15 12:54:00,VIN-C1978,6.4,18.3,"16.0544,108.2022",79.8
2024-01-15 12:57:00,VIN-C1979,57.8,12.1,"20.8449,106.6881",101.7
2024-01-15 13:00:00,VIN-C1980,39.6,8.2,"10.0452,105.7469",98.4
2024-01-15 13:03:00,VIN-C1981,37.7,37.7,"10.9460,108.4419",109.5
2024-01-15 13:06:00,VIN-C1982,5.0,98.3,"10.8231,106.6297",71.6
2024-01-15 13:09:00,VIN-C1983,13.6,28.9,"10.0452,105.7469",86.7
2024-01-15 13:12:00,VIN-C1984,37.1,94.0,"11.9404,108.4583",92.5
2024-01-15 13:15:00,VIN-C1985,95.9,80.9,"21.0285,105.8542",100.6
2024-01-15 13:18:00,VIN-C1986,12.9,58.6,"21.0285,105.8542",108.3
2024-01-15 13:21:00,VIN-C1987,17.7,69.3,"10.8231,106.6297",103.7
2024-01-15 13:24:00,VIN-C1988,39.0,46.6,"20.8449,106.6881",74.1
2024-01-15 13:27:00,VIN-C1989,18.5,87.6,"10.0452,105.7469",96.2
2024-01-15 13:30:00,VIN-C1990,75.9,39.6,"12.2388,109.1967",81.3
2024-01-15 13:33:00,VIN-C1991,66.9,38.5,"10.8231,106.6297",107.5
2024-01-15 13:36:00,VIN-C1992,44.5,35.8,"11.9404,108.4583",93.2
2024-01-15 13:39:00,VIN-C1993,6.1,97.1,"10.0452,105.7469",98.2
2024-01-15 13:42:00,VIN-C1994,51.4,52.5,"10.9460,108.4419",100.7
2024-01-15 13:45:00,VIN-C1995,72.7,68.9,"10.0452,105.7469",79.3
2024-01-15 13:48:00,VIN-C1996,16.4,43.9,"10.0452,105.7469",93.1
2024-01-15 13:51:00,VIN-C1997,72.1,30.0,"20.8449,106.6881",71.4
2024-01-15 13:54:00,VIN-C1998,62.3,71.0,"10.0452,105.7469",86.0
2024-01-15 13:57:00,VIN-C1999,45.2,67.8,"16.0544,108.2022",107.9
2024-01-15 14:00:00,VIN-C2000,50.9,93.3,"10.8231,106.6297",77.3
2024-01-15 14:03:00,VIN-C2001,82.3,19.2,"10.9460,108.4419",85.0
2024-01-15 14:06:00,VIN-C2002,40.5,7.2,"21.0285,105.8542",88.3
2024-01-15 14:09:00,VIN-C2003,72.7,46.0,"10.9460,108.4419",71.0
2024-01-15 14:12:00,VIN-C2004,86.6,95.8,"21.0285,105.8542",76.9
2024-01-15 14:15:00,VIN-C2005,6.7,60.5,"10.0452,105.7469",80.1
2024-01-15 14:18:00,VIN-C2006,73.4,48.4,"10.9460,108.4419",105.8
2024-01-15 14:21:00,VIN-C2007,109.5,41.3,"21.0285,105.8542",92.0
2024-01-15 14:24:00,VIN-C2008,23.2,27.6,"10.0452,105.7469",93.5
2024-01-15 14:27:00,VIN-C2009,76.2,84.7,"16.0544,108.2022",93.1
2024-01-15 14:30:00,VIN-C2010,45.4,66.6,"16.0544,108.2022",74.5
2024-01-15 14:33:00,VIN-C2011,102.0,26.3,"10.9460,108.4419",73.4
2024-01-15 14:36:00,VIN-C2012,20.8,44.7,"10.8231,106.6297",105.9
2024-01-15 14:39:00,VIN-C2013,15.1,18.8,"10.0452,105.7469",96.1
2024-01-15 14:42:00,VIN-C2014,53.3,31.6,"10.9460,108.4419",101.2
2024-01-15 14:45:00,VIN-C2015,37.9,63.9,"11.9404,108.4583",89.6
2024-01-15 14:48:00,VIN-C2016,65.0,89.5,"16.0544,108.2022",105.6
2024-01-15 14:51:00,VIN-C2017,112.0,10.9,"10.0452,105.7469",76.0
2024-01-15 14:54:00,VIN-C2018,83.2,54.3,"10.8231,106.6297",108.4
2024-01-15 14:57:00,VIN-C2019,117.7,20.9,"10.8231,106.6297",106.1
2024-01-15 15:00:00,VIN-C2020,31.0,71.9,"11.9404,108.4583",90.1
2024-01-15 15:03:00,VIN-C2021,38.9,75.4,"12.2388,109.1967",89.6
2024-01-15 15:06:00,VIN-C2022,1.6,58.9,"10.8231,106.6297",95.9
2024-01-15 15:09:00,VIN-C2023,106.3,95.3,"10.9460,108.4419",76.2
2024-01-15 15:12:00,VIN-C2024,75.3,92.1,"11.9404,108.4583",77.1
2024-01-15 15:15:00,VIN-C2025,55.3,48.0,"10.9460,108.4419",97.8
2024-01-15 15:18:00,VIN-C2026,56.3,57.0,"12.2388,109.1967",70.6
2024-01-15 15:21:00,VIN-C2027,0.4,71.2,"12.2388,109.1967",86.7
2024-01-15 15:24:00,VIN-C2028,57.4,48.5,"10.8231,106.6297",109.8
2024-01-15 15:27:00,VIN-C2029,10.4,91.0,"10.9460,108.4419",108.1
2024-01-15 15:30:00,VIN-C2030,18.4,34.1,"20.8449,106.6881",90.9
2024-01-15 15:33:00,VIN-C2031,95.5,18.0,"16.0544,108.2022",105.7
2024-01-15 15:36:00,VIN-C2032,82.4,11.8,"20.8449,106.6881",80.3
2024-01-15 15:39:00,VIN-C2033,52.5,5.1,"10.0452,105.7469",104.6
2024-01-15 15:42:00,VIN-C2034,8.9,54.0,"20.8449,106.6881",71.3
2024-01-15 15:45:00,VIN-C2035,46.5,73.1,"10.8231,106.6297",101.8
2024-01-15 15:48:00,VIN-C2036,8.9,84.7,"20.8449,106.6881",85.1
2024-01-15 15:51:00,VIN-C2037,119.9,97.1,"11.9404,108.4583",95.4
2024-01-15 15:54:00,VIN-C2038,17.3,60.4,"10.0452,105.7469",105.9
2024-01-15 15:57:00,VIN-C2039,105.6,77.3,"12.2388,109.1967",75.3
2024-01-15 16:00:00,VIN-C2040,82.2,27.6,"11.9404,108.4583",96.9
2024-01-15 16:03:00,VIN-C2041,32.4,84.7,"10.8231,106.6297",73.4
2024-01-15 16:06:00,VIN-C2042,72.5,97.8,"12.2388,109.1967",92.2
2024-01-15 16:09:00,VIN-C2043,62.7,5.3,"21.0285,105.8542",88.9
2024-01-15 16:12:00,VIN-C2044,83.1,79.0,"20.8449,106.6881",89.4
2024-01-15 16:15:00,VIN-C2045,107.8,39.9,"10.8231,106.6297",89.2
2024-01-15 16:18:00,VIN-C2046,77.9,73.8,"10.8231,106.6297",88.9
2024-01-15 16:21:00,VIN-C2047,34.2,32.1,"10.0452,105.7469",87.0
2024-01-15 16:24:00,VIN-C2048,65.8,40.4,"10.9460,108.4419",93.9
2024-01-15 16:27:00,VIN-C2049,54.4,19.4,"12.2388,109.1967",86.5
2024-01-15 16:30:00,VIN-C2050,80.4,36.1,"21.0285,105.8542",73.7
2024-01-15 16:33:00,VIN-C2051,111.2,59.2,"10.8231,106.6297",72.0
2024-01-15 16:36:00,VIN-C2052,56.3,82.4,"10.9460,108.4419",92.2
2024-01-15 16:39:00,VIN-C2053,43.5,74.0,"10.8231,106.6297",84.9
2024-01-15 16:42:00,VIN-C2054,17.8,68.2,"10.9460,108.4419",76.5
2024-01-15 16:45:00,VIN-C2055,91.5,64.5,"16.0544,108.2022",71.3
2024-01-15 16:48:00,VIN-C2056,1.4,69.1,"10.9460,108.4419",84.6
2024-01-15 16:51:00,VIN-C2057,74.9,62.3,"12.2388,109.1967",95.9
2024-01-15 16:54:00,VIN-C2058,80.9,67.1,"11.9404,108.4583",95.6
2024-01-15 16:57:00,VIN-C2059,104.2,45.1,"10.9460,108.4419",99.9
2024-01-15 17:00:00,VIN-C2060,30.5,77.2,"11.9404,108.4583",76.1
2024-01-15 17:03:00,VIN-C2061,79.6,69.6,"12.2388,109.1967",96.8
2024-01-15 17:06:00,VIN-C2062,19.9,31.7,"20.8449,106.6881",81.4
2024-01-15 17:09:00,VIN-C2063,41.9,73.3,"10.9460,108.4419",81.7
2024-01-15 17:12:00,VIN-C2064,112.9,79.8,"11.9404,108.4583",73.7
2024-01-15 17:15:00,VIN-C2065,107.8,22.8,"10.9460,108.4419",107.5
2024-01-15 17:18:00,VIN-C2066,118.0,77.9,"10.9460,108.4419",101.6
2024-01-15 17:21:00,VIN-C2067,95.5,42.6,"10.9460,108.4419",85.2
2024-01-15 17:24:00,VIN-C2068,13.8,69.2,"20.8449,106.6881",100.7
2024-01-15 17:27:00,VIN-C2069,0.6,55.4,"11.9404,108.4583",89.9
2024-01-15 17:30:00,VIN-C2070,10.6,80.6,"12.2388,109.1967",93.9
2024-01-15 17:33:00,VIN-C2071,5.6,39.5,"12.2388,109.1967",94.6
2024-01-15 17:36:00,VIN-C2072,46.9,53.4,"12.2388,109.1967",80.9
2024-01-15 17:39:00,VIN-C2073,73.5,54.0,"10.0452,105.7469",108.2
2024-01-15 17:42:00,VIN-C2074,95.6,52.8,"16.0544,108.2022",81.3
2024-01-15 17:45:00,VIN-C2075,5.4,38.8,"12.2388,109.1967",80.6
2024-01-15 17:48:00,VIN-C2076,3.2,63.6,"20.8449,106.6881",78.4
2024-01-15 17:51:00,VIN-C2077,31.0,77.7,"11.9404,108.4583",75.8
2024-01-15 17:54:00,VIN-C2078,53.0,61.2,"21.0285,105.8542",106.1
2024-01-15 17:57:00,VIN-C2079,10.9,96.5,"11.9404,108.4583",102.0
2024-01-15 18:00:00,VIN-C2080,103.4,96.4,"12.2388,109.1967",86.4
2024-01-15 18:03:00,VIN-C2081,50.9,53.6,"11.9404,108.4583",93.9
2024-01-15 18:06:00,VIN-C2082,98.2,12.3,"11.9404,108.4583",103.1
2024-01-15 18:09:00,VIN-C2083,49.4,52.5,"10.0452,105.7469",72.1
2024-01-15 18:12:00,VIN-C2084,79.1,73.7,"10.0452,105.7469",96.0
2024-01-15 18:15:00,VIN-C2085,83.2,85.9,"10.8231,106.6297",105.1
2024-01-15 18:18:00,VIN-C2086,4.8,19.8,"20.8449,106.6881",80.6
2024-01-15 18:21:00,VIN-C2087,41.5,96.9,"10.9460,108.4419",96.5
2024-01-15 18:24:00,VIN-C2088,16.1,36.8,"11.9404,108.4583",81.9
2024-01-15 18:27:00,VIN-C2089,99.1,83.2,"10.9460,108.4419",106.9
2024-01-15 18:30:00,VIN-C2090,65.8,14.7,"16.0544,108.2022",108.7
2024-01-15 18:33:00,VIN-C2091,102.5,81.4,"10.9460,108.4419",108.9
2024-01-15 18:36:00,VIN-C2092,30.6,74.2,"12.2388,109.1967",87.9
2024-01-15 18:39:00,VIN-C2093,46.4,33.0,"10.0452,105.7469",107.4
2024-01-15 18:42:00,VIN-C2094,115.0,50.8,"12.2388,109.1967",97.3
2024-01-15 18:45:00,VIN-C2095,118.4,88.6,"21.0285,105.8542",80.5
2024-01-15 18:48:00,VIN-C2096,9.4,22.4,"11.9404,108.4583",91.4
2024-01-15 18:51:00,VIN-C2097,97.0,37.7,"16.0544,108.2022",94.9
2024-01-15 18:54:00,VIN-C2098,107.6,45.3,"20.8449,106.6881",94.8
2024-01-15 18:57:00,VIN-C2099,60.4,66.7,"10.9460,108.4419",93.6
2024-01-15 19:00:00,VIN-C2100,65.0,48.8,"10.9460,108.4419",83.2
2024-01-15 19:03:00,VIN-C2101,33.5,53.7,"10.9460,108.4419",100.3
2024-01-15 19:06:00,VIN-C2102,116.0,27.4,"10.8231,106.6297",74.6
2024-01-15 19:09:00,VIN-C2103,73.2,99.5,"10.0452,105.7469",86.6
2024-01-15 19:12:00,VIN-C2104,106.9,5.3,"11.9404,108.4583",108.5
2024-01-15 19:15:00,VIN-C2105,52.2,71.1,"11.9404,108.4583",96.5
2024-01-15 19:18:00,VIN-C2106,7.7,71.3,"10.0452,105.7469",80.0
2024-01-15 19:21:00,VIN-C2107,107.5,54.0,"10.8231,106.6297",74.4
2024-01-15 19:24:00,VIN-C2108,100.8,84.9,"12.2388,109.1967",101.5
2024-01-15 19:27:00,VIN-C2109,57.4,28.0,"11.9404,108.4583",86.3
2024-01-15 19:30:00,VIN-C2110,110.5,11.6,"11.9404,108.4583",86.4
2024-01-15 19:33:00,VIN-C2111,96.4,17.9,"16.0544,108.2022",98.0
2024-01-15 19:36:00,VIN-C2112,28.8,90.1,"10.9460,108.4419",71.1
2024-01-15 19:39:00,VIN-C2113,50.3,63.3,"10.8231,106.6297",104.7
2024-01-15 19:42:00,VIN-C2114,116.1,14.7,"10.8231,106.6297",75.3
2024-01-15 19:45:00,VIN-C2115,15.7,65.4,"12.2388,109.1967",79.7
2024-01-15 19:48:00,VIN-C2116,6.3,84.5,"16.0544,108.2022",102.3
2024-01-15 19:51:00,VIN-C2117,109.6,73.0,"10.9460,108.4419",72.7
2024-01-15 19:54:00,VIN-C2118,49.7,66.6,"12.2388,109.1967",81.9
2024-01-15 19:57:00,VIN-C2119,104.7,38.5,"10.0452,105.7469",104.5
2024-01-15 20:00:00,VIN-C2120,96.0,15.0,"21.0285,105.8542",78.4
2024-01-15 20:03:00,VIN-C2121,83.8,51.7,"16.0544,108.2022",92.3
2024-01-15 20:06:00,VIN-C2122,58.6,77.0,"10.8231,106.6297",106.2
2024-01-15 20:09:00,VIN-C2123,49.9,35.3,"12.2388,109.1967",83.9
2024-01-15 20:12:00,VIN-C2124,103.4,36.5,"20.8449,106.6881",85.1
2024-01-15 20:15:00,VIN-C2125,42.4,36.0,"12.2388,109.1967",73.2
2024-01-15 20:18:00,VIN-C2126,111.6,20.7,"16.0544,108.2022",83.5
2024-01-15 20:21:00,VIN-C2127,9.1,21.3,"20.8449,106.6881",87.3
2024-01-15 20:24:00,VIN-C2128,5.0,92.9,"12.2388,109.1967",85.6
2024-01-15 20:27:00,VIN-C2129,110.7,62.5,"12.2388,109.1967",77.0
2024-01-15 20:30:00,VIN-C2130,60.2,19.9,"12.2388,109.1967",88.0
2024-01-15 20:33:00,VIN-C2131,4.3,19.6,"10.0452,105.7469",73.2
2024-01-15 20:36:00,VIN-C2132,26.4,69.1,"10.9460,108.4419",73.6
2024-01-15 20:39:00,VIN-C2133,88.0,87.2,"10.0452,105.7469",99.8
2024-01-15 20:42:00,VIN-C2134,110.2,24.8,"20.8449,106.6881",107.8
2024-01-15 20:45:00,VIN-C2135,62.8,98.1,"16.0544,108.2022",101.5
2024-01-15 20:48:00,VIN-C2136,111.5,76.2,"20.8449,106.6881",75.4
2024-01-15 20:51:00,VIN-C2137,113.4,71.7,"11.9404,108.4583",77.4
2024-01-15 20:54:00,VIN-C2138,17.3,49.0,"20.8449,106.6881",109.3
2024-01-15 20:57:00,VIN-C2139,86.7,19.2,"10.9460,108.4419",88.0
2024-01-15 21:00:00,VIN-C2140,27.2,30.5,"21.0285,105.8542",108.3
2024-01-15 21:03:00,VIN-C2141,0.9,22.3,"10.0452,105.7469",103.0
2024-01-15 21:06:00,VIN-C2142,31.9,65.2,"11.9404,108.4583",89.2
2024-01-15 21:09:00,VIN-C2143,41.1,45.4,"10.0452,105.7469",108.2
2024-01-15 21:12:00,VIN-C2144,15.5,81.4,"10.9460,108.4419",90.0
2024-01-15 21:15:00,VIN-C2145,85.7,8.5,"12.2388,109.1967",83.2
2024-01-15 21:18:00,VIN-C2146,40.8,38.9,"10.9460,108.4419",78.7
2024-01-15 21:21:00,VIN-C2147,113.0,78.7,"10.0452,105.7469",99.8
2024-01-15 21:24:00,VIN-C2148,80.3,17.0,"11.9404,108.4583",102.6
2024-01-15 21:27:00,VIN-C2149,97.2,92.7,"10.8231,106.6297",82.5
2024-01-15 21:30:00,VIN-C2150,19.6,29.2,"16.0544,108.2022",83.2
2024-01-15 21:33:00,VIN-C2151,40.5,91.3,"10.0452,105.7469",109.2
2024-01-15 21:36:00,VIN-C2152,95.5,89.8,"10.9460,108.4419",96.0
2024-01-15 21:39:00,VIN-C2153,35.2,14.9,"10.9460,108.4419",108.8
2024-01-15 21:42:00,VIN-C2154,64.5,95.7,"11.9404,108.4583",101.5
2024-01-15 21:45:00,VIN-C2155,50.6,79.5,"12.2388,109.1967",86.0
2024-01-15 21:48:00,VIN-C2156,77.4,27.1,"20.8449,106.6881",103.7
2024-01-15 21:51:00,VIN-C2157,118.4,37.6,"10.8231,106.6297",81.9
2024-01-15 21:54:00,VIN-C2158,115.8,53.9,"12.2388,109.1967",99.8
2024-01-15 21:57:00,VIN-C2159,51.7,75.9,"10.0452,105.7469",77.5
2024-01-15 22:00:00,VIN-C2160,21.4,85.6,"16.0544,108.2022",81.3
2024-01-15 22:03:00,VIN-C2161,72.3,38.5,"10.9460,108.4419",106.7
2024-01-15 22:06:00,VIN-C2162,52.5,6.0,"20.8449,106.6881",105.6
2024-01-15 22:09:00,VIN-C2163,28.7,63.4,"11.9404,108.4583",93.3
2024-01-15 22:12:00,VIN-C2164,71.1,85.0,"16.0544,108.2022",86.9
2024-01-15 22:15:00,VIN-C2165,3.8,44.2,"11.9404,108.4583",78.3
2024-01-15 22:18:00,VIN-C2166,10.2,94.7,"10.8231,106.6297",79.0
2024-01-15 22:21:00,VIN-C2167,114.6,59.7,"10.8231,106.6297",97.8
2024-01-15 22:24:00,VIN-C2168,29.0,94.8,"10.9460,108.4419",73.6
2024-01-15 22:27:00,VIN-C2169,91.1,18.7,"10.0452,105.7469",79.9
2024-01-15 22:30:00,VIN-C2170,50.9,64.3,"11.9404,108.4583",105.6
2024-01-15 22:33:00,VIN-C2171,65.8,99.8,"10.8231,106.6297",91.6
2024-01-15 22:36:00,VIN-C2172,2.0,16.1,"10.0452,105.7469",78.3
2024-01-15 22:39:00,VIN-C2173,33.6,81.8,"11.9404,108.4583",86.1
2024-01-15 22:42:00,VIN-C2174,2.5,65.4,"10.9460,108.4419",89.6
2024-01-15 22:45:00,VIN-C2175,61.4,48.8,"11.9404,108.4583",107.0
2024-01-15 22:48:00,VIN-C2176,43.9,46.0,"11.9404,108.4583",88.5
2024-01-15 22:51:00,VIN-C2177,110.0,68.4,"12.2388,109.1967",84.1
2024-01-15 22:54:00,VIN-C2178,59.4,59.0,"11.9404,108.4583",109.1
2024-01-15 22:57:00,VIN-C2179,3.1,37.5,"10.0452,105.7469",97.5
2024-01-15 23:00:00,VIN-C2180,46.4,58.5,"21.0285,105.8542",87.7
2024-01-15 23:03:00,VIN-C2181,36.0,39.6,"12.2388,109.1967",105.9
2024-01-15 23:06:00,VIN-C2182,67.1,64.3,"16.0544,108.2022",97.6
2024-01-15 23:09:00,VIN-C2183,15.7,86.1,"11.9404,108.4583",75.7
2024-01-15 23:12:00,VIN-C2184,112.0,94.5,"16.0544,108.2022",101.0
2024-01-15 23:15:00,VIN-C2185,8.9,66.8,"21.0285,105.8542",104.9
2024-01-15 23:18:00,VIN-C2186,73.2,72.4,"21.0285,105.8542",82.0
2024-01-15 23:21:00,VIN-C2187,108.9,51.7,"12.2388,109.1967",82.8
2024-01-15 23:24:00,VIN-C2188,7.2,24.4,"16.0544,108.2022",88.9
2024-01-15 23:27:00,VIN-C2189,46.3,64.2,"12.2388,109.1967",88.5
2024-01-15 23:30:00,VIN-C2190,3.1,74.4,"16.0544,108.2022",82.0
2024-01-15 23:33:00,VIN-C2191,6.8,83.1,"11.9404,108.4583",97.3
2024-01-15 23:36:00,VIN-C2192,29.0,73.7,"21.0285,105.8542",101.4
2024-01-15 23:39:00,VIN-C2193,88.5,32.0,"12.2388,109.1967",70.4
2024-01-15 23:42:00,VIN-C2194,84.3,60.4,"20.8449,106.6881",79.3
2024-01-15 23:45:00,VIN-C2195,77.3,80.5,"10.8231,106.6297",93.0
2024-01-15 23:48:00,VIN-C2196,10.8,80.7,"21.0285,105.8542",102.9
2024-01-15 23:51:00,VIN-C2197,108.1,39.4,"16.0544,108.2022",84.1
2024-01-15 23:54:00,VIN-C2198,68.6,60.4,"10.8231,106.6297",98.3
2024-01-15 23:57:00,VIN-C2199,33.9,82.6,"12.2388,109.1967",73.5
2024-01-16 00:00:00,VIN-C2200,96.1,67.3,"16.0544,108.2022",83.0
2024-01-16 00:03:00,VIN-C2201,48.8,13.2,"21.0285,105.8542",108.2
2024-01-16 00:06:00,VIN-C2202,93.8,24.4,"12.2388,109.1967",99.6
2024-01-16 00:09:00,VIN-C2203,87.6,27.2,"11.9404,108.4583",88.9
2024-01-16 00:12:00,VIN-C2204,24.3,62.1,"20.8449,106.6881",97.7
2024-01-16 00:15:00,VIN-C2205,107.1,45.6,"20.8449,106.6881",73.5
2024-01-16 00:18:00,VIN-C2206,59.2,32.6,"16.0544,108.2022",74.6
2024-01-16 00:21:00,VIN-C2207,14.0,7.5,"16.0544,108.2022",94.8
2024-01-16 00:24:00,VIN-C2208,105.9,72.2,"21.0285,105.8542",109.8
2024-01-16 00:27:00,VIN-C2209,4.7,32.5,"12.2388,109.1967",92.4
2024-01-16 00:30:00,VIN-C2210,19.5,54.9,"10.8231,106.6297",92.2
2024-01-16 00:33:00,VIN-C2211,77.4,72.6,"20.8449,106.6881",97.1
2024-01-16 00:36:00,VIN-C2212,36.2,39.2,"10.0452,105.7469",74.7
2024-01-16 00:39:00,VIN-C2213,68.7,69.2,"10.8231,106.6297",90.5
2024-01-16 00:42:00,VIN-C2214,8.4,25.6,"11.9404,108.4583",85.7
2024-01-16 00:45:00,VIN-C2215,67.4,82.6,"10.0452,105.7469",73.8
2024-01-16 00:48:00,VIN-C2216,115.1,27.2,"20.8449,106.6881",105.2
2024-01-16 00:51:00,VIN-C2217,75.1,51.5,"12.2388,109.1967",109.0
2024-01-16 00:54:00,VIN-C2218,85.4,71.1,"21.0285,105.8542",106.5
2024-01-16 00:57:00,VIN-C2219,10.2,86.5,"10.0452,105.7469",97.6
2024-01-16 01:00:00,VIN-C2220,108.2,13.8,"21.0285,105.8542",105.5
2024-01-16 01:03:00,VIN-C2221,95.2,50.5,"10.8231,106.6297",82.8
2024-01-16 01:06:00,VIN-C2222,104.0,15.6,"10.0452,105.7469",101.3
2024-01-16 01:09:00,VIN-C2223,2.8,89.3,"10.0452,105.7469",80.9
2024-01-16 01:12:00,VIN-C2224,95.9,61.3,"20.8449,106.6881",71.1
2024-01-16 01:15:00,VIN-C2225,59.2,29.3,"10.9460,108.4419",100.8
2024-01-16 01:18:00,VIN-C2226,41.4,83.5,"10.9460,108.4419",88.2
2024-01-16 01:21:00,VIN-C2227,90.1,19.6,"10.9460,108.4419",76.1
2024-01-16 01:24:00,VIN-C2228,9.0,40.8,"10.0452,105.7469",74.7
2024-01-16 01:27:00,VIN-C2229,3.1,23.6,"10.9460,108.4419",108.4
2024-01-16 01:30:00,VIN-C2230,60.5,12.3,"10.8231,106.6297",82.6
2024-01-16 01:33:00,VIN-C2231,106.7,76.7,"10.8231,106.6297",108.2
2024-01-16 01:36:00,VIN-C2232,91.2,59.5,"20.8449,106.6881",104.4
2024-01-16 01:39:00,VIN-C2233,24.7,45.3,"10.9460,108.4419",70.9
2024-01-16 01:42:00,VIN-C2234,41.4,62.7,"20.8449,106.6881",106.6
2024-01-16 01:45:00,VIN-C2235,103.5,96.9,"20.8449,106.6881",97.5
2024-01-16 01:48:00,VIN-C2236,29.5,73.0,"10.0452,105.7469",78.7
2024-01-16 01:51:00,VIN-C2237,55.3,7.8,"21.0285,105.8542",99.7
2024-01-16 01:54:00,VIN-C2238,38.2,82.8,"10.8231,106.6297",93.2
2024-01-16 01:57:00,VIN-C2239,104.0,11.2,"10.8231,106.6297",92.4
2024-01-16 02:00:00,VIN-C2240,23.7,22.3,"12.2388,109.1967",78.6
2024-01-16 02:03:00,VIN-C2241,3.7,76.5,"11.9404,108.4583",105.6
2024-01-16 02:06:00,VIN-C2242,93.4,32.8,"10.0452,105.7469",94.9
2024-01-16 02:09:00,VIN-C2243,78.1,28.1,"11.9404,108.4583",94.0
2024-01-16 02:12:00,VIN-C2244,0.6,59.9,"16.0544,108.2022",75.7
2024-01-16 02:15:00,VIN-C2245,102.1,35.9,"16.0544,108.2022",97.4
2024-01-16 02:18:00,VIN-C2246,66.0,37.1,"12.2388,109.1967",84.2
2024-01-16 02:21:00,VIN-C2247,119.9,15.7,"21.0285,105.8542",105.8
2024-01-16 02:24:00,VIN-C2248,114.6,79.3,"10.0452,105.7469",106.8
2024-01-16 02:27:00,VIN-C2249,62.3,20.7,"10.0452,105.7469",87.1
2024-01-16 02:30:00,VIN-C2250,65.1,91.3,"10.9460,108.4419",77.8
2024-01-16 02:33:00,VIN-C2251,105.4,84.9,"10.0452,105.7469",75.8
2024-01-16 02:36:00,VIN-C2252,28.9,6.6,"12.2388,109.1967",97.8
2024-01-16 02:39:00,VIN-C2253,49.3,46.7,"12.2388,109.1967",86.5
2024-01-16 02:42:00,VIN-C2254,107.8,31.0,"20.8449,106.6881",99.5
2024-01-16 02:45:00,VIN-C2255,113.2,30.2,"20.8449,106.6881",79.2
2024-01-16 02:48:00,VIN-C2256,92.0,17.4,"20.8449,106.6881",79.1
2024-01-16 02:51:00,VIN-C2257,54.9,37.8,"16.0544,108.2022",93.0
2024-01-16 02:54:00,VIN-C2258,57.7,8.5,"12.2388,109.1967",84.3
2024-01-16 02:57:00,VIN-C2259,36.2,53.7,"21.0285,105.8542",100.0
2024-01-16 03:00:00,VIN-C2260,32.3,80.9,"11.9404,108.4583",87.6
2024-01-16 03:03:00,VIN-C2261,65.3,72.1,"10.0452,105.7469",98.1
2024-01-16 03:06:00,VIN-C2262,107.0,11.9,"20.8449,106.6881",74.7
2024-01-16 03:09:00,VIN-C2263,36.8,92.2,"10.0452,105.7469",105.1
2024-01-16 03:12:00,VIN-C2264,9.1,54.1,"16.0544,108.2022",86.0
2024-01-16 03:15:00,VIN-C2265,89.8,79.4,"11.9404,108.4583",83.6
2024-01-16 03:18:00,VIN-C2266,75.7,41.0,"11.9404,108.4583",106.4
2024-01-16 03:21:00,VIN-C2267,21.1,42.8,"10.0452,105.7469",85.2
2024-01-16 03:24:00,VIN-C2268,90.4,92.9,"10.0452,105.7469",90.0
2024-01-16 03:27:00,VIN-C2269,10.7,30.4,"10.8231,106.6297",77.9
2024-01-16 03:30:00,VIN-C2270,105.3,69.3,"11.9404,108.4583",81.2
2024-01-16 03:33:00,VIN-C2271,40.6,58.8,"20.8449,106.6881",101.5
2024-01-16 03:36:00,VIN-C2272,3.4,26.9,"10.8231,106.6297",104.0
2024-01-16 03:39:00,VIN-C2273,11.1,95.8,"16.0544,108.2022",76.1
2024-01-16 03:42:00,VIN-C2274,93.1,95.9,"20.8449,106.6881",102.0
2024-01-16 03:45:00,VIN-C2275,56.6,30.4,"16.0544,108.2022",97.6
2024-01-16 03:48:00,VIN-C2276,78.2,74.0,"10.9460,108.4419",99.7
2024-01-16 03:51:00,VIN-C2277,96.4,42.1,"10.0452,105.7469",91.4
2024-01-16 03:54:00,VIN-C2278,79.0,88.1,"11.9404,108.4583",103.5
2024-01-16 03:57:00,VIN-C2279,75.7,7.0,"10.0452,105.7469",80.3
2024-01-16 04:00:00,VIN-C2280,93.7,62.4,"21.0285,105.8542",86.3
2024-01-16 04:03:00,VIN-C2281,110.2,39.3,"21.0285,105.8542",72.8
2024-01-16 04:06:00,VIN-C2282,49.4,70.9,"12.2388,109.1967",104.2
2024-01-16 04:09:00,VIN-C2283,90.4,95.0,"10.0452,105.7469",81.0
2024-01-16 04:12:00,VIN-C2284,63.3,28.9,"12.2388,109.1967",77.6
2024-01-16 04:15:00,VIN-C2285,89.5,50.0,"10.9460,108.4419",71.4
2024-01-16 04:18:00,VIN-C2286,82.9,21.4,"10.9460,108.4419",107.1
2024-01-16 04:21:00,VIN-C2287,39.7,67.8,"11.9404,108.4583",105.1
2024-01-16 04:24:00,VIN-C2288,14.9,82.1,"11.9404,108.4583",80.2
2024-01-16 04:27:00,VIN-C2289,73.6,41.8,"11.9404,108.4583",81.7
2024-01-16 04:30:00,VIN-C2290,100.2,98.2,"10.9460,108.4419",103.7
2024-01-16 04:33:00,VIN-C2291,83.8,38.6,"20.8449,106.6881",75.2
2024-01-16 04:36:00,VIN-C2292,41.1,52.5,"10.8231,106.6297",74.5
2024-01-16 04:39:00,VIN-C2293,116.0,75.5,"21.0285,105.8542",95.9
2024-01-16 04:42:00,VIN-C2294,53.6,30.7,"10.9460,108.4419",93.2
2024-01-16 04:45:00,VIN-C2295,94.0,71.2,"11.9404,108.4583",93.4
2024-01-16 04:48:00,VIN-C2296,28.1,69.0,"20.8449,106.6881",98.5
2024-01-16 04:51:00,VIN-C2297,66.1,83.2,"20.8449,106.6881",81.1
2024-01-16 04:54:00,VIN-C2298,87.9,62.6,"21.0285,105.8542",97.5
2024-01-16 04:57:00,VIN-C2299,82.0,9.4,"21.0285,105.8542",87.8
2024-01-16 05:00:00,VIN-C2300,55.8,96.8,"21.0285,105.8542",75.0
2024-01-16 05:03:00,VIN-C2301,85.5,32.0,"11.9404,108.4583",87.9
2024-01-16 05:06:00,VIN-C2302,114.2,75.1,"10.0452,105.7469",71.6
2024-01-16 05:09:00,VIN-C2303,32.5,99.9,"12.2388,109.1967",92.4
2024-01-16 05:12:00,VIN-C2304,10.8,92.5,"12.2388,109.1967",76.9
2024-01-16 05:15:00,VIN-C2305,84.7,65.5,"10.0452,105.7469",82.5
2024-01-16 05:18:00,VIN-C2306,42.1,19.2,"10.0452,105.7469",95.6
2024-01-16 05:21:00,VIN-C2307,58.0,69.1,"10.9460,108.4419",98.5
2024-01-16 05:24:00,VIN-C2308,103.1,67.6,"21.0285,105.8542",96.4
2024-01-16 05:27:00,VIN-C2309,5.8,18.2,"11.9404,108.4583",85.1
2024-01-16 05:30:00,VIN-C2310,76.5,95.3,"10.9460,108.4419",73.8
2024-01-16 05:33:00,VIN-C2311,9.9,54.2,"16.0544,108.2022",105.3
2024-01-16 05:36:00,VIN-C2312,87.5,11.2,"10.9460,108.4419",108.4
2024-01-16 05:39:00,VIN-C2313,81.0,54.6,"12.2388,109.1967",72.9
2024-01-16 05:42:00,VIN-C2314,86.6,5.2,"21.0285,105.8542",74.6
2024-01-16 05:45:00,VIN-C2315,50.0,12.2,"20.8449,106.6881",80.3
2024-01-16 05:48:00,VIN-C2316,45.8,66.7,"21.0285,105.8542",110.0
2024-01-16 05:51:00,VIN-C2317,102.8,27.9,"10.9460,108.4419",84.5
2024-01-16 05:54:00,VIN-C2318,36.4,74.5,"12.2388,109.1967",104.9
2024-01-16 05:57:00,VIN-C2319,58.7,96.2,"11.9404,108.4583",108.8
2024-01-16 06:00:00,VIN-C2320,22.2,52.2,"10.9460,108.4419",108.8
2024-01-16 06:03:00,VIN-C2321,67.1,84.7,"10.9460,108.4419",88.3
2024-01-16 06:06:00,VIN-C2322,6.8,58.2,"21.0285,105.8542",95.3
2024-01-16 06:09:00,VIN-C2323,40.9,21.4,"21.0285,105.8542",76.3
2024-01-16 06:12:00,VIN-C2324,90.1,74.1,"10.8231,106.6297",92.0
2024-01-16 06:15:00,VIN-C2325,19.6,20.8,"10.9460,108.4419",92.9
2024-01-16 06:18:00,VIN-C2326,70.3,63.4,"20.8449,106.6881",86.5
2024-01-16 06:21:00,VIN-C2327,2.3,56.4,"11.9404,108.4583",106.4
2024-01-16 06:24:00,VIN-C2328,101.2,57.2,"10.0452,105.7469",103.2
2024-01-16 06:27:00,VIN-C2329,77.6,39.3,"21.0285,105.8542",86.4
2024-01-16 06:30:00,VIN-C2330,48.3,83.4,"16.0544,108.2022",109.0
2024-01-16 06:33:00,VIN-C2331,92.2,5.1,"10.8231,106.6297",77.6
2024-01-16 06:36:00,VIN-C2332,119.2,49.9,"10.8231,106.6297",87.9
2024-01-16 06:39:00,VIN-C2333,97.3,51.3,"10.8231,106.6297",91.1
2024-01-16 06:42:00,VIN-C2334,61.5,74.7,"20.8449,106.6881",100.1
2024-01-16 06:45:00,VIN-C2335,112.7,26.4,"10.8231,106.6297",89.9
2024-01-16 06:48:00,VIN-C2336,100.9,76.5,"10.8231,106.6297",92.8
2024-01-16 06:51:00,VIN-C2337,106.7,53.9,"12.2388,109.1967",90.2
2024-01-16 06:54:00,VIN-C2338,71.3,68.9,"20.8449,106.6881",89.7
2024-01-16 06:57:00,VIN-C2339,36.5,46.8,"20.8449,106.6881",107.4
2024-01-16 07:00:00,VIN-C2340,21.1,43.9,"10.8231,106.6297",104.1
2024-01-16 07:03:00,VIN-C2341,95.8,69.0,"12.2388,109.1967",102.5
2024-01-16 07:06:00,VIN-C2342,47.4,47.0,"20.8449,106.6881",88.8
2024-01-16 07:09:00,VIN-C2343,43.3,31.2,"16.0544,108.2022",90.1
2024-01-16 07:12:00,VIN-C2344,53.6,60.7,"10.9460,108.4419",89.1
2024-01-16 07:15:00,VIN-C2345,42.0,86.6,"10.8231,106.6297",77.8
2024-01-16 07:18:00,VIN-C2346,40.1,17.6,"16.0544,108.2022",72.4
2024-01-16 07:21:00,VIN-C2347,52.5,22.1,"10.0452,105.7469",72.3
2024-01-16 07:24:00,VIN-C2348,15.0,75.6,"12.2388,109.1967",83.8
2024-01-16 07:27:00,VIN-C2349,114.4,40.3,"10.9460,108.4419",78.9
2024-01-16 07:30:00,VIN-C2350,1.2,91.5,"10.8231,106.6297",110.0
2024-01-16 07:33:00,VIN-C2351,55.4,78.7,"12.2388,109.1967",101.0
2024-01-16 07:36:00,VIN-C2352,4.7,41.2,"11.9404,108.4583",73.5
2024-01-16 07:39:00,VIN-C2353,61.8,18.9,"16.0544,108.2022",80.9
2024-01-16 07:42:00,VIN-C2354,48.0,50.5,"21.0285,105.8542",75.0
2024-01-16 07:45:00,VIN-C2355,85.0,24.0,"10.8231,106.6297",72.5
2024-01-16 07:48:00,VIN-C2356,95.8,84.9,"10.0452,105.7469",86.0
2024-01-16 07:51:00,VIN-C2357,110.9,43.8,"10.0452,105.7469",77.8
2024-01-16 07:54:00,VIN-C2358,59.1,26.9,"12.2388,109.1967",75.2
2024-01-16 07:57:00,VIN-C2359,63.9,38.7,"20.8449,106.6881",76.4
2024-01-16 08:00:00,VIN-C2360,113.6,54.4,"10.9460,108.4419",75.6
2024-01-16 08:03:00,VIN-C2361,94.4,86.2,"10.0452,105.7469",89.9
2024-01-16 08:06:00,VIN-C2362,21.2,37.0,"10.0452,105.7469",74.1
2024-01-16 08:09:00,VIN-C2363,28.0,26.8,"10.9460,108.4419",103.0
2024-01-16 08:12:00,VIN-C2364,88.0,72.9,"10.8231,106.6297",70.3
2024-01-16 08:15:00,VIN-C2365,83.2,34.7,"10.0452,105.7469",80.0
2024-01-16 08:18:00,VIN-C2366,107.5,24.4,"10.9460,108.4419",70.4
2024-01-16 08:21:00,VIN-C2367,23.7,27.2,"10.0452,105.7469",97.3
2024-01-16 08:24:00,VIN-C2368,75.9,56.1,"10.0452,105.7469",91.3
2024-01-16 08:27:00,VIN-C2369,44.1,65.3,"21.0285,105.8542",75.1
2024-01-16 08:30:00,VIN-C2370,77.5,89.6,"10.8231,106.6297",80.8
2024-01-16 08:33:00,VIN-C2371,26.3,14.6,"11.9404,108.4583",100.1
2024-01-16 08:36:00,VIN-C2372,82.4,15.8,"20.8449,106.6881",92.9
2024-01-16 08:39:00,VIN-C2373,46.3,6.6,"20.8449,106.6881",81.8
2024-01-16 08:42:00,VIN-C2374,101.3,38.9,"12.2388,109.1967",99.1
2024-01-16 08:45:00,VIN-C2375,82.9,14.1,"10.9460,108.4419",96.6
2024-01-16 08:48:00,VIN-C2376,64.7,26.1,"16.0544,108.2022",87.4
2024-01-16 08:51:00,VIN-C2377,3.6,24.6,"16.0544,108.2022",95.2
2024-01-16 08:54:00,VIN-C2378,54.0,66.5,"20.8449,106.6881",90.9
2024-01-16 08:57:00,VIN-C2379,43.5,24.4,"16.0544,108.2022",91.0
2024-01-16 09:00:00,VIN-C2380,66.7,65.4,"10.8231,106.6297",78.8
2024-01-16 09:03:00,VIN-C2381,54.8,91.5,"10.9460,108.4419",106.5
2024-01-16 09:06:00,VIN-C2382,81.2,54.2,"10.0452,105.7469",97.1
2024-01-16 09:09:00,VIN-C2383,9.6,40.4,"10.0452,105.7469",76.6
2024-01-16 09:12:00,VIN-C2384,71.3,40.5,"20.8449,106.6881",108.6
2024-01-16 09:15:00,VIN-C2385,95.7,79.0,"10.8231,106.6297",75.1
2024-01-16 09:18:00,VIN-C2386,1.4,46.4,"20.8449,106.6881",95.5
2024-01-16 09:21:00,VIN-C2387,92.1,43.3,"10.9460,108.4419",78.9
2024-01-16 09:24:00,VIN-C2388,35.7,44.7,"21.0285,105.8542",104.8
2024-01-16 09:27:00,VIN-C2389,99.5,59.8,"20.8449,106.6881",79.9
2024-01-16 09:30:00,VIN-C2390,67.1,39.0,"21.0285,105.8542",105.6
2024-01-16 09:33:00,VIN-C2391,0.1,55.1,"16.0544,108.2022",82.4
2024-01-16 09:36:00,VIN-C2392,102.8,41.2,"16.0544,108.2022",74.1
2024-01-16 09:39:00,VIN-C2393,42.3,77.1,"10.0452,105.7469",106.3
2024-01-16 09:42:00,VIN-C2394,53.0,24.6,"20.8449,106.6881",79.1
2024-01-16 09:45:00,VIN-C2395,72.4,63.4,"12.2388,109.1967",70.3
2024-01-16 09:48:00,VIN-C2396,66.8,38.0,"12.2388,109.1967",86.6
2024-01-16 09:51:00,VIN-C2397,52.3,67.9,"11.9404,108.4583",77.9
2024-01-16 09:54:00,VIN-C2398,56.4,53.8,"10.0452,105.7469",71.3
2024-01-16 09:57:00,VIN-C2399,18.0,86.0,"10.8231,106.6297",96.5
2024-01-16 10:00:00,VIN-C2400,88.4,94.8,"10.0452,105.7469",85.2
2024-01-16 10:03:00,VIN-C2401,45.1,69.9,"16.0544,108.2022",84.0
2024-01-16 10:06:00,VIN-C2402,46.9,80.5,"10.0452,105.7469",98.8
2024-01-16 10:09:00,VIN-C2403,99.2,21.2,"10.0452,105.7469",81.4
2024-01-16 10:12:00,VIN-C2404,60.6,30.5,"10.0452,105.7469",93.9
2024-01-16 10:15:00,VIN-C2405,7.8,68.4,"10.8231,106.6297",101.9
2024-01-16 10:18:00,VIN-C2406,69.6,8.2,"10.8231,106.6297",82.1
2024-01-16 10:21:00,VIN-C2407,62.3,42.7,"10.8231,106.6297",99.9
2024-01-16 10:24:00,VIN-C2408,24.9,86.6,"16.0544,108.2022",86.5
2024-01-16 10:27:00,VIN-C2409,36.5,76.8,"10.0452,105.7469",96.6
2024-01-16 10:30:00,VIN-C2410,61.7,63.3,"12.2388,109.1967",73.7
2024-01-16 10:33:00,VIN-C2411,119.0,80.5,"10.8231,106.6297",94.0
2024-01-16 10:36:00,VIN-C2412,59.5,92.3,"12.2388,109.1967",106.6
2024-01-16 10:39:00,VIN-C2413,92.5,67.4,"11.9404,108.4583",95.5
2024-01-16 10:42:00,VIN-C2414,67.1,6.4,"11.9404,108.4583",100.0
2024-01-16 10:45:00,VIN-C2415,97.8,73.0,"20.8449,106.6881",87.4
2024-01-16 10:48:00,VIN-C2416,69.0,33.5,"10.9460,108.4419",101.7
2024-01-16 10:51:00,VIN-C2417,82.6,97.0,"10.9460,108.4419",100.7
2024-01-16 10:54:00,VIN-C2418,105.9,75.7,"11.9404,108.4583",75.2
2024-01-16 10:57:00,VIN-C2419,113.2,7.8,"11.9404,108.4583",85.6
2024-01-16 11:00:00,VIN-C2420,41.4,98.8,"10.0452,105.7469",87.7
2024-01-16 11:03:00,VIN-C2421,95.9,33.8,"10.9460,108.4419",87.7
2024-01-16 11:06:00,VIN-C2422,71.2,92.6,"10.0452,105.7469",109.1
2024-01-16 11:09:00,VIN-C2423,32.8,82.5,"11.9404,108.4583",71.7
2024-01-16 11:12:00,VIN-C2424,98.3,53.3,"10.0452,105.7469",90.1
2024-01-16 11:15:00,VIN-C2425,47.4,76.0,"10.8231,106.6297",76.0
2024-01-16 11:18:00,VIN-C2426,5.4,86.8,"20.8449,106.6881",81.2
2024-01-16 11:21:00,VIN-C2427,96.3,95.5,"16.0544,108.2022",80.6
2024-01-16 11:24:00,VIN-C2428,26.7,78.6,"10.0452,105.7469",84.3
2024-01-16 11:27:00,VIN-C2429,63.4,61.5,"16.0544,108.2022",109.9
2024-01-16 11:30:00,VIN-C2430,22.4,14.7,"11.9404,108.4583",85.6
2024-01-16 11:33:00,VIN-C2431,98.7,52.9,"21.0285,105.8542",70.2
2024-01-16 11:36:00,VIN-C2432,65.5,24.9,"12.2388,109.1967",86.8
2024-01-16 11:39:00,VIN-C2433,34.9,45.6,"12.2388,109.1967",93.5
2024-01-16 11:42:00,VIN-C2434,7.0,50.3,"12.2388,109.1967",87.7
2024-01-16 11:45:00,VIN-C2435,55.1,74.8,"21.0285,105.8542",96.3
2024-01-16 11:48:00,VIN-C2436,105.8,45.5,"16.0544,108.2022",77.1
2024-01-16 11:51:00,VIN-C2437,97.5,9.2,"10.0452,105.7469",99.1
2024-01-16 11:54:00,VIN-C2438,97.9,43.5,"11.9404,108.4583",109.2
2024-01-16 11:57:00,VIN-C2439,66.1,43.8,"21.0285,105.8542",95.5
2024-01-16 12:00:00,VIN-C2440,108.4,9.2,"12.2388,109.1967",74.9
2024-01-16 12:03:00,VIN-C2441,62.5,26.1,"10.0452,105.7469",84.9
2024-01-16 12:06:00,VIN-C2442,101.4,44.5,"20.8449,106.6881",70.1
2024-01-16 12:09:00,VIN-C2443,97.8,54.0,"11.9404,108.4583",100.0
2024-01-16 12:12:00,VIN-C2444,92.0,7.5,"11.9404,108.4583",101.4
2024-01-16 12:15:00,VIN-C2445,57.8,80.0,"10.8231,106.6297",74.2
2024-01-16 12:18:00,VIN-C2446,105.1,8.0,"16.0544,108.2022",104.2
2024-01-16 12:21:00,VIN-C2447,97.3,86.3,"21.0285,105.8542",108.5
2024-01-16 12:24:00,VIN-C2448,11.1,40.6,"10.8231,106.6297",85.4
2024-01-16 12:27:00,VIN-C2449,109.7,81.8,"12.2388,109.1967",94.3
2024-01-16 12:30:00,VIN-C2450,92.5,16.0,"20.8449,106.6881",95.0
2024-01-16 12:33:00,VIN-C2451,86.9,8.4,"11.9404,108.4583",83.4
2024-01-16 12:36:00,VIN-C2452,69.1,68.8,"10.0452,105.7469",103.3
2024-01-16 12:39:00,VIN-C2453,69.2,55.6,"21.0285,105.8542",90.1
2024-01-16 12:42:00,VIN-C2454,95.4,51.8,"10.9460,108.4419",70.3
2024-01-16 12:45:00,VIN-C2455,1.4,34.6,"16.0544,108.2022",93.9
2024-01-16 12:48:00,VIN-C2456,24.5,20.5,"11.9404,108.4583",70.7
2024-01-16 12:51:00,VIN-C2457,110.2,71.7,"20.8449,106.6881",73.3
2024-01-16 12:54:00,VIN-C2458,115.5,25.9,"16.0544,108.2022",73.0
2024-01-16 12:57:00,VIN-C2459,23.4,59.8,"16.0544,108.2022",108.5
2024-01-16 13:00:00,VIN-C2460,5.1,87.8,"12.2388,109.1967",71.7
2024-01-16 13:03:00,VIN-C2461,6.3,99.2,"10.0452,105.7469",89.1
2024-01-16 13:06:00,VIN-C2462,81.1,93.9,"10.9460,108.4419",89.8
2024-01-16 13:09:00,VIN-C2463,62.7,38.1,"16.0544,108.2022",98.7
2024-01-16 13:12:00,VIN-C2464,30.6,5.7,"20.8449,106.6881",74.2
2024-01-16 13:15:00,VIN-C2465,82.9,90.1,"16.0544,108.2022",106.2
2024-01-16 13:18:00,VIN-C2466,94.7,75.4,"10.8231,106.6297",96.0
2024-01-16 13:21:00,VIN-C2467,110.0,99.5,"11.9404,108.4583",107.7
2024-01-16 13:24:00,VIN-C2468,51.5,51.6,"21.0285,105.8542",76.7
2024-01-16 13:27:00,VIN-C2469,14.1,46.0,"21.0285,105.8542",91.7
2024-01-16 13:30:00,VIN-C2470,107.9,68.4,"16.0544,108.2022",104.5
2024-01-16 13:33:00,VIN-C2471,85.3,79.1,"10.0452,105.7469",77.8
2024-01-16 13:36:00,VIN-C2472,21.9,38.9,"10.9460,108.4419",93.2
2024-01-16 13:39:00,VIN-C2473,109.8,10.7,"16.0544,108.2022",78.8
2024-01-16 13:42:00,VIN-C2474,94.9,82.5,"11.9404,108.4583",94.0
2024-01-16 13:45:00,VIN-C2475,66.6,70.3,"21.0285,105.8542",103.8
2024-01-16 13:48:00,VIN-C2476,105.8,71.9,"21.0285,105.8542",92.8
2024-01-16 13:51:00,VIN-C2477,48.5,57.0,"12.2388,109.1967",84.4
2024-01-16 13:54:00,VIN-C2478,41.3,13.5,"16.0544,108.2022",100.2
2024-01-16 13:57:00,VIN-C2479,101.1,80.3,"10.8231,106.6297",90.8
2024-01-16 14:00:00,VIN-C2480,48.6,31.0,"21.0285,105.8542",107.7
2024-01-16 14:03:00,VIN-C2481,106.8,78.0,"12.2388,109.1967",80.2
2024-01-16 14:06:00,VIN-C2482,95.5,43.7,"10.8231,106.6297",105.1
2024-01-16 14:09:00,VIN-C2483,84.2,70.7,"10.9460,108.4419",106.3
2024-01-16 14:12:00,VIN-C2484,30.8,81.4,"10.0452,105.7469",80.9
2024-01-16 14:15:00,VIN-C2485,67.7,30.0,"11.9404,108.4583",71.2
2024-01-16 14:18:00,VIN-C2486,48.5,61.1,"11.9404,108.4583",103.1
2024-01-16 14:21:00,VIN-C2487,109.4,8.3,"16.0544,108.2022",97.7
2024-01-16 14:24:00,VIN-C2488,54.8,37.3,"20.8449,106.6881",93.8
2024-01-16 14:27:00,VIN-C2489,26.5,63.7,"11.9404,108.4583",92.9
2024-01-16 14:30:00,VIN-C2490,4.9,29.5,"12.2388,109.1967",73.1
2024-01-16 14:33:00,VIN-C2491,17.2,63.8,"10.8231,106.6297",81.6
2024-01-16 14:36:00,VIN-C2492,43.1,93.3,"10.9460,108.4419",106.3
2024-01-16 14:39:00,VIN-C2493,21.5,85.6,"12.2388,109.1967",88.2
2024-01-16 14:42:00,VIN-C2494,90.3,62.5,"11.9404,108.4583",77.8
2024-01-16 14:45:00,VIN-C2495,11.5,94.1,"12.2388,109.1967",89.8
2024-01-16 14:48:00,VIN-C2496,62.9,64.9,"21.0285,105.8542",88.8
2024-01-16 14:51:00,VIN-C2497,35.2,72.7,"11.9404,108.4583",93.3
2024-01-16 14:54:00,VIN-C2498,1.7,96.8,"20.8449,106.6881",75.2
2024-01-16 14:57:00,VIN-C2499,96.8,95.9,"21.0285,105.8542",74.8
2024-01-16 15:00:00,VIN-C2500,46.8,18.0,"20.8449,106.6881",87.4
2024-01-16 15:03:00,VIN-D0001,92.2,34.3,"16.0544,108.2022",80.8
2024-01-16 15:06:00,VIN-D0002,112.9,88.2,"20.8449,106.6881",89.3
2024-01-16 15:09:00,VIN-D0003,5.5,42.6,"20.8449,106.6881",76.3
2024-01-16 15:12:00,VIN-D0004,59.7,51.7,"12.2388,109.1967",71.8
2024-01-16 15:15:00,VIN-D0005,7.5,39.6,"10.9460,108.4419",108.1
2024-01-16 15:18:00,VIN-D0006,24.8,73.1,"16.0544,108.2022",82.9
2024-01-16 15:21:00,VIN-D0007,32.8,96.3,"11.9404,108.4583",76.1
2024-01-16 15:24:00,VIN-D0008,99.3,42.1,"10.8231,106.6297",70.0
2024-01-16 15:27:00,VIN-D0009,38.5,84.5,"12.2388,109.1967",94.0
2024-01-16 15:30:00,VIN-D0010,105.4,48.0,"21.0285,105.8542",84.5
2024-01-16 15:33:00,VIN-D0011,101.9,37.3,"16.0544,108.2022",70.3
2024-01-16 15:36:00,VIN-D0012,43.2,74.6,"10.0452,105.7469",83.2
2024-01-16 15:39:00,VIN-D0013,92.1,22.9,"21.0285,105.8542",90.6
2024-01-16 15:42:00,VIN-D0014,44.6,44.3,"11.9404,108.4583",94.5
2024-01-16 15:45:00,VIN-D0015,99.5,26.8,"16.0544,108.2022",79.7
2024-01-16 15:48:00,VIN-D0016,15.2,73.2,"21.0285,105.8542",70.3
2024-01-16 15:51:00,VIN-D0017,10.2,19.0,"12.2388,109.1967",106.7
2024-01-16 15:54:00,VIN-D0018,106.7,26.5,"21.0285,105.8542",101.7
2024-01-16 15:57:00,VIN-D0019,33.3,71.3,"21.0285,105.8542",81.2
2024-01-16 16:00:00,VIN-D0020,3.7,90.8,"10.9460,108.4419",90.5
2024-01-16 16:03:00,VIN-D0021,31.8,91.2,"10.0452,105.7469",97.2
2024-01-16 16:06:00,VIN-D0022,76.2,88.2,"10.9460,108.4419",93.7
2024-01-16 16:09:00,VIN-D0023,65.3,70.5,"12.2388,109.1967",71.8
2024-01-16 16:12:00,VIN-D0024,17.8,93.2,"20.8449,106.6881",107.2
2024-01-16 16:15:00,VIN-D0025,17.7,13.8,"10.9460,108.4419",94.9
2024-01-16 16:18:00,VIN-D0026,67.9,69.7,"21.0285,105.8542",90.1
2024-01-16 16:21:00,VIN-D0027,78.4,96.2,"20.8449,106.6881",76.0
2024-01-16 16:24:00,VIN-D0028,37.3,97.5,"11.9404,108.4583",109.7
2024-01-16 16:27:00,VIN-D0029,62.3,63.6,"20.8449,106.6881",102.4
2024-01-16 16:30:00,VIN-D0030,81.5,39.4,"10.9460,108.4419",88.1
2024-01-16 16:33:00,VIN-D0031,33.9,94.7,"11.9404,108.4583",104.7
2024-01-16 16:36:00,VIN-D0032,50.0,77.9,"12.2388,109.1967",90.1
2024-01-16 16:39:00,VIN-D0033,114.0,18.7,"10.9460,108.4419",103.0
2024-01-16 16:42:00,VIN-D0034,17.9,34.5,"16.0544,108.2022",75.1
2024-01-16 16:45:00,VIN-D0035,38.6,36.1,"21.0285,105.8542",106.0
2024-01-16 16:48:00,VIN-D0036,116.4,69.6,"16.0544,108.2022",92.1
2024-01-16 16:51:00,VIN-D0037,39.7,98.6,"12.2388,109.1967",83.5
2024-01-16 16:54:00,VIN-D0038,27.6,74.9,"16.0544,108.2022",90.4
2024-01-16 16:57:00,VIN-D0039,56.6,5.7,"12.2388,109.1967",87.7
2024-01-16 17:00:00,VIN-D0040,56.7,41.1,"20.8449,106.6881",98.3
2024-01-16 17:03:00,VIN-D0041,63.9,56.3,"10.9460,108.4419",82.0
2024-01-16 17:06:00,VIN-D0042,84.8,83.6,"10.9460,108.4419",73.2
2024-01-16 17:09:00,VIN-D0043,79.8,10.3,"10.9460,108.4419",82.5
2024-01-16 17:12:00,VIN-D0044,8.7,85.0,"10.0452,105.7469",98.7
2024-01-16 17:15:00,VIN-D0045,46.8,39.2,"10.0452,105.7469",74.1
2024-01-16 17:18:00,VIN-D0046,93.3,72.4,"20.8449,106.6881",75.1
2024-01-16 17:21:00,VIN-D0047,78.8,8.3,"12.2388,109.1967",98.5
2024-01-16 17:24:00,VIN-D0048,112.9,29.4,"12.2388,109.1967",78.8
2024-01-16 17:27:00,VIN-D0049,76.3,16.6,"20.8449,106.6881",73.3
2024-01-16 17:30:00,VIN-D0050,110.6,38.8,"20.8449,106.6881",107.3
2024-01-16 17:33:00,VIN-D0051,42.3,48.8,"12.2388,109.1967",107.3
2024-01-16 17:36:00,VIN-D0052,25.6,61.5,"10.9460,108.4419",73.9
2024-01-16 17:39:00,VIN-D0053,14.7,85.9,"10.0452,105.7469",79.1
2024-01-16 17:42:00,VIN-D0054,29.2,31.3,"10.9460,108.4419",76.6
2024-01-16 17:45:00,VIN-D0055,51.9,63.5,"10.8231,106.6297",73.7
2024-01-16 17:48:00,VIN-D0056,90.0,75.9,"12.2388,109.1967",79.1
2024-01-16 17:51:00,VIN-D0057,36.2,62.0,"11.9404,108.4583",99.6
2024-01-16 17:54:00,VIN-D0058,65.1,38.8,"20.8449,106.6881",95.1
2024-01-16 17:57:00,VIN-D0059,88.0,54.7,"21.0285,105.8542",103.5
2024-01-16 18:00:00,VIN-D0060,57.1,43.3,"16.0544,108.2022",74.6
2024-01-16 18:03:00,VIN-D0061,68.7,19.6,"12.2388,109.1967",78.7
2024-01-16 18:06:00,VIN-D0062,52.5,92.2,"16.0544,108.2022",89.6
2024-01-16 18:09:00,VIN-D0063,34.6,87.4,"10.0452,105.7469",78.6
2024-01-16 18:12:00,VIN-D0064,19.2,22.7,"11.9404,108.4583",80.6
2024-01-16 18:15:00,VIN-D0065,4.9,88.6,"10.8231,106.6297",81.6
2024-01-16 18:18:00,VIN-D0066,24.8,16.2,"12.2388,109.1967",99.3
2024-01-16 18:21:00,VIN-D0067,105.4,88.4,"10.0452,105.7469",101.9
2024-01-16 18:24:00,VIN-D0068,66.7,34.4,"10.9460,108.4419",98.9
2024-01-16 18:27:00,VIN-D0069,59.6,5.6,"10.8231,106.6297",78.8
2024-01-16 18:30:00,VIN-D0070,46.2,86.7,"11.9404,108.4583",86.1
2024-01-16 18:33:00,VIN-D0071,0.4,96.9,"20.8449,106.6881",108.5
2024-01-16 18:36:00,VIN-D0072,16.7,86.2,"16.0544,108.2022",74.8
2024-01-16 18:39:00,VIN-D0073,116.0,79.8,"16.0544,108.2022",74.8
2024-01-16 18:42:00,VIN-D0074,99.5,25.2,"20.8449,106.6881",104.6
2024-01-16 18:45:00,VIN-D0075,64.5,50.7,"12.2388,109.1967",100.5
2024-01-16 18:48:00,VIN-D0076,16.0,29.8,"10.0452,105.7469",93.9
2024-01-16 18:51:00,VIN-D0077,23.7,6.1,"12.2388,109.1967",98.9
2024-01-16 18:54:00,VIN-D0078,43.2,60.7,"20.8449,106.6881",92.8
2024-01-16 18:57:00,VIN-D0079,79.5,8.5,"20.8449,106.6881",86.0
2024-01-16 19:00:00,VIN-D0080,116.0,8.1,"12.2388,109.1967",91.7
2024-01-16 19:03:00,VIN-D0081,118.6,14.0,"10.0452,105.7469",80.1
2024-01-16 19:06:00,VIN-D0082,109.7,24.5,"11.9404,108.4583",90.8
2024-01-16 19:09:00,VIN-D0083,87.2,59.9,"21.0285,105.8542",74.5
2024-01-16 19:12:00,VIN-D0084,62.5,34.4,"20.8449,106.6881",84.1
2024-01-16 19:15:00,VIN-D0085,18.5,29.8,"21.0285,105.8542",71.2
2024-01-16 19:18:00,VIN-D0086,46.7,27.3,"21.0285,105.8542",89.0
2024-01-16 19:21:00,VIN-D0087,84.9,34.2,"10.0452,105.7469",101.6
2024-01-16 19:24:00,VIN-D0088,30.3,95.2,"21.0285,105.8542",73.3
2024-01-16 19:27:00,VIN-D0089,49.3,37.1,"11.9404,108.4583",107.0
2024-01-16 19:30:00,VIN-D0090,88.6,82.9,"11.9404,108.4583",92.9
2024-01-16 19:33:00,VIN-D0091,31.0,12.0,"10.0452,105.7469",90.0
2024-01-16 19:36:00,VIN-D0092,90.6,92.5,"10.0452,105.7469",100.5
2024-01-16 19:39:00,VIN-D0093,49.2,91.4,"20.8449,106.6881",83.5
2024-01-16 19:42:00,VIN-D0094,59.6,51.4,"10.9460,108.4419",87.1
2024-01-16 19:45:00,VIN-D0095,59.1,51.4,"10.0452,105.7469",84.4
2024-01-16 19:48:00,VIN-D0096,67.1,11.8,"12.2388,109.1967",73.6
2024-01-16 19:51:00,VIN-D0097,30.8,61.6,"11.9404,108.4583",78.8
2024-01-16 19:54:00,VIN-D0098,97.7,57.8,"12.2388,109.1967",77.2
2024-01-16 19:57:00,VIN-D0099,94.4,86.2,"10.0452,105.7469",78.0
2024-01-16 20:00:00,VIN-D0100,72.8,69.6,"10.9460,108.4419",104.0
2024-01-16 20:03:00,VIN-D0101,13.8,87.3,"10.8231,106.6297",73.8
2024-01-16 20:06:00,VIN-D0102,9.8,62.9,"11.9404,108.4583",82.3
2024-01-16 20:09:00,VIN-D0103,116.0,34.2,"16.0544,108.2022",100.0
2024-01-16 20:12:00,VIN-D0104,49.5,28.9,"16.0544,108.2022",100.3
2024-01-16 20:15:00,VIN-D0105,31.4,60.6,"10.8231,106.6297",73.5
2024-01-16 20:18:00,VIN-D0106,103.7,54.8,"20.8449,106.6881",73.9
2024-01-16 20:21:00,VIN-D0107,112.1,78.8,"12.2388,109.1967",103.0
2024-01-16 20:24:00,VIN-D0108,84.5,6.8,"21.0285,105.8542",83.7
2024-01-16 20:27:00,VIN-D0109,108.7,26.3,"10.8231,106.6297",85.3
2024-01-16 20:30:00,VIN-D0110,73.6,59.4,"10.9460,108.4419",96.7
2024-01-16 20:33:00,VIN-D0111,46.5,22.2,"10.8231,106.6297",93.4
2024-01-16 20:36:00,VIN-D0112,47.3,9.3,"16.0544,108.2022",100.5
2024-01-16 20:39:00,VIN-D0113,55.0,46.1,"10.0452,105.7469",97.0
2024-01-16 20:42:00,VIN-D0114,6.9,53.3,"20.8449,106.6881",92.7
2024-01-16 20:45:00,VIN-D0115,52.7,20.0,"12.2388,109.1967",106.4
2024-01-16 20:48:00,VIN-D0116,74.5,49.6,"11.9404,108.4583",84.5
2024-01-16 20:51:00,VIN-D0117,81.8,63.7,"16.0544,108.2022",100.7
2024-01-16 20:54:00,VIN-D0118,58.7,5.7,"21.0285,105.8542",97.3
2024-01-16 20:57:00,VIN-D0119,37.0,63.8,"10.9460,108.4419",97.0
2024-01-16 21:00:00,VIN-D0120,24.7,81.8,"20.8449,106.6881",70.2
2024-01-16 21:03:00,VIN-D0121,116.0,45.3,"11.9404,108.4583",86.3
2024-01-16 21:06:00,VIN-D0122,66.2,55.9,"20.8449,106.6881",100.2
2024-01-16 21:09:00,VIN-D0123,4.2,76.8,"11.9404,108.4583",96.9
2024-01-16 21:12:00,VIN-D0124,56.9,94.5,"20.8449,106.6881",109.5
2024-01-16 21:15:00,VIN-D0125,57.5,83.8,"12.2388,109.1967",103.2
2024-01-16 21:18:00,VIN-D0126,113.9,92.0,"20.8449,106.6881",81.0
2024-01-16 21:21:00,VIN-D0127,106.0,9.9,"20.8449,106.6881",78.0
2024-01-16 21:24:00,VIN-D0128,58.8,84.8,"20.8449,106.6881",105.4
2024-01-16 21:27:00,VIN-D0129,91.8,38.3,"20.8449,106.6881",102.3
2024-01-16 21:30:00,VIN-D0130,95.8,74.9,"10.9460,108.4419",96.2
2024-01-16 21:33:00,VIN-D0131,46.5,63.8,"12.2388,109.1967",108.9
2024-01-16 21:36:00,VIN-D0132,89.3,38.1,"10.0452,105.7469",81.0
2024-01-16 21:39:00,VIN-D0133,53.2,29.0,"11.9404,108.4583",95.9
2024-01-16 21:42:00,VIN-D0134,86.0,17.3,"10.8231,106.6297",101.0
2024-01-16 21:45:00,VIN-D0135,29.0,52.0,"10.8231,106.6297",92.4
2024-01-16 21:48:00,VIN-D0136,32.7,84.0,"20.8449,106.6881",82.6
2024-01-16 21:51:00,VIN-D0137,27.2,64.3,"11.9404,108.4583",105.1
2024-01-16 21:54:00,VIN-D0138,28.4,81.4,"11.9404,108.4583",81.2
2024-01-16 21:57:00,VIN-D0139,104.0,8.1,"10.9460,108.4419",91.0
2024-01-16 22:00:00,VIN-D0140,45.0,55.5,"10.0452,105.7469",99.2
2024-01-16 22:03:00,VIN-D0141,44.6,43.3,"10.0452,105.7469",77.5
2024-01-16 22:06:00,VIN-D0142,72.9,28.5,"20.8449,106.6881",82.1
2024-01-16 22:09:00,VIN-D0143,88.8,9.1,"12.2388,109.1967",102.5
2024-01-16 22:12:00,VIN-D0144,3.5,26.0,"10.0452,105.7469",72.2
2024-01-16 22:15:00,VIN-D0145,96.4,31.1,"11.9404,108.4583",70.1
2024-01-16 22:18:00,VIN-D0146,105.6,25.8,"12.2388,109.1967",103.5
2024-01-16 22:21:00,VIN-D0147,37.7,9.4,"16.0544,108.2022",86.3
2024-01-16 22:24:00,VIN-D0148,62.0,87.6,"10.9460,108.4419",95.3
2024-01-16 22:27:00,VIN-D0149,51.8,24.2,"12.2388,109.1967",107.0
2024-01-16 22:30:00,VIN-D0150,56.1,66.5,"12.2388,109.1967",97.7
2024-01-16 22:33:00,VIN-D0151,119.7,95.6,"20.8449,106.6881",104.6
2024-01-16 22:36:00,VIN-D0152,89.5,28.5,"16.0544,108.2022",106.1
2024-01-16 22:39:00,VIN-D0153,23.6,79.5,"10.9460,108.4419",80.6
2024-01-16 22:42:00,VIN-D0154,40.3,18.9,"10.8231,106.6297",98.3
2024-01-16 22:45:00,VIN-D0155,90.9,31.9,"21.0285,105.8542",72.1
2024-01-16 22:48:00,VIN-D0156,10.7,22.0,"10.9460,108.4419",87.4
2024-01-16 22:51:00,VIN-D0157,58.0,55.7,"11.9404,108.4583",74.6
2024-01-16 22:54:00,VIN-D0158,35.9,54.2,"10.9460,108.4419",89.0
2024-01-16 22:57:00,VIN-D0159,76.1,24.2,"10.0452,105.7469",109.8
2024-01-16 23:00:00,VIN-D0160,103.6,7.1,"21.0285,105.8542",80.5
2024-01-16 23:03:00,VIN-D0161,25.8,35.5,"11.9404,108.4583",80.8
2024-01-16 23:06:00,VIN-D0162,113.6,55.2,"10.0452,105.7469",104.2
2024-01-16 23:09:00,VIN-D0163,2.8,81.8,"11.9404,108.4583",96.7
2024-01-16 23:12:00,VIN-D0164,92.2,70.2,"20.8449,106.6881",71.3
2024-01-16 23:15:00,VIN-D0165,91.3,7.8,"20.8449,106.6881",104.4
2024-01-16 23:18:00,VIN-D0166,56.4,46.1,"10.9460,108.4419",72.4
2024-01-16 23:21:00,VIN-D0167,10.2,85.4,"21.0285,105.8542",107.7
2024-01-16 23:24:00,VIN-D0168,72.0,27.7,"20.8449,106.6881",106.9
2024-01-16 23:27:00,VIN-D0169,103.5,59.1,"16.0544,108.2022",77.5
2024-01-16 23:30:00,VIN-D0170,55.4,39.6,"12.2388,109.1967",108.4
2024-01-16 23:33:00,VIN-D0171,12.3,75.0,"10.0452,105.7469",106.4
2024-01-16 23:36:00,VIN-D0172,29.8,44.1,"10.9460,108.4419",70.4
2024-01-16 23:39:00,VIN-D0173,110.0,53.0,"10.8231,106.6297",89.6
2024-01-16 23:42:00,VIN-D0174,7.9,9.3,"20.8449,106.6881",103.8
2024-01-16 23:45:00,VIN-D0175,43.6,89.2,"20.8449,106.6881",80.7
2024-01-16 23:48:00,VIN-D0176,59.5,96.7,"10.0452,105.7469",100.5
2024-01-16 23:51:00,VIN-D0177,81.7,33.6,"12.2388,109.1967",90.5
2024-01-16 23:54:00,VIN-D0178,23.6,6.0,"12.2388,109.1967",90.7
2024-01-16 23:57:00,VIN-D0179,92.3,48.9,"20.8449,106.6881",107.2
2024-01-17 00:00:00,VIN-D0180,39.4,32.1,"10.8231,106.6297",104.7
2024-01-17 00:03:00,VIN-D0181,105.3,63.9,"10.9460,108.4419",77.4
2024-01-17 00:06:00,VIN-D0182,6.9,5.9,"21.0285,105.8542",104.7
2024-01-17 00:09:00,VIN-D0183,66.5,82.8,"10.0452,105.7469",101.7
2024-01-17 00:12:00,VIN-D0184,94.3,81.3,"12.2388,109.1967",79.8
2024-01-17 00:15:00,VIN-D0185,113.8,45.7,"11.9404,108.4583",99.8
2024-01-17 00:18:00,VIN-D0186,60.3,30.4,"12.2388,109.1967",109.8
2024-01-17 00:21:00,VIN-D0187,106.7,57.3,"11.9404,108.4583",109.9
2024-01-17 00:24:00,VIN-D0188,70.5,7.3,"16.0544,108.2022",108.9
2024-01-17 00:27:00,VIN-D0189,4.0,64.5,"11.9404,108.4583",87.4
2024-01-17 00:30:00,VIN-D0190,101.4,83.4,"16.0544,108.2022",86.9
2024-01-17 00:33:00,VIN-D0191,75.0,10.1,"11.9404,108.4583",76.4
2024-01-17 00:36:00,VIN-D0192,100.0,66.7,"16.0544,108.2022",94.3
2024-01-17 00:39:00,VIN-D0193,71.8,64.1,"20.8449,106.6881",77.8
2024-01-17 00:42:00,VIN-D0194,2.6,62.0,"16.0544,108.2022",106.4
2024-01-17 00:45:00,VIN-D0195,43.0,96.6,"11.9404,108.4583",80.6
2024-01-17 00:48:00,VIN-D0196,0.4,28.3,"10.9460,108.4419",93.9
2024-01-17 00:51:00,VIN-D0197,71.2,81.3,"12.2388,109.1967",102.2
2024-01-17 00:54:00,VIN-D0198,101.0,81.4,"10.9460,108.4419",78.3
2024-01-17 00:57:00,VIN-D0199,19.6,16.2,"11.9404,108.4583",78.6
2024-01-17 01:00:00,VIN-D0200,67.0,92.5,"10.8231,106.6297",70.9
2024-01-17 01:03:00,VIN-D0201,15.4,12.4,"16.0544,108.2022",98.0
2024-01-17 01:06:00,VIN-D0202,91.0,70.8,"20.8449,106.6881",107.3
2024-01-17 01:09:00,VIN-D0203,15.2,91.3,"12.2388,109.1967",91.1
2024-01-17 01:12:00,VIN-D0204,14.9,70.8,"10.0452,105.7469",106.4
2024-01-17 01:15:00,VIN-D0205,6.7,96.3,"12.2388,109.1967",91.2
2024-01-17 01:18:00,VIN-D0206,85.1,25.7,"11.9404,108.4583",87.7
2024-01-17 01:21:00,VIN-D0207,98.9,62.0,"10.0452,105.7469",93.5
2024-01-17 01:24:00,VIN-D0208,63.1,76.1,"12.2388,109.1967",103.2
2024-01-17 01:27:00,VIN-D0209,39.5,69.6,"10.0452,105.7469",91.1
2024-01-17 01:30:00,VIN-D0210,12.6,86.5,"16.0544,108.2022",89.4
2024-01-17 01:33:00,VIN-D0211,103.1,22.8,"16.0544,108.2022",87.5
2024-01-17 01:36:00,VIN-D0212,32.9,17.5,"11.9404,108.4583",104.7
2024-01-17 01:39:00,VIN-D0213,11.8,37.6,"11.9404,108.4583",84.6
2024-01-17 01:42:00,VIN-D0214,56.0,44.8,"21.0285,105.8542",83.5
2024-01-17 01:45:00,VIN-D0215,40.6,8.9,"10.8231,106.6297",107.5
2024-01-17 01:48:00,VIN-D0216,14.9,45.2,"11.9404,108.4583",103.8
2024-01-17 01:51:00,VIN-D0217,31.4,52.7,"20.8449,106.6881",74.1
2024-01-17 01:54:00,VIN-D0218,95.9,6.4,"12.2388,109.1967",90.5
2024-01-17 01:57:00,VIN-D0219,33.8,75.2,"11.9404,108.4583",99.5
2024-01-17 02:00:00,VIN-D0220,61.3,17.9,"12.2388,109.1967",81.5
2024-01-17 02:03:00,VIN-D0221,85.4,8.9,"11.9404,108.4583",71.1
2024-01-17 02:06:00,VIN-D0222,111.9,44.2,"11.9404,108.4583",83.9
2024-01-17 02:09:00,VIN-D0223,42.3,71.3,"10.0452,105.7469",84.7
2024-01-17 02:12:00,VIN-D0224,39.9,53.5,"10.8231,106.6297",90.3
2024-01-17 02:15:00,VIN-D0225,85.4,68.1,"10.9460,108.4419",87.5
2024-01-17 02:18:00,VIN-D0226,39.6,47.5,"10.9460,108.4419",95.1
2024-01-17 02:21:00,VIN-D0227,112.1,30.8,"16.0544,108.2022",84.8
2024-01-17 02:24:00,VIN-D0228,105.5,16.2,"10.0452,105.7469",90.6
2024-01-17 02:27:00,VIN-D0229,17.8,32.4,"10.0452,105.7469",89.3
2024-01-17 02:30:00,VIN-D0230,56.4,8.7,"10.9460,108.4419",72.5
2024-01-17 02:33:00,VIN-D0231,34.2,36.4,"11.9404,108.4583",94.0
2024-01-17 02:36:00,VIN-D0232,34.1,84.1,"20.8449,106.6881",88.5
2024-01-17 02:39:00,VIN-D0233,31.8,73.4,"21.0285,105.8542",87.5
2024-01-17 02:42:00,VIN-D0234,15.9,69.4,"11.9404,108.4583",101.5
2024-01-17 02:45:00,VIN-D0235,79.1,51.4,"16.0544,108.2022",83.2
2024-01-17 02:48:00,VIN-D0236,70.3,37.6,"10.8231,106.6297",107.2
2024-01-17 02:51:00,VIN-D0237,93.2,45.9,"12.2388,109.1967",95.0
2024-01-17 02:54:00,VIN-D0238,94.9,40.7,"21.0285,105.8542",101.3
2024-01-17 02:57:00,VIN-D0239,109.4,98.6,"10.9460,108.4419",75.9
2024-01-17 03:00:00,VIN-D0240,57.9,39.2,"21.0285,105.8542",107.7
2024-01-17 03:03:00,VIN-D0241,98.0,95.1,"10.0452,105.7469",81.1
2024-01-17 03:06:00,VIN-D0242,59.6,93.2,"10.8231,106.6297",72.2
2024-01-17 03:09:00,VIN-D0243,34.0,39.6,"10.0452,105.7469",101.6
2024-01-17 03:12:00,VIN-D0244,42.4,64.1,"11.9404,108.4583",105.5
2024-01-17 03:15:00,VIN-D0245,43.6,46.3,"16.0544,108.2022",108.3
2024-01-17 03:18:00,VIN-D0246,50.9,58.0,"10.0452,105.7469",78.1
2024-01-17 03:21:00,VIN-D0247,95.3,93.1,"10.9460,108.4419",98.0
2024-01-17 03:24:00,VIN-D0248,103.3,44.4,"10.8231,106.6297",92.4
2024-01-17 03:27:00,VIN-D0249,93.9,38.8,"10.8231,106.6297",82.1
2024-01-17 03:30:00,VIN-D0250,96.4,60.2,"10.8231,106.6297",90.1
2024-01-17 03:33:00,VIN-D0251,91.1,9.8,"10.0452,105.7469",73.2
2024-01-17 03:36:00,VIN-D0252,10.7,91.5,"10.9460,108.4419",92.4
2024-01-17 03:39:00,VIN-D0253,91.9,13.9,"10.9460,108.4419",93.3
2024-01-17 03:42:00,VIN-D0254,26.8,57.8,"10.8231,106.6297",101.1
2024-01-17 03:45:00,VIN-D0255,73.9,96.7,"21.0285,105.8542",96.7
2024-01-17 03:48:00,VIN-D0256,50.4,54.7,"11.9404,108.4583",95.8
2024-01-17 03:51:00,VIN-D0257,2.9,13.4,"11.9404,108.4583",84.9
2024-01-17 03:54:00,VIN-D0258,91.5,23.7,"21.0285,105.8542",73.7
2024-01-17 03:57:00,VIN-D0259,44.3,24.4,"10.8231,106.6297",76.5
2024-01-17 04:00:00,VIN-D0260,34.2,8.1,"10.0452,105.7469",97.4
2024-01-17 04:03:00,VIN-D0261,88.0,72.2,"20.8449,106.6881",79.7
2024-01-17 04:06:00,VIN-D0262,70.5,22.6,"10.8231,106.6297",96.6
2024-01-17 04:09:00,VIN-D0263,106.7,56.6,"10.9460,108.4419",90.8
2024-01-17 04:12:00,VIN-D0264,113.2,99.5,"21.0285,105.8542",92.4
2024-01-17 04:15:00,VIN-D0265,73.8,55.2,"12.2388,109.1967",108.1
2024-01-17 04:18:00,VIN-D0266,54.0,14.4,"20.8449,106.6881",100.9
2024-01-17 04:21:00,VIN-D0267,51.9,28.6,"12.2388,109.1967",105.2
2024-01-17 04:24:00,VIN-D0268,96.5,75.2,"10.0452,105.7469",82.0
2024-01-17 04:27:00,VIN-D0269,83.9,22.6,"16.0544,108.2022",99.7
2024-01-17 04:30:00,VIN-D0270,48.6,32.7,"12.2388,109.1967",76.0
2024-01-17 04:33:00,VIN-D0271,97.9,34.2,"10.8231,106.6297",80.3
2024-01-17 04:36:00,VIN-D0272,77.8,23.4,"16.0544,108.2022",100.5
2024-01-17 04:39:00,VIN-D0273,71.9,46.2,"10.0452,105.7469",87.7
2024-01-17 04:42:00,VIN-D0274,94.2,36.1,"21.0285,105.8542",97.3
2024-01-17 04:45:00,VIN-D0275,66.0,47.1,"12.2388,109.1967",80.9
2024-01-17 04:48:00,VIN-D0276,68.0,34.6,"10.9460,108.4419",96.6
2024-01-17 04:51:00,VIN-D0277,36.7,95.2,"20.8449,106.6881",102.6
2024-01-17 04:54:00,VIN-D0278,26.1,80.4,"11.9404,108.4583",80.0
2024-01-17 04:57:00,VIN-D0279,97.2,36.4,"20.8449,106.6881",86.1
2024-01-17 05:00:00,VIN-D0280,78.4,23.6,"12.2388,109.1967",70.4
2024-01-17 05:03:00,VIN-D0281,18.3,41.0,"10.8231,106.6297",103.9
2024-01-17 05:06:00,VIN-D0282,112.6,81.5,"12.2388,109.1967",100.6
2024-01-17 05:09:00,VIN-D0283,70.7,42.1,"21.0285,105.8542",108.3
2024-01-17 05:12:00,VIN-D0284,14.6,98.7,"16.0544,108.2022",103.6
2024-01-17 05:15:00,VIN-D0285,69.2,80.1,"10.0452,105.7469",96.6
2024-01-17 05:18:00,VIN-D0286,78.0,97.6,"16.0544,108.2022",80.7
2024-01-17 05:21:00,VIN-D0287,67.2,18.1,"10.8231,106.6297",79.1
2024-01-17 05:24:00,VIN-D0288,24.9,51.2,"12.2388,109.1967",72.1
2024-01-17 05:27:00,VIN-D0289,46.4,72.7,"10.0452,105.7469",90.6
2024-01-17 05:30:00,VIN-D0290,59.0,33.6,"11.9404,108.4583",89.8
2024-01-17 05:33:00,VIN-D0291,29.4,93.2,"11.9404,108.4583",83.1
2024-01-17 05:36:00,VIN-D0292,46.2,81.0,"11.9404,108.4583",97.0
2024-01-17 05:39:00,VIN-D0293,53.9,42.9,"11.9404,108.4583",103.0
2024-01-17 05:42:00,VIN-D0294,55.2,41.6,"10.8231,106.6297",72.2
2024-01-17 05:45:00,VIN-D0295,42.3,11.4,"16.0544,108.2022",106.7
2024-01-17 05:48:00,VIN-D0296,76.5,50.5,"20.8449,106.6881",80.4
2024-01-17 05:51:00,VIN-D0297,30.7,62.2,"10.0452,105.7469",108.7
2024-01-17 05:54:00,VIN-D0298,109.9,20.7,"10.8231,106.6297",84.7
2024-01-17 05:57:00,VIN-D0299,12.9,96.4,"11.9404,108.4583",77.7
2024-01-17 06:00:00,VIN-D0300,30.2,29.1,"10.8231,106.6297",72.5
2024-01-17 06:03:00,VIN-D0301,18.1,98.2,"20.8449,106.6881",87.7
2024-01-17 06:06:00,VIN-D0302,54.7,14.5,"11.9404,108.4583",75.5
2024-01-17 06:09:00,VIN-D0303,29.9,12.9,"21.0285,105.8542",92.9
2024-01-17 06:12:00,VIN-D0304,63.3,68.7,"10.8231,106.6297",102.2
2024-01-17 06:15:00,VIN-D0305,49.1,64.6,"10.0452,105.7469",79.0
2024-01-17 06:18:00,VIN-D0306,105.5,57.0,"10.8231,106.6297",91.7
2024-01-17 06:21:00,VIN-D0307,75.1,98.9,"16.0544,108.2022",103.3
2024-01-17 06:24:00,VIN-D0308,85.1,52.6,"10.9460,108.4419",106.0
2024-01-17 06:27:00,VIN-D0309,49.3,99.5,"16.0544,108.2022",104.2
2024-01-17 06:30:00,VIN-D0310,80.6,70.7,"10.8231,106.6297",101.2
2024-01-17 06:33:00,VIN-D0311,15.5,24.4,"21.0285,105.8542",70.1
2024-01-17 06:36:00,VIN-D0312,4.9,98.3,"21.0285,105.8542",99.5
2024-01-17 06:39:00,VIN-D0313,58.9,8.6,"16.0544,108.2022",75.1
2024-01-17 06:42:00,VIN-D0314,9.8,30.4,"10.9460,108.4419",106.0
2024-01-17 06:45:00,VIN-D0315,78.5,84.2,"12.2388,109.1967",93.2
2024-01-17 06:48:00,VIN-D0316,92.0,39.4,"10.8231,106.6297",83.4
2024-01-17 06:51:00,VIN-D0317,15.9,6.8,"16.0544,108.2022",84.1
2024-01-17 06:54:00,VIN-D0318,74.5,14.1,"21.0285,105.8542",102.1
2024-01-17 06:57:00,VIN-D0319,25.9,90.8,"10.0452,105.7469",71.8
2024-01-17 07:00:00,VIN-D0320,113.1,5.6,"10.9460,108.4419",89.2
2024-01-17 07:03:00,VIN-D0321,107.6,73.4,"21.0285,105.8542",78.8
2024-01-17 07:06:00,VIN-D0322,51.4,6.0,"16.0544,108.2022",105.9
2024-01-17 07:09:00,VIN-D0323,117.4,15.3,"10.9460,108.4419",81.5
2024-01-17 07:12:00,VIN-D0324,96.4,24.1,"10.9460,108.4419",74.4
2024-01-17 07:15:00,VIN-D0325,119.8,27.7,"16.0544,108.2022",71.7
2024-01-17 07:18:00,VIN-D0326,29.5,62.9,"10.9460,108.4419",81.3
2024-01-17 07:21:00,VIN-D0327,96.0,22.1,"20.8449,106.6881",86.4
2024-01-17 07:24:00,VIN-D0328,47.8,9.1,"10.0452,105.7469",78.0
2024-01-17 07:27:00,VIN-D0329,10.4,44.3,"11.9404,108.4583",83.6
2024-01-17 07:30:00,VIN-D0330,2.7,77.5,"12.2388,109.1967",88.1
2024-01-17 07:33:00,VIN-D0331,39.8,19.2,"10.9460,108.4419",107.6
2024-01-17 07:36:00,VIN-D0332,107.3,69.1,"20.8449,106.6881",95.2
2024-01-17 07:39:00,VIN-D0333,56.8,10.5,"10.9460,108.4419",99.0
2024-01-17 07:42:00,VIN-D0334,13.5,5.7,"11.9404,108.4583",106.1
2024-01-17 07:45:00,VIN-D0335,101.5,92.2,"20.8449,106.6881",92.0
2024-01-17 07:48:00,VIN-D0336,5.0,60.0,"11.9404,108.4583",88.5
2024-01-17 07:51:00,VIN-D0337,9.1,11.7,"16.0544,108.2022",73.3
2024-01-17 07:54:00,VIN-D0338,62.7,85.7,"10.9460,108.4419",104.8
2024-01-17 07:57:00,VIN-D0339,71.9,82.0,"10.0452,105.7469",84.6
2024-01-17 08:00:00,VIN-D0340,95.5,59.6,"10.0452,105.7469",100.4
2024-01-17 08:03:00,VIN-D0341,110.3,6.6,"11.9404,108.4583",80.9
2024-01-17 08:06:00,VIN-D0342,33.8,60.4,"11.9404,108.4583",108.7
2024-01-17 08:09:00,VIN-D0343,104.5,44.8,"10.9460,108.4419",102.7
2024-01-17 08:12:00,VIN-D0344,107.6,60.3,"10.0452,105.7469",75.8
2024-01-17 08:15:00,VIN-D0345,13.0,55.2,"10.8231,106.6297",75.9
2024-01-17 08:18:00,VIN-D0346,21.2,69.9,"20.8449,106.6881",100.0
2024-01-17 08:21:00,VIN-D0347,94.1,64.7,"11.9404,108.4583",99.6
2024-01-17 08:24:00,VIN-D0348,68.8,18.6,"10.8231,106.6297",82.2
2024-01-17 08:27:00,VIN-D0349,102.7,67.0,"21.0285,105.8542",82.9
2024-01-17 08:30:00,VIN-D0350,36.6,52.9,"11.9404,108.4583",73.9
2024-01-17 08:33:00,VIN-D0351,72.8,23.1,"20.8449,106.6881",101.0
2024-01-17 08:36:00,VIN-D0352,86.8,26.3,"20.8449,106.6881",78.1
2024-01-17 08:39:00,VIN-D0353,28.6,35.0,"11.9404,108.4583",98.0
2024-01-17 08:42:00,VIN-D0354,23.2,71.6,"10.8231,106.6297",70.1
2024-01-17 08:45:00,VIN-D0355,98.4,90.5,"21.0285,105.8542",86.2
2024-01-17 08:48:00,VIN-D0356,118.9,27.2,"10.9460,108.4419",71.3
2024-01-17 08:51:00,VIN-D0357,77.6,14.1,"10.9460,108.4419",70.4
2024-01-17 08:54:00,VIN-D0358,116.0,30.6,"10.8231,106.6297",74.5
2024-01-17 08:57:00,VIN-D0359,22.1,71.9,"16.0544,108.2022",92.1
2024-01-17 09:00:00,VIN-D0360,81.6,81.5,"10.0452,105.7469",106.8
2024-01-17 09:03:00,VIN-D0361,75.3,58.7,"10.9460,108.4419",73.7
2024-01-17 09:06:00,VIN-D0362,77.0,85.5,"11.9404,108.4583",85.2
2024-01-17 09:09:00,VIN-D0363,13.0,41.0,"10.9460,108.4419",85.0
2024-01-17 09:12:00,VIN-D0364,42.6,14.0,"10.0452,105.7469",108.7
2024-01-17 09:15:00,VIN-D0365,92.9,27.7,"21.0285,105.8542",109.2
2024-01-17 09:18:00,VIN-D0366,82.3,73.5,"21.0285,105.8542",101.0
2024-01-17 09:21:00,VIN-D0367,72.8,57.1,"10.0452,105.7469",98.7
2024-01-17 09:24:00,VIN-D0368,8.8,60.9,"20.8449,106.6881",81.5
2024-01-17 09:27:00,VIN-D0369,59.9,54.3,"12.2388,109.1967",98.9
2024-01-17 09:30:00,VIN-D0370,5.2,38.3,"12.2388,109.1967",107.1
2024-01-17 09:33:00,VIN-D0371,104.4,83.7,"11.9404,108.4583",92.8
2024-01-17 09:36:00,VIN-D0372,111.8,40.0,"10.8231,106.6297",96.6
2024-01-17 09:39:00,VIN-D0373,102.3,99.1,"11.9404,108.4583",70.3
2024-01-17 09:42:00,VIN-D0374,31.3,22.1,"10.8231,106.6297",88.8
2024-01-17 09:45:00,VIN-D0375,105.7,35.4,"16.0544,108.2022",96.1
2024-01-17 09:48:00,VIN-D0376,86.5,47.8,"16.0544,108.2022",86.4
2024-01-17 09:51:00,VIN-D0377,91.2,97.9,"20.8449,106.6881",101.5
2024-01-17 09:54:00,VIN-D0378,98.3,11.2,"20.8449,106.6881",90.5
2024-01-17 09:57:00,VIN-D0379,103.8,75.3,"10.8231,106.6297",109.6
2024-01-17 10:00:00,VIN-D0380,106.3,79.9,"20.8449,106.6881",103.5
2024-01-17 10:03:00,VIN-D0381,70.5,11.5,"12.2388,109.1967",103.8
2024-01-17 10:06:00,VIN-D0382,0.4,57.8,"10.9460,108.4419",72.0
2024-01-17 10:09:00,VIN-D0383,104.7,99.5,"10.9460,108.4419",97.6
2024-01-17 10:12:00,VIN-D0384,80.0,55.1,"11.9404,108.4583",107.2
2024-01-17 10:15:00,VIN-D0385,96.3,68.4,"10.9460,108.4419",88.6
2024-01-17 10:18:00,VIN-D0386,58.9,52.1,"10.8231,106.6297",73.4
2024-01-17 10:21:00,VIN-D0387,80.5,49.1,"20.8449,106.6881",90.3
2024-01-17 10:24:00,VIN-D0388,105.7,14.6,"11.9404,108.4583",87.1
2024-01-17 10:27:00,VIN-D0389,78.7,74.8,"20.8449,106.6881",82.2
2024-01-17 10:30:00,VIN-D0390,3.4,51.6,"10.0452,105.7469",95.4
2024-01-17 10:33:00,VIN-D0391,115.4,39.4,"21.0285,105.8542",109.6
2024-01-17 10:36:00,VIN-D0392,98.1,19.2,"11.9404,108.4583",104.6
2024-01-17 10:39:00,VIN-D0393,108.2,16.4,"10.0452,105.7469",84.7
2024-01-17 10:42:00,VIN-D0394,28.8,93.1,"10.9460,108.4419",101.9
2024-01-17 10:45:00,VIN-D0395,87.7,79.3,"16.0544,108.2022",84.1
2024-01-17 10:48:00,VIN-D0396,5.8,38.9,"20.8449,106.6881",88.7
2024-01-17 10:51:00,VIN-D0397,31.9,82.0,"20.8449,106.6881",95.6
2024-01-17 10:54:00,VIN-D0398,22.7,56.4,"16.0544,108.2022",99.2
2024-01-17 10:57:00,VIN-D0399,58.8,52.2,"10.9460,108.4419",107.8
2024-01-17 11:00:00,VIN-D0400,33.9,47.9,"10.0452,105.7469",85.0
2024-01-17 11:03:00,VIN-D0401,118.2,93.2,"11.9404,108.4583",96.2
2024-01-17 11:06:00,VIN-D0402,36.8,56.0,"11.9404,108.4583",85.5
2024-01-17 11:09:00,VIN-D0403,69.4,49.6,"21.0285,105.8542",77.1
2024-01-17 11:12:00,VIN-D0404,17.4,8.4,"21.0285,105.8542",94.5
2024-01-17 11:15:00,VIN-D0405,7.4,41.1,"12.2388,109.1967",87.0
2024-01-17 11:18:00,VIN-D0406,69.4,19.1,"10.9460,108.4419",74.5
2024-01-17 11:21:00,VIN-D0407,10.7,44.9,"10.0452,105.7469",78.4
2024-01-17 11:24:00,VIN-D0408,28.7,8.6,"21.0285,105.8542",79.8
2024-01-17 11:27:00,VIN-D0409,66.6,57.9,"10.8231,106.6297",82.8
2024-01-17 11:30:00,VIN-D0410,47.2,17.6,"10.9460,108.4419",85.0
2024-01-17 11:33:00,VIN-D0411,28.3,85.1,"16.0544,108.2022",86.9
2024-01-17 11:36:00,VIN-D0412,20.6,17.9,"12.2388,109.1967",101.0
2024-01-17 11:39:00,VIN-D0413,114.7,29.1,"21.0285,105.8542",74.5
2024-01-17 11:42:00,VIN-D0414,67.0,43.3,"10.0452,105.7469",81.6
2024-01-17 11:45:00,VIN-D0415,44.2,47.9,"16.0544,108.2022",102.0
2024-01-17 11:48:00,VIN-D0416,16.5,26.0,"10.9460,108.4419",95.8
2024-01-17 11:51:00,VIN-D0417,61.3,36.9,"10.8231,106.6297",101.7
2024-01-17 11:54:00,VIN-D0418,68.1,31.3,"10.9460,108.4419",84.9
2024-01-17 11:57:00,VIN-D0419,91.0,66.6,"11.9404,108.4583",83.0
2024-01-17 12:00:00,VIN-D0420,57.9,67.7,"10.9460,108.4419",101.2
2024-01-17 12:03:00,VIN-D0421,67.5,48.6,"10.0452,105.7469",73.0
2024-01-17 12:06:00,VIN-D0422,15.1,33.6,"12.2388,109.1967",95.6
2024-01-17 12:09:00,VIN-D0423,24.8,28.5,"21.0285,105.8542",72.7
2024-01-17 12:12:00,VIN-D0424,39.7,38.4,"16.0544,108.2022",106.0
2024-01-17 12:15:00,VIN-D0425,55.1,9.8,"12.2388,109.1967",90.6
2024-01-17 12:18:00,VIN-D0426,88.0,22.9,"11.9404,108.4583",88.0
2024-01-17 12:21:00,VIN-D0427,42.3,44.7,"12.2388,109.1967",77.9
2024-01-17 12:24:00,VIN-D0428,69.2,43.7,"20.8449,106.6881",105.6
2024-01-17 12:27:00,VIN-D0429,94.9,97.8,"11.9404,108.4583",83.0
2024-01-17 12:30:00,VIN-D0430,48.0,77.1,"10.0452,105.7469",101.0
2024-01-17 12:33:00,VIN-D0431,69.5,92.0,"12.2388,109.1967",102.1
2024-01-17 12:36:00,VIN-D0432,7.3,73.1,"10.8231,106.6297",82.0
2024-01-17 12:39:00,VIN-D0433,103.0,79.1,"10.9460,108.4419",80.4
2024-01-17 12:42:00,VIN-D0434,23.2,31.4,"16.0544,108.2022",74.6
2024-01-17 12:45:00,VIN-D0435,114.9,15.1,"21.0285,105.8542",90.2
2024-01-17 12:48:00,VIN-D0436,105.3,63.4,"21.0285,105.8542",78.6
2024-01-17 12:51:00,VIN-D0437,18.7,85.5,"10.0452,105.7469",84.8
2024-01-17 12:54:00,VIN-D0438,116.5,35.5,"12.2388,109.1967",101.9
2024-01-17 12:57:00,VIN-D0439,106.5,12.4,"21.0285,105.8542",83.0
2024-01-17 13:00:00,VIN-D0440,59.9,86.2,"12.2388,109.1967",88.3
2024-01-17 13:03:00,VIN-D0441,47.5,66.1,"20.8449,106.6881",81.5
2024-01-17 13:06:00,VIN-D0442,112.0,70.3,"20.8449,106.6881",77.5
2024-01-17 13:09:00,VIN-D0443,99.9,36.8,"11.9404,108.4583",81.4
2024-01-17 13:12:00,VIN-D0444,118.7,5.3,"16.0544,108.2022",108.5
2024-01-17 13:15:00,VIN-D0445,99.7,37.5,"12.2388,109.1967",101.7
2024-01-17 13:18:00,VIN-D0446,74.8,71.1,"16.0544,108.2022",96.5
2024-01-17 13:21:00,VIN-D0447,68.4,5.4,"21.0285,105.8542",100.0
2024-01-17 13:24:00,VIN-D0448,29.5,33.0,"12.2388,109.1967",85.4
2024-01-17 13:27:00,VIN-D0449,109.6,92.2,"11.9404,108.4583",103.3
2024-01-17 13:30:00,VIN-D0450,31.1,70.1,"10.8231,106.6297",86.7
2024-01-17 13:33:00,VIN-D0451,95.5,28.7,"21.0285,105.8542",72.1
2024-01-17 13:36:00,VIN-D0452,69.4,78.5,"21.0285,105.8542",85.6
2024-01-17 13:39:00,VIN-D0453,40.5,12.1,"21.0285,105.8542",99.6
2024-01-17 13:42:00,VIN-D0454,0.1,21.2,"12.2388,109.1967",95.3
2024-01-17 13:45:00,VIN-D0455,58.5,42.9,"20.8449,106.6881",90.6
2024-01-17 13:48:00,VIN-D0456,108.7,37.1,"12.2388,109.1967",96.6
2024-01-17 13:51:00,VIN-D0457,10.3,74.5,"11.9404,108.4583",80.8
2024-01-17 13:54:00,VIN-D0458,23.0,69.0,"20.8449,106.6881",85.7
2024-01-17 13:57:00,VIN-D0459,87.7,6.2,"11.9404,108.4583",109.2
2024-01-17 14:00:00,VIN-D0460,71.7,92.5,"11.9404,108.4583",106.2
2024-01-17 14:03:00,VIN-D0461,83.6,88.5,"21.0285,105.8542",87.6
2024-01-17 14:06:00,VIN-D0462,73.5,68.4,"10.9460,108.4419",92.0
2024-01-17 14:09:00,VIN-D0463,67.9,71.9,"16.0544,108.2022",99.5
2024-01-17 14:12:00,VIN-D0464,36.5,21.9,"21.0285,105.8542",102.6
2024-01-17 14:15:00,VIN-D0465,103.5,66.1,"21.0285,105.8542",96.0
2024-01-17 14:18:00,VIN-D0466,19.2,60.4,"12.2388,109.1967",90.2
2024-01-17 14:21:00,VIN-D0467,34.8,32.0,"21.0285,105.8542",78.7
2024-01-17 14:24:00,VIN-D0468,61.6,39.4,"20.8449,106.6881",106.1
2024-01-17 14:27:00,VIN-D0469,69.7,60.1,"12.2388,109.1967",104.2
2024-01-17 14:30:00,VIN-D0470,49.5,19.6,"21.0285,105.8542",103.2
2024-01-17 14:33:00,VIN-D0471,98.5,7.9,"10.9460,108.4419",82.1
2024-01-17 14:36:00,VIN-D0472,5.2,9.9,"12.2388,109.1967",98.1
2024-01-17 14:39:00,VIN-D0473,52.3,98.1,"20.8449,106.6881",86.1
2024-01-17 14:42:00,VIN-D0474,74.9,56.7,"16.0544,108.2022",88.5
2024-01-17 14:45:00,VIN-D0475,112.7,62.0,"10.0452,105.7469",96.5
2024-01-17 14:48:00,VIN-D0476,54.8,68.5,"21.0285,105.8542",106.5
2024-01-17 14:51:00,VIN-D0477,37.5,30.9,"21.0285,105.8542",109.8
2024-01-17 14:54:00,VIN-D0478,116.0,23.2,"16.0544,108.2022",98.8
2024-01-17 14:57:00,VIN-D0479,67.2,7.4,"21.0285,105.8542",73.9
2024-01-17 15:00:00,VIN-D0480,7.4,34.9,"16.0544,108.2022",78.7
2024-01-17 15:03:00,VIN-D0481,43.1,83.7,"16.0544,108.2022",105.5
2024-01-17 15:06:00,VIN-D0482,28.3,22.4,"12.2388,109.1967",107.4
2024-01-17 15:09:00,VIN-D0483,116.7,74.1,"16.0544,108.2022",105.3
2024-01-17 15:12:00,VIN-D0484,105.2,92.5,"20.8449,106.6881",77.0
2024-01-17 15:15:00,VIN-D0485,47.2,84.2,"10.0452,105.7469",110.0
2024-01-17 15:18:00,VIN-D0486,19.0,99.5,"11.9404,108.4583",79.9
2024-01-17 15:21:00,VIN-D0487,100.2,77.0,"12.2388,109.1967",76.4
2024-01-17 15:24:00,VIN-D0488,64.4,46.9,"10.8231,106.6297",102.5
2024-01-17 15:27:00,VIN-D0489,56.9,7.8,"16.0544,108.2022",94.8
2024-01-17 15:30:00,VIN-D0490,87.8,66.9,"10.9460,108.4419",95.6
2024-01-17 15:33:00,VIN-D0491,109.2,45.5,"20.8449,106.6881",106.4
2024-01-17 15:36:00,VIN-D0492,36.3,97.3,"10.9460,108.4419",89.5
2024-01-17 15:39:00,VIN-D0493,16.1,8.8,"11.9404,108.4583",77.1
2024-01-17 15:42:00,VIN-D0494,35.1,70.4,"10.8231,106.6297",79.6
2024-01-17 15:45:00,VIN-D0495,26.2,8.4,"11.9404,108.4583",104.2
2024-01-17 15:48:00,VIN-D0496,2.2,69.0,"10.9460,108.4419",108.7
2024-01-17 15:51:00,VIN-D0497,17.4,80.8,"16.0544,108.2022",83.8
2024-01-17 15:54:00,VIN-D0498,21.9,37.9,"21.0285,105.8542",87.5
2024-01-17 15:57:00,VIN-D0499,97.3,98.9,"10.0452,105.7469",93.7
2024-01-17 16:00:00,VIN-D0500,58.2,85.2,"10.0452,105.7469",93.2
2024-01-17 16:03:00,VIN-D0501,38.3,22.6,"21.0285,105.8542",102.2
2024-01-17 16:06:00,VIN-D0502,20.3,93.2,"10.0452,105.7469",106.3
2024-01-17 16:09:00,VIN-D0503,77.8,97.2,"16.0544,108.2022",101.1
2024-01-17 16:12:00,VIN-D0504,55.1,66.8,"10.8231,106.6297",89.1
2024-01-17 16:15:00,VIN-D0505,118.1,92.3,"12.2388,109.1967",77.2
2024-01-17 16:18:00,VIN-D0506,105.2,38.5,"10.9460,108.4419",100.9
2024-01-17 16:21:00,VIN-D0507,27.7,54.5,"11.9404,108.4583",93.2
2024-01-17 16:24:00,VIN-D0508,8.5,12.7,"20.8449,106.6881",97.3
2024-01-17 16:27:00,VIN-D0509,71.2,69.1,"10.0452,105.7469",82.7
2024-01-17 16:30:00,VIN-D0510,37.5,49.4,"10.8231,106.6297",83.8
2024-01-17 16:33:00,VIN-D0511,97.8,98.4,"10.8231,106.6297",89.8
2024-01-17 16:36:00,VIN-D0512,45.0,73.7,"12.2388,109.1967",92.7
2024-01-17 16:39:00,VIN-D0513,79.0,62.9,"20.8449,106.6881",77.9
2024-01-17 16:42:00,VIN-D0514,41.6,40.9,"20.8449,106.6881",98.2
2024-01-17 16:45:00,VIN-D0515,49.8,78.0,"10.0452,105.7469",91.9
2024-01-17 16:48:00,VIN-D0516,1.4,35.9,"11.9404,108.4583",72.9
2024-01-17 16:51:00,VIN-D0517,93.7,29.4,"12.2388,109.1967",99.6
2024-01-17 16:54:00,VIN-D0518,33.3,21.3,"11.9404,108.4583",93.3
2024-01-17 16:57:00,VIN-D0519,40.4,23.6,"10.0452,105.7469",98.3
2024-01-17 17:00:00,VIN-D0520,89.1,63.2,"11.9404,108.4583",81.8
2024-01-17 17:03:00,VIN-D0521,69.8,24.8,"11.9404,108.4583",74.4
2024-01-17 17:06:00,VIN-D0522,89.7,92.8,"21.0285,105.8542",71.0
2024-01-17 17:09:00,VIN-D0523,49.3,34.3,"21.0285,105.8542",96.9
2024-01-17 17:12:00,VIN-D0524,117.3,81.6,"20.8449,106.6881",79.2
2024-01-17 17:15:00,VIN-D0525,90.8,74.7,"10.8231,106.6297",107.7
2024-01-17 17:18:00,VIN-D0526,40.2,7.9,"21.0285,105.8542",89.6
2024-01-17 17:21:00,VIN-D0527,59.6,92.6,"16.0544,108.2022",75.6
2024-01-17 17:24:00,VIN-D0528,31.3,44.9,"10.9460,108.4419",103.7
2024-01-17 17:27:00,VIN-D0529,94.4,49.3,"10.8231,106.6297",109.7
2024-01-17 17:30:00,VIN-D0530,23.8,95.8,"16.0544,108.2022",78.7
2024-01-17 17:33:00,VIN-D0531,99.1,15.6,"21.0285,105.8542",87.7
2024-01-17 17:36:00,VIN-D0532,106.4,88.0,"10.0452,105.7469",84.1
2024-01-17 17:39:00,VIN-D0533,103.3,69.1,"11.9404,108.4583",105.1
2024-01-17 17:42:00,VIN-D0534,114.5,16.4,"16.0544,108.2022",87.6
2024-01-17 17:45:00,VIN-D0535,38.1,60.2,"10.0452,105.7469",100.3
2024-01-17 17:48:00,VIN-D0536,59.8,82.6,"21.0285,105.8542",73.5
2024-01-17 17:51:00,VIN-D0537,72.8,95.6,"10.0452,105.7469",109.6
2024-01-17 17:54:00,VIN-D0538,12.6,6.5,"20.8449,106.6881",76.5
2024-01-17 17:57:00,VIN-D0539,28.9,82.6,"11.9404,108.4583",101.3
2024-01-17 18:00:00,VIN-D0540,69.8,29.6,"10.8231,106.6297",71.1
2024-01-17 18:03:00,VIN-D0541,97.7,55.6,"10.8231,106.6297",79.7
2024-01-17 18:06:00,VIN-D0542,50.1,57.0,"11.9404,108.4583",98.6
2024-01-17 18:09:00,VIN-D0543,81.3,92.2,"16.0544,108.2022",72.7
2024-01-17 18:12:00,VIN-D0544,18.4,12.2,"12.2388,109.1967",70.9
2024-01-17 18:15:00,VIN-D0545,10.5,9.3,"12.2388,109.1967",108.9
2024-01-17 18:18:00,VIN-D0546,7.5,65.3,"10.9460,108.4419",91.3
2024-01-17 18:21:00,VIN-D0547,77.0,65.1,"16.0544,108.2022",100.4
2024-01-17 18:24:00,VIN-D0548,33.8,62.6,"10.9460,108.4419",104.5
2024-01-17 18:27:00,VIN-D0549,102.5,24.9,"16.0544,108.2022",108.5
2024-01-17 18:30:00,VIN-D0550,33.6,66.2,"10.9460,108.4419",80.2
2024-01-17 18:33:00,VIN-D0551,86.9,34.1,"16.0544,108.2022",74.2
2024-01-17 18:36:00,VIN-D0552,49.4,11.3,"10.8231,106.6297",102.2
2024-01-17 18:39:00,VIN-D0553,35.3,42.5,"21.0285,105.8542",70.5
2024-01-17 18:42:00,VIN-D0554,35.1,23.9,"10.0452,105.7469",83.4
2024-01-17 18:45:00,VIN-D0555,40.1,75.8,"12.2388,109.1967",75.3
2024-01-17 18:48:00,VIN-D0556,86.5,77.2,"16.0544,108.2022",97.4
2024-01-17 18:51:00,VIN-D0557,15.3,27.0,"11.9404,108.4583",86.9
2024-01-17 18:54:00,VIN-D0558,103.3,70.8,"16.0544,108.2022",96.3
2024-01-17 18:57:00,VIN-D0559,58.7,80.5,"21.0285,105.8542",98.4
2024-01-17 19:00:00,VIN-D0560,96.1,62.0,"10.9460,108.4419",98.6
2024-01-17 19:03:00,VIN-D0561,108.7,83.2,"10.9460,108.4419",86.9
2024-01-17 19:06:00,VIN-D0562,88.3,92.2,"21.0285,105.8542",78.7
2024-01-17 19:09:00,VIN-D0563,57.6,67.3,"16.0544,108.2022",101.6
2024-01-17 19:12:00,VIN-D0564,72.8,13.0,"10.0452,105.7469",94.6
2024-01-17 19:15:00,VIN-D0565,77.2,81.0,"10.8231,106.6297",81.1
2024-01-17 19:18:00,VIN-D0566,57.2,8.7,"11.9404,108.4583",74.7
2024-01-17 19:21:00,VIN-D0567,30.3,37.5,"20.8449,106.6881",107.2
2024-01-17 19:24:00,VIN-D0568,97.0,13.0,"10.9460,108.4419",103.1
2024-01-17 19:27:00,VIN-D0569,26.8,15.8,"10.8231,106.6297",89.9
2024-01-17 19:30:00,VIN-D0570,116.9,67.4,"12.2388,109.1967",99.1
2024-01-17 19:33:00,VIN-D0571,4.8,64.5,"21.0285,105.8542",83.9
2024-01-17 19:36:00,VIN-D0572,58.1,35.3,"11.9404,108.4583",94.8
2024-01-17 19:39:00,VIN-D0573,108.9,15.1,"11.9404,108.4583",79.5
2024-01-17 19:42:00,VIN-D0574,47.0,18.3,"11.9404,108.4583",106.0
2024-01-17 19:45:00,VIN-D0575,99.3,62.1,"10.0452,105.7469",93.3
2024-01-17 19:48:00,VIN-D0576,53.8,69.1,"11.9404,108.4583",80.1
2024-01-17 19:51:00,VIN-D0577,113.2,26.7,"11.9404,108.4583",103.9
2024-01-17 19:54:00,VIN-D0578,107.6,5.8,"10.8231,106.6297",99.6
2024-01-17 19:57:00,VIN-D0579,115.6,12.1,"11.9404,108.4583",77.9
2024-01-17 20:00:00,VIN-D0580,67.1,31.5,"10.8231,106.6297",97.5
2024-01-17 20:03:00,VIN-D0581,41.6,69.8,"11.9404,108.4583",98.8
2024-01-17 20:06:00,VIN-D0582,90.7,69.0,"12.2388,109.1967",81.3
2024-01-17 20:09:00,VIN-D0583,91.1,8.4,"20.8449,106.6881",88.2
2024-01-17 20:12:00,VIN-D0584,83.8,52.8,"16.0544,108.2022",95.8
2024-01-17 20:15:00,VIN-D0585,107.7,17.9,"21.0285,105.8542",100.5
2024-01-17 20:18:00,VIN-D0586,3.8,8.7,"16.0544,108.2022",97.2
2024-01-17 20:21:00,VIN-D0587,1.1,31.3,"12.2388,109.1967",89.8
2024-01-17 20:24:00,VIN-D0588,116.4,98.8,"16.0544,108.2022",81.8
2024-01-17 20:27:00,VIN-D0589,12.7,47.1,"10.9460,108.4419",91.5
2024-01-17 20:30:00,VIN-D0590,1.9,94.6,"21.0285,105.8542",107.7
2024-01-17 20:33:00,VIN-D0591,2.8,70.9,"12.2388,109.1967",92.1
2024-01-17 20:36:00,VIN-D0592,49.1,12.8,"20.8449,106.6881",80.3
2024-01-17 20:39:00,VIN-D0593,32.8,96.2,"16.0544,108.2022",100.8
2024-01-17 20:42:00,VIN-D0594,36.1,95.0,"10.9460,108.4419",72.4
2024-01-17 20:45:00,VIN-D0595,31.1,57.1,"10.9460,108.4419",73.3
2024-01-17 20:48:00,VIN-D0596,96.6,98.1,"10.9460,108.4419",88.6
2024-01-17 20:51:00,VIN-D0597,1.7,28.0,"11.9404,108.4583",88.5
2024-01-17 20:54:00,VIN-D0598,5.6,32.1,"12.2388,109.1967",79.0
2024-01-17 20:57:00,VIN-D0599,90.6,49.0,"16.0544,108.2022",82.3
2024-01-17 21:00:00,VIN-D0600,45.1,45.2,"10.9460,108.4419",96.3
2024-01-17 21:03:00,VIN-D0601,30.8,82.1,"10.8231,106.6297",100.2
2024-01-17 21:06:00,VIN-D0602,76.7,10.4,"10.0452,105.7469",90.5
2024-01-17 21:09:00,VIN-D0603,12.1,49.1,"16.0544,108.2022",80.4
2024-01-17 21:12:00,VIN-D0604,101.0,20.3,"10.9460,108.4419",70.9
2024-01-17 21:15:00,VIN-D0605,102.6,16.5,"10.0452,105.7469",72.4
2024-01-17 21:18:00,VIN-D0606,61.4,77.9,"12.2388,109.1967",79.8
2024-01-17 21:21:00,VIN-D0607,29.7,82.3,"11.9404,108.4583",97.6
2024-01-17 21:24:00,VIN-D0608,97.9,14.2,"21.0285,105.8542",76.6
2024-01-17 21:27:00,VIN-D0609,44.1,12.7,"10.9460,108.4419",72.3
2024-01-17 21:30:00,VIN-D0610,29.5,28.0,"10.9460,108.4419",80.8
2024-01-17 21:33:00,VIN-D0611,87.5,19.7,"20.8449,106.6881",102.2
2024-01-17 21:36:00,VIN-D0612,56.3,7.7,"11.9404,108.4583",78.4
2024-01-17 21:39:00,VIN-D0613,16.6,13.7,"16.0544,108.2022",78.2
2024-01-17 21:42:00,VIN-D0614,8.8,37.0,"21.0285,105.8542",95.5
2024-01-17 21:45:00,VIN-D0615,13.6,84.4,"10.8231,106.6297",95.6
2024-01-17 21:48:00,VIN-D0616,3.3,6.1,"21.0285,105.8542",79.9
2024-01-17 21:51:00,VIN-D0617,48.2,60.4,"10.8231,106.6297",101.4
2024-01-17 21:54:00,VIN-D0618,43.3,17.2,"21.0285,105.8542",109.1
2024-01-17 21:57:00,VIN-D0619,37.1,20.6,"20.8449,106.6881",101.4
2024-01-17 22:00:00,VIN-D0620,52.5,98.7,"10.0452,105.7469",99.9
2024-01-17 22:03:00,VIN-D0621,43.9,24.0,"12.2388,109.1967",96.8
2024-01-17 22:06:00,VIN-D0622,37.9,45.3,"21.0285,105.8542",103.3
2024-01-17 22:09:00,VIN-D0623,13.0,70.1,"12.2388,109.1967",80.8
2024-01-17 22:12:00,VIN-D0624,17.0,80.3,"21.0285,105.8542",91.4
2024-01-17 22:15:00,VIN-D0625,102.1,36.3,"10.0452,105.7469",87.5
2024-01-17 22:18:00,VIN-D0626,92.9,88.4,"16.0544,108.2022",86.1
2024-01-17 22:21:00,VIN-D0627,15.3,65.9,"11.9404,108.4583",72.4
2024-01-17 22:24:00,VIN-D0628,12.8,85.9,"12.2388,109.1967",108.7
2024-01-17 22:27:00,VIN-D0629,22.0,23.2,"10.0452,105.7469",83.9
2024-01-17 22:30:00,VIN-D0630,44.5,26.8,"11.9404,108.4583",90.4
2024-01-17 22:33:00,VIN-D0631,83.2,95.2,"11.9404,108.4583",105.0
2024-01-17 22:36:00,VIN-D0632,20.6,54.2,"11.9404,108.4583",71.1
2024-01-17 22:39:00,VIN-D0633,96.7,35.0,"10.9460,108.4419",98.6
2024-01-17 22:42:00,VIN-D0634,61.0,60.7,"10.9460,108.4419",102.3
2024-01-17 22:45:00,VIN-D0635,43.3,79.9,"12.2388,109.1967",106.5
2024-01-17 22:48:00,VIN-D0636,43.0,31.6,"10.9460,108.4419",89.7
2024-01-17 22:51:00,VIN-D0637,57.9,32.1,"12.2388,109.1967",92.6
2024-01-17 22:54:00,VIN-D0638,31.7,60.8,"10.8231,106.6297",82.2
2024-01-17 22:57:00,VIN-D0639,33.9,10.0,"20.8449,106.6881",70.3
2024-01-17 23:00:00,VIN-D0640,68.2,88.0,"16.0544,108.2022",85.6
2024-01-17 23:03:00,VIN-D0641,65.6,17.0,"10.9460,108.4419",84.6
2024-01-17 23:06:00,VIN-D0642,43.8,24.7,"10.9460,108.4419",93.7
2024-01-17 23:09:00,VIN-D0643,94.2,82.5,"11.9404,108.4583",106.1
2024-01-17 23:12:00,VIN-D0644,103.8,67.1,"20.8449,106.6881",70.8
2024-01-17 23:15:00,VIN-D0645,12.1,16.5,"12.2388,109.1967",71.0
2024-01-17 23:18:00,VIN-D0646,18.9,39.2,"11.9404,108.4583",99.2
2024-01-17 23:21:00,VIN-D0647,72.4,9.1,"20.8449,106.6881",72.4
2024-01-17 23:24:00,VIN-D0648,100.1,63.4,"10.0452,105.7469",75.7
2024-01-17 23:27:00,VIN-D0649,75.9,29.0,"10.8231,106.6297",87.6
2024-01-17 23:30:00,VIN-D0650,17.2,95.5,"11.9404,108.4583",96.7
2024-01-17 23:33:00,VIN-D0651,107.1,14.9,"10.9460,108.4419",81.9
2024-01-17 23:36:00,VIN-D0652,14.9,42.5,"10.8231,106.6297",78.7
2024-01-17 23:39:00,VIN-D0653,44.6,66.7,"10.0452,105.7469",100.0
2024-01-17 23:42:00,VIN-D0654,117.4,78.8,"12.2388,109.1967",79.9
2024-01-17 23:45:00,VIN-D0655,76.2,53.3,"12.2388,109.1967",107.9
2024-01-17 23:48:00,VIN-D0656,112.5,48.7,"11.9404,108.4583",76.2
2024-01-17 23:51:00,VIN-D0657,111.0,45.6,"10.9460,108.4419",93.7
2024-01-17 23:54:00,VIN-D0658,31.8,44.3,"12.2388,109.1967",83.4
2024-01-17 23:57:00,VIN-D0659,95.8,62.4,"11.9404,108.4583",98.5
2024-01-18 00:00:00,VIN-D0660,42.5,48.4,"21.0285,105.8542",76.9
2024-01-18 00:03:00,VIN-D0661,87.0,73.9,"10.9460,108.4419",98.4
2024-01-18 00:06:00,VIN-D0662,34.5,74.1,"16.0544,108.2022",87.6
2024-01-18 00:09:00,VIN-D0663,12.8,26.7,"16.0544,108.2022",107.3
2024-01-18 00:12:00,VIN-D0664,33.6,7.2,"10.0452,105.7469",94.0
2024-01-18 00:15:00,VIN-D0665,25.0,86.9,"16.0544,108.2022",89.0
2024-01-18 00:18:00,VIN-D0666,12.3,43.8,"12.2388,109.1967",98.4
2024-01-18 00:21:00,VIN-D0667,92.0,31.3,"10.8231,106.6297",81.1
2024-01-18 00:24:00,VIN-D0668,110.8,37.0,"11.9404,108.4583",74.0
2024-01-18 00:27:00,VIN-D0669,19.6,40.9,"21.0285,105.8542",108.3
2024-01-18 00:30:00,VIN-D0670,115.8,38.3,"16.0544,108.2022",98.3
2024-01-18 00:33:00,VIN-D0671,96.6,55.5,"16.0544,108.2022",71.5
2024-01-18 00:36:00,VIN-D0672,93.0,32.7,"11.9404,108.4583",93.5
2024-01-18 00:39:00,VIN-D0673,20.4,94.9,"16.0544,108.2022",87.7
2024-01-18 00:42:00,VIN-D0674,111.8,44.9,"10.9460,108.4419",101.8
2024-01-18 00:45:00,VIN-D0675,21.9,64.4,"11.9404,108.4583",98.0
2024-01-18 00:48:00,VIN-D0676,26.0,76.4,"10.9460,108.4419",77.7
2024-01-18 00:51:00,VIN-D0677,94.5,73.0,"10.0452,105.7469",94.3
2024-01-18 00:54:00,VIN-D0678,92.4,60.0,"21.0285,105.8542",103.0
2024-01-18 00:57:00,VIN-D0679,41.4,8.9,"16.0544,108.2022",85.2
2024-01-18 01:00:00,VIN-D0680,58.8,76.9,"21.0285,105.8542",80.3
2024-01-18 01:03:00,VIN-D0681,107.3,64.5,"20.8449,106.6881",108.3
2024-01-18 01:06:00,VIN-D0682,68.3,79.8,"11.9404,108.4583",78.7
2024-01-18 01:09:00,VIN-D0683,59.6,39.3,"11.9404,108.4583",89.1
2024-01-18 01:12:00,VIN-D0684,13.4,7.5,"16.0544,108.2022",70.2
2024-01-18 01:15:00,VIN-D0685,68.1,23.5,"10.9460,108.4419",78.9
2024-01-18 01:18:00,VIN-D0686,79.8,59.0,"11.9404,108.4583",72.1
2024-01-18 01:21:00,VIN-D0687,74.7,84.9,"10.9460,108.4419",88.0
2024-01-18 01:24:00,VIN-D0688,99.6,26.6,"16.0544,108.2022",94.5
2024-01-18 01:27:00,VIN-D0689,118.7,89.5,"12.2388,109.1967",107.7
2024-01-18 01:30:00,VIN-D0690,89.0,54.1,"10.8231,106.6297",105.7
2024-01-18 01:33:00,VIN-D0691,92.1,70.0,"10.9460,108.4419",96.8
2024-01-18 01:36:00,VIN-D0692,119.7,62.6,"10.8231,106.6297",91.0
2024-01-18 01:39:00,VIN-D0693,49.4,73.0,"10.8231,106.6297",94.3
2024-01-18 01:42:00,VIN-D0694,56.6,21.4,"10.9460,108.4419",73.4
2024-01-18 01:45:00,VIN-D0695,18.8,76.6,"12.2388,109.1967",83.9
2024-01-18 01:48:00,VIN-D0696,29.4,99.6,"11.9404,108.4583",92.8
2024-01-18 01:51:00,VIN-D0697,92.7,17.5,"10.0452,105.7469",73.0
2024-01-18 01:54:00,VIN-D0698,39.3,64.0,"10.9460,108.4419",107.8
2024-01-18 01:57:00,VIN-D0699,13.8,39.3,"10.8231,106.6297",77.9
2024-01-18 02:00:00,VIN-D0700,23.6,82.8,"10.8231,106.6297",101.8
2024-01-18 02:03:00,VIN-D0701,103.6,89.2,"12.2388,109.1967",107.6
2024-01-18 02:06:00,VIN-D0702,55.8,6.1,"12.2388,109.1967",74.9
2024-01-18 02:09:00,VIN-D0703,26.5,7.3,"10.9460,108.4419",90.5
2024-01-18 02:12:00,VIN-D0704,65.6,51.9,"11.9404,108.4583",90.6
2024-01-18 02:15:00,VIN-D0705,93.8,35.8,"11.9404,108.4583",108.0
2024-01-18 02:18:00,VIN-D0706,0.6,37.2,"21.0285,105.8542",82.1
2024-01-18 02:21:00,VIN-D0707,5.2,63.8,"10.9460,108.4419",77.0
2024-01-18 02:24:00,VIN-D0708,29.8,44.2,"12.2388,109.1967",97.1
2024-01-18 02:27:00,VIN-D0709,15.4,21.9,"20.8449,106.6881",108.2
2024-01-18 02:30:00,VIN-D0710,12.5,91.6,"12.2388,109.1967",100.7
2024-01-18 02:33:00,VIN-D0711,16.1,34.3,"10.0452,105.7469",96.1
2024-01-18 02:36:00,VIN-D0712,32.4,67.9,"10.8231,106.6297",97.3
2024-01-18 02:39:00,VIN-D0713,82.7,91.1,"16.0544,108.2022",74.2
2024-01-18 02:42:00,VIN-D0714,105.2,29.8,"10.0452,105.7469",107.2
2024-01-18 02:45:00,VIN-D0715,72.6,24.1,"12.2388,109.1967",74.3
2024-01-18 02:48:00,VIN-D0716,94.1,92.5,"20.8449,106.6881",88.0
2024-01-18 02:51:00,VIN-D0717,116.2,47.0,"20.8449,106.6881",92.5
2024-01-18 02:54:00,VIN-D0718,88.3,87.2,"11.9404,108.4583",91.3
2024-01-18 02:57:00,VIN-D0719,53.6,64.0,"21.0285,105.8542",72.2
2024-01-18 03:00:00,VIN-D0720,77.5,94.0,"10.9460,108.4419",95.6
2024-01-18 03:03:00,VIN-D0721,117.4,32.5,"21.0285,105.8542",90.2
2024-01-18 03:06:00,VIN-D0722,75.0,67.0,"10.9460,108.4419",91.5
2024-01-18 03:09:00,VIN-D0723,107.1,25.6,"10.9460,108.4419",72.1
2024-01-18 03:12:00,VIN-D0724,116.0,31.5,"10.0452,105.7469",105.2
2024-01-18 03:15:00,VIN-D0725,13.1,75.4,"11.9404,108.4583",97.0
2024-01-18 03:18:00,VIN-D0726,71.7,99.8,"12.2388,109.1967",109.3
2024-01-18 03:21:00,VIN-D0727,118.4,46.7,"10.8231,106.6297",80.8
2024-01-18 03:24:00,VIN-D0728,0.3,8.7,"10.0452,105.7469",85.6
2024-01-18 03:27:00,VIN-D0729,8.2,53.4,"10.9460,108.4419",84.9
2024-01-18 03:30:00,VIN-D0730,94.4,22.0,"20.8449,106.6881",106.0
2024-01-18 03:33:00,VIN-D0731,108.3,18.3,"10.8231,106.6297",103.3
2024-01-18 03:36:00,VIN-D0732,92.8,94.3,"10.0452,105.7469",96.7
2024-01-18 03:39:00,VIN-D0733,113.8,20.1,"10.0452,105.7469",108.6
2024-01-18 03:42:00,VIN-D0734,93.2,16.2,"11.9404,108.4583",85.6
2024-01-18 03:45:00,VIN-D0735,58.1,22.5,"21.0285,105.8542",76.2
2024-01-18 03:48:00,VIN-D0736,29.9,7.6,"11.9404,108.4583",88.3
2024-01-18 03:51:00,VIN-D0737,60.7,59.7,"21.0285,105.8542",84.7
2024-01-18 03:54:00,VIN-D0738,17.0,34.0,"11.9404,108.4583",101.0
2024-01-18 03:57:00,VIN-D0739,45.7,5.7,"10.8231,106.6297",105.0
2024-01-18 04:00:00,VIN-D0740,40.0,51.7,"10.0452,105.7469",86.3
2024-01-18 04:03:00,VIN-D0741,72.7,71.3,"10.0452,105.7469",71.2
2024-01-18 04:06:00,VIN-D0742,108.2,30.5,"10.0452,105.7469",102.9
2024-01-18 04:09:00,VIN-D0743,48.7,67.2,"16.0544,108.2022",93.5
2024-01-18 04:12:00,VIN-D0744,38.8,74.6,"12.2388,109.1967",94.7
2024-01-18 04:15:00,VIN-D0745,81.6,99.8,"10.9460,108.4419",104.6
2024-01-18 04:18:00,VIN-D0746,96.3,82.6,"10.8231,106.6297",99.5
2024-01-18 04:21:00,VIN-D0747,96.2,45.5,"10.8231,106.6297",89.9
2024-01-18 04:24:00,VIN-D0748,112.6,14.4,"12.2388,109.1967",101.5
2024-01-18 04:27:00,VIN-D0749,29.7,47.3,"10.8231,106.6297",101.4
2024-01-18 04:30:00,VIN-D0750,88.0,12.5,"10.9460,108.4419",109.7
2024-01-18 04:33:00,VIN-D0751,107.0,32.0,"20.8449,106.6881",92.4
2024-01-18 04:36:00,VIN-D0752,9.9,74.2,"20.8449,106.6881",79.5
2024-01-18 04:39:00,VIN-D0753,109.3,48.6,"16.0544,108.2022",105.0
2024-01-18 04:42:00,VIN-D0754,108.8,89.7,"10.9460,108.4419",102.0
2024-01-18 04:45:00,VIN-D0755,99.9,75.2,"12.2388,109.1967",108.9
2024-01-18 04:48:00,VIN-D0756,100.0,46.5,"21.0285,105.8542",90.9
2024-01-18 04:51:00,VIN-D0757,34.9,56.2,"10.9460,108.4419",82.3
2024-01-18 04:54:00,VIN-D0758,32.9,51.5,"11.9404,108.4583",105.3
2024-01-18 04:57:00,VIN-D0759,75.3,28.8,"10.9460,108.4419",76.9
2024-01-18 05:00:00,VIN-D0760,24.9,29.5,"16.0544,108.2022",73.3
2024-01-18 05:03:00,VIN-D0761,19.3,24.5,"10.0452,105.7469",93.0
2024-01-18 05:06:00,VIN-D0762,70.2,81.1,"16.0544,108.2022",74.9
2024-01-18 05:09:00,VIN-D0763,67.6,7.3,"10.9460,108.4419",97.9
2024-01-18 05:12:00,VIN-D0764,14.8,86.8,"16.0544,108.2022",96.5
2024-01-18 05:15:00,VIN-D0765,0.8,73.2,"12.2388,109.1967",106.9
2024-01-18 05:18:00,VIN-D0766,42.1,48.1,"10.9460,108.4419",72.8
2024-01-18 05:21:00,VIN-D0767,99.6,68.3,"21.0285,105.8542",99.4
2024-01-18 05:24:00,VIN-D0768,55.8,71.1,"20.8449,106.6881",70.3
2024-01-18 05:27:00,VIN-D0769,37.9,57.1,"10.0452,105.7469",93.1
2024-01-18 05:30:00,VIN-D0770,107.0,43.2,"12.2388,109.1967",84.8
2024-01-18 05:33:00,VIN-D0771,78.3,51.7,"10.9460,108.4419",100.1
2024-01-18 05:36:00,VIN-D0772,47.9,40.4,"10.9460,108.4419",98.8
2024-01-18 05:39:00,VIN-D0773,46.2,86.8,"10.9460,108.4419",108.9
2024-01-18 05:42:00,VIN-D0774,5.6,38.5,"10.8231,106.6297",90.0
2024-01-18 05:45:00,VIN-D0775,88.5,37.5,"16.0544,108.2022",93.4
2024-01-18 05:48:00,VIN-D0776,37.3,88.6,"16.0544,108.2022",72.8
2024-01-18 05:51:00,VIN-D0777,43.7,32.3,"10.9460,108.4419",91.2
2024-01-18 05:54:00,VIN-D0778,71.2,52.6,"16.0544,108.2022",88.7
2024-01-18 05:57:00,VIN-D0779,35.9,31.2,"16.0544,108.2022",70.2
2024-01-18 06:00:00,VIN-D0780,9.2,71.5,"11.9404,108.4583",97.7
2024-01-18 06:03:00,VIN-D0781,49.7,62.7,"10.9460,108.4419",101.3
2024-01-18 06:06:00,VIN-D0782,27.9,55.0,"12.2388,109.1967",71.4
2024-01-18 06:09:00,VIN-D0783,45.6,50.5,"12.2388,109.1967",86.6
2024-01-18 06:12:00,VIN-D0784,115.2,24.2,"10.8231,106.6297",79.8
2024-01-18 06:15:00,VIN-D0785,96.0,13.3,"10.0452,105.7469",72.2
2024-01-18 06:18:00,VIN-D0786,10.7,71.1,"10.0452,105.7469",79.7
2024-01-18 06:21:00,VIN-D0787,2.4,12.5,"21.0285,105.8542",102.0
2024-01-18 06:24:00,VIN-D0788,61.0,68.5,"20.8449,106.6881",84.1
2024-01-18 06:27:00,VIN-D0789,60.2,35.7,"10.9460,108.4419",82.8
2024-01-18 06:30:00,VIN-D0790,16.0,32.5,"16.0544,108.2022",92.8
2024-01-18 06:33:00,VIN-D0791,12.5,12.1,"10.0452,105.7469",86.5
2024-01-18 06:36:00,VIN-D0792,54.9,29.0,"10.9460,108.4419",98.3
2024-01-18 06:39:00,VIN-D0793,62.8,35.2,"10.9460,108.4419",108.3
2024-01-18 06:42:00,VIN-D0794,105.6,24.0,"10.9460,108.4419",98.5
2024-01-18 06:45:00,VIN-D0795,10.7,27.9,"11.9404,108.4583",108.8
2024-01-18 06:48:00,VIN-D0796,114.6,91.8,"20.8449,106.6881",108.9
2024-01-18 06:51:00,VIN-D0797,29.7,98.8,"11.9404,108.4583",98.4
2024-01-18 06:54:00,VIN-D0798,89.3,46.5,"12.2388,109.1967",72.7
2024-01-18 06:57:00,VIN-D0799,78.4,92.7,"11.9404,108.4583",107.8
2024-01-18 07:00:00,VIN-D0800,46.4,9.4,"21.0285,105.8542",94.0
2024-01-18 07:03:00,VIN-D0801,90.0,99.4,"20.8449,106.6881",75.2
2024-01-18 07:06:00,VIN-D0802,103.3,93.8,"12.2388,109.1967",95.4
2024-01-18 07:09:00,VIN-D0803,50.5,95.2,"10.0452,105.7469",85.7
2024-01-18 07:12:00,VIN-D0804,106.2,93.9,"12.2388,109.1967",75.5
2024-01-18 07:15:00,VIN-D0805,63.0,39.4,"21.0285,105.8542",89.4
2024-01-18 07:18:00,VIN-D0806,70.8,23.2,"10.9460,108.4419",92.6
2024-01-18 07:21:00,VIN-D0807,100.6,89.2,"10.8231,106.6297",73.6
2024-01-18 07:24:00,VIN-D0808,105.3,17.5,"10.9460,108.4419",102.5
2024-01-18 07:27:00,VIN-D0809,72.8,10.5,"11.9404,108.4583",104.2
2024-01-18 07:30:00,VIN-D0810,88.9,87.1,"10.8231,106.6297",77.5
2024-01-18 07:33:00,VIN-D0811,114.6,48.1,"21.0285,105.8542",106.6
2024-01-18 07:36:00,VIN-D0812,14.9,86.7,"11.9404,108.4583",95.5
2024-01-18 07:39:00,VIN-D0813,68.7,65.2,"11.9404,108.4583",99.2
2024-01-18 07:42:00,VIN-D0814,45.9,83.5,"12.2388,109.1967",86.7
2024-01-18 07:45:00,VIN-D0815,21.9,8.4,"20.8449,106.6881",83.5
2024-01-18 07:48:00,VIN-D0816,49.0,65.1,"10.0452,105.7469",94.1
2024-01-18 07:51:00,VIN-D0817,118.2,38.5,"16.0544,108.2022",81.5
2024-01-18 07:54:00,VIN-D0818,87.8,41.4,"11.9404,108.4583",79.6
2024-01-18 07:57:00,VIN-D0819,64.6,95.7,"10.8231,106.6297",79.4
2024-01-18 08:00:00,VIN-D0820,77.2,34.8,"12.2388,109.1967",72.6
2024-01-18 08:03:00,VIN-D0821,32.8,20.2,"16.0544,108.2022",105.4
2024-01-18 08:06:00,VIN-D0822,63.5,23.0,"11.9404,108.4583",72.0
2024-01-18 08:09:00,VIN-D0823,33.6,6.4,"10.0452,105.7469",99.5
2024-01-18 08:12:00,VIN-D0824,29.6,22.5,"10.8231,106.6297",104.2
2024-01-18 08:15:00,VIN-D0825,76.8,88.8,"10.9460,108.4419",71.0
2024-01-18 08:18:00,VIN-D0826,31.8,5.4,"10.0452,105.7469",73.4
2024-01-18 08:21:00,VIN-D0827,108.9,6.1,"10.9460,108.4419",73.8
2024-01-18 08:24:00,VIN-D0828,66.9,27.4,"11.9404,108.4583",98.1
2024-01-18 08:27:00,VIN-D0829,29.0,93.2,"10.9460,108.4419",89.0
2024-01-18 08:30:00,VIN-D0830,77.2,51.5,"11.9404,108.4583",83.7
2024-01-18 08:33:00,VIN-D0831,52.9,11.2,"16.0544,108.2022",87.8
2024-01-18 08:36:00,VIN-D0832,57.1,26.4,"11.9404,108.4583",82.4
2024-01-18 08:39:00,VIN-D0833,111.2,32.4,"21.0285,105.8542",77.2
2024-01-18 08:42:00,VIN-D0834,46.8,45.7,"11.9404,108.4583",105.7
2024-01-18 08:45:00,VIN-D0835,29.6,25.6,"16.0544,108.2022",94.3
2024-01-18 08:48:00,VIN-D0836,21.5,72.2,"16.0544,108.2022",108.5
2024-01-18 08:51:00,VIN-D0837,41.5,93.7,"21.0285,105.8542",78.3
2024-01-18 08:54:00,VIN-D0838,30.6,86.1,"10.0452,105.7469",92.8
2024-01-18 08:57:00,VIN-D0839,52.4,49.9,"11.9404,108.4583",90.2
2024-01-18 09:00:00,VIN-D0840,107.0,82.2,"10.9460,108.4419",77.6
2024-01-18 09:03:00,VIN-D0841,84.6,84.1,"21.0285,105.8542",103.3
2024-01-18 09:06:00,VIN-D0842,72.4,62.3,"10.8231,106.6297",78.8
2024-01-18 09:09:00,VIN-D0843,110.3,70.4,"21.0285,105.8542",75.9
2024-01-18 09:12:00,VIN-D0844,53.0,61.9,"11.9404,108.4583",82.6
2024-01-18 09:15:00,VIN-D0845,80.2,13.3,"12.2388,109.1967",102.1
2024-01-18 09:18:00,VIN-D0846,10.1,75.2,"20.8449,106.6881",107.6
2024-01-18 09:21:00,VIN-D0847,22.4,21.8,"20.8449,106.6881",104.3
2024-01-18 09:24:00,VIN-D0848,86.6,35.9,"21.0285,105.8542",71.8
2024-01-18 09:27:00,VIN-D0849,86.1,84.2,"10.0452,105.7469",85.8
2024-01-18 09:30:00,VIN-D0850,105.2,42.3,"12.2388,109.1967",80.0
2024-01-18 09:33:00,VIN-D0851,98.8,76.1,"20.8449,106.6881",93.5
2024-01-18 09:36:00,VIN-D0852,30.3,19.8,"10.8231,106.6297",95.3
2024-01-18 09:39:00,VIN-D0853,55.6,19.3,"10.9460,108.4419",85.9
2024-01-18 09:42:00,VIN-D0854,60.0,35.3,"10.9460,108.4419",90.3
2024-01-18 09:45:00,VIN-D0855,101.7,53.2,"10.9460,108.4419",106.9
2024-01-18 09:48:00,VIN-D0856,38.4,50.8,"10.8231,106.6297",94.1
2024-01-18 09:51:00,VIN-D0857,26.2,56.3,"11.9404,108.4583",78.7
2024-01-18 09:54:00,VIN-D0858,1.7,60.9,"10.8231,106.6297",96.6
2024-01-18 09:57:00,VIN-D0859,25.4,97.7,"11.9404,108.4583",90.6
2024-01-18 10:00:00,VIN-D0860,103.3,66.3,"10.9460,108.4419",107.3
2024-01-18 10:03:00,VIN-D0861,106.2,32.0,"11.9404,108.4583",92.1
2024-01-18 10:06:00,VIN-D0862,14.5,20.7,"12.2388,109.1967",108.6
2024-01-18 10:09:00,VIN-D0863,78.5,27.9,"12.2388,109.1967",102.1
2024-01-18 10:12:00,VIN-D0864,76.5,25.9,"12.2388,109.1967",102.8
2024-01-18 10:15:00,VIN-D0865,42.4,80.0,"20.8449,106.6881",104.2
2024-01-18 10:18:00,VIN-D0866,63.4,94.1,"21.0285,105.8542",83.4
2024-01-18 10:21:00,VIN-D0867,89.8,74.8,"11.9404,108.4583",74.8
2024-01-18 10:24:00,VIN-D0868,37.5,24.4,"21.0285,105.8542",102.7
2024-01-18 10:27:00,VIN-D0869,61.8,15.3,"10.9460,108.4419",85.8
2024-01-18 10:30:00,VIN-D0870,81.0,39.1,"11.9404,108.4583",106.5
2024-01-18 10:33:00,VIN-D0871,49.0,80.0,"10.8231,106.6297",71.7
2024-01-18 10:36:00,VIN-D0872,111.4,92.5,"10.0452,105.7469",98.2
2024-01-18 10:39:00,VIN-D0873,53.7,34.9,"16.0544,108.2022",92.8
2024-01-18 10:42:00,VIN-D0874,47.4,30.8,"12.2388,109.1967",95.5
2024-01-18 10:45:00,VIN-D0875,10.6,58.6,"16.0544,108.2022",108.8
2024-01-18 10:48:00,VIN-D0876,15.3,13.8,"12.2388,109.1967",83.5
2024-01-18 10:51:00,VIN-D0877,57.6,60.8,"11.9404,108.4583",103.6
2024-01-18 10:54:00,VIN-D0878,23.8,65.9,"10.0452,105.7469",89.4
2024-01-18 10:57:00,VIN-D0879,49.6,30.9,"12.2388,109.1967",75.8
2024-01-18 11:00:00,VIN-D0880,51.6,25.3,"16.0544,108.2022",94.8
2024-01-18 11:03:00,VIN-D0881,56.6,56.8,"10.0452,105.7469",101.6
2024-01-18 11:06:00,VIN-D0882,18.6,61.1,"16.0544,108.2022",74.9
2024-01-18 11:09:00,VIN-D0883,74.4,24.0,"16.0544,108.2022",82.5
2024-01-18 11:12:00,VIN-D0884,117.5,23.1,"16.0544,108.2022",76.6
2024-01-18 11:15:00,VIN-D0885,76.6,8.1,"12.2388,109.1967",92.7
2024-01-18 11:18:00,VIN-D0886,107.7,57.9,"10.8231,106.6297",88.4
2024-01-18 11:21:00,VIN-D0887,51.9,66.4,"11.9404,108.4583",77.9
2024-01-18 11:24:00,VIN-D0888,6.5,56.8,"10.0452,105.7469",96.4
2024-01-18 11:27:00,VIN-D0889,78.8,76.4,"20.8449,106.6881",88.3
2024-01-18 11:30:00,VIN-D0890,74.8,9.8,"10.9460,108.4419",90.2
2024-01-18 11:33:00,VIN-D0891,37.3,42.9,"20.8449,106.6881",85.1
2024-01-18 11:36:00,VIN-D0892,37.0,58.4,"20.8449,106.6881",107.2
2024-01-18 11:39:00,VIN-D0893,98.3,69.6,"12.2388,109.1967",78.4
2024-01-18 11:42:00,VIN-D0894,49.0,20.1,"11.9404,108.4583",106.2
2024-01-18 11:45:00,VIN-D0895,2.0,36.1,"16.0544,108.2022",83.4
2024-01-18 11:48:00,VIN-D0896,76.0,20.7,"10.9460,108.4419",101.7
2024-01-18 11:51:00,VIN-D0897,45.2,58.7,"16.0544,108.2022",78.4
2024-01-18 11:54:00,VIN-D0898,109.6,18.6,"10.9460,108.4419",99.4
2024-01-18 11:57:00,VIN-D0899,19.1,28.3,"12.2388,109.1967",98.7
2024-01-18 12:00:00,VIN-D0900,105.8,92.6,"16.0544,108.2022",88.9
2024-01-18 12:03:00,VIN-D0901,6.6,69.8,"10.9460,108.4419",77.1
2024-01-18 12:06:00,VIN-D0902,93.7,69.6,"12.2388,109.1967",95.5
2024-01-18 12:09:00,VIN-D0903,105.0,97.9,"20.8449,106.6881",85.9
2024-01-18 12:12:00,VIN-D0904,5.5,14.5,"12.2388,109.1967",94.0
2024-01-18 12:15:00,VIN-D0905,89.2,13.3,"10.8231,106.6297",109.2
2024-01-18 12:18:00,VIN-D0906,104.4,42.6,"20.8449,106.6881",100.3
2024-01-18 12:21:00,VIN-D0907,89.5,71.1,"10.9460,108.4419",107.7
2024-01-18 12:24:00,VIN-D0908,73.9,21.1,"12.2388,109.1967",94.2
2024-01-18 12:27:00,VIN-D0909,118.2,89.5,"10.0452,105.7469",97.2
2024-01-18 12:30:00,VIN-D0910,95.6,66.8,"11.9404,108.4583",73.3
2024-01-18 12:33:00,VIN-D0911,114.8,64.1,"11.9404,108.4583",86.7
2024-01-18 12:36:00,VIN-D0912,10.4,68.4,"12.2388,109.1967",71.9
2024-01-18 12:39:00,VIN-D0913,67.4,56.3,"10.0452,105.7469",104.8
2024-01-18 12:42:00,VIN-D0914,65.3,56.7,"21.0285,105.8542",85.8
2024-01-18 12:45:00,VIN-D0915,88.9,30.4,"20.8449,106.6881",93.4
2024-01-18 12:48:00,VIN-D0916,96.5,66.3,"10.0452,105.7469",89.8
2024-01-18 12:51:00,VIN-D0917,59.3,97.1,"10.0452,105.7469",95.3
2024-01-18 12:54:00,VIN-D0918,73.2,81.7,"21.0285,105.8542",101.0
2024-01-18 12:57:00,VIN-D0919,105.2,20.2,"10.8231,106.6297",73.1
2024-01-18 13:00:00,VIN-D0920,25.8,52.6,"11.9404,108.4583",77.2
2024-01-18 13:03:00,VIN-D0921,0.7,19.6,"21.0285,105.8542",84.6
2024-01-18 13:06:00,VIN-D0922,25.9,93.2,"10.0452,105.7469",102.5
2024-01-18 13:09:00,VIN-D0923,47.4,77.2,"10.0452,105.7469",97.2
2024-01-18 13:12:00,VIN-D0924,34.9,5.5,"16.0544,108.2022",73.2
2024-01-18 13:15:00,VIN-D0925,58.2,22.4,"21.0285,105.8542",92.0
2024-01-18 13:18:00,VIN-D0926,109.8,51.0,"10.8231,106.6297",103.3
2024-01-18 13:21:00,VIN-D0927,22.0,38.0,"10.8231,106.6297",105.9
2024-01-18 13:24:00,VIN-D0928,113.8,14.3,"10.9460,108.4419",89.4
2024-01-18 13:27:00,VIN-D0929,38.4,90.9,"10.8231,106.6297",70.3
2024-01-18 13:30:00,VIN-D0930,0.7,15.0,"21.0285,105.8542",108.0
2024-01-18 13:33:00,VIN-D0931,45.1,37.6,"10.0452,105.7469",102.8
2024-01-18 13:36:00,VIN-D0932,20.9,32.9,"12.2388,109.1967",91.2
2024-01-18 13:39:00,VIN-D0933,30.9,25.8,"10.9460,108.4419",74.5
2024-01-18 13:42:00,VIN-D0934,109.6,34.7,"10.9460,108.4419",82.2
2024-01-18 13:45:00,VIN-D0935,74.3,15.8,"10.8231,106.6297",105.9
2024-01-18 13:48:00,VIN-D0936,82.8,48.0,"16.0544,108.2022",89.3
2024-01-18 13:51:00,VIN-D0937,64.0,22.7,"10.8231,106.6297",103.8
2024-01-18 13:54:00,VIN-D0938,6.4,64.2,"10.8231,106.6297",104.4
2024-01-18 13:57:00,VIN-D0939,65.4,74.1,"12.2388,109.1967",95.1
2024-01-18 14:00:00,VIN-D0940,68.1,15.8,"10.0452,105.7469",76.7
2024-01-18 14:03:00,VIN-D0941,45.7,69.7,"10.8231,106.6297",85.0
2024-01-18 14:06:00,VIN-D0942,72.0,72.5,"16.0544,108.2022",80.6
2024-01-18 14:09:00,VIN-D0943,9.1,27.2,"11.9404,108.4583",77.5
2024-01-18 14:12:00,VIN-D0944,54.1,20.2,"16.0544,108.2022",96.2
2024-01-18 14:15:00,VIN-D0945,5.2,20.6,"10.0452,105.7469",74.5
2024-01-18 14:18:00,VIN-D0946,52.4,58.6,"12.2388,109.1967",76.6
2024-01-18 14:21:00,VIN-D0947,114.5,75.8,"16.0544,108.2022",105.6
2024-01-18 14:24:00,VIN-D0948,59.3,7.5,"21.0285,105.8542",86.0
2024-01-18 14:27:00,VIN-D0949,60.7,15.7,"20.8449,106.6881",109.5
2024-01-18 14:30:00,VIN-D0950,56.2,83.8,"20.8449,106.6881",99.5
2024-01-18 14:33:00,VIN-D0951,114.4,5.7,"11.9404,108.4583",73.8
2024-01-18 14:36:00,VIN-D0952,22.7,42.7,"12.2388,109.1967",100.2
2024-01-18 14:39:00,VIN-D0953,51.9,27.2,"10.8231,106.6297",76.8
2024-01-18 14:42:00,VIN-D0954,4.9,59.5,"21.0285,105.8542",89.3
2024-01-18 14:45:00,VIN-D0955,96.8,94.6,"10.0452,105.7469",95.6
2024-01-18 14:48:00,VIN-D0956,2.8,94.8,"10.8231,106.6297",84.4
2024-01-18 14:51:00,VIN-D0957,23.7,62.8,"12.2388,109.1967",101.2
2024-01-18 14:54:00,VIN-D0958,7.3,37.6,"10.9460,108.4419",82.9
2024-01-18 14:57:00,VIN-D0959,38.4,55.1,"11.9404,108.4583",76.6
2024-01-18 15:00:00,VIN-D0960,34.9,93.3,"10.9460,108.4419",72.5
2024-01-18 15:03:00,VIN-D0961,93.8,52.9,"20.8449,106.6881",88.1
2024-01-18 15:06:00,VIN-D0962,59.1,74.7,"10.0452,105.7469",109.8
2024-01-18 15:09:00,VIN-D0963,78.0,42.3,"12.2388,109.1967",103.2
2024-01-18 15:12:00,VIN-D0964,40.8,53.4,"11.9404,108.4583",83.1
2024-01-18 15:15:00,VIN-D0965,107.5,13.0,"16.0544,108.2022",87.7
2024-01-18 15:18:00,VIN-D0966,54.5,61.5,"10.9460,108.4419",79.7
2024-01-18 15:21:00,VIN-D0967,87.0,57.1,"10.8231,106.6297",74.7
2024-01-18 15:24:00,VIN-D0968,82.8,91.2,"16.0544,108.2022",70.4
2024-01-18 15:27:00,VIN-D0969,13.0,76.4,"21.0285,105.8542",103.1
2024-01-18 15:30:00,VIN-D0970,30.7,45.6,"10.0452,105.7469",104.0
2024-01-18 15:33:00,VIN-D0971,64.1,11.9,"10.8231,106.6297",84.6
2024-01-18 15:36:00,VIN-D0972,21.5,8.9,"11.9404,108.4583",72.6
2024-01-18 15:39:00,VIN-D0973,80.9,65.6,"12.2388,109.1967",104.2
2024-01-18 15:42:00,VIN-D0974,57.0,12.4,"21.0285,105.8542",88.4
2024-01-18 15:45:00,VIN-D0975,80.2,30.8,"11.9404,108.4583",107.6
2024-01-18 15:48:00,VIN-D0976,102.9,58.8,"20.8449,106.6881",108.1
2024-01-18 15:51:00,VIN-D0977,75.7,13.5,"12.2388,109.1967",103.2
2024-01-18 15:54:00,VIN-D0978,53.7,67.7,"10.8231,106.6297",82.3
2024-01-18 15:57:00,VIN-D0979,35.7,70.1,"10.0452,105.7469",91.7
2024-01-18 16:00:00,VIN-D0980,78.9,16.4,"10.8231,106.6297",106.6
2024-01-18 16:03:00,VIN-D0981,12.0,76.5,"12.2388,109.1967",102.8
2024-01-18 16:06:00,VIN-D0982,40.2,43.7,"20.8449,106.6881",88.6
2024-01-18 16:09:00,VIN-D0983,49.9,11.8,"11.9404,108.4583",75.2
2024-01-18 16:12:00,VIN-D0984,67.7,75.1,"21.0285,105.8542",89.4
2024-01-18 16:15:00,VIN-D0985,68.2,80.1,"10.9460,108.4419",86.9
2024-01-18 16:18:00,VIN-D0986,39.7,93.5,"10.9460,108.4419",104.8
2024-01-18 16:21:00,VIN-D0987,56.0,80.9,"16.0544,108.2022",105.4
2024-01-18 16:24:00,VIN-D0988,79.9,57.7,"12.2388,109.1967",98.2
2024-01-18 16:27:00,VIN-D0989,42.0,26.9,"10.9460,108.4419",90.2
2024-01-18 16:30:00,VIN-D0990,19.5,48.7,"16.0544,108.2022",82.9
2024-01-18 16:33:00,VIN-D0991,22.8,19.1,"11.9404,108.4583",95.4
2024-01-18 16:36:00,VIN-D0992,77.3,22.3,"12.2388,109.1967",91.0
2024-01-18 16:39:00,VIN-D0993,66.7,79.5,"11.9404,108.4583",98.4
2024-01-18 16:42:00,VIN-D0994,59.9,98.0,"16.0544,108.2022",94.8
2024-01-18 16:45:00,VIN-D0995,105.2,23.1,"11.9404,108.4583",98.0
2024-01-18 16:48:00,VIN-D0996,107.0,64.6,"16.0544,108.2022",98.0
2024-01-18 16:51:00,VIN-D0997,30.6,90.0,"10.0452,105.7469",93.0
2024-01-18 16:54:00,VIN-D0998,48.1,45.3,"12.2388,109.1967",100.6
2024-01-18 16:57:00,VIN-D0999,34.3,32.2,"16.0544,108.2022",97.1
2024-01-18 17:00:00,VIN-D1000,29.8,57.9,"11.9404,108.4583",98.9
2024-01-18 17:03:00,VIN-D1001,47.1,69.3,"16.0544,108.2022",98.4
2024-01-18 17:06:00,VIN-D1002,72.3,57.5,"20.8449,106.6881",96.5
2024-01-18 17:09:00,VIN-D1003,48.6,80.0,"16.0544,108.2022",88.9
2024-01-18 17:12:00,VIN-D1004,40.0,98.2,"10.0452,105.7469",103.2
2024-01-18 17:15:00,VIN-D1005,102.8,90.0,"20.8449,106.6881",95.2
2024-01-18 17:18:00,VIN-D1006,6.8,14.9,"20.8449,106.6881",77.8
2024-01-18 17:21:00,VIN-D1007,32.4,10.6,"12.2388,109.1967",97.6
2024-01-18 17:24:00,VIN-D1008,16.0,40.6,"10.0452,105.7469",80.2
2024-01-18 17:27:00,VIN-D1009,82.7,37.6,"20.8449,106.6881",78.5
2024-01-18 17:30:00,VIN-D1010,20.6,87.5,"20.8449,106.6881",77.3
2024-01-18 17:33:00,VIN-D1011,26.1,39.6,"10.8231,106.6297",81.3
2024-01-18 17:36:00,VIN-D1012,32.0,39.5,"21.0285,105.8542",99.6
2024-01-18 17:39:00,VIN-D1013,106.1,94.6,"10.0452,105.7469",80.8
2024-01-18 17:42:00,VIN-D1014,34.9,19.0,"21.0285,105.8542",74.2
2024-01-18 17:45:00,VIN-D1015,40.7,89.5,"12.2388,109.1967",81.7
2024-01-18 17:48:00,VIN-D1016,68.1,50.4,"12.2388,109.1967",76.7
2024-01-18 17:51:00,VIN-D1017,97.6,65.0,"12.2388,109.1967",77.2
2024-01-18 17:54:00,VIN-D1018,75.1,33.5,"10.0452,105.7469",90.2
2024-01-18 17:57:00,VIN-D1019,107.9,12.1,"21.0285,105.8542",74.9
2024-01-18 18:00:00,VIN-D1020,109.2,30.9,"10.9460,108.4419",95.7
2024-01-18 18:03:00,VIN-D1021,20.8,28.9,"20.8449,106.6881",81.5
2024-01-18 18:06:00,VIN-D1022,70.4,88.5,"10.9460,108.4419",76.9
2024-01-18 18:09:00,VIN-D1023,52.9,24.4,"10.0452,105.7469",96.1
2024-01-18 18:12:00,VIN-D1024,74.6,55.2,"10.9460,108.4419",85.0
2024-01-18 18:15:00,VIN-D1025,77.4,82.1,"11.9404,108.4583",79.6
2024-01-18 18:18:00,VIN-D1026,0.3,49.1,"21.0285,105.8542",80.4
2024-01-18 18:21:00,VIN-D1027,117.8,66.8,"10.0452,105.7469",104.3
2024-01-18 18:24:00,VIN-D1028,57.6,59.0,"10.0452,105.7469",71.9
2024-01-18 18:27:00,VIN-D1029,114.9,82.2,"16.0544,108.2022",80.4
2024-01-18 18:30:00,VIN-D1030,88.8,99.8,"10.8231,106.6297",99.0
2024-01-18 18:33:00,VIN-D1031,11.0,28.8,"12.2388,109.1967",106.2
2024-01-18 18:36:00,VIN-D1032,28.6,50.4,"20.8449,106.6881",107.6
2024-01-18 18:39:00,VIN-D1033,37.0,75.8,"21.0285,105.8542",106.8
2024-01-18 18:42:00,VIN-D1034,75.8,6.3,"20.8449,106.6881",99.5
2024-01-18 18:45:00,VIN-D1035,70.8,15.9,"10.8231,106.6297",85.1
2024-01-18 18:48:00,VIN-D1036,103.8,64.5,"10.0452,105.7469",100.0
2024-01-18 18:51:00,VIN-D1037,109.6,62.7,"16.0544,108.2022",102.0
2024-01-18 18:54:00,VIN-D1038,95.5,54.3,"10.9460,108.4419",93.9
2024-01-18 18:57:00,VIN-D1039,84.0,8.5,"11.9404,108.4583",70.4
2024-01-18 19:00:00,VIN-D1040,9.3,78.4,"10.9460,108.4419",73.3
2024-01-18 19:03:00,VIN-D1041,69.8,14.7,"16.0544,108.2022",82.7
2024-01-18 19:06:00,VIN-D1042,16.7,99.1,"21.0285,105.8542",86.6
2024-01-18 19:09:00,VIN-D1043,0.2,29.2,"10.8231,106.6297",77.5
2024-01-18 19:12:00,VIN-D1044,117.9,20.7,"20.8449,106.6881",101.6
2024-01-18 19:15:00,VIN-D1045,115.5,53.6,"10.0452,105.7469",95.6
2024-01-18 19:18:00,VIN-D1046,13.5,21.4,"20.8449,106.6881",105.5
2024-01-18 19:21:00,VIN-D1047,31.7,71.7,"12.2388,109.1967",75.6
2024-01-18 19:24:00,VIN-D1048,4.4,48.9,"20.8449,106.6881",100.5
2024-01-18 19:27:00,VIN-D1049,74.1,82.4,"10.9460,108.4419",90.2
2024-01-18 19:30:00,VIN-D1050,31.4,8.1,"10.8231,106.6297",95.9
2024-01-18 19:33:00,VIN-D1051,34.3,31.4,"12.2388,109.1967",75.5
2024-01-18 19:36:00,VIN-D1052,47.1,66.0,"10.0452,105.7469",103.7
2024-01-18 19:39:00,VIN-D1053,20.3,72.0,"20.8449,106.6881",72.7
2024-01-18 19:42:00,VIN-D1054,117.6,60.0,"16.0544,108.2022",90.8
2024-01-18 19:45:00,VIN-D1055,111.2,35.6,"12.2388,109.1967",88.3
2024-01-18 19:48:00,VIN-D1056,38.8,49.7,"20.8449,106.6881",78.5
2024-01-18 19:51:00,VIN-D1057,90.4,51.5,"16.0544,108.2022",93.7
2024-01-18 19:54:00,VIN-D1058,3.4,34.9,"10.9460,108.4419",93.0
2024-01-18 19:57:00,VIN-D1059,79.2,62.1,"10.0452,105.7469",85.6
2024-01-18 20:00:00,VIN-D1060,52.1,49.6,"21.0285,105.8542",71.6
2024-01-18 20:03:00,VIN-D1061,70.4,62.5,"21.0285,105.8542",82.7
2024-01-18 20:06:00,VIN-D1062,92.6,82.6,"10.0452,105.7469",92.8
2024-01-18 20:09:00,VIN-D1063,117.0,37.4,"20.8449,106.6881",99.7
2024-01-18 20:12:00,VIN-D1064,104.9,55.4,"20.8449,106.6881",94.8
2024-01-18 20:15:00,VIN-D1065,115.7,45.4,"10.8231,106.6297",104.2
2024-01-18 20:18:00,VIN-D1066,50.3,38.9,"10.9460,108.4419",106.3
2024-01-18 20:21:00,VIN-D1067,47.1,91.1,"11.9404,108.4583",103.8
2024-01-18 20:24:00,VIN-D1068,95.7,13.3,"21.0285,105.8542",90.0
2024-01-18 20:27:00,VIN-D1069,15.5,20.7,"16.0544,108.2022",85.2
2024-01-18 20:30:00,VIN-D1070,100.6,32.1,"21.0285,105.8542",91.1
2024-01-18 20:33:00,VIN-D1071,105.2,17.4,"12.2388,109.1967",83.8
2024-01-18 20:36:00,VIN-D1072,35.2,52.7,"10.0452,105.7469",82.9
2024-01-18 20:39:00,VIN-D1073,44.8,37.0,"12.2388,109.1967",95.6
2024-01-18 20:42:00,VIN-D1074,56.5,48.0,"11.9404,108.4583",71.5
2024-01-18 20:45:00,VIN-D1075,53.7,90.0,"11.9404,108.4583",100.9
2024-01-18 20:48:00,VIN-D1076,38.7,90.1,"10.9460,108.4419",105.0
2024-01-18 20:51:00,VIN-D1077,30.2,82.2,"11.9404,108.4583",99.1
2024-01-18 20:54:00,VIN-D1078,90.0,36.4,"16.0544,108.2022",76.8
2024-01-18 20:57:00,VIN-D1079,39.7,82.7,"12.2388,109.1967",86.8
2024-01-18 21:00:00,VIN-D1080,95.2,85.3,"10.8231,106.6297",73.3
2024-01-18 21:03:00,VIN-D1081,59.0,35.8,"16.0544,108.2022",104.1
2024-01-18 21:06:00,VIN-D1082,102.2,61.0,"16.0544,108.2022",94.8
2024-01-18 21:09:00,VIN-D1083,67.5,77.3,"20.8449,106.6881",83.1
2024-01-18 21:12:00,VIN-D1084,19.5,79.7,"20.8449,106.6881",89.9
2024-01-18 21:15:00,VIN-D1085,81.4,60.6,"10.8231,106.6297",75.7
2024-01-18 21:18:00,VIN-D1086,98.4,68.2,"11.9404,108.4583",80.8
2024-01-18 21:21:00,VIN-D1087,52.5,10.6,"12.2388,109.1967",100.4
2024-01-18 21:24:00,VIN-D1088,41.1,72.9,"16.0544,108.2022",81.3
2024-01-18 21:27:00,VIN-D1089,49.8,75.3,"10.9460,108.4419",105.6
2024-01-18 21:30:00,VIN-D1090,26.6,71.0,"11.9404,108.4583",72.8
2024-01-18 21:33:00,VIN-D1091,119.2,69.2,"10.9460,108.4419",85.0
2024-01-18 21:36:00,VIN-D1092,29.7,20.3,"12.2388,109.1967",86.7
2024-01-18 21:39:00,VIN-D1093,37.5,73.7,"16.0544,108.2022",70.9
2024-01-18 21:42:00,VIN-D1094,7.1,38.6,"10.8231,106.6297",85.9
2024-01-18 21:45:00,VIN-D1095,29.5,30.0,"20.8449,106.6881",73.0
2024-01-18 21:48:00,VIN-D1096,63.3,52.3,"10.9460,108.4419",77.6
2024-01-18 21:51:00,VIN-D1097,17.3,22.1,"20.8449,106.6881",106.1
2024-01-18 21:54:00,VIN-D1098,119.6,89.8,"10.0452,105.7469",96.4
2024-01-18 21:57:00,VIN-D1099,83.0,8.9,"21.0285,105.8542",98.5
2024-01-18 22:00:00,VIN-D1100,73.6,50.7,"20.8449,106.6881",71.9
2024-01-18 22:03:00,VIN-D1101,29.4,98.6,"10.0452,105.7469",72.4
2024-01-18 22:06:00,VIN-D1102,97.8,32.7,"21.0285,105.8542",91.2
2024-01-18 22:09:00,VIN-D1103,36.2,44.9,"20.8449,106.6881",72.2
2024-01-18 22:12:00,VIN-D1104,21.7,6.5,"10.0452,105.7469",73.5
2024-01-18 22:15:00,VIN-D1105,56.5,57.6,"10.8231,106.6297",99.2
2024-01-18 22:18:00,VIN-D1106,82.1,11.3,"10.0452,105.7469",107.2
2024-01-18 22:21:00,VIN-D1107,58.3,97.8,"20.8449,106.6881",89.9
2024-01-18 22:24:00,VIN-D1108,54.9,49.1,"10.0452,105.7469",104.1
2024-01-18 22:27:00,VIN-D1109,41.0,95.6,"20.8449,106.6881",82.4
2024-01-18 22:30:00,VIN-D1110,41.8,36.4,"10.8231,106.6297",78.3
2024-01-18 22:33:00,VIN-D1111,107.9,52.9,"11.9404,108.4583",102.2
2024-01-18 22:36:00,VIN-D1112,83.5,24.2,"21.0285,105.8542",74.3
2024-01-18 22:39:00,VIN-D1113,6.1,41.3,"10.0452,105.7469",93.0
2024-01-18 22:42:00,VIN-D1114,44.6,27.3,"10.8231,106.6297",91.5
2024-01-18 22:45:00,VIN-D1115,87.8,17.9,"10.0452,105.7469",77.5
2024-01-18 22:48:00,VIN-D1116,113.5,12.8,"11.9404,108.4583",97.1
2024-01-18 22:51:00,VIN-D1117,118.0,34.6,"11.9404,108.4583",83.5
2024-01-18 22:54:00,VIN-D1118,94.3,49.1,"16.0544,108.2022",85.1
2024-01-18 22:57:00,VIN-D1119,2.1,18.2,"20.8449,106.6881",70.6
2024-01-18 23:00:00,VIN-D1120,52.8,73.1,"11.9404,108.4583",95.3
2024-01-18 23:03:00,VIN-D1121,14.8,83.4,"12.2388,109.1967",102.6
2024-01-18 23:06:00,VIN-D1122,57.3,19.9,"20.8449,106.6881",108.4
2024-01-18 23:09:00,VIN-D1123,67.5,28.2,"12.2388,109.1967",96.4
2024-01-18 23:12:00,VIN-D1124,54.4,88.5,"10.9460,108.4419",80.0
2024-01-18 23:15:00,VIN-D1125,20.9,31.8,"20.8449,106.6881",92.7
2024-01-18 23:18:00,VIN-D1126,99.0,92.2,"11.9404,108.4583",76.7
2024-01-18 23:21:00,VIN-D1127,4.0,26.7,"11.9404,108.4583",90.3
2024-01-18 23:24:00,VIN-D1128,24.7,48.9,"21.0285,105.8542",76.4
2024-01-18 23:27:00,VIN-D1129,65.5,56.0,"21.0285,105.8542",93.7
2024-01-18 23:30:00,VIN-D1130,106.8,73.2,"12.2388,109.1967",103.2
2024-01-18 23:33:00,VIN-D1131,43.0,12.8,"11.9404,108.4583",95.0
2024-01-18 23:36:00,VIN-D1132,8.1,72.2,"12.2388,109.1967",82.5
2024-01-18 23:39:00,VIN-D1133,98.0,67.4,"12.2388,109.1967",109.9
2024-01-18 23:42:00,VIN-D1134,51.9,77.9,"16.0544,108.2022",79.5
2024-01-18 23:45:00,VIN-D1135,70.1,7.9,"21.0285,105.8542",108.7
2024-01-18 23:48:00,VIN-D1136,20.4,87.9,"20.8449,106.6881",89.8
2024-01-18 23:51:00,VIN-D1137,43.9,29.3,"10.8231,106.6297",101.5
2024-01-18 23:54:00,VIN-D1138,60.3,49.6,"10.9460,108.4419",94.0
2024-01-18 23:57:00,VIN-D1139,41.6,9.3,"12.2388,109.1967",85.0
2024-01-19 00:00:00,VIN-D1140,112.7,76.1,"10.0452,105.7469",86.9
2024-01-19 00:03:00,VIN-D1141,17.2,66.0,"11.9404,108.4583",106.1
2024-01-19 00:06:00,VIN-D1142,89.1,91.2,"10.8231,106.6297",72.3
2024-01-19 00:09:00,VIN-D1143,82.9,68.3,"10.9460,108.4419",89.3
2024-01-19 00:12:00,VIN-D1144,85.3,83.7,"10.9460,108.4419",79.7
2024-01-19 00:15:00,VIN-D1145,84.1,45.2,"10.0452,105.7469",74.2
2024-01-19 00:18:00,VIN-D1146,11.7,68.0,"10.8231,106.6297",99.9
2024-01-19 00:21:00,VIN-D1147,70.5,17.1,"21.0285,105.8542",85.4
2024-01-19 00:24:00,VIN-D1148,32.2,50.7,"16.0544,108.2022",89.5
2024-01-19 00:27:00,VIN-D1149,34.6,22.0,"10.0452,105.7469",104.8
2024-01-19 00:30:00,VIN-D1150,91.2,76.7,"10.9460,108.4419",97.5
2024-01-19 00:33:00,VIN-D1151,60.3,92.4,"11.9404,108.4583",97.2
2024-01-19 00:36:00,VIN-D1152,50.7,89.0,"21.0285,105.8542",83.9
2024-01-19 00:39:00,VIN-D1153,89.1,15.4,"11.9404,108.4583",84.6
2024-01-19 00:42:00,VIN-D1154,49.9,44.6,"20.8449,106.6881",86.6
2024-01-19 00:45:00,VIN-D1155,118.3,89.7,"10.8231,106.6297",92.6
2024-01-19 00:48:00,VIN-D1156,50.5,75.9,"20.8449,106.6881",80.0
2024-01-19 00:51:00,VIN-D1157,76.7,37.5,"11.9404,108.4583",82.5
2024-01-19 00:54:00,VIN-D1158,83.5,16.1,"21.0285,105.8542",78.8
2024-01-19 00:57:00,VIN-D1159,70.4,44.5,"10.0452,105.7469",77.5
2024-01-19 01:00:00,VIN-D1160,31.3,40.3,"21.0285,105.8542",90.4
2024-01-19 01:03:00,VIN-D1161,44.8,62.7,"21.0285,105.8542",93.7
2024-01-19 01:06:00,VIN-D1162,9.8,18.8,"20.8449,106.6881",106.1
2024-01-19 01:09:00,VIN-D1163,54.1,75.2,"12.2388,109.1967",92.3
2024-01-19 01:12:00,VIN-D1164,91.2,88.3,"10.9460,108.4419",92.1
2024-01-19 01:15:00,VIN-D1165,63.1,59.3,"20.8449,106.6881",99.6
2024-01-19 01:18:00,VIN-D1166,10.2,45.4,"10.0452,105.7469",72.3
2024-01-19 01:21:00,VIN-D1167,19.4,64.6,"12.2388,109.1967",98.3
2024-01-19 01:24:00,VIN-D1168,46.6,88.1,"16.0544,108.2022",77.2
2024-01-19 01:27:00,VIN-D1169,41.7,58.5,"21.0285,105.8542",86.9
2024-01-19 01:30:00,VIN-D1170,16.0,5.4,"21.0285,105.8542",75.4
2024-01-19 01:33:00,VIN-D1171,33.8,60.7,"10.8231,106.6297",74.4
2024-01-19 01:36:00,VIN-D1172,46.9,97.4,"21.0285,105.8542",92.8
2024-01-19 01:39:00,VIN-D1173,60.3,45.4,"10.9460,108.4419",109.8
2024-01-19 01:42:00,VIN-D1174,78.2,84.5,"11.9404,108.4583",96.7
2024-01-19 01:45:00,VIN-D1175,27.1,41.9,"20.8449,106.6881",101.5
2024-01-19 01:48:00,VIN-D1176,20.9,6.1,"10.0452,105.7469",83.9
2024-01-19 01:51:00,VIN-D1177,56.5,65.9,"11.9404,108.4583",89.6
2024-01-19 01:54:00,VIN-D1178,44.8,63.9,"12.2388,109.1967",76.6
2024-01-19 01:57:00,VIN-D1179,73.0,34.4,"21.0285,105.8542",70.1
2024-01-19 02:00:00,VIN-D1180,35.8,5.8,"10.8231,106.6297",78.7
2024-01-19 02:03:00,VIN-D1181,89.3,49.5,"10.8231,106.6297",78.7
2024-01-19 02:06:00,VIN-D1182,15.3,77.9,"16.0544,108.2022",98.4
2024-01-19 02:09:00,VIN-D1183,36.6,71.0,"20.8449,106.6881",78.3
2024-01-19 02:12:00,VIN-D1184,95.3,17.1,"10.0452,105.7469",101.5
2024-01-19 02:15:00,VIN-D1185,100.7,12.7,"16.0544,108.2022",70.5
2024-01-19 02:18:00,VIN-D1186,29.1,97.7,"10.8231,106.6297",97.5
2024-01-19 02:21:00,VIN-D1187,51.5,83.3,"11.9404,108.4583",90.2
2024-01-19 02:24:00,VIN-D1188,118.2,96.8,"21.0285,105.8542",92.5
2024-01-19 02:27:00,VIN-D1189,24.0,66.7,"21.0285,105.8542",98.4
2024-01-19 02:30:00,VIN-D1190,11.3,93.4,"21.0285,105.8542",88.7
2024-01-19 02:33:00,VIN-D1191,95.4,7.9,"10.0452,105.7469",95.5
2024-01-19 02:36:00,VIN-D1192,50.9,42.4,"20.8449,106.6881",96.0
2024-01-19 02:39:00,VIN-D1193,112.6,33.9,"16.0544,108.2022",90.3
2024-01-19 02:42:00,VIN-D1194,78.0,20.0,"11.9404,108.4583",93.3
2024-01-19 02:45:00,VIN-D1195,33.6,6.0,"10.0452,105.7469",109.1
2024-01-19 02:48:00,VIN-D1196,59.0,9.7,"16.0544,108.2022",96.7
2024-01-19 02:51:00,VIN-D1197,72.1,98.8,"10.8231,106.6297",103.3
2024-01-19 02:54:00,VIN-D1198,58.9,25.8,"10.0452,105.7469",96.7
2024-01-19 02:57:00,VIN-D1199,12.9,24.1,"12.2388,109.1967",99.6
2024-01-19 03:00:00,VIN-D1200,15.1,70.5,"11.9404,108.4583",86.6
2024-01-19 03:03:00,VIN-D1201,99.7,60.3,"11.9404,108.4583",71.9
2024-01-19 03:06:00,VIN-D1202,96.7,79.4,"10.0452,105.7469",72.2
2024-01-19 03:09:00,VIN-D1203,48.3,48.2,"10.8231,106.6297",88.2
2024-01-19 03:12:00,VIN-D1204,8.0,71.6,"20.8449,106.6881",83.2
2024-01-19 03:15:00,VIN-D1205,34.1,86.2,"12.2388,109.1967",101.8
2024-01-19 03:18:00,VIN-D1206,72.4,52.5,"16.0544,108.2022",102.0
2024-01-19 03:21:00,VIN-D1207,71.9,53.0,"16.0544,108.2022",106.4
2024-01-19 03:24:00,VIN-D1208,108.8,12.0,"21.0285,105.8542",81.1
2024-01-19 03:27:00,VIN-D1209,56.0,52.2,"12.2388,109.1967",93.0
2024-01-19 03:30:00,VIN-D1210,29.5,74.0,"20.8449,106.6881",104.3
2024-01-19 03:33:00,VIN-D1211,52.9,84.7,"16.0544,108.2022",90.3
2024-01-19 03:36:00,VIN-D1212,119.4,96.1,"20.8449,106.6881",74.3
2024-01-19 03:39:00,VIN-D1213,68.1,36.1,"12.2388,109.1967",98.3
2024-01-19 03:42:00,VIN-D1214,67.6,82.4,"16.0544,108.2022",92.5
2024-01-19 03:45:00,VIN-D1215,67.4,30.0,"12.2388,109.1967",77.6
2024-01-19 03:48:00,VIN-D1216,102.3,82.4,"11.9404,108.4583",88.3
2024-01-19 03:51:00,VIN-D1217,100.0,98.7,"20.8449,106.6881",73.1
2024-01-19 03:54:00,VIN-D1218,105.8,92.3,"20.8449,106.6881",83.7
2024-01-19 03:57:00,VIN-D1219,40.8,78.8,"10.8231,106.6297",98.3
2024-01-19 04:00:00,VIN-D1220,69.9,13.6,"11.9404,108.4583",93.8
2024-01-19 04:03:00,VIN-D1221,86.4,75.8,"10.0452,105.7469",75.7
2024-01-19 04:06:00,VIN-D1222,25.0,71.2,"11.9404,108.4583",108.4
2024-01-19 04:09:00,VIN-D1223,90.8,76.9,"20.8449,106.6881",102.3
2024-01-19 04:12:00,VIN-D1224,110.8,60.0,"12.2388,109.1967",73.5
2024-01-19 04:15:00,VIN-D1225,76.5,7.9,"20.8449,106.6881",74.2
2024-01-19 04:18:00,VIN-D1226,93.0,68.8,"20.8449,106.6881",71.4
2024-01-19 04:21:00,VIN-D1227,63.7,55.8,"10.9460,108.4419",75.4
2024-01-19 04:24:00,VIN-D1228,80.3,7.8,"10.0452,105.7469",107.1
2024-01-19 04:27:00,VIN-D1229,85.4,57.3,"21.0285,105.8542",107.7
2024-01-19 04:30:00,VIN-D1230,19.0,77.0,"20.8449,106.6881",85.8
2024-01-19 04:33:00,VIN-D1231,57.2,98.0,"10.9460,108.4419",76.6
2024-01-19 04:36:00,VIN-D1232,2.1,66.5,"10.0452,105.7469",81.8
2024-01-19 04:39:00,VIN-D1233,30.0,26.3,"20.8449,106.6881",84.5
2024-01-19 04:42:00,VIN-D1234,58.0,48.7,"21.0285,105.8542",93.2
2024-01-19 04:45:00,VIN-D1235,83.6,38.0,"11.9404,108.4583",89.6
2024-01-19 04:48:00,VIN-D1236,34.4,86.9,"10.0452,105.7469",93.6
2024-01-19 04:51:00,VIN-D1237,58.7,8.2,"12.2388,109.1967",85.6
2024-01-19 04:54:00,VIN-D1238,54.1,62.1,"21.0285,105.8542",85.7
2024-01-19 04:57:00,VIN-D1239,87.1,5.5,"11.9404,108.4583",80.8
2024-01-19 05:00:00,VIN-D1240,51.1,57.2,"10.9460,108.4419",99.9
2024-01-19 05:03:00,VIN-D1241,28.9,67.8,"11.9404,108.4583",90.7
2024-01-19 05:06:00,VIN-D1242,60.3,55.7,"10.8231,106.6297",104.0
2024-01-19 05:09:00,VIN-D1243,39.7,98.2,"16.0544,108.2022",108.7
2024-01-19 05:12:00,VIN-D1244,96.1,45.1,"20.8449,106.6881",75.1
2024-01-19 05:15:00,VIN-D1245,32.7,52.1,"10.8231,106.6297",97.5
2024-01-19 05:18:00,VIN-D1246,67.6,54.0,"12.2388,109.1967",70.6
2024-01-19 05:21:00,VIN-D1247,10.9,32.9,"21.0285,105.8542",103.3
2024-01-19 05:24:00,VIN-D1248,73.0,49.4,"10.8231,106.6297",71.6
2024-01-19 05:27:00,VIN-D1249,8.4,60.1,"10.8231,106.6297",108.6
2024-01-19 05:30:00,VIN-D1250,111.0,47.8,"11.9404,108.4583",80.3
2024-01-19 05:33:00,VIN-D1251,52.9,77.0,"10.0452,105.7469",95.2
2024-01-19 05:36:00,VIN-D1252,87.4,31.9,"20.8449,106.6881",100.1
2024-01-19 05:39:00,VIN-D1253,27.8,59.5,"10.8231,106.6297",92.2
2024-01-19 05:42:00,VIN-D1254,33.2,25.0,"11.9404,108.4583",107.9
2024-01-19 05:45:00,VIN-D1255,45.4,11.4,"10.0452,105.7469",75.7
2024-01-19 05:48:00,VIN-D1256,24.1,6.3,"12.2388,109.1967",75.0
2024-01-19 05:51:00,VIN-D1257,79.2,65.6,"16.0544,108.2022",84.3
2024-01-19 05:54:00,VIN-D1258,8.1,13.2,"10.8231,106.6297",77.9
2024-01-19 05:57:00,VIN-D1259,42.4,33.5,"10.8231,106.6297",93.1
2024-01-19 06:00:00,VIN-D1260,19.9,59.9,"21.0285,105.8542",103.0
2024-01-19 06:03:00,VIN-D1261,37.6,47.6,"10.8231,106.6297",99.1
2024-01-19 06:06:00,VIN-D1262,27.4,78.3,"10.0452,105.7469",92.3
2024-01-19 06:09:00,VIN-D1263,85.2,69.5,"10.9460,108.4419",85.6
2024-01-19 06:12:00,VIN-D1264,51.6,99.4,"20.8449,106.6881",103.3
2024-01-19 06:15:00,VIN-D1265,101.0,54.7,"11.9404,108.4583",105.9
2024-01-19 06:18:00,VIN-D1266,100.5,90.0,"12.2388,109.1967",70.7
2024-01-19 06:21:00,VIN-D1267,25.5,63.1,"10.9460,108.4419",92.0
2024-01-19 06:24:00,VIN-D1268,64.1,32.2,"10.0452,105.7469",70.9
2024-01-19 06:27:00,VIN-D1269,12.0,23.7,"10.0452,105.7469",76.4
2024-01-19 06:30:00,VIN-D1270,90.7,68.1,"10.9460,108.4419",98.2
2024-01-19 06:33:00,VIN-D1271,21.6,76.5,"10.0452,105.7469",90.4
2024-01-19 06:36:00,VIN-D1272,105.3,49.8,"11.9404,108.4583",107.3
2024-01-19 06:39:00,VIN-D1273,67.1,57.3,"21.0285,105.8542",78.9
2024-01-19 06:42:00,VIN-D1274,99.0,15.0,"10.9460,108.4419",90.4
2024-01-19 06:45:00,VIN-D1275,6.8,46.6,"10.9460,108.4419",86.2
2024-01-19 06:48:00,VIN-D1276,54.3,11.8,"16.0544,108.2022",109.5
2024-01-19 06:51:00,VIN-D1277,93.9,82.2,"16.0544,108.2022",100.5
2024-01-19 06:54:00,VIN-D1278,104.9,10.6,"16.0544,108.2022",91.2
2024-01-19 06:57:00,VIN-D1279,117.9,47.2,"10.9460,108.4419",80.8
2024-01-19 07:00:00,VIN-D1280,42.9,64.3,"16.0544,108.2022",79.5
2024-01-19 07:03:00,VIN-D1281,100.3,24.9,"10.8231,106.6297",85.1
2024-01-19 07:06:00,VIN-D1282,58.7,50.8,"16.0544,108.2022",80.7
2024-01-19 07:09:00,VIN-D1283,71.7,67.9,"16.0544,108.2022",85.1
2024-01-19 07:12:00,VIN-D1284,41.0,88.6,"21.0285,105.8542",77.6
2024-01-19 07:15:00,VIN-D1285,48.6,59.7,"20.8449,106.6881",89.1
2024-01-19 07:18:00,VIN-D1286,31.1,39.5,"12.2388,109.1967",82.7
2024-01-19 07:21:00,VIN-D1287,54.3,77.7,"11.9404,108.4583",87.7
2024-01-19 07:24:00,VIN-D1288,36.1,81.6,"16.0544,108.2022",109.3
2024-01-19 07:27:00,VIN-D1289,38.8,73.4,"10.8231,106.6297",98.3
2024-01-19 07:30:00,VIN-D1290,98.0,39.7,"21.0285,105.8542",100.5
2024-01-19 07:33:00,VIN-D1291,12.4,15.7,"20.8449,106.6881",89.1
2024-01-19 07:36:00,VIN-D1292,30.0,27.1,"11.9404,108.4583",73.0
2024-01-19 07:39:00,VIN-D1293,55.2,32.3,"20.8449,106.6881",89.8
2024-01-19 07:42:00,VIN-D1294,4.4,40.0,"20.8449,106.6881",100.0
2024-01-19 07:45:00,VIN-D1295,101.6,55.5,"10.0452,105.7469",90.2
2024-01-19 07:48:00,VIN-D1296,25.1,11.4,"10.0452,105.7469",80.4
2024-01-19 07:51:00,VIN-D1297,38.8,10.8,"10.9460,108.4419",82.8
2024-01-19 07:54:00,VIN-D1298,114.4,9.9,"12.2388,109.1967",99.9
2024-01-19 07:57:00,VIN-D1299,108.0,40.8,"10.0452,105.7469",104.2
2024-01-19 08:00:00,VIN-D1300,93.3,59.9,"10.0452,105.7469",82.0
2024-01-19 08:03:00,VIN-D1301,116.6,39.2,"12.2388,109.1967",100.8
2024-01-19 08:06:00,VIN-D1302,54.2,37.2,"11.9404,108.4583",104.5
2024-01-19 08:09:00,VIN-D1303,104.9,73.6,"16.0544,108.2022",86.1
2024-01-19 08:12:00,VIN-D1304,64.2,5.7,"10.0452,105.7469",102.2
2024-01-19 08:15:00,VIN-D1305,115.4,99.6,"16.0544,108.2022",88.6
2024-01-19 08:18:00,VIN-D1306,45.3,68.2,"20.8449,106.6881",100.9
2024-01-19 08:21:00,VIN-D1307,85.8,70.4,"20.8449,106.6881",93.2
2024-01-19 08:24:00,VIN-D1308,55.5,74.9,"10.9460,108.4419",86.7
2024-01-19 08:27:00,VIN-D1309,96.7,95.5,"10.0452,105.7469",95.3
2024-01-19 08:30:00,VIN-D1310,3.0,70.0,"11.9404,108.4583",96.1
2024-01-19 08:33:00,VIN-D1311,33.5,58.2,"10.9460,108.4419",100.1
2024-01-19 08:36:00,VIN-D1312,83.4,44.3,"21.0285,105.8542",92.8
2024-01-19 08:39:00,VIN-D1313,104.1,92.2,"16.0544,108.2022",77.2
2024-01-19 08:42:00,VIN-D1314,68.6,31.6,"16.0544,108.2022",107.3
2024-01-19 08:45:00,VIN-D1315,84.2,18.3,"10.8231,106.6297",104.7
2024-01-19 08:48:00,VIN-D1316,91.7,86.3,"16.0544,108.2022",83.9
2024-01-19 08:51:00,VIN-D1317,82.2,28.8,"21.0285,105.8542",106.5
2024-01-19 08:54:00,VIN-D1318,43.3,37.5,"12.2388,109.1967",72.6
2024-01-19 08:57:00,VIN-D1319,64.7,20.6,"10.0452,105.7469",73.4
2024-01-19 09:00:00,VIN-D1320,91.9,9.9,"10.0452,105.7469",83.9
2024-01-19 09:03:00,VIN-D1321,27.0,24.3,"16.0544,108.2022",90.2
2024-01-19 09:06:00,VIN-D1322,51.7,23.1,"12.2388,109.1967",104.8
2024-01-19 09:09:00,VIN-D1323,1.1,98.5,"20.8449,106.6881",84.4
2024-01-19 09:12:00,VIN-D1324,12.0,83.7,"20.8449,106.6881",96.2
2024-01-19 09:15:00,VIN-D1325,11.1,19.0,"11.9404,108.4583",72.4
2024-01-19 09:18:00,VIN-D1326,50.1,85.8,"20.8449,106.6881",106.3
2024-01-19 09:21:00,VIN-D1327,37.6,32.8,"10.0452,105.7469",81.9
2024-01-19 09:24:00,VIN-D1328,46.4,70.1,"16.0544,108.2022",78.4
2024-01-19 09:27:00,VIN-D1329,69.2,85.8,"10.9460,108.4419",77.1
2024-01-19 09:30:00,VIN-D1330,71.8,66.9,"12.2388,109.1967",85.8
2024-01-19 09:33:00,VIN-D1331,111.9,68.1,"20.8449,106.6881",78.4
2024-01-19 09:36:00,VIN-D1332,47.6,28.2,"12.2388,109.1967",85.5
2024-01-19 09:39:00,VIN-D1333,12.4,20.0,"20.8449,106.6881",108.7
2024-01-19 09:42:00,VIN-D1334,18.3,78.1,"10.0452,105.7469",107.8
2024-01-19 09:45:00,VIN-D1335,84.1,43.5,"10.8231,106.6297",90.6
2024-01-19 09:48:00,VIN-D1336,97.2,79.4,"10.9460,108.4419",81.3
2024-01-19 09:51:00,VIN-D1337,9.7,13.6,"10.0452,105.7469",80.2
2024-01-19 09:54:00,VIN-D1338,78.2,26.1,"10.8231,106.6297",79.1
2024-01-19 09:57:00,VIN-D1339,11.4,72.8,"21.0285,105.8542",85.5
2024-01-19 10:00:00,VIN-D1340,28.2,40.7,"16.0544,108.2022",109.4
2024-01-19 10:03:00,VIN-D1341,116.5,54.8,"11.9404,108.4583",103.5
2024-01-19 10:06:00,VIN-D1342,36.7,32.6,"10.8231,106.6297",91.3
2024-01-19 10:09:00,VIN-D1343,39.8,63.5,"20.8449,106.6881",76.1
2024-01-19 10:12:00,VIN-D1344,107.4,38.4,"21.0285,105.8542",95.4
2024-01-19 10:15:00,VIN-D1345,61.4,55.1,"21.0285,105.8542",71.5
2024-01-19 10:18:00,VIN-D1346,87.7,78.5,"10.8231,106.6297",99.6
2024-01-19 10:21:00,VIN-D1347,94.8,22.4,"20.8449,106.6881",105.6
2024-01-19 10:24:00,VIN-D1348,35.5,61.2,"21.0285,105.8542",87.7
2024-01-19 10:27:00,VIN-D1349,73.5,36.9,"21.0285,105.8542",106.4
2024-01-19 10:30:00,VIN-D1350,86.3,89.7,"16.0544,108.2022",106.1
2024-01-19 10:33:00,VIN-D1351,33.3,96.6,"20.8449,106.6881",85.6
2024-01-19 10:36:00,VIN-D1352,59.0,56.7,"11.9404,108.4583",109.5
2024-01-19 10:39:00,VIN-D1353,104.8,26.0,"16.0544,108.2022",106.4
2024-01-19 10:42:00,VIN-D1354,51.7,10.3,"16.0544,108.2022",106.4
2024-01-19 10:45:00,VIN-D1355,32.9,90.2,"10.0452,105.7469",83.9
2024-01-19 10:48:00,VIN-D1356,89.1,85.5,"10.8231,106.6297",88.4
2024-01-19 10:51:00,VIN-D1357,96.0,66.0,"10.8231,106.6297",97.5
2024-01-19 10:54:00,VIN-D1358,90.7,63.6,"11.9404,108.4583",71.0
2024-01-19 10:57:00,VIN-D1359,29.3,67.6,"11.9404,108.4583",95.5
2024-01-19 11:00:00,VIN-D1360,89.9,84.9,"20.8449,106.6881",87.8
2024-01-19 11:03:00,VIN-D1361,30.3,37.3,"10.0452,105.7469",96.3
2024-01-19 11:06:00,VIN-D1362,93.1,52.5,"21.0285,105.8542",80.2
2024-01-19 11:09:00,VIN-D1363,69.0,35.1,"12.2388,109.1967",99.4
2024-01-19 11:12:00,VIN-D1364,7.9,58.5,"16.0544,108.2022",81.7
2024-01-19 11:15:00,VIN-D1365,91.0,21.9,"10.8231,106.6297",102.8
2024-01-19 11:18:00,VIN-D1366,21.6,96.0,"21.0285,105.8542",84.3
2024-01-19 11:21:00,VIN-D1367,78.4,9.5,"11.9404,108.4583",75.5
2024-01-19 11:24:00,VIN-D1368,101.4,87.9,"10.8231,106.6297",74.8
2024-01-19 11:27:00,VIN-D1369,97.8,44.6,"20.8449,106.6881",76.6
2024-01-19 11:30:00,VIN-D1370,115.8,85.8,"10.8231,106.6297",89.1
2024-01-19 11:33:00,VIN-D1371,27.4,72.7,"12.2388,109.1967",100.0
2024-01-19 11:36:00,VIN-D1372,72.0,27.0,"12.2388,109.1967",79.5
2024-01-19 11:39:00,VIN-D1373,29.6,96.6,"16.0544,108.2022",84.6
2024-01-19 11:42:00,VIN-D1374,89.0,21.0,"12.2388,109.1967",94.0
2024-01-19 11:45:00,VIN-D1375,97.7,79.9,"10.0452,105.7469",92.4
2024-01-19 11:48:00,VIN-D1376,60.7,31.8,"10.8231,106.6297",100.3
2024-01-19 11:51:00,VIN-D1377,111.8,97.4,"10.0452,105.7469",89.3
2024-01-19 11:54:00,VIN-D1378,47.2,29.4,"12.2388,109.1967",76.2
2024-01-19 11:57:00,VIN-D1379,87.8,77.0,"10.8231,106.6297",77.6
2024-01-19 12:00:00,VIN-D1380,118.2,54.7,"12.2388,109.1967",102.8
2024-01-19 12:03:00,VIN-D1381,34.5,44.1,"10.0452,105.7469",103.2
2024-01-19 12:06:00,VIN-D1382,70.9,9.4,"11.9404,108.4583",102.5
2024-01-19 12:09:00,VIN-D1383,39.9,10.4,"12.2388,109.1967",107.5
2024-01-19 12:12:00,VIN-D1384,61.3,52.1,"21.0285,105.8542",83.4
2024-01-19 12:15:00,VIN-D1385,3.3,34.9,"16.0544,108.2022",106.5
2024-01-19 12:18:00,VIN-D1386,56.0,21.2,"10.8231,106.6297",94.6
2024-01-19 12:21:00,VIN-D1387,58.0,32.4,"10.9460,108.4419",92.9
2024-01-19 12:24:00,VIN-D1388,27.8,15.2,"21.0285,105.8542",88.9
2024-01-19 12:27:00,VIN-D1389,58.1,28.9,"10.8231,106.6297",71.2
2024-01-19 12:30:00,VIN-D1390,85.2,38.9,"12.2388,109.1967",106.6
2024-01-19 12:33:00,VIN-D1391,63.6,36.3,"10.9460,108.4419",100.2
2024-01-19 12:36:00,VIN-D1392,57.5,79.2,"20.8449,106.6881",86.2
2024-01-19 12:39:00,VIN-D1393,113.5,47.0,"10.0452,105.7469",85.8
2024-01-19 12:42:00,VIN-D1394,87.6,77.9,"10.9460,108.4419",80.5
2024-01-19 12:45:00,VIN-D1395,17.8,58.0,"10.8231,106.6297",77.7
2024-01-19 12:48:00,VIN-D1396,62.0,25.0,"16.0544,108.2022",84.2
2024-01-19 12:51:00,VIN-D1397,102.9,80.1,"12.2388,109.1967",70.2
2024-01-19 12:54:00,VIN-D1398,25.9,28.5,"11.9404,108.4583",74.7
2024-01-19 12:57:00,VIN-D1399,2.2,42.6,"11.9404,108.4583",89.3
2024-01-19 13:00:00,VIN-D1400,52.9,17.6,"20.8449,106.6881",86.7
2024-01-19 13:03:00,VIN-D1401,34.8,58.1,"10.8231,106.6297",78.7
2024-01-19 13:06:00,VIN-D1402,88.9,45.6,"20.8449,106.6881",88.8
2024-01-19 13:09:00,VIN-D1403,8.3,34.9,"12.2388,109.1967",103.4
2024-01-19 13:12:00,VIN-D1404,66.4,28.6,"10.0452,105.7469",89.5
2024-01-19 13:15:00,VIN-D1405,106.4,19.9,"10.0452,105.7469",100.2
2024-01-19 13:18:00,VIN-D1406,26.4,24.9,"11.9404,108.4583",79.6
2024-01-19 13:21:00,VIN-D1407,44.0,75.3,"20.8449,106.6881",71.7
2024-01-19 13:24:00,VIN-D1408,78.4,98.3,"10.0452,105.7469",77.2
2024-01-19 13:27:00,VIN-D1409,96.7,84.5,"10.0452,105.7469",81.6
2024-01-19 13:30:00,VIN-D1410,103.8,13.8,"12.2388,109.1967",94.8
2024-01-19 13:33:00,VIN-D1411,72.3,84.4,"12.2388,109.1967",88.2
2024-01-19 13:36:00,VIN-D1412,39.5,74.1,"10.0452,105.7469",96.9
2024-01-19 13:39:00,VIN-D1413,78.5,86.3,"10.8231,106.6297",81.0
2024-01-19 13:42:00,VIN-D1414,70.6,63.5,"20.8449,106.6881",88.4
2024-01-19 13:45:00,VIN-D1415,8.1,34.5,"20.8449,106.6881",109.1
2024-01-19 13:48:00,VIN-D1416,40.4,50.5,"10.9460,108.4419",79.3
2024-01-19 13:51:00,VIN-D1417,46.2,79.1,"10.8231,106.6297",96.5
2024-01-19 13:54:00,VIN-D1418,92.8,28.8,"11.9404,108.4583",88.8
2024-01-19 13:57:00,VIN-D1419,109.0,43.1,"21.0285,105.8542",106.9
2024-01-19 14:00:00,VIN-D1420,62.3,75.9,"12.2388,109.1967",102.4
2024-01-19 14:03:00,VIN-D1421,84.7,52.2,"11.9404,108.4583",87.2
2024-01-19 14:06:00,VIN-D1422,76.7,89.6,"10.8231,106.6297",89.0
2024-01-19 14:09:00,VIN-D1423,85.6,20.3,"21.0285,105.8542",105.9
2024-01-19 14:12:00,VIN-D1424,60.3,80.3,"10.9460,108.4419",96.5
2024-01-19 14:15:00,VIN-D1425,96.2,69.4,"20.8449,106.6881",108.1
2024-01-19 14:18:00,VIN-D1426,69.1,14.6,"11.9404,108.4583",90.3
2024-01-19 14:21:00,VIN-D1427,21.7,44.0,"12.2388,109.1967",100.5
2024-01-19 14:24:00,VIN-D1428,14.2,30.1,"11.9404,108.4583",87.6
2024-01-19 14:27:00,VIN-D1429,66.7,72.8,"10.9460,108.4419",107.3
2024-01-19 14:30:00,VIN-D1430,13.2,18.8,"11.9404,108.4583",102.4
2024-01-19 14:33:00,VIN-D1431,83.3,57.2,"21.0285,105.8542",92.1
2024-01-19 14:36:00,VIN-D1432,17.2,78.2,"21.0285,105.8542",76.6
2024-01-19 14:39:00,VIN-D1433,58.9,58.4,"11.9404,108.4583",106.5
2024-01-19 14:42:00,VIN-D1434,19.8,59.9,"21.0285,105.8542",95.0
2024-01-19 14:45:00,VIN-D1435,48.5,65.6,"12.2388,109.1967",74.0
2024-01-19 14:48:00,VIN-D1436,83.5,69.4,"11.9404,108.4583",105.0
2024-01-19 14:51:00,VIN-D1437,23.2,72.8,"10.8231,106.6297",98.2
2024-01-19 14:54:00,VIN-D1438,33.4,48.3,"20.8449,106.6881",78.1
2024-01-19 14:57:00,VIN-D1439,63.6,40.0,"20.8449,106.6881",108.8
2024-01-19 15:00:00,VIN-D1440,2.6,83.1,"20.8449,106.6881",100.1
2024-01-19 15:03:00,VIN-D1441,100.2,29.3,"21.0285,105.8542",80.8
2024-01-19 15:06:00,VIN-D1442,36.7,5.5,"12.2388,109.1967",71.4
2024-01-19 15:09:00,VIN-D1443,53.3,44.0,"16.0544,108.2022",79.5
2024-01-19 15:12:00,VIN-D1444,103.4,16.7,"20.8449,106.6881",82.5
2024-01-19 15:15:00,VIN-D1445,93.1,47.2,"10.9460,108.4419",76.4
2024-01-19 15:18:00,VIN-D1446,49.3,75.4,"16.0544,108.2022",99.3
2024-01-19 15:21:00,VIN-D1447,60.4,90.3,"12.2388,109.1967",76.2
2024-01-19 15:24:00,VIN-D1448,110.9,75.6,"12.2388,109.1967",109.8
2024-01-19 15:27:00,VIN-D1449,85.3,59.7,"16.0544,108.2022",105.8
2024-01-19 15:30:00,VIN-D1450,45.0,80.7,"10.9460,108.4419",97.6
2024-01-19 15:33:00,VIN-D1451,97.5,43.7,"11.9404,108.4583",109.7
2024-01-19 15:36:00,VIN-D1452,53.4,94.3,"10.9460,108.4419",103.5
2024-01-19 15:39:00,VIN-D1453,84.3,94.3,"10.0452,105.7469",108.2
2024-01-19 15:42:00,VIN-D1454,58.1,11.4,"10.8231,106.6297",103.6
2024-01-19 15:45:00,VIN-D1455,38.7,97.5,"16.0544,108.2022",84.2
2024-01-19 15:48:00,VIN-D1456,85.7,10.2,"20.8449,106.6881",97.7
2024-01-19 15:51:00,VIN-D1457,59.5,16.4,"11.9404,108.4583",77.8
2024-01-19 15:54:00,VIN-D1458,48.2,77.9,"21.0285,105.8542",89.0
2024-01-19 15:57:00,VIN-D1459,111.4,71.6,"12.2388,109.1967",72.5
2024-01-19 16:00:00,VIN-D1460,111.0,38.3,"10.8231,106.6297",71.9
2024-01-19 16:03:00,VIN-D1461,14.5,90.5,"20.8449,106.6881",97.3
2024-01-19 16:06:00,VIN-D1462,101.6,49.2,"16.0544,108.2022",89.2
2024-01-19 16:09:00,VIN-D1463,120.0,46.6,"16.0544,108.2022",105.3
2024-01-19 16:12:00,VIN-D1464,69.1,72.1,"10.9460,108.4419",74.1
2024-01-19 16:15:00,VIN-D1465,51.6,75.4,"11.9404,108.4583",70.4
2024-01-19 16:18:00,VIN-D1466,104.8,77.3,"16.0544,108.2022",110.0
2024-01-19 16:21:00,VIN-D1467,55.0,59.1,"10.8231,106.6297",97.5
2024-01-19 16:24:00,VIN-D1468,25.3,57.0,"21.0285,105.8542",89.5
2024-01-19 16:27:00,VIN-D1469,86.3,48.9,"16.0544,108.2022",107.3
2024-01-19 16:30:00,VIN-D1470,20.2,89.0,"10.8231,106.6297",75.8
2024-01-19 16:33:00,VIN-D1471,41.7,28.4,"21.0285,105.8542",85.9
2024-01-19 16:36:00,VIN-D1472,118.1,27.1,"21.0285,105.8542",82.7
2024-01-19 16:39:00,VIN-D1473,37.1,45.0,"10.9460,108.4419",75.0
2024-01-19 16:42:00,VIN-D1474,50.2,83.5,"20.8449,106.6881",102.3
2024-01-19 16:45:00,VIN-D1475,118.7,53.7,"10.8231,106.6297",97.3
2024-01-19 16:48:00,VIN-D1476,52.3,7.0,"21.0285,105.8542",82.8
2024-01-19 16:51:00,VIN-D1477,95.5,38.3,"16.0544,108.2022",85.7
2024-01-19 16:54:00,VIN-D1478,7.8,29.4,"10.9460,108.4419",79.1
2024-01-19 16:57:00,VIN-D1479,103.8,19.7,"10.8231,106.6297",102.6
2024-01-19 17:00:00,VIN-D1480,85.5,41.5,"20.8449,106.6881",86.2
2024-01-19 17:03:00,VIN-D1481,38.8,67.3,"11.9404,108.4583",79.4
2024-01-19 17:06:00,VIN-D1482,76.2,31.4,"21.0285,105.8542",97.7
2024-01-19 17:09:00,VIN-D1483,49.4,58.7,"10.0452,105.7469",83.4
2024-01-19 17:12:00,VIN-D1484,84.2,94.8,"20.8449,106.6881",106.5
2024-01-19 17:15:00,VIN-D1485,56.0,68.2,"11.9404,108.4583",92.2
2024-01-19 17:18:00,VIN-D1486,8.1,97.7,"10.8231,106.6297",108.1
2024-01-19 17:21:00,VIN-D1487,54.4,22.7,"10.0452,105.7469",85.1
2024-01-19 17:24:00,VIN-D1488,96.8,86.4,"20.8449,106.6881",81.9
2024-01-19 17:27:00,VIN-D1489,39.9,40.4,"20.8449,106.6881",74.4
2024-01-19 17:30:00,VIN-D1490,14.3,46.8,"11.9404,108.4583",96.6
2024-01-19 17:33:00,VIN-D1491,117.8,5.8,"16.0544,108.2022",94.9
2024-01-19 17:36:00,VIN-D1492,44.8,58.4,"10.9460,108.4419",105.6
2024-01-19 17:39:00,VIN-D1493,32.0,13.8,"10.0452,105.7469",83.7
2024-01-19 17:42:00,VIN-D1494,80.8,60.3,"20.8449,106.6881",96.2
2024-01-19 17:45:00,VIN-D1495,111.9,35.2,"20.8449,106.6881",93.9
2024-01-19 17:48:00,VIN-D1496,104.9,28.4,"20.8449,106.6881",71.0
2024-01-19 17:51:00,VIN-D1497,45.9,22.8,"11.9404,108.4583",72.5
2024-01-19 17:54:00,VIN-D1498,10.5,81.0,"10.9460,108.4419",97.8
2024-01-19 17:57:00,VIN-D1499,43.6,87.3,"10.0452,105.7469",89.0
2024-01-19 18:00:00,VIN-D1500,62.5,60.9,"10.0452,105.7469",72.7
2024-01-19 18:03:00,VIN-D1501,117.5,48.2,"10.0452,105.7469",80.7
2024-01-19 18:06:00,VIN-D1502,104.2,81.7,"11.9404,108.4583",91.2
2024-01-19 18:09:00,VIN-D1503,2.4,11.3,"10.9460,108.4419",86.9
2024-01-19 18:12:00,VIN-D1504,19.1,23.7,"12.2388,109.1967",86.7
2024-01-19 18:15:00,VIN-D1505,10.7,31.3,"20.8449,106.6881",73.1
2024-01-19 18:18:00,VIN-D1506,17.8,71.5,"20.8449,106.6881",100.8
2024-01-19 18:21:00,VIN-D1507,29.8,82.2,"16.0544,108.2022",103.9
2024-01-19 18:24:00,VIN-D1508,94.9,90.8,"10.9460,108.4419",71.6
2024-01-19 18:27:00,VIN-D1509,81.2,14.0,"10.8231,106.6297",74.3
2024-01-19 18:30:00,VIN-D1510,63.4,15.3,"10.9460,108.4419",72.9
2024-01-19 18:33:00,VIN-D1511,67.0,30.9,"12.2388,109.1967",79.9
2024-01-19 18:36:00,VIN-D1512,92.2,95.1,"21.0285,105.8542",102.4
2024-01-19 18:39:00,VIN-D1513,107.3,54.0,"10.9460,108.4419",100.2
2024-01-19 18:42:00,VIN-D1514,72.2,5.8,"10.8231,106.6297",90.8
2024-01-19 18:45:00,VIN-D1515,2.2,53.9,"10.8231,106.6297",83.2
2024-01-19 18:48:00,VIN-D1516,78.5,99.0,"10.8231,106.6297",91.9
2024-01-19 18:51:00,VIN-D1517,32.1,23.3,"12.2388,109.1967",98.5
2024-01-19 18:54:00,VIN-D1518,3.0,99.4,"21.0285,105.8542",97.8
2024-01-19 18:57:00,VIN-D1519,107.2,37.2,"10.0452,105.7469",83.7
2024-01-19 19:00:00,VIN-D1520,77.0,73.5,"20.8449,106.6881",102.4
2024-01-19 19:03:00,VIN-D1521,71.0,8.6,"16.0544,108.2022",108.5
2024-01-19 19:06:00,VIN-D1522,93.3,100.0,"21.0285,105.8542",86.4
2024-01-19 19:09:00,VIN-D1523,49.8,33.8,"10.8231,106.6297",105.6
2024-01-19 19:12:00,VIN-D1524,115.3,12.1,"12.2388,109.1967",106.2
2024-01-19 19:15:00,VIN-D1525,115.5,83.8,"12.2388,109.1967",75.8
2024-01-19 19:18:00,VIN-D1526,13.8,72.0,"11.9404,108.4583",92.6
2024-01-19 19:21:00,VIN-D1527,103.7,42.7,"16.0544,108.2022",72.1
2024-01-19 19:24:00,VIN-D1528,98.2,30.4,"12.2388,109.1967",93.4
2024-01-19 19:27:00,VIN-D1529,82.8,35.5,"21.0285,105.8542",103.9
2024-01-19 19:30:00,VIN-D1530,46.7,86.9,"16.0544,108.2022",70.0
2024-01-19 19:33:00,VIN-D1531,26.9,73.8,"12.2388,109.1967",99.8
2024-01-19 19:36:00,VIN-D1532,44.3,97.0,"11.9404,108.4583",89.8
2024-01-19 19:39:00,VIN-D1533,108.2,16.4,"20.8449,106.6881",85.6
2024-01-19 19:42:00,VIN-D1534,58.9,86.8,"21.0285,105.8542",78.4
2024-01-19 19:45:00,VIN-D1535,34.2,59.6,"11.9404,108.4583",104.0
2024-01-19 19:48:00,VIN-D1536,36.4,93.1,"20.8449,106.6881",81.6
2024-01-19 19:51:00,VIN-D1537,12.1,30.7,"10.8231,106.6297",91.1
2024-01-19 19:54:00,VIN-D1538,17.3,73.8,"11.9404,108.4583",77.6
2024-01-19 19:57:00,VIN-D1539,106.5,78.0,"10.0452,105.7469",70.9
2024-01-19 20:00:00,VIN-D1540,119.5,99.4,"10.9460,108.4419",85.4
2024-01-19 20:03:00,VIN-D1541,11.3,22.7,"21.0285,105.8542",105.7
2024-01-19 20:06:00,VIN-D1542,80.3,59.0,"11.9404,108.4583",89.6
2024-01-19 20:09:00,VIN-D1543,38.5,42.7,"10.8231,106.6297",97.5
2024-01-19 20:12:00,VIN-D1544,102.6,24.0,"10.0452,105.7469",82.5
2024-01-19 20:15:00,VIN-D1545,115.7,54.2,"11.9404,108.4583",80.9
2024-01-19 20:18:00,VIN-D1546,97.9,31.5,"16.0544,108.2022",97.0
2024-01-19 20:21:00,VIN-D1547,56.9,55.4,"21.0285,105.8542",93.6
2024-01-19 20:24:00,VIN-D1548,1.8,63.1,"11.9404,108.4583",85.2
2024-01-19 20:27:00,VIN-D1549,23.5,40.2,"20.8449,106.6881",102.4
2024-01-19 20:30:00,VIN-D1550,114.2,46.4,"16.0544,108.2022",75.6
2024-01-19 20:33:00,VIN-D1551,49.7,27.4,"16.0544,108.2022",88.8
2024-01-19 20:36:00,VIN-D1552,27.7,29.2,"10.0452,105.7469",94.5
2024-01-19 20:39:00,VIN-D1553,72.9,76.5,"11.9404,108.4583",108.6
2024-01-19 20:42:00,VIN-D1554,76.2,49.7,"10.8231,106.6297",76.4
2024-01-19 20:45:00,VIN-D1555,115.4,93.2,"16.0544,108.2022",105.8
2024-01-19 20:48:00,VIN-D1556,2.1,86.8,"10.9460,108.4419",73.2
2024-01-19 20:51:00,VIN-D1557,116.8,44.9,"12.2388,109.1967",84.5
2024-01-19 20:54:00,VIN-D1558,109.7,17.7,"20.8449,106.6881",96.4
2024-01-19 20:57:00,VIN-D1559,68.6,30.4,"10.0452,105.7469",101.1
2024-01-19 21:00:00,VIN-D1560,80.0,31.4,"12.2388,109.1967",97.9
2024-01-19 21:03:00,VIN-D1561,74.6,7.9,"10.0452,105.7469",77.5
2024-01-19 21:06:00,VIN-D1562,28.6,71.5,"20.8449,106.6881",103.5
2024-01-19 21:09:00,VIN-D1563,89.8,96.8,"10.8231,106.6297",105.5
2024-01-19 21:12:00,VIN-D1564,50.6,51.2,"12.2388,109.1967",88.8
2024-01-19 21:15:00,VIN-D1565,77.5,17.9,"10.8231,106.6297",98.5
2024-01-19 21:18:00,VIN-D1566,11.7,67.9,"10.8231,106.6297",81.8
2024-01-19 21:21:00,VIN-D1567,66.2,53.4,"10.0452,105.7469",99.7
2024-01-19 21:24:00,VIN-D1568,101.5,21.5,"10.8231,106.6297",101.7
2024-01-19 21:27:00,VIN-D1569,77.1,47.5,"10.9460,108.4419",101.4
2024-01-19 21:30:00,VIN-D1570,90.4,66.2,"10.0452,105.7469",104.7
2024-01-19 21:33:00,VIN-D1571,89.6,31.8,"16.0544,108.2022",83.0
2024-01-19 21:36:00,VIN-D1572,71.0,94.4,"16.0544,108.2022",75.4
2024-01-19 21:39:00,VIN-D1573,15.4,89.1,"10.9460,108.4419",89.1
2024-01-19 21:42:00,VIN-D1574,92.4,48.3,"12.2388,109.1967",84.5
2024-01-19 21:45:00,VIN-D1575,80.9,9.6,"21.0285,105.8542",96.3
2024-01-19 21:48:00,VIN-D1576,62.5,88.3,"16.0544,108.2022",73.7
2024-01-19 21:51:00,VIN-D1577,112.3,31.8,"12.2388,109.1967",87.3
2024-01-19 21:54:00,VIN-D1578,4.2,72.5,"10.0452,105.7469",91.2
2024-01-19 21:57:00,VIN-D1579,69.9,42.6,"10.9460,108.4419",91.7
2024-01-19 22:00:00,VIN-D1580,60.7,33.3,"10.8231,106.6297",100.3
2024-01-19 22:03:00,VIN-D1581,95.5,32.1,"11.9404,108.4583",106.0
2024-01-19 22:06:00,VIN-D1582,75.1,89.0,"10.0452,105.7469",84.7
2024-01-19 22:09:00,VIN-D1583,60.4,61.4,"10.9460,108.4419",100.1
2024-01-19 22:12:00,VIN-D1584,6.7,41.4,"10.0452,105.7469",97.3
2024-01-19 22:15:00,VIN-D1585,21.3,37.3,"16.0544,108.2022",95.8
2024-01-19 22:18:00,VIN-D1586,6.5,99.1,"11.9404,108.4583",82.4
2024-01-19 22:21:00,VIN-D1587,9.7,44.9,"10.9460,108.4419",93.7
2024-01-19 22:24:00,VIN-D1588,34.8,75.9,"10.9460,108.4419",95.8
2024-01-19 22:27:00,VIN-D1589,63.0,80.3,"20.8449,106.6881",78.6
2024-01-19 22:30:00,VIN-D1590,49.7,92.4,"10.0452,105.7469",104.8
2024-01-19 22:33:00,VIN-D1591,39.1,73.3,"11.9404,108.4583",109.1
2024-01-19 22:36:00,VIN-D1592,70.3,71.9,"21.0285,105.8542",74.6
2024-01-19 22:39:00,VIN-D1593,67.2,76.1,"16.0544,108.2022",79.2
2024-01-19 22:42:00,VIN-D1594,75.9,96.3,"10.8231,106.6297",73.5
2024-01-19 22:45:00,VIN-D1595,33.7,25.3,"10.9460,108.4419",92.8
2024-01-19 22:48:00,VIN-D1596,16.5,69.1,"20.8449,106.6881",105.3
2024-01-19 22:51:00,VIN-D1597,42.4,77.8,"10.9460,108.4419",97.2
2024-01-19 22:54:00,VIN-D1598,68.4,72.3,"16.0544,108.2022",102.4
2024-01-19 22:57:00,VIN-D1599,95.3,6.9,"21.0285,105.8542",70.9
2024-01-19 23:00:00,VIN-D1600,3.6,75.5,"16.0544,108.2022",90.2
2024-01-19 23:03:00,VIN-D1601,48.9,44.5,"10.8231,106.6297",85.8
2024-01-19 23:06:00,VIN-D1602,38.4,35.6,"11.9404,108.4583",93.4
2024-01-19 23:09:00,VIN-D1603,12.9,87.4,"10.8231,106.6297",92.6
2024-01-19 23:12:00,VIN-D1604,47.7,14.3,"10.8231,106.6297",96.6
2024-01-19 23:15:00,VIN-D1605,1.0,72.8,"11.9404,108.4583",90.6
2024-01-19 23:18:00,VIN-D1606,58.0,22.4,"16.0544,108.2022",96.4
2024-01-19 23:21:00,VIN-D1607,58.1,69.0,"12.2388,109.1967",105.1
2024-01-19 23:24:00,VIN-D1608,86.5,61.0,"20.8449,106.6881",86.9
2024-01-19 23:27:00,VIN-D1609,84.5,17.2,"12.2388,109.1967",102.6
2024-01-19 23:30:00,VIN-D1610,23.8,9.3,"11.9404,108.4583",74.6
2024-01-19 23:33:00,VIN-D1611,14.9,49.2,"11.9404,108.4583",72.6
2024-01-19 23:36:00,VIN-D1612,78.3,87.1,"12.2388,109.1967",78.2
2024-01-19 23:39:00,VIN-D1613,113.2,36.1,"20.8449,106.6881",88.5
2024-01-19 23:42:00,VIN-D1614,81.1,69.6,"10.9460,108.4419",87.8
2024-01-19 23:45:00,VIN-D1615,30.1,73.6,"16.0544,108.2022",85.5
2024-01-19 23:48:00,VIN-D1616,100.0,36.8,"10.9460,108.4419",82.9
2024-01-19 23:51:00,VIN-D1617,24.8,11.6,"12.2388,109.1967",98.4
2024-01-19 23:54:00,VIN-D1618,70.8,61.9,"12.2388,109.1967",70.0
2024-01-19 23:57:00,VIN-D1619,109.5,12.1,"16.0544,108.2022",104.7
2024-01-20 00:00:00,VIN-D1620,3.6,79.9,"21.0285,105.8542",107.6
2024-01-20 00:03:00,VIN-D1621,119.0,61.7,"10.9460,108.4419",103.7
2024-01-20 00:06:00,VIN-D1622,119.6,42.3,"20.8449,106.6881",94.2
2024-01-20 00:09:00,VIN-D1623,59.7,68.5,"10.9460,108.4419",76.1
2024-01-20 00:12:00,VIN-D1624,101.4,92.1,"21.0285,105.8542",88.4
2024-01-20 00:15:00,VIN-D1625,90.1,21.2,"10.0452,105.7469",84.7
2024-01-20 00:18:00,VIN-D1626,50.8,67.4,"10.0452,105.7469",101.3
2024-01-20 00:21:00,VIN-D1627,88.2,25.7,"11.9404,108.4583",100.3
2024-01-20 00:24:00,VIN-D1628,46.4,98.9,"11.9404,108.4583",98.6
2024-01-20 00:27:00,VIN-D1629,106.0,36.0,"10.9460,108.4419",99.1
2024-01-20 00:30:00,VIN-D1630,106.7,51.5,"11.9404,108.4583",99.2
2024-01-20 00:33:00,VIN-D1631,56.9,58.2,"21.0285,105.8542",99.8
2024-01-20 00:36:00,VIN-D1632,79.3,21.7,"10.0452,105.7469",96.1
2024-01-20 00:39:00,VIN-D1633,35.7,48.8,"20.8449,106.6881",80.7
2024-01-20 00:42:00,VIN-D1634,87.1,76.2,"21.0285,105.8542",77.3
2024-01-20 00:45:00,VIN-D1635,45.5,29.7,"10.0452,105.7469",96.3
2024-01-20 00:48:00,VIN-D1636,80.4,27.5,"20.8449,106.6881",77.0
2024-01-20 00:51:00,VIN-D1637,115.4,46.9,"20.8449,106.6881",97.9
2024-01-20 00:54:00,VIN-D1638,30.7,60.1,"10.8231,106.6297",93.3
2024-01-20 00:57:00,VIN-D1639,7.6,62.5,"11.9404,108.4583",85.7
2024-01-20 01:00:00,VIN-D1640,119.1,25.7,"10.8231,106.6297",72.5
2024-01-20 01:03:00,VIN-D1641,47.3,42.1,"21.0285,105.8542",101.7
2024-01-20 01:06:00,VIN-D1642,6.5,69.5,"20.8449,106.6881",80.4
2024-01-20 01:09:00,VIN-D1643,53.4,48.9,"10.8231,106.6297",104.8
2024-01-20 01:12:00,VIN-D1644,100.7,52.6,"21.0285,105.8542",78.2
2024-01-20 01:15:00,VIN-D1645,78.5,77.7,"10.0452,105.7469",104.9
2024-01-20 01:18:00,VIN-D1646,82.5,50.3,"10.0452,105.7469",94.2
2024-01-20 01:21:00,VIN-D1647,43.8,20.2,"16.0544,108.2022",100.6
2024-01-20 01:24:00,VIN-D1648,71.5,60.2,"20.8449,106.6881",87.6
2024-01-20 01:27:00,VIN-D1649,56.3,10.8,"11.9404,108.4583",81.9
2024-01-20 01:30:00,VIN-D1650,71.1,72.9,"10.8231,106.6297",89.0
2024-01-20 01:33:00,VIN-D1651,118.3,70.9,"20.8449,106.6881",94.4
2024-01-20 01:36:00,VIN-D1652,72.2,14.1,"12.2388,109.1967",98.2
2024-01-20 01:39:00,VIN-D1653,22.0,83.1,"10.9460,108.4419",70.4
2024-01-20 01:42:00,VIN-D1654,78.8,59.5,"10.0452,105.7469",101.0
2024-01-20 01:45:00,VIN-D1655,99.0,25.2,"16.0544,108.2022",85.6
2024-01-20 01:48:00,VIN-D1656,68.6,49.7,"12.2388,109.1967",86.8
2024-01-20 01:51:00,VIN-D1657,18.8,28.7,"12.2388,109.1967",73.0
2024-01-20 01:54:00,VIN-D1658,60.0,12.9,"16.0544,108.2022",99.7
2024-01-20 01:57:00,VIN-D1659,118.9,55.0,"16.0544,108.2022",98.0
2024-01-20 02:00:00,VIN-D1660,77.5,11.0,"11.9404,108.4583",101.9
2024-01-20 02:03:00,VIN-D1661,90.3,49.9,"11.9404,108.4583",83.4
2024-01-20 02:06:00,VIN-D1662,72.0,19.7,"11.9404,108.4583",84.5
2024-01-20 02:09:00,VIN-D1663,15.6,56.9,"10.9460,108.4419",96.7
2024-01-20 02:12:00,VIN-D1664,104.4,90.3,"10.0452,105.7469",70.2
2024-01-20 02:15:00,VIN-D1665,80.0,77.9,"16.0544,108.2022",94.3
2024-01-20 02:18:00,VIN-D1666,26.7,27.4,"16.0544,108.2022",91.7
2024-01-20 02:21:00,VIN-D1667,52.7,63.2,"21.0285,105.8542",85.0
2024-01-20 02:24:00,VIN-D1668,107.3,38.3,"20.8449,106.6881",82.0
2024-01-20 02:27:00,VIN-D1669,113.2,44.0,"12.2388,109.1967",104.0
2024-01-20 02:30:00,VIN-D1670,59.9,44.2,"11.9404,108.4583",82.8
2024-01-20 02:33:00,VIN-D1671,54.6,19.3,"10.0452,105.7469",74.1
2024-01-20 02:36:00,VIN-D1672,1.2,96.7,"11.9404,108.4583",99.0
2024-01-20 02:39:00,VIN-D1673,5.9,56.9,"10.9460,108.4419",82.6
2024-01-20 02:42:00,VIN-D1674,88.8,82.8,"11.9404,108.4583",100.0
2024-01-20 02:45:00,VIN-D1675,89.7,37.1,"21.0285,105.8542",96.0
2024-01-20 02:48:00,VIN-D1676,38.4,6.0,"10.8231,106.6297",92.5
2024-01-20 02:51:00,VIN-D1677,77.0,89.5,"20.8449,106.6881",89.5
2024-01-20 02:54:00,VIN-D1678,59.0,96.8,"12.2388,109.1967",90.0
2024-01-20 02:57:00,VIN-D1679,9.5,25.2,"20.8449,106.6881",85.1
2024-01-20 03:00:00,VIN-D1680,99.6,79.7,"12.2388,109.1967",85.5
2024-01-20 03:03:00,VIN-D1681,39.7,93.9,"10.0452,105.7469",82.0
2024-01-20 03:06:00,VIN-D1682,53.3,31.3,"20.8449,106.6881",109.0
2024-01-20 03:09:00,VIN-D1683,23.8,50.6,"16.0544,108.2022",76.2
2024-01-20 03:12:00,VIN-D1684,103.8,70.8,"16.0544,108.2022",90.1
2024-01-20 03:15:00,VIN-D1685,73.9,12.1,"10.8231,106.6297",77.3
2024-01-20 03:18:00,VIN-D1686,58.2,24.6,"10.9460,108.4419",79.8
2024-01-20 03:21:00,VIN-D1687,118.4,9.8,"16.0544,108.2022",74.6
2024-01-20 03:24:00,VIN-D1688,34.8,35.4,"10.8231,106.6297",80.1
2024-01-20 03:27:00,VIN-D1689,15.7,44.6,"10.9460,108.4419",104.6
2024-01-20 03:30:00,VIN-D1690,77.0,45.6,"21.0285,105.8542",80.8
2024-01-20 03:33:00,VIN-D1691,113.9,51.2,"10.0452,105.7469",109.1
2024-01-20 03:36:00,VIN-D1692,49.2,6.5,"11.9404,108.4583",93.2
2024-01-20 03:39:00,VIN-D1693,72.8,13.8,"12.2388,109.1967",89.4
2024-01-20 03:42:00,VIN-D1694,86.5,41.9,"11.9404,108.4583",78.2
2024-01-20 03:45:00,VIN-D1695,52.9,55.2,"11.9404,108.4583",91.0
2024-01-20 03:48:00,VIN-D1696,96.7,53.1,"11.9404,108.4583",106.1
2024-01-20 03:51:00,VIN-D1697,104.7,48.0,"10.0452,105.7469",74.5
2024-01-20 03:54:00,VIN-D1698,75.8,55.8,"12.2388,109.1967",80.6
2024-01-20 03:57:00,VIN-D1699,95.1,62.1,"20.8449,106.6881",72.6
2024-01-20 04:00:00,VIN-D1700,52.2,85.2,"11.9404,108.4583",77.2
2024-01-20 04:03:00,VIN-D1701,57.5,50.4,"10.9460,108.4419",81.1
2024-01-20 04:06:00,VIN-D1702,52.6,20.0,"16.0544,108.2022",78.9
2024-01-20 04:09:00,VIN-D1703,32.9,48.2,"11.9404,108.4583",85.3
2024-01-20 04:12:00,VIN-D1704,97.8,79.6,"21.0285,105.8542",107.1
2024-01-20 04:15:00,VIN-D1705,90.7,84.1,"10.9460,108.4419",83.3
2024-01-20 04:18:00,VIN-D1706,59.1,87.7,"10.0452,105.7469",75.1
2024-01-20 04:21:00,VIN-D1707,22.5,61.5,"10.8231,106.6297",106.7
2024-01-20 04:24:00,VIN-D1708,38.8,6.2,"12.2388,109.1967",84.0
2024-01-20 04:27:00,VIN-D1709,13.6,26.9,"11.9404,108.4583",92.0
2024-01-20 04:30:00,VIN-D1710,34.1,35.6,"21.0285,105.8542",92.9
2024-01-20 04:33:00,VIN-D1711,33.3,92.9,"12.2388,109.1967",86.3
2024-01-20 04:36:00,VIN-D1712,103.2,75.2,"10.9460,108.4419",74.1
2024-01-20 04:39:00,VIN-D1713,16.2,63.0,"10.0452,105.7469",107.5
2024-01-20 04:42:00,VIN-D1714,109.2,78.6,"20.8449,106.6881",83.4
2024-01-20 04:45:00,VIN-D1715,24.3,88.3,"10.0452,105.7469",105.1
2024-01-20 04:48:00,VIN-D1716,44.2,94.8,"11.9404,108.4583",107.3
2024-01-20 04:51:00,VIN-D1717,98.5,68.7,"10.8231,106.6297",92.8
2024-01-20 04:54:00,VIN-D1718,119.7,19.9,"16.0544,108.2022",99.2
2024-01-20 04:57:00,VIN-D1719,14.4,43.3,"10.8231,106.6297",91.0
2024-01-20 05:00:00,VIN-D1720,67.2,77.6,"11.9404,108.4583",95.3
2024-01-20 05:03:00,VIN-D1721,60.5,86.7,"16.0544,108.2022",101.1
2024-01-20 05:06:00,VIN-D1722,94.4,98.5,"10.9460,108.4419",104.1
2024-01-20 05:09:00,VIN-D1723,51.0,9.5,"10.9460,108.4419",88.2
2024-01-20 05:12:00,VIN-D1724,69.7,82.2,"10.0452,105.7469",104.7
2024-01-20 05:15:00,VIN-D1725,101.5,44.1,"10.9460,108.4419",96.3
2024-01-20 05:18:00,VIN-D1726,119.5,52.8,"11.9404,108.4583",107.2
2024-01-20 05:21:00,VIN-D1727,117.1,80.1,"10.8231,106.6297",97.4
2024-01-20 05:24:00,VIN-D1728,35.1,99.6,"10.8231,106.6297",87.7
2024-01-20 05:27:00,VIN-D1729,16.9,43.0,"10.8231,106.6297",97.5
2024-01-20 05:30:00,VIN-D1730,2.1,46.9,"10.0452,105.7469",98.4
2024-01-20 05:33:00,VIN-D1731,82.8,19.0,"11.9404,108.4583",75.9
2024-01-20 05:36:00,VIN-D1732,62.0,37.8,"20.8449,106.6881",79.5
2024-01-20 05:39:00,VIN-D1733,39.9,33.9,"21.0285,105.8542",99.5
2024-01-20 05:42:00,VIN-D1734,51.0,16.5,"10.9460,108.4419",87.7
2024-01-20 05:45:00,VIN-D1735,24.4,57.4,"10.9460,108.4419",76.6
2024-01-20 05:48:00,VIN-D1736,96.2,35.0,"21.0285,105.8542",98.7
2024-01-20 05:51:00,VIN-D1737,70.8,85.4,"10.9460,108.4419",96.8
2024-01-20 05:54:00,VIN-D1738,117.9,68.8,"12.2388,109.1967",70.3
2024-01-20 05:57:00,VIN-D1739,39.5,35.0,"10.0452,105.7469",97.6
2024-01-20 06:00:00,VIN-D1740,96.8,39.6,"20.8449,106.6881",83.5
2024-01-20 06:03:00,VIN-D1741,75.2,18.5,"10.0452,105.7469",104.8
2024-01-20 06:06:00,VIN-D1742,113.5,8.2,"10.9460,108.4419",99.6
2024-01-20 06:09:00,VIN-D1743,116.8,38.2,"10.0452,105.7469",104.1
2024-01-20 06:12:00,VIN-D1744,49.0,44.5,"16.0544,108.2022",72.6
2024-01-20 06:15:00,VIN-D1745,15.4,15.1,"20.8449,106.6881",91.9
2024-01-20 06:18:00,VIN-D1746,66.3,79.2,"16.0544,108.2022",89.3
2024-01-20 06:21:00,VIN-D1747,113.3,94.0,"10.0452,105.7469",88.0
2024-01-20 06:24:00,VIN-D1748,105.3,57.9,"16.0544,108.2022",74.5
2024-01-20 06:27:00,VIN-D1749,117.4,73.9,"16.0544,108.2022",82.4
2024-01-20 06:30:00,VIN-D1750,26.7,14.8,"10.0452,105.7469",70.1
2024-01-20 06:33:00,VIN-D1751,106.4,70.4,"10.8231,106.6297",103.2
2024-01-20 06:36:00,VIN-D1752,63.5,55.4,"10.8231,106.6297",86.3
2024-01-20 06:39:00,VIN-D1753,31.3,92.5,"10.0452,105.7469",109.1
2024-01-20 06:42:00,VIN-D1754,51.0,93.7,"21.0285,105.8542",86.9
2024-01-20 06:45:00,VIN-D1755,19.4,55.9,"20.8449,106.6881",83.4
2024-01-20 06:48:00,VIN-D1756,49.7,93.8,"10.9460,108.4419",89.2
2024-01-20 06:51:00,VIN-D1757,119.5,38.2,"11.9404,108.4583",88.0
2024-01-20 06:54:00,VIN-D1758,29.2,91.8,"11.9404,108.4583",81.6
2024-01-20 06:57:00,VIN-D1759,97.3,35.3,"10.9460,108.4419",89.3
2024-01-20 07:00:00,VIN-D1760,79.1,38.6,"10.8231,106.6297",81.7
2024-01-20 07:03:00,VIN-D1761,21.5,70.4,"21.0285,105.8542",71.0
2024-01-20 07:06:00,VIN-D1762,64.9,35.4,"11.9404,108.4583",91.1
2024-01-20 07:09:00,VIN-D1763,18.1,37.5,"12.2388,109.1967",100.2
2024-01-20 07:12:00,VIN-D1764,94.1,64.8,"10.8231,106.6297",91.1
2024-01-20 07:15:00,VIN-D1765,18.3,94.4,"10.8231,106.6297",101.7
2024-01-20 07:18:00,VIN-D1766,10.3,10.6,"10.9460,108.4419",99.4
2024-01-20 07:21:00,VIN-D1767,112.4,33.8,"10.0452,105.7469",74.7
2024-01-20 07:24:00,VIN-D1768,45.5,54.7,"21.0285,105.8542",87.1
2024-01-20 07:27:00,VIN-D1769,81.7,15.9,"11.9404,108.4583",95.4
2024-01-20 07:30:00,VIN-D1770,75.6,97.1,"21.0285,105.8542",79.2
2024-01-20 07:33:00,VIN-D1771,34.1,71.9,"10.9460,108.4419",96.5
2024-01-20 07:36:00,VIN-D1772,42.8,9.0,"12.2388,109.1967",83.4
2024-01-20 07:39:00,VIN-D1773,36.1,95.2,"16.0544,108.2022",75.2
2024-01-20 07:42:00,VIN-D1774,57.3,43.6,"10.8231,106.6297",107.1
2024-01-20 07:45:00,VIN-D1775,46.1,62.7,"12.2388,109.1967",95.0
2024-01-20 07:48:00,VIN-D1776,39.8,66.7,"10.8231,106.6297",106.8
2024-01-20 07:51:00,VIN-D1777,27.0,67.3,"10.0452,105.7469",92.5
2024-01-20 07:54:00,VIN-D1778,48.4,51.3,"16.0544,108.2022",82.2
2024-01-20 07:57:00,VIN-D1779,39.0,53.4,"21.0285,105.8542",89.4
2024-01-20 08:00:00,VIN-D1780,62.9,26.0,"11.9404,108.4583",72.6
2024-01-20 08:03:00,VIN-D1781,91.6,33.2,"16.0544,108.2022",80.4
2024-01-20 08:06:00,VIN-D1782,77.6,87.8,"20.8449,106.6881",86.1
2024-01-20 08:09:00,VIN-D1783,29.7,62.7,"10.8231,106.6297",99.2
2024-01-20 08:12:00,VIN-D1784,31.2,25.1,"10.8231,106.6297",80.9
2024-01-20 08:15:00,VIN-D1785,116.7,90.7,"20.8449,106.6881",89.8
2024-01-20 08:18:00,VIN-D1786,19.9,35.0,"12.2388,109.1967",70.4
2024-01-20 08:21:00,VIN-D1787,69.0,15.4,"10.9460,108.4419",72.0
2024-01-20 08:24:00,VIN-D1788,69.5,94.8,"10.0452,105.7469",72.9
2024-01-20 08:27:00,VIN-D1789,99.0,95.5,"21.0285,105.8542",105.5
2024-01-20 08:30:00,VIN-D1790,116.4,96.1,"21.0285,105.8542",78.9
2024-01-20 08:33:00,VIN-D1791,2.1,86.5,"12.2388,109.1967",85.2
2024-01-20 08:36:00,VIN-D1792,13.0,22.2,"21.0285,105.8542",84.6
2024-01-20 08:39:00,VIN-D1793,12.1,29.0,"12.2388,109.1967",107.1
2024-01-20 08:42:00,VIN-D1794,46.2,19.6,"10.9460,108.4419",79.3
2024-01-20 08:45:00,VIN-D1795,18.6,38.2,"20.8449,106.6881",74.3
2024-01-20 08:48:00,VIN-D1796,53.0,61.4,"10.9460,108.4419",85.8
2024-01-20 08:51:00,VIN-D1797,92.4,20.4,"11.9404,108.4583",107.1
2024-01-20 08:54:00,VIN-D1798,95.0,65.7,"12.2388,109.1967",89.5
2024-01-20 08:57:00,VIN-D1799,43.7,57.8,"10.9460,108.4419",74.8
2024-01-20 09:00:00,VIN-D1800,108.4,66.9,"21.0285,105.8542",100.3
2024-01-20 09:03:00,VIN-D1801,92.9,13.9,"20.8449,106.6881",71.5
2024-01-20 09:06:00,VIN-D1802,33.3,41.4,"21.0285,105.8542",80.6
2024-01-20 09:09:00,VIN-D1803,109.0,29.0,"21.0285,105.8542",105.9
2024-01-20 09:12:00,VIN-D1804,40.0,85.6,"12.2388,109.1967",100.6
2024-01-20 09:15:00,VIN-D1805,44.4,45.9,"12.2388,109.1967",108.7
2024-01-20 09:18:00,VIN-D1806,81.9,52.5,"16.0544,108.2022",94.0
2024-01-20 09:21:00,VIN-D1807,95.0,75.2,"12.2388,109.1967",99.1
2024-01-20 09:24:00,VIN-D1808,44.3,13.2,"21.0285,105.8542",103.4
2024-01-20 09:27:00,VIN-D1809,111.8,82.7,"10.8231,106.6297",80.2
2024-01-20 09:30:00,VIN-D1810,60.7,83.7,"16.0544,108.2022",70.8
2024-01-20 09:33:00,VIN-D1811,22.7,57.0,"10.0452,105.7469",87.8
2024-01-20 09:36:00,VIN-D1812,71.3,93.4,"16.0544,108.2022",82.5
2024-01-20 09:39:00,VIN-D1813,20.8,50.1,"20.8449,106.6881",70.1
2024-01-20 09:42:00,VIN-D1814,96.2,31.7,"21.0285,105.8542",82.4
2024-01-20 09:45:00,VIN-D1815,31.4,77.5,"12.2388,109.1967",70.1
2024-01-20 09:48:00,VIN-D1816,20.4,70.9,"10.0452,105.7469",84.1
2024-01-20 09:51:00,VIN-D1817,33.9,35.9,"11.9404,108.4583",85.4
2024-01-20 09:54:00,VIN-D1818,66.8,18.6,"20.8449,106.6881",98.8
2024-01-20 09:57:00,VIN-D1819,99.7,24.7,"12.2388,109.1967",107.6
2024-01-20 10:00:00,VIN-D1820,103.6,39.2,"21.0285,105.8542",103.7
2024-01-20 10:03:00,VIN-D1821,69.1,38.4,"16.0544,108.2022",104.8
2024-01-20 10:06:00,VIN-D1822,75.4,78.4,"10.9460,108.4419",83.6
2024-01-20 10:09:00,VIN-D1823,44.1,90.7,"10.8231,106.6297",90.4
2024-01-20 10:12:00,VIN-D1824,32.9,88.3,"16.0544,108.2022",97.9
2024-01-20 10:15:00,VIN-D1825,52.6,49.7,"16.0544,108.2022",85.7
2024-01-20 10:18:00,VIN-D1826,24.7,8.1,"16.0544,108.2022",96.3
2024-01-20 10:21:00,VIN-D1827,25.4,55.3,"21.0285,105.8542",99.3
2024-01-20 10:24:00,VIN-D1828,29.8,43.6,"16.0544,108.2022",88.1
2024-01-20 10:27:00,VIN-D1829,29.3,88.4,"16.0544,108.2022",88.0
2024-01-20 10:30:00,VIN-D1830,109.9,45.8,"12.2388,109.1967",87.4
2024-01-20 10:33:00,VIN-D1831,73.7,91.6,"21.0285,105.8542",93.2
2024-01-20 10:36:00,VIN-D1832,101.3,77.4,"10.9460,108.4419",95.6
2024-01-20 10:39:00,VIN-D1833,54.9,33.0,"16.0544,108.2022",109.0
2024-01-20 10:42:00,VIN-D1834,34.7,62.7,"10.0452,105.7469",101.5
2024-01-20 10:45:00,VIN-D1835,24.2,51.5,"10.9460,108.4419",76.3
2024-01-20 10:48:00,VIN-D1836,104.0,74.1,"20.8449,106.6881",86.4
2024-01-20 10:51:00,VIN-D1837,31.3,82.4,"10.8231,106.6297",106.4
2024-01-20 10:54:00,VIN-D1838,39.6,43.4,"20.8449,106.6881",105.9
2024-01-20 10:57:00,VIN-D1839,77.5,24.9,"16.0544,108.2022",71.3
2024-01-20 11:00:00,VIN-D1840,9.1,16.7,"10.0452,105.7469",105.0
2024-01-20 11:03:00,VIN-D1841,58.0,61.7,"11.9404,108.4583",79.7
2024-01-20 11:06:00,VIN-D1842,4.9,24.7,"10.0452,105.7469",77.6
2024-01-20 11:09:00,VIN-D1843,12.2,35.3,"21.0285,105.8542",90.5
2024-01-20 11:12:00,VIN-D1844,12.6,43.3,"10.8231,106.6297",76.3
2024-01-20 11:15:00,VIN-D1845,50.8,56.1,"21.0285,105.8542",104.9
2024-01-20 11:18:00,VIN-D1846,26.6,55.2,"11.9404,108.4583",108.2
2024-01-20 11:21:00,VIN-D1847,8.6,38.6,"10.0452,105.7469",92.5
2024-01-20 11:24:00,VIN-D1848,65.3,14.0,"10.9460,108.4419",79.8
2024-01-20 11:27:00,VIN-D1849,97.1,86.7,"21.0285,105.8542",70.9
2024-01-20 11:30:00,VIN-D1850,45.3,45.5,"20.8449,106.6881",103.8
2024-01-20 11:33:00,VIN-D1851,28.3,41.1,"10.8231,106.6297",81.6
2024-01-20 11:36:00,VIN-D1852,4.5,18.4,"16.0544,108.2022",102.4
2024-01-20 11:39:00,VIN-D1853,37.3,95.4,"16.0544,108.2022",75.8
2024-01-20 11:42:00,VIN-D1854,110.8,37.0,"16.0544,108.2022",104.8
2024-01-20 11:45:00,VIN-D1855,107.3,96.4,"21.0285,105.8542",107.7
2024-01-20 11:48:00,VIN-D1856,93.2,37.0,"20.8449,106.6881",75.0
2024-01-20 11:51:00,VIN-D1857,7.2,32.5,"21.0285,105.8542",82.9
2024-01-20 11:54:00,VIN-D1858,57.6,63.3,"10.9460,108.4419",106.9
2024-01-20 11:57:00,VIN-D1859,2.1,17.9,"21.0285,105.8542",71.5
2024-01-20 12:00:00,VIN-D1860,119.9,50.4,"11.9404,108.4583",77.4
2024-01-20 12:03:00,VIN-D1861,114.7,55.4,"20.8449,106.6881",107.3
2024-01-20 12:06:00,VIN-D1862,6.0,55.7,"20.8449,106.6881",92.1
2024-01-20 12:09:00,VIN-D1863,91.5,57.9,"16.0544,108.2022",74.5
2024-01-20 12:12:00,VIN-D1864,5.0,95.6,"10.9460,108.4419",109.4
2024-01-20 12:15:00,VIN-D1865,6.5,70.2,"10.9460,108.4419",73.3
2024-01-20 12:18:00,VIN-D1866,33.7,23.8,"10.8231,106.6297",77.8
2024-01-20 12:21:00,VIN-D1867,1.2,89.9,"16.0544,108.2022",71.0
2024-01-20 12:24:00,VIN-D1868,6.2,85.3,"20.8449,106.6881",77.1
2024-01-20 12:27:00,VIN-D1869,95.5,50.8,"16.0544,108.2022",109.4
2024-01-20 12:30:00,VIN-D1870,112.3,51.8,"11.9404,108.4583",105.7
2024-01-20 12:33:00,VIN-D1871,53.9,54.7,"16.0544,108.2022",72.5
2024-01-20 12:36:00,VIN-D1872,20.2,26.7,"21.0285,105.8542",105.6
2024-01-20 12:39:00,VIN-D1873,112.7,19.5,"10.0452,105.7469",76.9
2024-01-20 12:42:00,VIN-D1874,69.0,68.7,"16.0544,108.2022",108.6
2024-01-20 12:45:00,VIN-D1875,39.4,8.5,"12.2388,109.1967",93.7
2024-01-20 12:48:00,VIN-D1876,102.4,28.6,"12.2388,109.1967",89.6
2024-01-20 12:51:00,VIN-D1877,106.0,32.7,"21.0285,105.8542",90.2
2024-01-20 12:54:00,VIN-D1878,48.2,34.6,"12.2388,109.1967",88.2
2024-01-20 12:57:00,VIN-D1879,6.3,50.2,"16.0544,108.2022",99.5
2024-01-20 13:00:00,VIN-D1880,32.4,45.7,"20.8449,106.6881",86.4
2024-01-20 13:03:00,VIN-D1881,71.8,54.7,"10.9460,108.4419",103.7
2024-01-20 13:06:00,VIN-D1882,43.1,65.7,"11.9404,108.4583",95.9
2024-01-20 13:09:00,VIN-D1883,33.6,92.2,"10.0452,105.7469",91.6
2024-01-20 13:12:00,VIN-D1884,43.3,6.3,"10.9460,108.4419",99.9
2024-01-20 13:15:00,VIN-D1885,116.3,63.6,"10.8231,106.6297",99.3
2024-01-20 13:18:00,VIN-D1886,13.9,80.0,"21.0285,105.8542",95.2
2024-01-20 13:21:00,VIN-D1887,9.3,26.6,"11.9404,108.4583",109.7
2024-01-20 13:24:00,VIN-D1888,84.8,5.2,"10.0452,105.7469",78.4
2024-01-20 13:27:00,VIN-D1889,13.2,76.9,"20.8449,106.6881",93.2
2024-01-20 13:30:00,VIN-D1890,31.8,16.0,"21.0285,105.8542",82.5
2024-01-20 13:33:00,VIN-D1891,3.7,89.2,"10.0452,105.7469",109.6
2024-01-20 13:36:00,VIN-D1892,110.2,36.1,"10.8231,106.6297",104.0
2024-01-20 13:39:00,VIN-D1893,52.2,98.7,"20.8449,106.6881",72.2
2024-01-20 13:42:00,VIN-D1894,68.0,12.3,"20.8449,106.6881",99.7
2024-01-20 13:45:00,VIN-D1895,15.7,41.7,"10.0452,105.7469",79.2
2024-01-20 13:48:00,VIN-D1896,45.5,32.8,"16.0544,108.2022",77.6
2024-01-20 13:51:00,VIN-D1897,0.9,50.2,"10.9460,108.4419",74.8
2024-01-20 13:54:00,VIN-D1898,95.3,33.0,"10.9460,108.4419",106.8
2024-01-20 13:57:00,VIN-D1899,30.0,36.8,"21.0285,105.8542",94.1
2024-01-20 14:00:00,VIN-D1900,76.4,39.4,"21.0285,105.8542",93.9
2024-01-20 14:03:00,VIN-D1901,85.2,5.5,"11.9404,108.4583",86.5
2024-01-20 14:06:00,VIN-D1902,52.9,81.8,"11.9404,108.4583",76.3
2024-01-20 14:09:00,VIN-D1903,50.1,26.5,"11.9404,108.4583",73.5
2024-01-20 14:12:00,VIN-D1904,96.0,27.7,"16.0544,108.2022",80.5
2024-01-20 14:15:00,VIN-D1905,28.8,94.8,"16.0544,108.2022",98.2
2024-01-20 14:18:00,VIN-D1906,96.8,97.4,"20.8449,106.6881",89.2
2024-01-20 14:21:00,VIN-D1907,11.7,42.7,"11.9404,108.4583",99.7
2024-01-20 14:24:00,VIN-D1908,2.6,33.0,"16.0544,108.2022",108.7
2024-01-20 14:27:00,VIN-D1909,44.0,47.3,"10.9460,108.4419",81.5
2024-01-20 14:30:00,VIN-D1910,79.7,60.1,"11.9404,108.4583",88.8
2024-01-20 14:33:00,VIN-D1911,59.8,23.2,"16.0544,108.2022",98.5
2024-01-20 14:36:00,VIN-D1912,103.6,64.3,"10.9460,108.4419",97.8
2024-01-20 14:39:00,VIN-D1913,81.3,38.0,"20.8449,106.6881",109.4
2024-01-20 14:42:00,VIN-D1914,37.9,49.1,"21.0285,105.8542",86.0
2024-01-20 14:45:00,VIN-D1915,87.4,86.9,"21.0285,105.8542",89.1
2024-01-20 14:48:00,VIN-D1916,12.7,87.2,"21.0285,105.8542",73.7
2024-01-20 14:51:00,VIN-D1917,31.0,73.7,"21.0285,105.8542",76.3
2024-01-20 14:54:00,VIN-D1918,84.2,52.6,"11.9404,108.4583",105.5
2024-01-20 14:57:00,VIN-D1919,115.9,46.8,"21.0285,105.8542",106.6
2024-01-20 15:00:00,VIN-D1920,112.2,47.1,"10.9460,108.4419",105.8
2024-01-20 15:03:00,VIN-D1921,106.2,30.1,"10.8231,106.6297",97.3
2024-01-20 15:06:00,VIN-D1922,48.3,35.5,"11.9404,108.4583",96.2
2024-01-20 15:09:00,VIN-D1923,65.1,50.2,"10.8231,106.6297",77.7
2024-01-20 15:12:00,VIN-D1924,0.9,16.6,"21.0285,105.8542",107.3
2024-01-20 15:15:00,VIN-D1925,48.4,91.1,"10.9460,108.4419",71.2
2024-01-20 15:18:00,VIN-D1926,12.5,66.8,"10.8231,106.6297",74.5
2024-01-20 15:21:00,VIN-D1927,80.7,47.9,"10.0452,105.7469",104.3
2024-01-20 15:24:00,VIN-D1928,79.8,54.6,"21.0285,105.8542",88.2
2024-01-20 15:27:00,VIN-D1929,3.6,28.2,"11.9404,108.4583",88.8
2024-01-20 15:30:00,VIN-D1930,45.7,95.7,"20.8449,106.6881",80.4
2024-01-20 15:33:00,VIN-D1931,3.7,59.1,"11.9404,108.4583",81.6
2024-01-20 15:36:00,VIN-D1932,15.6,42.9,"10.8231,106.6297",98.4
2024-01-20 15:39:00,VIN-D1933,104.8,57.5,"16.0544,108.2022",104.1
2024-01-20 15:42:00,VIN-D1934,9.0,45.0,"12.2388,109.1967",78.2
2024-01-20 15:45:00,VIN-D1935,91.5,21.4,"21.0285,105.8542",103.4
2024-01-20 15:48:00,VIN-D1936,30.4,99.9,"11.9404,108.4583",105.1
2024-01-20 15:51:00,VIN-D1937,79.1,94.5,"16.0544,108.2022",81.0
2024-01-20 15:54:00,VIN-D1938,90.3,18.9,"10.0452,105.7469",108.1
2024-01-20 15:57:00,VIN-D1939,7.5,45.4,"12.2388,109.1967",75.1
2024-01-20 16:00:00,VIN-D1940,8.8,12.5,"12.2388,109.1967",86.0
2024-01-20 16:03:00,VIN-D1941,26.9,81.6,"11.9404,108.4583",73.9
2024-01-20 16:06:00,VIN-D1942,84.2,63.3,"10.0452,105.7469",81.2
2024-01-20 16:09:00,VIN-D1943,82.7,42.1,"16.0544,108.2022",72.6
2024-01-20 16:12:00,VIN-D1944,90.4,32.2,"12.2388,109.1967",83.0
2024-01-20 16:15:00,VIN-D1945,91.3,27.2,"20.8449,106.6881",100.1
2024-01-20 16:18:00,VIN-D1946,32.4,80.3,"10.8231,106.6297",87.2
2024-01-20 16:21:00,VIN-D1947,93.5,66.3,"12.2388,109.1967",74.1
2024-01-20 16:24:00,VIN-D1948,82.9,25.3,"21.0285,105.8542",107.3
2024-01-20 16:27:00,VIN-D1949,77.0,32.6,"20.8449,106.6881",99.7
2024-01-20 16:30:00,VIN-D1950,94.8,65.1,"10.8231,106.6297",107.9
2024-01-20 16:33:00,VIN-D1951,65.2,85.5,"10.8231,106.6297",95.6
2024-01-20 16:36:00,VIN-D1952,64.3,59.8,"11.9404,108.4583",88.1
2024-01-20 16:39:00,VIN-D1953,45.1,15.6,"10.0452,105.7469",109.4
2024-01-20 16:42:00,VIN-D1954,32.9,71.1,"11.9404,108.4583",95.4
2024-01-20 16:45:00,VIN-D1955,116.0,65.7,"10.9460,108.4419",82.3
2024-01-20 16:48:00,VIN-D1956,59.8,27.6,"10.0452,105.7469",84.8
2024-01-20 16:51:00,VIN-D1957,78.5,67.0,"10.9460,108.4419",79.9
2024-01-20 16:54:00,VIN-D1958,91.1,50.4,"21.0285,105.8542",96.6
2024-01-20 16:57:00,VIN-D1959,60.2,39.2,"11.9404,108.4583",103.5
2024-01-20 17:00:00,VIN-D1960,9.2,81.8,"10.9460,108.4419",101.9
2024-01-20 17:03:00,VIN-D1961,38.4,29.1,"10.8231,106.6297",101.8
2024-01-20 17:06:00,VIN-D1962,25.7,6.8,"21.0285,105.8542",90.7
2024-01-20 17:09:00,VIN-D1963,74.6,57.9,"10.9460,108.4419",80.7
2024-01-20 17:12:00,VIN-D1964,2.1,63.9,"16.0544,108.2022",92.6
2024-01-20 17:15:00,VIN-D1965,39.3,79.8,"11.9404,108.4583",71.3
2024-01-20 17:18:00,VIN-D1966,42.0,92.6,"16.0544,108.2022",90.1
2024-01-20 17:21:00,VIN-D1967,63.7,47.5,"16.0544,108.2022",85.6
2024-01-20 17:24:00,VIN-D1968,60.6,42.7,"10.0452,105.7469",99.6
2024-01-20 17:27:00,VIN-D1969,72.8,65.3,"16.0544,108.2022",81.5
2024-01-20 17:30:00,VIN-D1970,51.1,65.4,"21.0285,105.8542",93.9
2024-01-20 17:33:00,VIN-D1971,103.4,8.3,"20.8449,106.6881",77.1
2024-01-20 17:36:00,VIN-D1972,58.6,66.4,"10.8231,106.6297",90.4
2024-01-20 17:39:00,VIN-D1973,63.9,74.9,"10.8231,106.6297",85.8
2024-01-20 17:42:00,VIN-D1974,95.9,13.5,"21.0285,105.8542",76.0
2024-01-20 17:45:00,VIN-D1975,80.1,16.2,"11.9404,108.4583",94.1
2024-01-20 17:48:00,VIN-D1976,105.4,19.1,"16.0544,108.2022",78.4
2024-01-20 17:51:00,VIN-D1977,114.7,22.6,"20.8449,106.6881",89.4
2024-01-20 17:54:00,VIN-D1978,16.4,5.2,"10.0452,105.7469",90.8
2024-01-20 17:57:00,VIN-D1979,41.3,76.9,"20.8449,106.6881",74.9
2024-01-20 18:00:00,VIN-D1980,21.0,48.7,"21.0285,105.8542",108.3
2024-01-20 18:03:00,VIN-D1981,31.3,23.0,"16.0544,108.2022",89.9
2024-01-20 18:06:00,VIN-D1982,85.0,22.9,"10.0452,105.7469",82.6
2024-01-20 18:09:00,VIN-D1983,59.0,71.5,"12.2388,109.1967",77.2
2024-01-20 18:12:00,VIN-D1984,94.1,69.2,"12.2388,109.1967",98.9
2024-01-20 18:15:00,VIN-D1985,1.4,29.0,"10.8231,106.6297",87.6
2024-01-20 18:18:00,VIN-D1986,28.6,50.7,"21.0285,105.8542",84.8
2024-01-20 18:21:00,VIN-D1987,61.0,11.2,"12.2388,109.1967",75.7
2024-01-20 18:24:00,VIN-D1988,6.0,86.6,"11.9404,108.4583",109.9
2024-01-20 18:27:00,VIN-D1989,16.3,96.1,"11.9404,108.4583",79.0
2024-01-20 18:30:00,VIN-D1990,104.4,65.9,"10.8231,106.6297",104.5
2024-01-20 18:33:00,VIN-D1991,69.0,39.1,"10.9460,108.4419",89.8
2024-01-20 18:36:00,VIN-D1992,96.1,72.1,"10.0452,105.7469",85.8
2024-01-20 18:39:00,VIN-D1993,80.6,22.3,"10.0452,105.7469",88.4
2024-01-20 18:42:00,VIN-D1994,41.8,19.2,"21.0285,105.8542",86.9
2024-01-20 18:45:00,VIN-D1995,81.7,90.9,"16.0544,108.2022",93.3
2024-01-20 18:48:00,VIN-D1996,10.2,35.5,"21.0285,105.8542",96.4
2024-01-20 18:51:00,VIN-D1997,76.4,27.7,"10.0452,105.7469",72.0
2024-01-20 18:54:00,VIN-D1998,3.5,36.2,"11.9404,108.4583",107.8
2024-01-20 18:57:00,VIN-D1999,81.2,21.9,"12.2388,109.1967",86.2
2024-01-20 19:00:00,VIN-D2000,69.2,95.7,"12.2388,109.1967",98.5
2024-01-20 19:03:00,VIN-D2001,105.2,21.2,"16.0544,108.2022",102.9
2024-01-20 19:06:00,VIN-D2002,15.1,26.7,"16.0544,108.2022",106.3
2024-01-20 19:09:00,VIN-D2003,66.9,79.6,"11.9404,108.4583",105.5
2024-01-20 19:12:00,VIN-D2004,103.2,50.1,"12.2388,109.1967",78.3
2024-01-20 19:15:00,VIN-D2005,99.7,15.0,"10.9460,108.4419",70.5
2024-01-20 19:18:00,VIN-D2006,63.2,38.6,"10.9460,108.4419",108.4
2024-01-20 19:21:00,VIN-D2007,24.6,63.7,"21.0285,105.8542",79.0
2024-01-20 19:24:00,VIN-D2008,118.5,45.3,"16.0544,108.2022",75.6
2024-01-20 19:27:00,VIN-D2009,77.9,54.0,"10.0452,105.7469",87.9
2024-01-20 19:30:00,VIN-D2010,44.7,64.3,"21.0285,105.8542",107.0
2024-01-20 19:33:00,VIN-D2011,101.1,33.7,"10.0452,105.7469",91.6
2024-01-20 19:36:00,VIN-D2012,23.7,65.6,"10.9460,108.4419",105.5
2024-01-20 19:39:00,VIN-D2013,96.5,56.7,"21.0285,105.8542",78.9
2024-01-20 19:42:00,VIN-D2014,25.1,10.8,"12.2388,109.1967",93.0
2024-01-20 19:45:00,VIN-D2015,47.5,34.1,"11.9404,108.4583",82.5
2024-01-20 19:48:00,VIN-D2016,3.7,86.4,"10.8231,106.6297",70.6
2024-01-20 19:51:00,VIN-D2017,109.7,92.2,"11.9404,108.4583",96.0
2024-01-20 19:54:00,VIN-D2018,60.9,17.4,"10.0452,105.7469",106.7
2024-01-20 19:57:00,VIN-D2019,66.2,14.6,"21.0285,105.8542",101.2
2024-01-20 20:00:00,VIN-D2020,3.3,57.8,"16.0544,108.2022",92.6
2024-01-20 20:03:00,VIN-D2021,89.5,54.2,"11.9404,108.4583",72.3
2024-01-20 20:06:00,VIN-D2022,111.7,74.3,"12.2388,109.1967",89.7
2024-01-20 20:09:00,VIN-D2023,71.0,57.6,"16.0544,108.2022",108.5
2024-01-20 20:12:00,VIN-D2024,61.9,75.0,"10.0452,105.7469",88.6
2024-01-20 20:15:00,VIN-D2025,119.1,45.5,"12.2388,109.1967",74.0
2024-01-20 20:18:00,VIN-D2026,106.1,81.7,"10.0452,105.7469",78.7
2024-01-20 20:21:00,VIN-D2027,4.0,78.3,"20.8449,106.6881",86.4
2024-01-20 20:24:00,VIN-D2028,81.7,51.9,"20.8449,106.6881",78.5
2024-01-20 20:27:00,VIN-D2029,108.7,13.6,"21.0285,105.8542",98.7
2024-01-20 20:30:00,VIN-D2030,83.6,99.9,"11.9404,108.4583",83.5
2024-01-20 20:33:00,VIN-D2031,26.4,61.5,"10.9460,108.4419",78.2
2024-01-20 20:36:00,VIN-D2032,13.7,23.1,"10.8231,106.6297",79.2
2024-01-20 20:39:00,VIN-D2033,59.1,12.3,"10.9460,108.4419",70.3
2024-01-20 20:42:00,VIN-D2034,113.7,51.1,"10.0452,105.7469",71.1
2024-01-20 20:45:00,VIN-D2035,11.7,56.2,"16.0544,108.2022",105.2
2024-01-20 20:48:00,VIN-D2036,107.5,32.2,"11.9404,108.4583",90.7
2024-01-20 20:51:00,VIN-D2037,5.4,18.7,"21.0285,105.8542",85.6
2024-01-20 20:54:00,VIN-D2038,99.4,47.6,"12.2388,109.1967",75.1
2024-01-20 20:57:00,VIN-D2039,51.8,30.7,"10.9460,108.4419",79.8
2024-01-20 21:00:00,VIN-D2040,43.2,80.0,"11.9404,108.4583",72.4
2024-01-20 21:03:00,VIN-D2041,51.0,36.2,"16.0544,108.2022",93.0
2024-01-20 21:06:00,VIN-D2042,72.7,36.9,"10.0452,105.7469",85.4
2024-01-20 21:09:00,VIN-D2043,109.8,46.9,"21.0285,105.8542",75.2
2024-01-20 21:12:00,VIN-D2044,97.7,98.7,"10.8231,106.6297",94.9
2024-01-20 21:15:00,VIN-D2045,57.2,82.2,"10.8231,106.6297",103.9
2024-01-20 21:18:00,VIN-D2046,37.7,97.7,"11.9404,108.4583",70.4
2024-01-20 21:21:00,VIN-D2047,117.4,14.4,"20.8449,106.6881",91.6
2024-01-20 21:24:00,VIN-D2048,96.1,93.7,"12.2388,109.1967",81.1
2024-01-20 21:27:00,VIN-D2049,52.3,95.4,"10.9460,108.4419",110.0
2024-01-20 21:30:00,VIN-D2050,89.3,73.3,"21.0285,105.8542",103.0
2024-01-20 21:33:00,VIN-D2051,53.7,33.0,"16.0544,108.2022",71.3
2024-01-20 21:36:00,VIN-D2052,37.8,10.3,"11.9404,108.4583",106.2
2024-01-20 21:39:00,VIN-D2053,116.8,92.5,"11.9404,108.4583",86.8
2024-01-20 21:42:00,VIN-D2054,95.7,31.7,"16.0544,108.2022",71.9
2024-01-20 21:45:00,VIN-D2055,87.5,66.4,"11.9404,108.4583",94.1
2024-01-20 21:48:00,VIN-D2056,71.6,28.1,"10.8231,106.6297",72.9
2024-01-20 21:51:00,VIN-D2057,106.1,87.1,"21.0285,105.8542",82.1
2024-01-20 21:54:00,VIN-D2058,4.0,75.1,"10.8231,106.6297",85.5
2024-01-20 21:57:00,VIN-D2059,57.5,59.2,"12.2388,109.1967",101.3
2024-01-20 22:00:00,VIN-D2060,32.6,46.2,"12.2388,109.1967",90.8
2024-01-20 22:03:00,VIN-D2061,0.7,9.7,"10.8231,106.6297",105.6
2024-01-20 22:06:00,VIN-D2062,4.5,32.8,"20.8449,106.6881",80.2
2024-01-20 22:09:00,VIN-D2063,43.1,64.2,"20.8449,106.6881",91.1
2024-01-20 22:12:00,VIN-D2064,25.3,74.5,"10.9460,108.4419",84.0
2024-01-20 22:15:00,VIN-D2065,43.4,6.8,"16.0544,108.2022",104.4
2024-01-20 22:18:00,VIN-D2066,47.6,17.8,"10.9460,108.4419",86.9
2024-01-20 22:21:00,VIN-D2067,10.0,23.3,"10.8231,106.6297",97.9
2024-01-20 22:24:00,VIN-D2068,72.3,75.2,"21.0285,105.8542",109.5
2024-01-20 22:27:00,VIN-D2069,13.5,68.4,"21.0285,105.8542",101.7
2024-01-20 22:30:00,VIN-D2070,46.1,21.8,"11.9404,108.4583",72.4
2024-01-20 22:33:00,VIN-D2071,81.0,40.0,"11.9404,108.4583",94.1
2024-01-20 22:36:00,VIN-D2072,37.0,15.3,"10.8231,106.6297",87.6
2024-01-20 22:39:00,VIN-D2073,100.6,85.8,"10.9460,108.4419",80.3
2024-01-20 22:42:00,VIN-D2074,75.8,70.0,"10.9460,108.4419",108.0
2024-01-20 22:45:00,VIN-D2075,58.1,77.8,"20.8449,106.6881",105.1
2024-01-20 22:48:00,VIN-D2076,98.2,84.1,"21.0285,105.8542",95.0
2024-01-20 22:51:00,VIN-D2077,82.9,89.8,"16.0544,108.2022",98.0
2024-01-20 22:54:00,VIN-D2078,14.6,48.6,"10.9460,108.4419",72.3
2024-01-20 22:57:00,VIN-D2079,43.5,96.5,"21.0285,105.8542",86.5
2024-01-20 23:00:00,VIN-D2080,30.5,32.8,"20.8449,106.6881",93.7
2024-01-20 23:03:00,VIN-D2081,33.9,77.3,"16.0544,108.2022",80.1
2024-01-20 23:06:00,VIN-D2082,37.0,94.4,"10.0452,105.7469",77.4
2024-01-20 23:09:00,VIN-D2083,107.4,11.4,"21.0285,105.8542",104.2
2024-01-20 23:12:00,VIN-D2084,95.4,87.1,"16.0544,108.2022",80.9
2024-01-20 23:15:00,VIN-D2085,89.5,69.7,"10.9460,108.4419",107.3
2024-01-20 23:18:00,VIN-D2086,71.5,72.5,"10.9460,108.4419",99.9
2024-01-20 23:21:00,VIN-D2087,39.0,59.6,"12.2388,109.1967",106.6
2024-01-20 23:24:00,VIN-D2088,35.9,55.4,"12.2388,109.1967",70.8
2024-01-20 23:27:00,VIN-D2089,0.6,67.8,"20.8449,106.6881",83.6
2024-01-20 23:30:00,VIN-D2090,91.3,56.7,"20.8449,106.6881",79.4
2024-01-20 23:33:00,VIN-D2091,116.5,60.1,"12.2388,109.1967",92.4
2024-01-20 23:36:00,VIN-D2092,101.2,52.8,"10.8231,106.6297",95.8
2024-01-20 23:39:00,VIN-D2093,57.2,28.2,"20.8449,106.6881",96.6
2024-01-20 23:42:00,VIN-D2094,80.8,50.3,"12.2388,109.1967",104.1
2024-01-20 23:45:00,VIN-D2095,56.4,24.5,"10.8231,106.6297",82.9
2024-01-20 23:48:00,VIN-D2096,32.9,19.1,"21.0285,105.8542",92.5
2024-01-20 23:51:00,VIN-D2097,102.6,48.2,"20.8449,106.6881",75.1
2024-01-20 23:54:00,VIN-D2098,64.6,47.4,"10.9460,108.4419",87.4
2024-01-20 23:57:00,VIN-D2099,54.9,45.4,"20.8449,106.6881",100.1
2024-01-21 00:00:00,VIN-D2100,83.0,12.8,"21.0285,105.8542",94.1
2024-01-21 00:03:00,VIN-D2101,107.3,20.5,"12.2388,109.1967",75.0
2024-01-21 00:06:00,VIN-D2102,69.2,66.6,"10.0452,105.7469",74.5
2024-01-21 00:09:00,VIN-D2103,52.2,60.0,"10.8231,106.6297",91.2
2024-01-21 00:12:00,VIN-D2104,42.6,76.4,"10.9460,108.4419",82.7
2024-01-21 00:15:00,VIN-D2105,14.0,64.7,"20.8449,106.6881",99.3
2024-01-21 00:18:00,VIN-D2106,25.5,89.6,"20.8449,106.6881",89.4
2024-01-21 00:21:00,VIN-D2107,79.4,86.3,"10.9460,108.4419",89.1
2024-01-21 00:24:00,VIN-D2108,57.8,83.4,"21.0285,105.8542",80.9
2024-01-21 00:27:00,VIN-D2109,42.7,47.8,"10.9460,108.4419",107.8
2024-01-21 00:30:00,VIN-D2110,6.6,97.1,"10.8231,106.6297",97.9
2024-01-21 00:33:00,VIN-D2111,43.2,96.5,"12.2388,109.1967",94.7
2024-01-21 00:36:00,VIN-D2112,4.3,83.9,"11.9404,108.4583",88.3
2024-01-21 00:39:00,VIN-D2113,38.9,40.2,"10.0452,105.7469",89.6
2024-01-21 00:42:00,VIN-D2114,114.0,30.4,"12.2388,109.1967",84.3
2024-01-21 00:45:00,VIN-D2115,87.9,72.4,"10.9460,108.4419",85.6
2024-01-21 00:48:00,VIN-D2116,100.0,76.5,"20.8449,106.6881",78.4
2024-01-21 00:51:00,VIN-D2117,99.4,70.5,"16.0544,108.2022",70.1
2024-01-21 00:54:00,VIN-D2118,108.6,36.7,"11.9404,108.4583",108.1
2024-01-21 00:57:00,VIN-D2119,93.6,70.2,"16.0544,108.2022",88.8
2024-01-21 01:00:00,VIN-D2120,88.0,17.4,"16.0544,108.2022",89.0
2024-01-21 01:03:00,VIN-D2121,68.6,68.9,"10.9460,108.4419",72.4
2024-01-21 01:06:00,VIN-D2122,86.1,60.2,"12.2388,109.1967",103.7
2024-01-21 01:09:00,VIN-D2123,103.6,74.9,"20.8449,106.6881",102.7
2024-01-21 01:12:00,VIN-D2124,2.7,43.9,"20.8449,106.6881",102.4
2024-01-21 01:15:00,VIN-D2125,64.8,79.9,"16.0544,108.2022",101.1
2024-01-21 01:18:00,VIN-D2126,52.2,88.1,"12.2388,109.1967",91.6
2024-01-21 01:21:00,VIN-D2127,77.0,78.2,"12.2388,109.1967",77.9
2024-01-21 01:24:00,VIN-D2128,43.2,10.4,"10.9460,108.4419",94.1
2024-01-21 01:27:00,VIN-D2129,47.8,14.7,"11.9404,108.4583",79.0
2024-01-21 01:30:00,VIN-D2130,59.5,79.2,"12.2388,109.1967",75.6
2024-01-21 01:33:00,VIN-D2131,58.9,44.9,"12.2388,109.1967",92.6
2024-01-21 01:36:00,VIN-D2132,7.8,15.6,"10.0452,105.7469",107.8
2024-01-21 01:39:00,VIN-D2133,51.4,36.7,"10.9460,108.4419",102.1
2024-01-21 01:42:00,VIN-D2134,41.2,21.7,"10.8231,106.6297",74.0
2024-01-21 01:45:00,VIN-D2135,72.8,38.1,"10.9460,108.4419",91.2
2024-01-21 01:48:00,VIN-D2136,57.6,53.4,"10.0452,105.7469",72.1
2024-01-21 01:51:00,VIN-D2137,80.4,7.0,"21.0285,105.8542",77.9
2024-01-21 01:54:00,VIN-D2138,90.5,76.2,"10.8231,106.6297",75.7
2024-01-21 01:57:00,VIN-D2139,113.6,50.6,"10.0452,105.7469",77.1
2024-01-21 02:00:00,VIN-D2140,118.5,59.6,"16.0544,108.2022",100.3
2024-01-21 02:03:00,VIN-D2141,33.4,31.7,"10.8231,106.6297",73.6
2024-01-21 02:06:00,VIN-D2142,45.5,59.8,"11.9404,108.4583",106.3
2024-01-21 02:09:00,VIN-D2143,73.6,16.2,"16.0544,108.2022",92.9
2024-01-21 02:12:00,VIN-D2144,36.1,90.6,"10.8231,106.6297",79.9
2024-01-21 02:15:00,VIN-D2145,118.9,56.5,"10.9460,108.4419",109.7
2024-01-21 02:18:00,VIN-D2146,108.7,30.0,"11.9404,108.4583",93.6
2024-01-21 02:21:00,VIN-D2147,11.5,12.8,"16.0544,108.2022",71.1
2024-01-21 02:24:00,VIN-D2148,22.6,26.9,"10.8231,106.6297",109.7
2024-01-21 02:27:00,VIN-D2149,72.3,41.6,"20.8449,106.6881",97.2
2024-01-21 02:30:00,VIN-D2150,77.6,29.1,"10.0452,105.7469",93.0
2024-01-21 02:33:00,VIN-D2151,111.3,83.6,"10.0452,105.7469",98.8
2024-01-21 02:36:00,VIN-D2152,42.9,86.9,"12.2388,109.1967",105.5
2024-01-21 02:39:00,VIN-D2153,63.6,33.5,"10.0452,105.7469",89.0
2024-01-21 02:42:00,VIN-D2154,57.5,34.1,"11.9404,108.4583",72.1
2024-01-21 02:45:00,VIN-D2155,29.2,82.5,"16.0544,108.2022",105.0
2024-01-21 02:48:00,VIN-D2156,57.0,18.0,"21.0285,105.8542",109.8
2024-01-21 02:51:00,VIN-D2157,69.1,82.3,"20.8449,106.6881",76.3
2024-01-21 02:54:00,VIN-D2158,5.6,84.9,"11.9404,108.4583",77.9
2024-01-21 02:57:00,VIN-D2159,50.9,63.7,"16.0544,108.2022",81.1
2024-01-21 03:00:00,VIN-D2160,101.0,65.2,"10.0452,105.7469",97.6
2024-01-21 03:03:00,VIN-D2161,17.2,95.6,"10.9460,108.4419",100.5
2024-01-21 03:06:00,VIN-D2162,58.5,89.1,"12.2388,109.1967",104.4
2024-01-21 03:09:00,VIN-D2163,9.5,21.3,"20.8449,106.6881",87.7
2024-01-21 03:12:00,VIN-D2164,60.8,50.6,"10.9460,108.4419",101.5
2024-01-21 03:15:00,VIN-D2165,46.0,63.6,"10.8231,106.6297",81.8
2024-01-21 03:18:00,VIN-D2166,53.2,72.0,"16.0544,108.2022",93.9
2024-01-21 03:21:00,VIN-D2167,103.9,95.9,"20.8449,106.6881",82.5
2024-01-21 03:24:00,VIN-D2168,100.2,31.8,"11.9404,108.4583",89.4
2024-01-21 03:27:00,VIN-D2169,8.9,53.8,"16.0544,108.2022",70.7
2024-01-21 03:30:00,VIN-D2170,2.4,12.4,"10.8231,106.6297",88.4
2024-01-21 03:33:00,VIN-D2171,12.3,11.6,"12.2388,109.1967",80.0
2024-01-21 03:36:00,VIN-D2172,82.6,48.4,"16.0544,108.2022",86.9
2024-01-21 03:39:00,VIN-D2173,52.5,92.7,"12.2388,109.1967",94.8
2024-01-21 03:42:00,VIN-D2174,26.6,39.0,"10.8231,106.6297",73.2
2024-01-21 03:45:00,VIN-D2175,25.1,24.9,"21.0285,105.8542",96.5
2024-01-21 03:48:00,VIN-D2176,3.6,15.8,"11.9404,108.4583",90.4
2024-01-21 03:51:00,VIN-D2177,44.3,47.1,"10.0452,105.7469",108.2
2024-01-21 03:54:00,VIN-D2178,11.0,25.8,"10.8231,106.6297",97.8
2024-01-21 03:57:00,VIN-D2179,86.9,73.0,"10.9460,108.4419",81.0
2024-01-21 04:00:00,VIN-D2180,22.9,91.0,"10.9460,108.4419",84.4
2024-01-21 04:03:00,VIN-D2181,114.2,81.2,"10.0452,105.7469",70.3
2024-01-21 04:06:00,VIN-D2182,113.2,72.0,"10.9460,108.4419",78.5
2024-01-21 04:09:00,VIN-D2183,25.6,84.2,"10.9460,108.4419",102.5
2024-01-21 04:12:00,VIN-D2184,79.1,12.9,"10.8231,106.6297",73.9
2024-01-21 04:15:00,VIN-D2185,105.7,32.5,"16.0544,108.2022",86.5
2024-01-21 04:18:00,VIN-D2186,9.2,80.9,"16.0544,108.2022",106.8
2024-01-21 04:21:00,VIN-D2187,19.1,74.0,"12.2388,109.1967",70.6
2024-01-21 04:24:00,VIN-D2188,0.0,12.3,"20.8449,106.6881",83.4
2024-01-21 04:27:00,VIN-D2189,101.6,61.4,"20.8449,106.6881",72.1
2024-01-21 04:30:00,VIN-D2190,109.9,34.7,"21.0285,105.8542",109.0
2024-01-21 04:33:00,VIN-D2191,32.5,37.4,"10.8231,106.6297",103.4
2024-01-21 04:36:00,VIN-D2192,99.4,12.9,"10.8231,106.6297",109.8
2024-01-21 04:39:00,VIN-D2193,3.9,33.8,"10.8231,106.6297",73.3
2024-01-21 04:42:00,VIN-D2194,37.9,28.0,"21.0285,105.8542",98.3
2024-01-21 04:45:00,VIN-D2195,68.7,36.2,"20.8449,106.6881",72.3
2024-01-21 04:48:00,VIN-D2196,115.7,50.8,"10.0452,105.7469",102.0
2024-01-21 04:51:00,VIN-D2197,84.3,31.0,"10.9460,108.4419",109.9
2024-01-21 04:54:00,VIN-D2198,72.8,44.6,"11.9404,108.4583",80.3
2024-01-21 04:57:00,VIN-D2199,60.3,89.6,"20.8449,106.6881",76.0
2024-01-21 05:00:00,VIN-D2200,56.7,5.8,"12.2388,109.1967",76.8
2024-01-21 05:03:00,VIN-D2201,37.2,87.2,"10.8231,106.6297",85.5
2024-01-21 05:06:00,VIN-D2202,105.2,68.0,"20.8449,106.6881",100.3
2024-01-21 05:09:00,VIN-D2203,93.6,77.2,"11.9404,108.4583",104.1
2024-01-21 05:12:00,VIN-D2204,105.6,75.2,"16.0544,108.2022",89.9
2024-01-21 05:15:00,VIN-D2205,59.9,80.4,"12.2388,109.1967",92.5
2024-01-21 05:18:00,VIN-D2206,99.3,14.2,"10.8231,106.6297",84.8
2024-01-21 05:21:00,VIN-D2207,66.8,95.0,"10.9460,108.4419",96.8
2024-01-21 05:24:00,VIN-D2208,103.5,38.6,"10.9460,108.4419",71.7
2024-01-21 05:27:00,VIN-D2209,20.4,51.7,"20.8449,106.6881",104.0
2024-01-21 05:30:00,VIN-D2210,39.1,9.4,"12.2388,109.1967",99.4
2024-01-21 05:33:00,VIN-D2211,11.0,33.4,"12.2388,109.1967",99.9
2024-01-21 05:36:00,VIN-D2212,74.9,92.8,"16.0544,108.2022",99.9
2024-01-21 05:39:00,VIN-D2213,59.2,64.8,"10.8231,106.6297",98.0
2024-01-21 05:42:00,VIN-D2214,101.8,11.2,"21.0285,105.8542",79.1
2024-01-21 05:45:00,VIN-D2215,80.3,67.5,"16.0544,108.2022",86.4
2024-01-21 05:48:00,VIN-D2216,30.2,63.7,"10.9460,108.4419",71.7
2024-01-21 05:51:00,VIN-D2217,17.2,11.0,"21.0285,105.8542",81.8
2024-01-21 05:54:00,VIN-D2218,104.9,93.1,"10.9460,108.4419",109.0
2024-01-21 05:57:00,VIN-D2219,79.1,12.5,"10.8231,106.6297",71.8
2024-01-21 06:00:00,VIN-D2220,64.2,90.7,"10.0452,105.7469",87.0
2024-01-21 06:03:00,VIN-D2221,69.2,19.6,"10.0452,105.7469",93.8
2024-01-21 06:06:00,VIN-D2222,78.1,49.4,"20.8449,106.6881",99.5
2024-01-21 06:09:00,VIN-D2223,82.0,34.7,"21.0285,105.8542",104.6
2024-01-21 06:12:00,VIN-D2224,94.0,35.6,"10.8231,106.6297",101.9
2024-01-21 06:15:00,VIN-D2225,51.9,12.6,"10.9460,108.4419",83.9
2024-01-21 06:18:00,VIN-D2226,115.4,72.5,"10.8231,106.6297",70.2
2024-01-21 06:21:00,VIN-D2227,53.9,50.0,"12.2388,109.1967",77.2
2024-01-21 06:24:00,VIN-D2228,34.1,39.9,"10.9460,108.4419",87.5
2024-01-21 06:27:00,VIN-D2229,63.5,45.6,"10.9460,108.4419",89.3
2024-01-21 06:30:00,VIN-D2230,5.5,45.6,"16.0544,108.2022",97.5
2024-01-21 06:33:00,VIN-D2231,72.5,20.1,"16.0544,108.2022",92.1
2024-01-21 06:36:00,VIN-D2232,27.9,60.7,"21.0285,105.8542",80.4
2024-01-21 06:39:00,VIN-D2233,1.3,65.3,"16.0544,108.2022",74.4
2024-01-21 06:42:00,VIN-D2234,19.0,95.4,"11.9404,108.4583",94.9
2024-01-21 06:45:00,VIN-D2235,64.2,23.6,"10.9460,108.4419",106.5
2024-01-21 06:48:00,VIN-D2236,33.6,70.4,"21.0285,105.8542",76.8
2024-01-21 06:51:00,VIN-D2237,92.4,37.8,"12.2388,109.1967",102.3
2024-01-21 06:54:00,VIN-D2238,82.6,64.7,"20.8449,106.6881",93.6
2024-01-21 06:57:00,VIN-D2239,101.7,99.0,"10.8231,106.6297",73.6
2024-01-21 07:00:00,VIN-D2240,80.5,20.7,"20.8449,106.6881",101.9
2024-01-21 07:03:00,VIN-D2241,7.3,25.5,"21.0285,105.8542",99.7
2024-01-21 07:06:00,VIN-D2242,103.2,56.3,"16.0544,108.2022",84.3
2024-01-21 07:09:00,VIN-D2243,98.9,8.7,"21.0285,105.8542",104.0
2024-01-21 07:12:00,VIN-D2244,105.0,21.0,"10.8231,106.6297",99.4
2024-01-21 07:15:00,VIN-D2245,47.8,27.9,"10.8231,106.6297",79.1
2024-01-21 07:18:00,VIN-D2246,44.6,37.0,"11.9404,108.4583",105.4
2024-01-21 07:21:00,VIN-D2247,74.7,35.2,"20.8449,106.6881",87.5
2024-01-21 07:24:00,VIN-D2248,45.5,12.3,"20.8449,106.6881",76.1
2024-01-21 07:27:00,VIN-D2249,68.7,88.2,"11.9404,108.4583",91.7
2024-01-21 07:30:00,VIN-D2250,47.6,88.0,"10.0452,105.7469",85.4
2024-01-21 07:33:00,VIN-D2251,118.4,17.6,"11.9404,108.4583",79.7
2024-01-21 07:36:00,VIN-D2252,103.4,53.8,"10.0452,105.7469",107.0
2024-01-21 07:39:00,VIN-D2253,97.1,63.8,"16.0544,108.2022",83.0
2024-01-21 07:42:00,VIN-D2254,33.1,9.4,"10.8231,106.6297",85.5
2024-01-21 07:45:00,VIN-D2255,32.2,63.2,"10.9460,108.4419",102.8
2024-01-21 07:48:00,VIN-D2256,98.7,91.1,"10.9460,108.4419",106.5
2024-01-21 07:51:00,VIN-D2257,98.1,55.9,"10.0452,105.7469",95.4
2024-01-21 07:54:00,VIN-D2258,34.5,16.1,"10.8231,106.6297",109.3
2024-01-21 07:57:00,VIN-D2259,76.8,46.5,"11.9404,108.4583",91.6
2024-01-21 08:00:00,VIN-D2260,61.8,99.3,"10.0452,105.7469",104.1
2024-01-21 08:03:00,VIN-D2261,90.6,80.1,"10.0452,105.7469",108.2
2024-01-21 08:06:00,VIN-D2262,90.8,31.3,"10.8231,106.6297",79.0
2024-01-21 08:09:00,VIN-D2263,97.4,84.5,"20.8449,106.6881",70.1
2024-01-21 08:12:00,VIN-D2264,64.0,71.1,"10.9460,108.4419",105.5
2024-01-21 08:15:00,VIN-D2265,46.1,58.7,"10.0452,105.7469",88.8
2024-01-21 08:18:00,VIN-D2266,74.9,5.5,"12.2388,109.1967",88.7
2024-01-21 08:21:00,VIN-D2267,73.3,9.8,"11.9404,108.4583",99.9
2024-01-21 08:24:00,VIN-D2268,98.6,10.5,"10.9460,108.4419",70.6
2024-01-21 08:27:00,VIN-D2269,58.6,55.3,"10.8231,106.6297",76.4
2024-01-21 08:30:00,VIN-D2270,54.7,30.0,"21.0285,105.8542",109.9
2024-01-21 08:33:00,VIN-D2271,0.5,94.7,"10.8231,106.6297",82.8
2024-01-21 08:36:00,VIN-D2272,75.7,9.7,"21.0285,105.8542",105.8
2024-01-21 08:39:00,VIN-D2273,65.5,95.3,"10.9460,108.4419",83.1
2024-01-21 08:42:00,VIN-D2274,57.9,90.8,"10.8231,106.6297",91.7
2024-01-21 08:45:00,VIN-D2275,21.6,34.2,"20.8449,106.6881",76.4
2024-01-21 08:48:00,VIN-D2276,19.8,35.9,"10.8231,106.6297",87.8
2024-01-21 08:51:00,VIN-D2277,41.3,26.3,"10.8231,106.6297",84.8
2024-01-21 08:54:00,VIN-D2278,16.8,55.9,"21.0285,105.8542",82.8
2024-01-21 08:57:00,VIN-D2279,44.4,10.3,"10.0452,105.7469",83.2
2024-01-21 09:00:00,VIN-D2280,30.3,12.7,"10.9460,108.4419",92.1
2024-01-21 09:03:00,VIN-D2281,56.9,77.3,"11.9404,108.4583",70.5
2024-01-21 09:06:00,VIN-D2282,43.4,24.8,"21.0285,105.8542",105.1
2024-01-21 09:09:00,VIN-D2283,76.2,13.3,"10.8231,106.6297",84.4
2024-01-21 09:12:00,VIN-D2284,11.1,32.5,"16.0544,108.2022",70.9
2024-01-21 09:15:00,VIN-D2285,85.6,83.4,"10.9460,108.4419",80.3
2024-01-21 09:18:00,VIN-D2286,111.0,97.9,"11.9404,108.4583",72.7
2024-01-21 09:21:00,VIN-D2287,51.3,62.4,"10.0452,105.7469",78.7
2024-01-21 09:24:00,VIN-D2288,92.6,49.9,"16.0544,108.2022",101.4
2024-01-21 09:27:00,VIN-D2289,45.9,59.3,"12.2388,109.1967",87.9
2024-01-21 09:30:00,VIN-D2290,61.3,84.5,"10.0452,105.7469",71.7
2024-01-21 09:33:00,VIN-D2291,112.3,69.1,"16.0544,108.2022",104.0
2024-01-21 09:36:00,VIN-D2292,72.3,40.7,"10.8231,106.6297",84.7
2024-01-21 09:39:00,VIN-D2293,23.8,82.1,"10.9460,108.4419",73.2
2024-01-21 09:42:00,VIN-D2294,36.2,82.2,"21.0285,105.8542",78.1
2024-01-21 09:45:00,VIN-D2295,24.6,85.3,"21.0285,105.8542",75.5
2024-01-21 09:48:00,VIN-D2296,37.6,98.9,"21.0285,105.8542",92.7
2024-01-21 09:51:00,VIN-D2297,107.2,42.0,"12.2388,109.1967",104.8
2024-01-21 09:54:00,VIN-D2298,51.7,24.7,"20.8449,106.6881",84.0
2024-01-21 09:57:00,VIN-D2299,83.2,13.0,"12.2388,109.1967",106.0
2024-01-21 10:00:00,VIN-D2300,116.2,70.8,"12.2388,109.1967",84.9
2024-01-21 10:03:00,VIN-D2301,50.5,77.3,"11.9404,108.4583",71.3
2024-01-21 10:06:00,VIN-D2302,65.2,35.4,"21.0285,105.8542",106.6
2024-01-21 10:09:00,VIN-D2303,45.8,27.1,"21.0285,105.8542",91.4
2024-01-21 10:12:00,VIN-D2304,74.1,60.0,"20.8449,106.6881",101.2
2024-01-21 10:15:00,VIN-D2305,28.8,69.0,"10.8231,106.6297",75.1
2024-01-21 10:18:00,VIN-D2306,0.9,19.8,"10.0452,105.7469",79.6
2024-01-21 10:21:00,VIN-D2307,26.6,54.2,"10.0452,105.7469",74.1
2024-01-21 10:24:00,VIN-D2308,68.4,5.4,"16.0544,108.2022",83.0
2024-01-21 10:27:00,VIN-D2309,73.3,72.8,"16.0544,108.2022",89.8
2024-01-21 10:30:00,VIN-D2310,31.0,7.3,"12.2388,109.1967",79.8
2024-01-21 10:33:00,VIN-D2311,100.2,92.1,"20.8449,106.6881",87.1
2024-01-21 10:36:00,VIN-D2312,36.4,8.8,"10.9460,108.4419",96.1
2024-01-21 10:39:00,VIN-D2313,46.6,75.1,"10.9460,108.4419",82.6
2024-01-21 10:42:00,VIN-D2314,88.0,62.6,"20.8449,106.6881",78.1
2024-01-21 10:45:00,VIN-D2315,60.4,38.9,"10.9460,108.4419",77.7
2024-01-21 10:48:00,VIN-D2316,6.9,57.7,"16.0544,108.2022",78.0
2024-01-21 10:51:00,VIN-D2317,106.0,9.1,"10.9460,108.4419",71.2
2024-01-21 10:54:00,VIN-D2318,73.0,99.4,"16.0544,108.2022",81.8
2024-01-21 10:57:00,VIN-D2319,60.0,64.9,"10.9460,108.4419",84.5
2024-01-21 11:00:00,VIN-D2320,62.8,92.6,"16.0544,108.2022",74.2
2024-01-21 11:03:00,VIN-D2321,67.6,67.7,"20.8449,106.6881",103.6
2024-01-21 11:06:00,VIN-D2322,48.5,55.1,"16.0544,108.2022",90.2
2024-01-21 11:09:00,VIN-D2323,78.0,88.5,"20.8449,106.6881",70.5
2024-01-21 11:12:00,VIN-D2324,45.4,89.0,"20.8449,106.6881",104.1
2024-01-21 11:15:00,VIN-D2325,60.5,91.3,"21.0285,105.8542",105.0
2024-01-21 11:18:00,VIN-D2326,19.2,60.9,"12.2388,109.1967",99.1
2024-01-21 11:21:00,VIN-D2327,19.6,21.3,"12.2388,109.1967",85.1
2024-01-21 11:24:00,VIN-D2328,60.4,7.2,"21.0285,105.8542",97.1
2024-01-21 11:27:00,VIN-D2329,71.6,19.9,"12.2388,109.1967",74.0
2024-01-21 11:30:00,VIN-D2330,73.3,79.7,"10.9460,108.4419",70.3
2024-01-21 11:33:00,VIN-D2331,14.8,58.0,"10.0452,105.7469",80.6
2024-01-21 11:36:00,VIN-D2332,87.0,63.7,"11.9404,108.4583",105.4
2024-01-21 11:39:00,VIN-D2333,31.0,91.3,"10.9460,108.4419",92.0
2024-01-21 11:42:00,VIN-D2334,5.3,82.9,"12.2388,109.1967",105.9
2024-01-21 11:45:00,VIN-D2335,64.1,23.3,"20.8449,106.6881",106.0
2024-01-21 11:48:00,VIN-D2336,38.2,40.8,"10.9460,108.4419",106.6
2024-01-21 11:51:00,VIN-D2337,76.1,41.8,"16.0544,108.2022",74.0
2024-01-21 11:54:00,VIN-D2338,8.4,99.6,"10.8231,106.6297",86.9
2024-01-21 11:57:00,VIN-D2339,50.7,74.1,"12.2388,109.1967",72.2
2024-01-21 12:00:00,VIN-D2340,110.6,62.6,"10.9460,108.4419",95.4
2024-01-21 12:03:00,VIN-D2341,36.4,65.8,"10.9460,108.4419",99.0
2024-01-21 12:06:00,VIN-D2342,1.0,71.8,"10.9460,108.4419",91.0
2024-01-21 12:09:00,VIN-D2343,110.7,66.0,"11.9404,108.4583",98.2
2024-01-21 12:12:00,VIN-D2344,100.9,46.7,"16.0544,108.2022",86.7
2024-01-21 12:15:00,VIN-D2345,105.2,55.0,"10.9460,108.4419",70.9
2024-01-21 12:18:00,VIN-D2346,119.2,12.6,"11.9404,108.4583",89.5
2024-01-21 12:21:00,VIN-D2347,114.1,14.4,"10.9460,108.4419",78.0
2024-01-21 12:24:00,VIN-D2348,9.3,82.8,"21.0285,105.8542",103.6
2024-01-21 12:27:00,VIN-D2349,80.2,41.8,"16.0544,108.2022",80.8
2024-01-21 12:30:00,VIN-D2350,71.3,31.2,"12.2388,109.1967",79.9
2024-01-21 12:33:00,VIN-D2351,100.2,52.2,"16.0544,108.2022",88.0
2024-01-21 12:36:00,VIN-D2352,86.7,8.7,"10.9460,108.4419",86.3
2024-01-21 12:39:00,VIN-D2353,16.2,55.1,"10.8231,106.6297",106.9
2024-01-21 12:42:00,VIN-D2354,52.9,31.1,"20.8449,106.6881",80.1
2024-01-21 12:45:00,VIN-D2355,1.6,15.9,"10.9460,108.4419",88.0
2024-01-21 12:48:00,VIN-D2356,48.8,41.7,"21.0285,105.8542",94.0
2024-01-21 12:51:00,VIN-D2357,83.8,53.5,"11.9404,108.4583",103.7
2024-01-21 12:54:00,VIN-D2358,41.2,16.9,"11.9404,108.4583",96.6
2024-01-21 12:57:00,VIN-D2359,36.1,30.0,"20.8449,106.6881",86.1
2024-01-21 13:00:00,VIN-D2360,20.9,22.0,"10.8231,106.6297",109.8
2024-01-21 13:03:00,VIN-D2361,19.4,98.4,"20.8449,106.6881",88.9
2024-01-21 13:06:00,VIN-D2362,32.6,46.2,"10.8231,106.6297",74.0
2024-01-21 13:09:00,VIN-D2363,118.7,29.7,"10.0452,105.7469",90.7
2024-01-21 13:12:00,VIN-D2364,52.6,92.8,"10.0452,105.7469",92.3
2024-01-21 13:15:00,VIN-D2365,80.5,54.9,"10.0452,105.7469",94.6
2024-01-21 13:18:00,VIN-D2366,96.4,84.3,"20.8449,106.6881",75.5
2024-01-21 13:21:00,VIN-D2367,43.0,88.7,"20.8449,106.6881",96.0
2024-01-21 13:24:00,VIN-D2368,88.8,22.7,"20.8449,106.6881",105.7
2024-01-21 13:27:00,VIN-D2369,118.0,10.7,"11.9404,108.4583",86.1
2024-01-21 13:30:00,VIN-D2370,59.7,65.9,"10.8231,106.6297",92.4
2024-01-21 13:33:00,VIN-D2371,37.5,51.6,"21.0285,105.8542",98.2
2024-01-21 13:36:00,VIN-D2372,99.9,60.1,"20.8449,106.6881",75.8
2024-01-21 13:39:00,VIN-D2373,27.8,39.7,"20.8449,106.6881",71.3
2024-01-21 13:42:00,VIN-D2374,87.6,19.1,"20.8449,106.6881",86.5
2024-01-21 13:45:00,VIN-D2375,34.2,42.1,"10.8231,106.6297",93.4
2024-01-21 13:48:00,VIN-D2376,52.1,32.1,"10.8231,106.6297",92.7
2024-01-21 13:51:00,VIN-D2377,102.9,5.6,"21.0285,105.8542",87.2
2024-01-21 13:54:00,VIN-D2378,42.7,68.3,"11.9404,108.4583",82.4
2024-01-21 13:57:00,VIN-D2379,113.1,93.9,"10.0452,105.7469",71.5
2024-01-21 14:00:00,VIN-D2380,11.5,89.1,"12.2388,109.1967",104.2
2024-01-21 14:03:00,VIN-D2381,15.6,74.8,"10.9460,108.4419",99.1
2024-01-21 14:06:00,VIN-D2382,103.5,66.8,"16.0544,108.2022",102.2
2024-01-21 14:09:00,VIN-D2383,0.5,66.4,"16.0544,108.2022",102.9
2024-01-21 14:12:00,VIN-D2384,15.7,68.2,"10.9460,108.4419",97.5
2024-01-21 14:15:00,VIN-D2385,98.9,10.4,"10.0452,105.7469",76.3
2024-01-21 14:18:00,VIN-D2386,49.4,42.7,"20.8449,106.6881",92.8
2024-01-21 14:21:00,VIN-D2387,12.7,76.2,"10.8231,106.6297",95.1
2024-01-21 14:24:00,VIN-D2388,81.5,43.4,"21.0285,105.8542",104.6
2024-01-21 14:27:00,VIN-D2389,97.7,13.9,"12.2388,109.1967",70.0
2024-01-21 14:30:00,VIN-D2390,17.6,8.2,"10.8231,106.6297",86.3
2024-01-21 14:33:00,VIN-D2391,21.1,98.0,"20.8449,106.6881",106.3
2024-01-21 14:36:00,VIN-D2392,30.9,34.5,"12.2388,109.1967",100.5
2024-01-21 14:39:00,VIN-D2393,49.7,18.3,"20.8449,106.6881",96.9
2024-01-21 14:42:00,VIN-D2394,109.7,10.8,"11.9404,108.4583",108.9
2024-01-21 14:45:00,VIN-D2395,34.1,89.4,"12.2388,109.1967",73.2
2024-01-21 14:48:00,VIN-D2396,119.5,6.4,"11.9404,108.4583",98.0
2024-01-21 14:51:00,VIN-D2397,105.3,23.3,"10.9460,108.4419",83.7
2024-01-21 14:54:00,VIN-D2398,71.9,90.5,"10.9460,108.4419",106.9
2024-01-21 14:57:00,VIN-D2399,67.7,75.2,"10.8231,106.6297",80.4
2024-01-21 15:00:00,VIN-D2400,8.4,37.7,"11.9404,108.4583",76.5
2024-01-21 15:03:00,VIN-D2401,94.7,55.3,"16.0544,108.2022",100.5
2024-01-21 15:06:00,VIN-D2402,6.0,86.9,"20.8449,106.6881",106.9
2024-01-21 15:09:00,VIN-D2403,32.9,26.9,"10.0452,105.7469",95.1
2024-01-21 15:12:00,VIN-D2404,119.6,62.3,"10.9460,108.4419",88.3
2024-01-21 15:15:00,VIN-D2405,33.5,66.1,"12.2388,109.1967",79.1
2024-01-21 15:18:00,VIN-D2406,93.1,97.7,"12.2388,109.1967",83.8
2024-01-21 15:21:00,VIN-D2407,54.8,45.7,"10.9460,108.4419",97.7
2024-01-21 15:24:00,VIN-D2408,87.8,88.4,"10.8231,106.6297",81.8
2024-01-21 15:27:00,VIN-D2409,102.8,49.9,"10.9460,108.4419",75.2
2024-01-21 15:30:00,VIN-D2410,76.4,77.6,"12.2388,109.1967",106.5
2024-01-21 15:33:00,VIN-D2411,57.7,79.8,"10.0452,105.7469",96.5
2024-01-21 15:36:00,VIN-D2412,35.5,58.5,"10.8231,106.6297",86.4
2024-01-21 15:39:00,VIN-D2413,75.3,80.3,"21.0285,105.8542",70.9
2024-01-21 15:42:00,VIN-D2414,71.6,47.0,"12.2388,109.1967",81.7
2024-01-21 15:45:00,VIN-D2415,20.8,53.2,"10.0452,105.7469",72.6
2024-01-21 15:48:00,VIN-D2416,76.3,17.5,"16.0544,108.2022",90.1
2024-01-21 15:51:00,VIN-D2417,50.8,53.1,"10.9460,108.4419",108.8
2024-01-21 15:54:00,VIN-D2418,6.0,92.4,"16.0544,108.2022",81.4
2024-01-21 15:57:00,VIN-D2419,71.1,5.2,"11.9404,108.4583",88.8
2024-01-21 16:00:00,VIN-D2420,68.8,13.4,"12.2388,109.1967",79.1
2024-01-21 16:03:00,VIN-D2421,81.4,38.3,"20.8449,106.6881",84.0
2024-01-21 16:06:00,VIN-D2422,14.0,19.0,"10.0452,105.7469",81.5
2024-01-21 16:09:00,VIN-D2423,110.3,31.1,"10.9460,108.4419",97.7
2024-01-21 16:12:00,VIN-D2424,61.7,6.9,"10.0452,105.7469",72.8
2024-01-21 16:15:00,VIN-D2425,88.0,61.1,"12.2388,109.1967",79.5
2024-01-21 16:18:00,VIN-D2426,112.0,56.3,"12.2388,109.1967",104.3
2024-01-21 16:21:00,VIN-D2427,74.3,75.5,"10.0452,105.7469",109.9
2024-01-21 16:24:00,VIN-D2428,87.4,16.7,"16.0544,108.2022",72.9
2024-01-21 16:27:00,VIN-D2429,12.1,11.8,"20.8449,106.6881",82.3
2024-01-21 16:30:00,VIN-D2430,18.3,97.4,"21.0285,105.8542",82.8
2024-01-21 16:33:00,VIN-D2431,31.5,52.1,"10.0452,105.7469",100.7
2024-01-21 16:36:00,VIN-D2432,76.3,48.3,"10.9460,108.4419",72.3
2024-01-21 16:39:00,VIN-D2433,102.7,47.2,"11.9404,108.4583",107.9
2024-01-21 16:42:00,VIN-D2434,86.6,65.7,"16.0544,108.2022",85.4
2024-01-21 16:45:00,VIN-D2435,26.1,47.2,"16.0544,108.2022",107.3
2024-01-21 16:48:00,VIN-D2436,85.7,88.0,"10.0452,105.7469",75.2
2024-01-21 16:51:00,VIN-D2437,40.2,19.5,"10.9460,108.4419",94.3
2024-01-21 16:54:00,VIN-D2438,6.3,75.2,"10.8231,106.6297",89.3
2024-01-21 16:57:00,VIN-D2439,74.6,80.2,"10.0452,105.7469",87.6
2024-01-21 17:00:00,VIN-D2440,111.0,52.4,"11.9404,108.4583",76.5
2024-01-21 17:03:00,VIN-D2441,116.5,23.1,"20.8449,106.6881",103.4
2024-01-21 17:06:00,VIN-D2442,23.4,58.7,"21.0285,105.8542",102.4
2024-01-21 17:09:00,VIN-D2443,36.1,31.3,"21.0285,105.8542",104.7
2024-01-21 17:12:00,VIN-D2444,96.8,56.8,"10.0452,105.7469",109.3
2024-01-21 17:15:00,VIN-D2445,109.7,48.0,"16.0544,108.2022",91.1
2024-01-21 17:18:00,VIN-D2446,48.0,18.9,"10.8231,106.6297",74.0
2024-01-21 17:21:00,VIN-D2447,96.4,38.4,"11.9404,108.4583",94.1
2024-01-21 17:24:00,VIN-D2448,69.3,20.8,"12.2388,109.1967",87.9
2024-01-21 17:27:00,VIN-D2449,96.1,84.0,"10.9460,108.4419",108.3
2024-01-21 17:30:00,VIN-D2450,43.3,36.5,"10.0452,105.7469",77.7
2024-01-21 17:33:00,VIN-D2451,24.6,97.7,"10.9460,108.4419",93.0
2024-01-21 17:36:00,VIN-D2452,92.9,11.8,"10.0452,105.7469",95.6
2024-01-21 17:39:00,VIN-D2453,98.1,36.3,"20.8449,106.6881",105.2
2024-01-21 17:42:00,VIN-D2454,74.0,45.2,"21.0285,105.8542",104.4
2024-01-21 17:45:00,VIN-D2455,45.5,64.9,"16.0544,108.2022",74.5
2024-01-21 17:48:00,VIN-D2456,2.4,6.9,"10.8231,106.6297",76.9
2024-01-21 17:51:00,VIN-D2457,63.4,34.2,"11.9404,108.4583",105.5
2024-01-21 17:54:00,VIN-D2458,98.6,68.7,"10.9460,108.4419",72.3
2024-01-21 17:57:00,VIN-D2459,0.6,16.5,"16.0544,108.2022",107.7
2024-01-21 18:00:00,VIN-D2460,27.3,90.3,"10.8231,106.6297",105.0
2024-01-21 18:03:00,VIN-D2461,94.3,23.4,"10.8231,106.6297",83.2
2024-01-21 18:06:00,VIN-D2462,25.9,52.1,"20.8449,106.6881",109.5
2024-01-21 18:09:00,VIN-D2463,25.0,74.4,"10.9460,108.4419",95.3
2024-01-21 18:12:00,VIN-D2464,108.8,69.9,"10.9460,108.4419",81.5
2024-01-21 18:15:00,VIN-D2465,101.1,41.6,"16.0544,108.2022",77.2
2024-01-21 18:18:00,VIN-D2466,109.3,69.3,"10.9460,108.4419",82.7
2024-01-21 18:21:00,VIN-D2467,10.7,76.0,"11.9404,108.4583",76.5
2024-01-21 18:24:00,VIN-D2468,31.2,80.4,"10.9460,108.4419",75.4
2024-01-21 18:27:00,VIN-D2469,78.8,47.2,"10.9460,108.4419",94.1
2024-01-21 18:30:00,VIN-D2470,87.9,34.5,"12.2388,109.1967",80.0
2024-01-21 18:33:00,VIN-D2471,73.0,81.9,"21.0285,105.8542",93.7
2024-01-21 18:36:00,VIN-D2472,67.7,67.7,"11.9404,108.4583",108.8
2024-01-21 18:39:00,VIN-D2473,69.0,97.4,"20.8449,106.6881",77.0
2024-01-21 18:42:00,VIN-D2474,31.5,24.2,"12.2388,109.1967",70.3
2024-01-21 18:45:00,VIN-D2475,69.0,93.6,"16.0544,108.2022",100.7
2024-01-21 18:48:00,VIN-D2476,53.6,68.2,"11.9404,108.4583",88.0
2024-01-21 18:51:00,VIN-D2477,110.8,68.2,"20.8449,106.6881",91.1
2024-01-21 18:54:00,VIN-D2478,0.7,47.2,"11.9404,108.4583",97.0
2024-01-21 18:57:00,VIN-D2479,107.5,19.8,"21.0285,105.8542",95.9
2024-01-21 19:00:00,VIN-D2480,14.2,7.9,"10.0452,105.7469",73.6
2024-01-21 19:03:00,VIN-D2481,63.8,48.0,"10.8231,106.6297",89.1
2024-01-21 19:06:00,VIN-D2482,69.5,31.0,"11.9404,108.4583",86.6
2024-01-21 19:09:00,VIN-D2483,114.2,12.3,"20.8449,106.6881",102.2
2024-01-21 19:12:00,VIN-D2484,87.4,70.2,"10.8231,106.6297",108.7
2024-01-21 19:15:00,VIN-D2485,86.4,10.2,"12.2388,109.1967",79.4
2024-01-21 19:18:00,VIN-D2486,119.4,78.0,"10.8231,106.6297",109.5
2024-01-21 19:21:00,VIN-D2487,47.1,40.3,"10.9460,108.4419",85.1
2024-01-21 19:24:00,VIN-D2488,36.5,40.2,"20.8449,106.6881",84.5
2024-01-21 19:27:00,VIN-D2489,55.0,23.3,"16.0544,108.2022",93.5
2024-01-21 19:30:00,VIN-D2490,57.2,97.5,"21.0285,105.8542",100.6
2024-01-21 19:33:00,VIN-D2491,40.5,46.2,"11.9404,108.4583",94.6
2024-01-21 19:36:00,VIN-D2492,95.1,81.2,"16.0544,108.2022",79.7
2024-01-21 19:39:00,VIN-D2493,6.5,79.4,"20.8449,106.6881",100.4
2024-01-21 19:42:00,VIN-D2494,22.3,34.5,"10.9460,108.4419",95.5
2024-01-21 19:45:00,VIN-D2495,103.7,84.6,"20.8449,106.6881",108.0
2024-01-21 19:48:00,VIN-D2496,40.1,85.7,"10.9460,108.4419",78.8
2024-01-21 19:51:00,VIN-D2497,100.2,6.2,"10.0452,105.7469",101.0
2024-01-21 19:54:00,VIN-D2498,104.8,20.7,"10.8231,106.6297",108.0
2024-01-21 19:57:00,VIN-D2499,85.1,11.7,"20.8449,106.6881",76.0
2024-01-21 20:00:00,VIN-D2500,24.3,93.8,"20.8449,106.6881",74.5
